event_id,event_type,source_ck,target_ck,measurement_status,failure_categories,primary_failure,audit_reason
00772328-768d-49cb-84f3-f70debc83d68,RENAME,IND-000047,,UNMEASURED,TEMPORAL_MISMATCH;PARENT_AREA_MISSING,TEMPORAL_MISMATCH,TEMPORAL_MISMATCH; PARENT_AREA_MISSING
1ca19213-d6bb-4419-8b30-398ab1b32104,RENAME,IND-000045,,UNMEASURED,TEMPORAL_MISMATCH;PARENT_AREA_MISSING,TEMPORAL_MISMATCH,TEMPORAL_MISMATCH; PARENT_AREA_MISSING
2aa448d7-f68c-431c-b59b-8a3982b50a54,RENAME,IND-000046,,UNMEASURED,TEMPORAL_MISMATCH;PARENT_AREA_MISSING,TEMPORAL_MISMATCH,TEMPORAL_MISMATCH; PARENT_AREA_MISSING
3d37b4d2-4751-4b84-95b9-c2316880a586,RENAME,IND-000170,,UNMEASURED,TEMPORAL_MISMATCH;PARENT_AREA_MISSING,TEMPORAL_MISMATCH,TEMPORAL_MISMATCH; PARENT_AREA_MISSING
4fd6b9a7-8c48-4c28-b0c1-5d8d5bff7773,RENAME,IND-000172,,UNMEASURED,TEMPORAL_MISMATCH;PARENT_AREA_MISSING,TEMPORAL_MISMATCH,TEMPORAL_MISMATCH; PARENT_AREA_MISSING
5683bf92-3d90-4d68-978e-8387bc498e05,RENAME,IND-000231,,UNMEASURED,TEMPORAL_MISMATCH;PARENT_AREA_MISSING,TEMPORAL_MISMATCH,TEMPORAL_MISMATCH; PARENT_AREA_MISSING
5f6308cf-31d8-4324-9ba0-17fa27c38053,RENAME,IND-000025,,UNMEASURED,TEMPORAL_MISMATCH;PARENT_AREA_MISSING,TEMPORAL_MISMATCH,TEMPORAL_MISMATCH; PARENT_AREA_MISSING
67b154f7-67b4-4e9f-95bd-72532e9ed46b,RENAME,IND-000093,,UNMEASURED,TEMPORAL_MISMATCH;PARENT_AREA_MISSING,TEMPORAL_MISMATCH,TEMPORAL_MISMATCH; PARENT_AREA_MISSING
7783e4cf-3f2d-4c91-ace7-feeb6a0558f1,RENAME,IND-000158,,UNMEASURED,TEMPORAL_MISMATCH;PARENT_AREA_MISSING,TEMPORAL_MISMATCH,TEMPORAL_MISMATCH; PARENT_AREA_MISSING
8f13355e-f5ce-4b55-b28b-faa65c10b684,RENAME,IND-000163,,UNMEASURED,TEMPORAL_MISMATCH;PARENT_AREA_MISSING,TEMPORAL_MISMATCH,TEMPORAL_MISMATCH; PARENT_AREA_MISSING
92f1eb5c-790f-49d2-8094-f78c873fa489,RENAME,IND-000028,,UNMEASURED,TEMPORAL_MISMATCH;PARENT_AREA_MISSING,TEMPORAL_MISMATCH,TEMPORAL_MISMATCH; PARENT_AREA_MISSING
98a73940-ec0f-4114-8e9b-899ff0b6baa9,RENAME,IND-000159,IND-000688,UNMEASURED,TEMPORAL_MISMATCH;PARENT_AREA_MISSING,TEMPORAL_MISMATCH,TEMPORAL_MISMATCH; PARENT_AREA_MISSING
9a973c3a-bd47-4310-a819-c6b1c9a42de8,RENAME,IND-000038,,UNMEASURED,TEMPORAL_MISMATCH;PARENT_AREA_MISSING,TEMPORAL_MISMATCH,TEMPORAL_MISMATCH; PARENT_AREA_MISSING
9cafbae0-d284-4c9b-a636-20e759a47834,RENAME,IND-000221,IND-000352,UNMEASURED,TEMPORAL_MISMATCH;PARENT_AREA_MISSING,TEMPORAL_MISMATCH,TEMPORAL_MISMATCH; PARENT_AREA_MISSING
a0981562-6ea9-46e8-9789-bd3a2cb24d54,RENAME,,IND-000778,UNMEASURED,TEMPORAL_MISMATCH;IDENTITY_UNCERTAINTY;PARENT_AREA_MISSING,TEMPORAL_MISMATCH,TEMPORAL_MISMATCH; IDENTITY_UNCERTAINTY; PARENT_AREA_MISSING
b2b20add-3b4d-4d3e-848e-f576c167a7d7,RENAME,IND-000026,,UNMEASURED,TEMPORAL_MISMATCH;PARENT_AREA_MISSING,TEMPORAL_MISMATCH,TEMPORAL_MISMATCH; PARENT_AREA_MISSING
c86c4cc0-13b5-4e77-8fa1-57a5f2aa1489,RENAME,IND-000094,,UNMEASURED,TEMPORAL_MISMATCH;PARENT_AREA_MISSING,TEMPORAL_MISMATCH,TEMPORAL_MISMATCH; PARENT_AREA_MISSING
dd2bb1a2-6916-4690-8a3c-783d0be2c696,RENAME,,IND-000305,UNMEASURED,TEMPORAL_MISMATCH;IDENTITY_UNCERTAINTY;PARENT_AREA_MISSING,TEMPORAL_MISMATCH,TEMPORAL_MISMATCH; IDENTITY_UNCERTAINTY; PARENT_AREA_MISSING
dfe181f5-050f-4251-b4bf-e04b984dbc9e,RENAME,IND-000096,,UNMEASURED,TEMPORAL_MISMATCH;PARENT_AREA_MISSING,TEMPORAL_MISMATCH,TEMPORAL_MISMATCH; PARENT_AREA_MISSING
eae6dfbd-611e-4097-ba85-69fbe8d6c5d4,RENAME,IND-000095,,UNMEASURED,TEMPORAL_MISMATCH;PARENT_AREA_MISSING,TEMPORAL_MISMATCH,TEMPORAL_MISMATCH; PARENT_AREA_MISSING
fde82ee8-18d0-44de-86f9-93c9b4fdf302,RENAME,,IND-000584,UNMEASURED,TEMPORAL_MISMATCH;IDENTITY_UNCERTAINTY;PARENT_AREA_MISSING,TEMPORAL_MISMATCH,TEMPORAL_MISMATCH; IDENTITY_UNCERTAINTY; PARENT_AREA_MISSING
1874ef8b-25d0-490f-8e58-e6d9c2926679,CARVE_OUT,IND-000186,IND-000912,UNMEASURED,TARGET_AREA_MISSING,TARGET_AREA_MISSING,TARGET_AREA_MISSING
5762e073-6c12-47f6-a6f6-773052f0ef43,CARVE_OUT,IND-000016,,UNMEASURED,IDENTITY_UNCERTAINTY;TARGET_AREA_MISSING,IDENTITY_UNCERTAINTY,IDENTITY_UNCERTAINTY; TARGET_AREA_MISSING
cf8cc53b-e06e-421c-98d6-53032c022ba9,CARVE_OUT,IND-000016,,UNMEASURED,IDENTITY_UNCERTAINTY;TARGET_AREA_MISSING,IDENTITY_UNCERTAINTY,IDENTITY_UNCERTAINTY; TARGET_AREA_MISSING
0022f420-a92f-43f6-ab84-be7419e53e73,CARVE_OUT,IND-000048,,UNMEASURED,IDENTITY_UNCERTAINTY;TARGET_AREA_MISSING,IDENTITY_UNCERTAINTY,IDENTITY_UNCERTAINTY; TARGET_AREA_MISSING
51bb6a04-3815-4dbc-8ecd-01abbc43b3a4,CLEAN_SPLIT,IND-000048,,UNMEASURED,IDENTITY_UNCERTAINTY;TARGET_AREA_MISSING,IDENTITY_UNCERTAINTY,IDENTITY_UNCERTAINTY; TARGET_AREA_MISSING
7f6156b8-b4db-4ae8-a6f7-ea5072ae9aba,CLEAN_SPLIT,IND-000048,,UNMEASURED,IDENTITY_UNCERTAINTY;TARGET_AREA_MISSING,IDENTITY_UNCERTAINTY,IDENTITY_UNCERTAINTY; TARGET_AREA_MISSING
f3c1b6c2-fe73-400e-b5f6-072ccf453676,CARVE_OUT,IND-000048,,UNMEASURED,IDENTITY_UNCERTAINTY;TARGET_AREA_MISSING,IDENTITY_UNCERTAINTY,IDENTITY_UNCERTAINTY; TARGET_AREA_MISSING
010a97d3-a255-4fd8-a610-fa81e819f64c,CARVE_OUT,IND-000143,IND-000322,UNMEASURED,PARENT_AREA_MISSING,PARENT_AREA_MISSING,PARENT_AREA_MISSING
123781cf-36c7-45c2-b716-4d55980ce69d,CARVE_OUT,IND-000143,IND-000340,UNMEASURED,PARENT_AREA_MISSING,PARENT_AREA_MISSING,PARENT_AREA_MISSING
244b866d-0dff-4263-ab1c-60e30e4d076d,CLEAN_SPLIT,IND-000143,IND-000319,UNMEASURED,PARENT_AREA_MISSING,PARENT_AREA_MISSING,PARENT_AREA_MISSING
26fc7e8e-10ca-47df-aa0b-97cd72c2c14d,CARVE_OUT,IND-000187,IND-000670,UNMEASURED,PARENT_AREA_MISSING,PARENT_AREA_MISSING,PARENT_AREA_MISSING
35fc46e6-c781-4a37-a03c-c9d7723a787f,CARVE_OUT,IND-000180,,UNMEASURED,IDENTITY_UNCERTAINTY;TARGET_AREA_MISSING,IDENTITY_UNCERTAINTY,IDENTITY_UNCERTAINTY; TARGET_AREA_MISSING
362c2e42-5254-45d5-9d6d-72c9d103385b,CARVE_OUT,IND-000184,,UNMEASURED,IDENTITY_UNCERTAINTY;TARGET_AREA_MISSING,IDENTITY_UNCERTAINTY,IDENTITY_UNCERTAINTY; TARGET_AREA_MISSING
466bf67d-da5b-4a3a-a345-519fc2f1b766,CARVE_OUT,IND-000143,,UNMEASURED,IDENTITY_UNCERTAINTY;PARENT_AREA_MISSING;TARGET_AREA_MISSING,IDENTITY_UNCERTAINTY,IDENTITY_UNCERTAINTY; PARENT_AREA_MISSING; TARGET_AREA_MISSING
4d102134-8e97-4d97-b6e9-da2ca78788a6,CARVE_OUT,IND-000184,IND-000321,UNMEASURED,TARGET_AREA_MISSING,TARGET_AREA_MISSING,TARGET_AREA_MISSING
4eff639d-9b0f-46b1-90a0-6253a1d77112,CLEAN_SPLIT,IND-000187,IND-000672,UNMEASURED,PARENT_AREA_MISSING,PARENT_AREA_MISSING,PARENT_AREA_MISSING
521119dd-cd13-41f9-a8ac-ca475edd569a,CARVE_OUT,IND-000097,,UNMEASURED,IDENTITY_UNCERTAINTY;TARGET_AREA_MISSING,IDENTITY_UNCERTAINTY,IDENTITY_UNCERTAINTY; TARGET_AREA_MISSING
53b84933-4c83-4ef4-b896-448c5e73e81e,CLEAN_SPLIT,IND-000143,IND-000338,UNMEASURED,PARENT_AREA_MISSING,PARENT_AREA_MISSING,PARENT_AREA_MISSING
5941fc41-29dd-4915-b3f9-2a0c6de882d6,CARVE_OUT,IND-000143,IND-000317,UNMEASURED,PARENT_AREA_MISSING,PARENT_AREA_MISSING,PARENT_AREA_MISSING
7ed9fe58-9eaa-4285-b606-9f49f94b9ebe,CARVE_OUT,IND-000143,IND-000319,UNMEASURED,PARENT_AREA_MISSING,PARENT_AREA_MISSING,PARENT_AREA_MISSING
833e6add-ea1c-48bc-b906-d174d897a487,CARVE_OUT,IND-000186,,UNMEASURED,IDENTITY_UNCERTAINTY;TARGET_AREA_MISSING,IDENTITY_UNCERTAINTY,IDENTITY_UNCERTAINTY; TARGET_AREA_MISSING
8f97db52-3c41-41c3-bee7-66a16e964f13,CLEAN_SPLIT,IND-000143,IND-000328,UNMEASURED,PARENT_AREA_MISSING,PARENT_AREA_MISSING,PARENT_AREA_MISSING
8fad2a26-c1d8-4525-8290-7a711490629f,CARVE_OUT,IND-000143,IND-000339,UNMEASURED,PARENT_AREA_MISSING,PARENT_AREA_MISSING,PARENT_AREA_MISSING
90ada2ae-2485-4735-9612-293c5d68084c,CLEAN_SPLIT,IND-000143,IND-000317,UNMEASURED,PARENT_AREA_MISSING,PARENT_AREA_MISSING,PARENT_AREA_MISSING
932b6514-3620-44e2-894d-ff8b6085c1a0,CLEAN_SPLIT,IND-000143,IND-000339,UNMEASURED,PARENT_AREA_MISSING,PARENT_AREA_MISSING,PARENT_AREA_MISSING
a268ef0a-b42c-49ba-b172-b213fe9dc5a9,CLEAN_SPLIT,IND-000143,IND-000340,UNMEASURED,PARENT_AREA_MISSING,PARENT_AREA_MISSING,PARENT_AREA_MISSING
a978a046-99bf-4476-b397-22ec3eef37fd,CLEAN_SPLIT,IND-000143,IND-000322,UNMEASURED,PARENT_AREA_MISSING,PARENT_AREA_MISSING,PARENT_AREA_MISSING
d9424ffd-dc8d-4e1b-b97e-700417a918eb,CLEAN_SPLIT,IND-000143,,UNMEASURED,IDENTITY_UNCERTAINTY;PARENT_AREA_MISSING;TARGET_AREA_MISSING,IDENTITY_UNCERTAINTY,IDENTITY_UNCERTAINTY; PARENT_AREA_MISSING; TARGET_AREA_MISSING
dc172576-4c93-4562-b398-486bfdd168b0,CLEAN_SPLIT,IND-000187,IND-000670,UNMEASURED,PARENT_AREA_MISSING,PARENT_AREA_MISSING,PARENT_AREA_MISSING
debb63ca-06be-4cb2-ba22-fe0b03f8e9fa,CARVE_OUT,IND-000186,IND-000912,UNMEASURED,TARGET_AREA_MISSING,TARGET_AREA_MISSING,TARGET_AREA_MISSING
dfe14e43-1f5c-4f8b-8035-014eeeb04a17,CARVE_OUT,IND-000187,IND-000672,UNMEASURED,PARENT_AREA_MISSING,PARENT_AREA_MISSING,PARENT_AREA_MISSING
e00bf8de-4ada-4035-bca5-7e4030ace0c7,CARVE_OUT,IND-000184,IND-000321,UNMEASURED,TARGET_AREA_MISSING,TARGET_AREA_MISSING,TARGET_AREA_MISSING
e1b94570-8f69-48d3-b078-53ed9bb49591,CLEAN_SPLIT,IND-000143,IND-000334,UNMEASURED,PARENT_AREA_MISSING,PARENT_AREA_MISSING,PARENT_AREA_MISSING
ed63a7f4-931c-489d-bd97-e2d7f0e4cfad,CARVE_OUT,IND-000143,IND-000334,UNMEASURED,PARENT_AREA_MISSING,PARENT_AREA_MISSING,PARENT_AREA_MISSING
edf34e4b-056d-4ac3-902a-5205d38cfbb6,CARVE_OUT,IND-000143,IND-000328,UNMEASURED,PARENT_AREA_MISSING,PARENT_AREA_MISSING,PARENT_AREA_MISSING
f8eef427-11fd-4832-8ff9-5fb0ea2989c8,CARVE_OUT,IND-000143,IND-000338,UNMEASURED,PARENT_AREA_MISSING,PARENT_AREA_MISSING,PARENT_AREA_MISSING
0110aee8-99a8-4d53-b456-593c60f4a4d2,CLEAN_SPLIT,IND-000212,IND-000335,MEASURED,CONSERVATION_FAILURE,CONSERVATION_FAILURE,CONSERVATION_FAILURE
216704d8-1894-4b66-af4d-bb54e0e00f6b,CARVE_OUT,,IND-000372,UNMEASURED,IDENTITY_UNCERTAINTY;PARENT_AREA_MISSING,IDENTITY_UNCERTAINTY,IDENTITY_UNCERTAINTY; PARENT_AREA_MISSING
32e67423-82e9-40a7-ad78-afca4c17cee4,CARVE_OUT,IND-000341,,UNMEASURED,IDENTITY_UNCERTAINTY;PARENT_AREA_MISSING;TARGET_AREA_MISSING,IDENTITY_UNCERTAINTY,IDENTITY_UNCERTAINTY; PARENT_AREA_MISSING; TARGET_AREA_MISSING
36668468-464b-455f-bc85-63336bd2054c,CARVE_OUT,IND-000341,IND-000318,UNMEASURED,PARENT_AREA_MISSING,PARENT_AREA_MISSING,PARENT_AREA_MISSING
413ae984-036c-4f67-8128-d925464b9b2b,CLEAN_SPLIT,IND-000212,IND-000374,MEASURED,CONSERVATION_FAILURE,CONSERVATION_FAILURE,CONSERVATION_FAILURE
489461c1-715c-4dab-b350-dd8a1d2c6ea7,CARVE_OUT,IND-000336,,UNMEASURED,IDENTITY_UNCERTAINTY;PARENT_AREA_MISSING;TARGET_AREA_MISSING,IDENTITY_UNCERTAINTY,IDENTITY_UNCERTAINTY; PARENT_AREA_MISSING; TARGET_AREA_MISSING
4d6e9ced-77ce-4e5a-8904-7621e4eaf7c6,CARVE_OUT,,IND-000377,UNMEASURED,IDENTITY_UNCERTAINTY;PARENT_AREA_MISSING,IDENTITY_UNCERTAINTY,IDENTITY_UNCERTAINTY; PARENT_AREA_MISSING
584c88f9-c84d-4042-b181-90231d5a7513,CLEAN_SPLIT,IND-000212,IND-000372,MEASURED,CONSERVATION_FAILURE,CONSERVATION_FAILURE,CONSERVATION_FAILURE
773a5862-9358-43bc-8033-5d60244e5665,CARVE_OUT,IND-000341,IND-000318,UNMEASURED,PARENT_AREA_MISSING,PARENT_AREA_MISSING,PARENT_AREA_MISSING
773c2ceb-c3f0-4fb4-a54f-cf0840b2f9bc,CARVE_OUT,IND-000336,IND-000377,UNMEASURED,PARENT_AREA_MISSING,PARENT_AREA_MISSING,PARENT_AREA_MISSING
de7bbfd9-4dfb-4d99-ad0a-a1ab19bb9884,CARVE_OUT,IND-000098,IND-000377,MEASURED,CONSERVATION_FAILURE,CONSERVATION_FAILURE,CONSERVATION_FAILURE
f7b174fc-205c-4699-8464-3838884f3446,CARVE_OUT,IND-000098,,UNMEASURED,IDENTITY_UNCERTAINTY;TARGET_AREA_MISSING,IDENTITY_UNCERTAINTY,IDENTITY_UNCERTAINTY; TARGET_AREA_MISSING
0c54624c-1cc8-4cb8-8306-edc8451a5426,CARVE_OUT,,IND-000376,UNMEASURED,IDENTITY_UNCERTAINTY;PARENT_AREA_MISSING,IDENTITY_UNCERTAINTY,IDENTITY_UNCERTAINTY; PARENT_AREA_MISSING
2a3d4f4d-2792-49a6-9d12-26a1e6c373b2,CARVE_OUT,IND-000336,IND-000376,UNMEASURED,PARENT_AREA_MISSING,PARENT_AREA_MISSING,PARENT_AREA_MISSING
311ce791-7592-4240-97bd-800a009c234d,CARVE_OUT,IND-000100,IND-000376,MEASURED,CONSERVATION_FAILURE,CONSERVATION_FAILURE,CONSERVATION_FAILURE
74f1f04c-bcec-4618-ac36-d6f75443a661,CARVE_OUT,IND-000336,,UNMEASURED,IDENTITY_UNCERTAINTY;PARENT_AREA_MISSING;TARGET_AREA_MISSING,IDENTITY_UNCERTAINTY,IDENTITY_UNCERTAINTY; PARENT_AREA_MISSING; TARGET_AREA_MISSING
98af9fdb-8aea-4d0d-995a-c85eab4f0f6a,CARVE_OUT,IND-000100,,UNMEASURED,IDENTITY_UNCERTAINTY;TARGET_AREA_MISSING,IDENTITY_UNCERTAINTY,IDENTITY_UNCERTAINTY; TARGET_AREA_MISSING
1c60d5b6-22d6-42c9-9ff0-8e43691b91b1,CARVE_OUT,IND-000128,IND-000320,MEASURED,CONSERVATION_FAILURE,CONSERVATION_FAILURE,CONSERVATION_FAILURE
2142d8ac-21b3-4c0b-bf62-a3f46f1dc203,CARVE_OUT,IND-000286,,UNMEASURED,IDENTITY_UNCERTAINTY;TARGET_AREA_MISSING,IDENTITY_UNCERTAINTY,IDENTITY_UNCERTAINTY; TARGET_AREA_MISSING
363094ba-a37d-4507-b694-afb3c1bcde25,CARVE_OUT,IND-000128,,UNMEASURED,IDENTITY_UNCERTAINTY;TARGET_AREA_MISSING,IDENTITY_UNCERTAINTY,IDENTITY_UNCERTAINTY; TARGET_AREA_MISSING
706c7dc1-3d47-4244-a4cc-0488f9a56010,CARVE_OUT,IND-000128,IND-000320,MEASURED,CONSERVATION_FAILURE,CONSERVATION_FAILURE,CONSERVATION_FAILURE
7650137b-57b7-43e6-818c-cea21ff9b2ef,CARVE_OUT,IND-000300,,UNMEASURED,IDENTITY_UNCERTAINTY;TARGET_AREA_MISSING,IDENTITY_UNCERTAINTY,IDENTITY_UNCERTAINTY; TARGET_AREA_MISSING
95f8da4b-c44e-4e95-9837-dd506d44f844,CARVE_OUT,IND-000244,,UNMEASURED,IDENTITY_UNCERTAINTY;TARGET_AREA_MISSING,IDENTITY_UNCERTAINTY,IDENTITY_UNCERTAINTY; TARGET_AREA_MISSING
a95e5ae4-7317-4519-9f48-c0f8c35da321,CARVE_OUT,IND-000244,,UNMEASURED,IDENTITY_UNCERTAINTY;TARGET_AREA_MISSING,IDENTITY_UNCERTAINTY,IDENTITY_UNCERTAINTY; TARGET_AREA_MISSING
dbc3434f-84ed-48e2-99a2-113fe059db97,CARVE_OUT,IND-000244,,UNMEASURED,IDENTITY_UNCERTAINTY;TARGET_AREA_MISSING,IDENTITY_UNCERTAINTY,IDENTITY_UNCERTAINTY; TARGET_AREA_MISSING
f167b196-afe7-41d7-be0b-0245542eced3,CARVE_OUT,IND-000287,,UNMEASURED,IDENTITY_UNCERTAINTY;TARGET_AREA_MISSING,IDENTITY_UNCERTAINTY,IDENTITY_UNCERTAINTY; TARGET_AREA_MISSING
04ceb673-eba9-452a-8a7a-5905d00b86fc,RENAME,,IND-000409,UNMEASURED,IDENTITY_UNCERTAINTY;PARENT_AREA_MISSING,IDENTITY_UNCERTAINTY,IDENTITY_UNCERTAINTY; PARENT_AREA_MISSING
2a2e7467-a515-449b-b502-6e852d45cfc1,CLEAN_SPLIT,,IND-000329,UNMEASURED,IDENTITY_UNCERTAINTY;PARENT_AREA_MISSING;TARGET_AREA_MISSING,IDENTITY_UNCERTAINTY,IDENTITY_UNCERTAINTY; PARENT_AREA_MISSING; TARGET_AREA_MISSING
31044f0e-507d-4424-9787-eb2d38148363,CARVE_OUT,,IND-000165,UNMEASURED,IDENTITY_UNCERTAINTY;PARENT_AREA_MISSING,IDENTITY_UNCERTAINTY,IDENTITY_UNCERTAINTY; PARENT_AREA_MISSING
5cc510d3-75c5-43b6-a8b4-2e5e47d3f207,RENAME,IND-000683,IND-000779,UNMEASURED,PARENT_AREA_MISSING,PARENT_AREA_MISSING,PARENT_AREA_MISSING
6dd8b6e3-9f7a-4781-8ddb-ae7ff1334149,CLEAN_SPLIT,,IND-000330,UNMEASURED,IDENTITY_UNCERTAINTY;PARENT_AREA_MISSING,IDENTITY_UNCERTAINTY,IDENTITY_UNCERTAINTY; PARENT_AREA_MISSING
72761f66-37f6-4ab0-acdf-ff9d9bf4c272,RENAME,IND-000670,,UNMEASURED,PARENT_AREA_MISSING,PARENT_AREA_MISSING,PARENT_AREA_MISSING
890bb3b0-468d-4c56-b4fa-56bd34537064,RENAME,IND-000337,,UNMEASURED,PARENT_AREA_MISSING,PARENT_AREA_MISSING,PARENT_AREA_MISSING
8afa8772-df80-4f62-9355-db8a39585ace,RENAME,IND-000680,,UNMEASURED,PARENT_AREA_MISSING,PARENT_AREA_MISSING,PARENT_AREA_MISSING
8f6d6303-2457-4fd3-8c9e-d11cd3e63055,RENAME,,IND-000087,UNMEASURED,IDENTITY_UNCERTAINTY;PARENT_AREA_MISSING,IDENTITY_UNCERTAINTY,IDENTITY_UNCERTAINTY; PARENT_AREA_MISSING
be9a6b5b-4b77-4f17-85dd-28b979b0de34,RENAME,,IND-000890,UNMEASURED,IDENTITY_UNCERTAINTY;PARENT_AREA_MISSING,IDENTITY_UNCERTAINTY,IDENTITY_UNCERTAINTY; PARENT_AREA_MISSING
da8903f9-fa3c-416e-b571-4bf3a28bf922,RENAME,,,UNMEASURED,IDENTITY_UNCERTAINTY;PARENT_AREA_MISSING,IDENTITY_UNCERTAINTY,IDENTITY_UNCERTAINTY; PARENT_AREA_MISSING
dc611ecf-7175-4226-af71-6d583543f73a,RENAME,IND-000672,,UNMEASURED,PARENT_AREA_MISSING,PARENT_AREA_MISSING,PARENT_AREA_MISSING
dd52625f-6af8-4083-916f-3ce7af3524d5,RENAME,,IND-000885,UNMEASURED,IDENTITY_UNCERTAINTY;PARENT_AREA_MISSING,IDENTITY_UNCERTAINTY,IDENTITY_UNCERTAINTY; PARENT_AREA_MISSING
e8340ea6-4d15-4db2-a94f-29beec9455ea,CARVE_OUT,,IND-000329,UNMEASURED,IDENTITY_UNCERTAINTY;PARENT_AREA_MISSING;TARGET_AREA_MISSING,IDENTITY_UNCERTAINTY,IDENTITY_UNCERTAINTY; PARENT_AREA_MISSING; TARGET_AREA_MISSING
ea2fd172-11e1-4407-aac9-adf98b7af405,CARVE_OUT,,IND-000330,UNMEASURED,IDENTITY_UNCERTAINTY;PARENT_AREA_MISSING,IDENTITY_UNCERTAINTY,IDENTITY_UNCERTAINTY; PARENT_AREA_MISSING
fce2db16-a983-4792-8a9d-9ea0cbae39cc,RENAME,,IND-000606,UNMEASURED,IDENTITY_UNCERTAINTY;PARENT_AREA_MISSING,IDENTITY_UNCERTAINTY,IDENTITY_UNCERTAINTY; PARENT_AREA_MISSING
1fb3e2c9-713a-4bc2-b871-374f78e7b50d,CARVE_OUT,,IND-000362,UNMEASURED,IDENTITY_UNCERTAINTY;PARENT_AREA_MISSING,IDENTITY_UNCERTAINTY,IDENTITY_UNCERTAINTY; PARENT_AREA_MISSING
77931594-1fd7-4220-849b-6786614242f5,CLEAN_SPLIT,IND-000361,IND-000362,MEASURED,CONSERVATION_FAILURE,CONSERVATION_FAILURE,CONSERVATION_FAILURE
a289464b-6aff-4b56-802b-0bc726b510f9,CLEAN_SPLIT,IND-000150,IND-000362,MEASURED,CONSERVATION_FAILURE,CONSERVATION_FAILURE,CONSERVATION_FAILURE
ec57aef8-c51f-4ad1-8882-0d75f7b3ac9a,CLEAN_SPLIT,IND-000361,,UNMEASURED,IDENTITY_UNCERTAINTY;TARGET_AREA_MISSING,IDENTITY_UNCERTAINTY,IDENTITY_UNCERTAINTY; TARGET_AREA_MISSING
d4083c81-446c-4364-96a1-8b668304d7e0,CARVE_OUT,IND-000218,,UNMEASURED,IDENTITY_UNCERTAINTY;TARGET_AREA_MISSING,IDENTITY_UNCERTAINTY,IDENTITY_UNCERTAINTY; TARGET_AREA_MISSING
0615b53c-a108-4335-a439-b3f7515a7614,CARVE_OUT,IND-000367,IND-000368,UNMEASURED,PARENT_AREA_MISSING,PARENT_AREA_MISSING,PARENT_AREA_MISSING
45b8cc82-4365-4e3f-aded-6ca1655478b0,CARVE_OUT,IND-000367,IND-000368,UNMEASURED,PARENT_AREA_MISSING,PARENT_AREA_MISSING,PARENT_AREA_MISSING
6e213d3a-f420-45fa-b314-443f1512d5d4,CARVE_OUT,IND-000327,IND-000686,UNMEASURED,TARGET_AREA_MISSING,TARGET_AREA_MISSING,TARGET_AREA_MISSING
9693a14f-f8b8-4ef9-92a0-97ce23cffb2a,CARVE_OUT,IND-000327,,UNMEASURED,IDENTITY_UNCERTAINTY;TARGET_AREA_MISSING,IDENTITY_UNCERTAINTY,IDENTITY_UNCERTAINTY; TARGET_AREA_MISSING
c4b7e400-da02-42ef-87f6-d55c3a8125c9,CARVE_OUT,IND-000242,,UNMEASURED,IDENTITY_UNCERTAINTY;TARGET_AREA_MISSING,IDENTITY_UNCERTAINTY,IDENTITY_UNCERTAINTY; TARGET_AREA_MISSING
d1d2c275-6c65-46c2-8baf-2a88222a3b8d,CARVE_OUT,IND-000327,IND-000686,UNMEASURED,TARGET_AREA_MISSING,TARGET_AREA_MISSING,TARGET_AREA_MISSING
f0a29bfa-4a71-4c13-a159-afae6058cee3,CARVE_OUT,IND-000367,,UNMEASURED,IDENTITY_UNCERTAINTY;PARENT_AREA_MISSING;TARGET_AREA_MISSING,IDENTITY_UNCERTAINTY,IDENTITY_UNCERTAINTY; PARENT_AREA_MISSING; TARGET_AREA_MISSING
47264928-e1c1-4185-bf94-b77e44cca16c,CLEAN_SPLIT,,IND-000371,UNMEASURED,IDENTITY_UNCERTAINTY;PARENT_AREA_MISSING,IDENTITY_UNCERTAINTY,IDENTITY_UNCERTAINTY; PARENT_AREA_MISSING
89cd0dc8-4a08-4d8c-8485-05b0996046fa,CLEAN_SPLIT,,IND-000370,UNMEASURED,IDENTITY_UNCERTAINTY;PARENT_AREA_MISSING,IDENTITY_UNCERTAINTY,IDENTITY_UNCERTAINTY; PARENT_AREA_MISSING
e21b434e-3fdb-4452-b8fe-818493c5f000,CARVE_OUT,,IND-000370,UNMEASURED,IDENTITY_UNCERTAINTY;PARENT_AREA_MISSING,IDENTITY_UNCERTAINTY,IDENTITY_UNCERTAINTY; PARENT_AREA_MISSING
0d2afe3f-8189-4318-8ea3-0dd0d1dfb3ab,CLEAN_SPLIT,IND-000130,IND-000346,MEASURED,CONSERVATION_FAILURE,CONSERVATION_FAILURE,CONSERVATION_FAILURE
2cf2cea3-f130-45fe-b50b-f5de5d110f4f,CARVE_OUT,IND-000374,,UNMEASURED,IDENTITY_UNCERTAINTY;TARGET_AREA_MISSING,IDENTITY_UNCERTAINTY,IDENTITY_UNCERTAINTY; TARGET_AREA_MISSING
371caae1-b09c-41b5-aca5-e3535100aa5a,CARVE_OUT,,IND-000373,UNMEASURED,IDENTITY_UNCERTAINTY;PARENT_AREA_MISSING,IDENTITY_UNCERTAINTY,IDENTITY_UNCERTAINTY; PARENT_AREA_MISSING
4fe0f5c4-b4bc-4c0e-ab38-3a3d5cc9495c,CLEAN_SPLIT,IND-000130,IND-000344,MEASURED,CONSERVATION_FAILURE,CONSERVATION_FAILURE,CONSERVATION_FAILURE
5da46199-6375-437b-ae3a-fd451539069d,CARVE_OUT,IND-000335,IND-000373,MEASURED,CONSERVATION_FAILURE,CONSERVATION_FAILURE,CONSERVATION_FAILURE
60567416-0ec4-449a-9145-1e34d10cd639,CLEAN_SPLIT,IND-000130,IND-000348,MEASURED,CONSERVATION_FAILURE,CONSERVATION_FAILURE,CONSERVATION_FAILURE
7bd2ff2b-fd20-4f09-a535-82ca13ef7e4d,CARVE_OUT,IND-000374,IND-000373,MEASURED,CONSERVATION_FAILURE,CONSERVATION_FAILURE,CONSERVATION_FAILURE
8eb78015-f64e-44a5-ae37-d3b32fc46b96,CARVE_OUT,IND-000335,,UNMEASURED,IDENTITY_UNCERTAINTY;TARGET_AREA_MISSING,IDENTITY_UNCERTAINTY,IDENTITY_UNCERTAINTY; TARGET_AREA_MISSING
adf7dedc-5678-481b-b72a-b881ad284091,CLEAN_SPLIT,IND-000130,IND-000345,MEASURED,CONSERVATION_FAILURE,CONSERVATION_FAILURE,CONSERVATION_FAILURE
e881e0f5-94e7-4c88-91c9-9a39f6588df0,CLEAN_SPLIT,IND-000130,IND-000347,MEASURED,CONSERVATION_FAILURE,CONSERVATION_FAILURE,CONSERVATION_FAILURE
08ba2767-5a0e-4f5b-8b41-80d83960d2bd,CLEAN_SPLIT,IND-000131,IND-000354,MEASURED,CONSERVATION_FAILURE,CONSERVATION_FAILURE,CONSERVATION_FAILURE
1f1fbd6a-3972-45e0-b606-661202eb26c6,CLEAN_SPLIT,IND-000131,IND-000353,MEASURED,CONSERVATION_FAILURE,CONSERVATION_FAILURE,CONSERVATION_FAILURE
25eb8098-a769-4a80-86a9-d0061337dcf7,CARVE_OUT,IND-000343,IND-000910,UNMEASURED,TARGET_AREA_MISSING,TARGET_AREA_MISSING,TARGET_AREA_MISSING
3cf211dc-5177-499b-8b65-455538abfb29,CARVE_OUT,IND-000044,IND-000356,UNMEASURED,PARENT_AREA_MISSING,PARENT_AREA_MISSING,PARENT_AREA_MISSING
87dc091d-7467-4586-aeda-515c079af644,CLEAN_SPLIT,IND-000131,IND-000355,MEASURED,CONSERVATION_FAILURE,CONSERVATION_FAILURE,CONSERVATION_FAILURE
8ff2af7e-bea3-446b-822c-d884e267dd44,CARVE_OUT,IND-000044,IND-000357,UNMEASURED,PARENT_AREA_MISSING,PARENT_AREA_MISSING,PARENT_AREA_MISSING
b0eb3bad-efba-4e78-b141-31729cb1f64a,CARVE_OUT,IND-000343,,UNMEASURED,IDENTITY_UNCERTAINTY;TARGET_AREA_MISSING,IDENTITY_UNCERTAINTY,IDENTITY_UNCERTAINTY; TARGET_AREA_MISSING
c97bc74e-a010-4316-88c4-f70c491fd895,CLEAN_SPLIT,IND-000044,IND-000356,UNMEASURED,PARENT_AREA_MISSING,PARENT_AREA_MISSING,PARENT_AREA_MISSING
d59778cb-c936-46f5-bf5c-33f9bd969e17,CLEAN_SPLIT,IND-000044,IND-000357,UNMEASURED,PARENT_AREA_MISSING,PARENT_AREA_MISSING,PARENT_AREA_MISSING
ee8bfbda-3841-49c2-a80b-4d5fd1c2b64f,CARVE_OUT,IND-000343,IND-000910,UNMEASURED,TARGET_AREA_MISSING,TARGET_AREA_MISSING,TARGET_AREA_MISSING
455f04b6-cb6a-44aa-904a-d3af38158a53,RENAME,IND-000349,,UNMEASURED,PARENT_AREA_MISSING,PARENT_AREA_MISSING,PARENT_AREA_MISSING
5431509e-8a46-48fc-8fa0-932184d4a267,RENAME,IND-000113,IND-000445,MEASURED,RENAME_INCONSISTENCY,RENAME_INCONSISTENCY,RENAME_INCONSISTENCY
5c56441d-425f-48f4-b1cc-8b89b5c0f897,RENAME,IND-000316,,UNMEASURED,PARENT_AREA_MISSING,PARENT_AREA_MISSING,PARENT_AREA_MISSING
64575562-aa21-404e-b673-08e1019bb364,RENAME,IND-000219,,UNMEASURED,PARENT_AREA_MISSING,PARENT_AREA_MISSING,PARENT_AREA_MISSING
8c02499d-5fb8-4142-bee0-95d7df6396bf,RENAME,IND-000910,,UNMEASURED,PARENT_AREA_MISSING,PARENT_AREA_MISSING,PARENT_AREA_MISSING
96bd9a35-27e7-4bc2-9483-09f5e905ad7e,RENAME,,IND-000231,UNMEASURED,IDENTITY_UNCERTAINTY;PARENT_AREA_MISSING,IDENTITY_UNCERTAINTY,IDENTITY_UNCERTAINTY; PARENT_AREA_MISSING
a4bcd8a6-1b6c-45d9-9aaa-8031bef5c841,RENAME,,,UNMEASURED,IDENTITY_UNCERTAINTY;PARENT_AREA_MISSING,IDENTITY_UNCERTAINTY,IDENTITY_UNCERTAINTY; PARENT_AREA_MISSING
b637b31d-e552-4b19-ae83-9c2444e509a5,RENAME,IND-000356,,UNMEASURED,PARENT_AREA_MISSING,PARENT_AREA_MISSING,PARENT_AREA_MISSING
ce1beb02-63af-4b0c-a81d-a8145c908957,RENAME,IND-000194,,UNMEASURED,PARENT_AREA_MISSING,PARENT_AREA_MISSING,PARENT_AREA_MISSING
02426a43-405f-4db0-b68f-ef5e75b9c7f9,CARVE_OUT,IND-000358,,UNMEASURED,IDENTITY_UNCERTAINTY;TARGET_AREA_MISSING,IDENTITY_UNCERTAINTY,IDENTITY_UNCERTAINTY; TARGET_AREA_MISSING
029b70dc-ef7e-45b7-8a28-f815036b0677,CARVE_OUT,IND-000365,,UNMEASURED,IDENTITY_UNCERTAINTY;TARGET_AREA_MISSING,IDENTITY_UNCERTAINTY,IDENTITY_UNCERTAINTY; TARGET_AREA_MISSING
17f316e5-9e67-4fba-adad-1e938854af05,CARVE_OUT,IND-000403,IND-000404,MEASURED,CONSERVATION_FAILURE,CONSERVATION_FAILURE,CONSERVATION_FAILURE
21b2963a-e4c9-4c01-a623-1c85d006123b,CARVE_OUT,IND-000358,IND-000440,MEASURED,CONSERVATION_FAILURE,CONSERVATION_FAILURE,CONSERVATION_FAILURE
2319f146-17d4-42e3-bfad-63f5a543f2db,CARVE_OUT,IND-000112,IND-000443,MEASURED,CONSERVATION_FAILURE,CONSERVATION_FAILURE,CONSERVATION_FAILURE
2748cdde-96cc-4bc1-a640-e9181d6f7f96,CARVE_OUT,IND-000358,IND-000440,MEASURED,CONSERVATION_FAILURE,CONSERVATION_FAILURE,CONSERVATION_FAILURE
3214dd06-45da-45c5-ab96-efda82ff7b54,CARVE_OUT,IND-000358,IND-000439,MEASURED,CONSERVATION_FAILURE,CONSERVATION_FAILURE,CONSERVATION_FAILURE
36de6dcd-efe5-44cc-ad05-4ac25a6f7eef,CARVE_OUT,,IND-000396,UNMEASURED,IDENTITY_UNCERTAINTY;PARENT_AREA_MISSING,IDENTITY_UNCERTAINTY,IDENTITY_UNCERTAINTY; PARENT_AREA_MISSING
36f6dcc5-9291-4d8a-9ece-17d2c1c30d4c,CARVE_OUT,IND-000119,IND-000446,UNMEASURED,PARENT_AREA_MISSING,PARENT_AREA_MISSING,PARENT_AREA_MISSING
3a2b98cb-e06c-4733-8b00-e6410f033a7c,CARVE_OUT,IND-000379,,UNMEASURED,IDENTITY_UNCERTAINTY;TARGET_AREA_MISSING,IDENTITY_UNCERTAINTY,IDENTITY_UNCERTAINTY; TARGET_AREA_MISSING
423f196f-f924-4751-b6fc-d24f4fcb3b95,CARVE_OUT,IND-000366,,UNMEASURED,IDENTITY_UNCERTAINTY;TARGET_AREA_MISSING,IDENTITY_UNCERTAINTY,IDENTITY_UNCERTAINTY; TARGET_AREA_MISSING
4a7c22c1-bf1e-47db-a20d-fdba2fcad1e9,CARVE_OUT,IND-000112,IND-000442,MEASURED,CONSERVATION_FAILURE,CONSERVATION_FAILURE,CONSERVATION_FAILURE
4e83cc20-0e51-4d7d-829c-c263a9298cf5,CARVE_OUT,IND-000336,,UNMEASURED,IDENTITY_UNCERTAINTY;TARGET_AREA_MISSING,IDENTITY_UNCERTAINTY,IDENTITY_UNCERTAINTY; TARGET_AREA_MISSING
54a5545c-efbb-4492-84a1-4b9cb40e17af,CARVE_OUT,,IND-000397,UNMEASURED,IDENTITY_UNCERTAINTY;PARENT_AREA_MISSING,IDENTITY_UNCERTAINTY,IDENTITY_UNCERTAINTY; PARENT_AREA_MISSING
567925b2-39be-42c0-b2aa-e73f017255bd,CLEAN_SPLIT,,IND-000397,UNMEASURED,IDENTITY_UNCERTAINTY;PARENT_AREA_MISSING,IDENTITY_UNCERTAINTY,IDENTITY_UNCERTAINTY; PARENT_AREA_MISSING
56a096b1-e880-48a5-8aeb-716b1fc7e79e,CARVE_OUT,IND-000358,IND-000439,MEASURED,CONSERVATION_FAILURE,CONSERVATION_FAILURE,CONSERVATION_FAILURE
5a26011d-c83e-4e00-af8e-05d805838566,CARVE_OUT,,IND-000381,UNMEASURED,IDENTITY_UNCERTAINTY;PARENT_AREA_MISSING,IDENTITY_UNCERTAINTY,IDENTITY_UNCERTAINTY; PARENT_AREA_MISSING
610539a6-a5df-47dc-9b7c-e65b7e1dc653,CARVE_OUT,IND-000119,IND-000446,UNMEASURED,PARENT_AREA_MISSING,PARENT_AREA_MISSING,PARENT_AREA_MISSING
658ed1fb-99c6-4600-af0e-bc9999d0b202,CLEAN_SPLIT,IND-000403,,UNMEASURED,IDENTITY_UNCERTAINTY;TARGET_AREA_MISSING,IDENTITY_UNCERTAINTY,IDENTITY_UNCERTAINTY; TARGET_AREA_MISSING
65c4280f-8f1b-47a5-af5d-c03ae6172849,CLEAN_SPLIT,,IND-000398,UNMEASURED,IDENTITY_UNCERTAINTY;PARENT_AREA_MISSING,IDENTITY_UNCERTAINTY,IDENTITY_UNCERTAINTY; PARENT_AREA_MISSING
667c0ff4-e3c8-4dec-b370-dfadb58f2f31,CARVE_OUT,IND-000367,IND-000453,MEASURED,CONSERVATION_FAILURE,CONSERVATION_FAILURE,CONSERVATION_FAILURE
679cf4a9-f7c1-458a-9651-7d320d20ea0d,CARVE_OUT,,IND-000398,UNMEASURED,IDENTITY_UNCERTAINTY;PARENT_AREA_MISSING,IDENTITY_UNCERTAINTY,IDENTITY_UNCERTAINTY; PARENT_AREA_MISSING
75b102cc-12de-4e31-a21a-b73df395384e,CLEAN_SPLIT,IND-000113,IND-000441,MEASURED,CONSERVATION_FAILURE,CONSERVATION_FAILURE,CONSERVATION_FAILURE
75e13506-fe7f-4737-9b85-668699bf4bb8,CLEAN_SPLIT,IND-000369,,UNMEASURED,IDENTITY_UNCERTAINTY;TARGET_AREA_MISSING,IDENTITY_UNCERTAINTY,IDENTITY_UNCERTAINTY; TARGET_AREA_MISSING
7727e6c2-42d7-4796-a780-9bf0567a79ca,CARVE_OUT,IND-000367,IND-000274,UNMEASURED,TARGET_AREA_MISSING,TARGET_AREA_MISSING,TARGET_AREA_MISSING
798e8891-9200-43d7-a264-eec3625514ff,CLEAN_SPLIT,IND-000113,IND-000445,MEASURED,CONSERVATION_FAILURE,CONSERVATION_FAILURE,CONSERVATION_FAILURE
81b56032-3c37-4bca-9266-f6a17b5d2289,CARVE_OUT,IND-000112,,UNMEASURED,IDENTITY_UNCERTAINTY;TARGET_AREA_MISSING,IDENTITY_UNCERTAINTY,IDENTITY_UNCERTAINTY; TARGET_AREA_MISSING
8733945d-47d7-4876-87c9-5d90c5fea134,CARVE_OUT,IND-000336,IND-000381,MEASURED,CONSERVATION_FAILURE,CONSERVATION_FAILURE,CONSERVATION_FAILURE
951f916c-b4c9-458a-9fc2-d46701cf9931,CLEAN_SPLIT,IND-000108,IND-000432,MEASURED,CONSERVATION_FAILURE,CONSERVATION_FAILURE,CONSERVATION_FAILURE
a6fa356a-05a0-46b6-a501-c1fe841a5321,CARVE_OUT,IND-000367,IND-000453,MEASURED,CONSERVATION_FAILURE,CONSERVATION_FAILURE,CONSERVATION_FAILURE
ac97c6ac-2547-43d7-8253-3a424ebff2cf,CARVE_OUT,IND-000365,IND-000448,MEASURED,CONSERVATION_FAILURE,CONSERVATION_FAILURE,CONSERVATION_FAILURE
ad95f972-f170-4062-8724-ef51f4dbae3b,CLEAN_SPLIT,IND-000403,IND-000404,MEASURED,CONSERVATION_FAILURE,CONSERVATION_FAILURE,CONSERVATION_FAILURE
b6c0ca4f-8ecc-4666-a61c-85539eab5b27,CARVE_OUT,IND-000367,,UNMEASURED,IDENTITY_UNCERTAINTY;TARGET_AREA_MISSING,IDENTITY_UNCERTAINTY,IDENTITY_UNCERTAINTY; TARGET_AREA_MISSING
b97e82fc-8351-4d63-8df2-9754bbb90104,CARVE_OUT,IND-000376,IND-000381,MEASURED,CONSERVATION_FAILURE,CONSERVATION_FAILURE,CONSERVATION_FAILURE
bd9f4a92-18da-4163-8e25-397a5ef07292,CLEAN_SPLIT,,IND-000396,UNMEASURED,IDENTITY_UNCERTAINTY;PARENT_AREA_MISSING,IDENTITY_UNCERTAINTY,IDENTITY_UNCERTAINTY; PARENT_AREA_MISSING
d1980451-2581-415a-89a2-5a38e68cd050,CARVE_OUT,IND-000106,,UNMEASURED,IDENTITY_UNCERTAINTY;TARGET_AREA_MISSING,IDENTITY_UNCERTAINTY,IDENTITY_UNCERTAINTY; TARGET_AREA_MISSING
d756fde2-21fa-4436-8fcb-f4b61389efc9,CARVE_OUT,IND-000112,IND-000443,MEASURED,CONSERVATION_FAILURE,CONSERVATION_FAILURE,CONSERVATION_FAILURE
d9fd71c0-359f-4918-993c-6e071d0aa0bd,CARVE_OUT,IND-000112,IND-000442,MEASURED,CONSERVATION_FAILURE,CONSERVATION_FAILURE,CONSERVATION_FAILURE
de7fabe4-8334-4d85-9ca8-254aa32fcade,CARVE_OUT,IND-000119,IND-000360,UNMEASURED,PARENT_AREA_MISSING,PARENT_AREA_MISSING,PARENT_AREA_MISSING
e4b8cf36-8fd7-4ae6-ba09-fb6a5fdbe68a,CLEAN_SPLIT,IND-000108,IND-000433,MEASURED,CONSERVATION_FAILURE,CONSERVATION_FAILURE,CONSERVATION_FAILURE
ed036269-4590-4d54-bc61-4adf6892aed5,CARVE_OUT,IND-000376,,UNMEASURED,IDENTITY_UNCERTAINTY;TARGET_AREA_MISSING,IDENTITY_UNCERTAINTY,IDENTITY_UNCERTAINTY; TARGET_AREA_MISSING
f2c24000-06df-4690-9e88-270867993a7a,CARVE_OUT,IND-000367,IND-000274,UNMEASURED,TARGET_AREA_MISSING,TARGET_AREA_MISSING,TARGET_AREA_MISSING
f93ba5c5-7a45-43e0-b8b0-8ca9af8502a0,CARVE_OUT,IND-000365,IND-000448,MEASURED,CONSERVATION_FAILURE,CONSERVATION_FAILURE,CONSERVATION_FAILURE
089f4409-b14d-4cdb-89dc-78819baa9a33,CLEAN_SPLIT,IND-000117,IND-000359,UNMEASURED,PARENT_AREA_MISSING,PARENT_AREA_MISSING,PARENT_AREA_MISSING
08fbbcc1-9b01-4f23-bd57-47cca900d702,CARVE_OUT,IND-000318,IND-000400,MEASURED,CONSERVATION_FAILURE,CONSERVATION_FAILURE,CONSERVATION_FAILURE
090a2a30-449d-4d44-b174-6d916b2f8a49,CARVE_OUT,IND-000117,IND-000444,UNMEASURED,PARENT_AREA_MISSING,PARENT_AREA_MISSING,PARENT_AREA_MISSING
0c159886-6d3a-4135-b0cd-d8765ac2f5bc,CARVE_OUT,IND-000191,IND-000656,MEASURED,CONSERVATION_FAILURE,CONSERVATION_FAILURE,CONSERVATION_FAILURE
167628a2-6f5f-4a1f-9dfd-898fb74a71b9,CARVE_OUT,IND-000109,IND-000436,MEASURED,CONSERVATION_FAILURE,CONSERVATION_FAILURE,CONSERVATION_FAILURE
1bf8425d-1f71-411f-876d-d4854b6f3a1f,CLEAN_SPLIT,IND-000141,IND-000936,UNMEASURED,PARENT_AREA_MISSING;TARGET_AREA_MISSING,PARENT_AREA_MISSING,PARENT_AREA_MISSING; TARGET_AREA_MISSING
1c57d946-6ca3-4257-89c2-0292c0d09754,CARVE_OUT,IND-000191,,UNMEASURED,IDENTITY_UNCERTAINTY;TARGET_AREA_MISSING,IDENTITY_UNCERTAINTY,IDENTITY_UNCERTAINTY; TARGET_AREA_MISSING
268f6500-074a-4328-9750-e19b21ee4d31,CARVE_OUT,IND-000109,IND-000436,MEASURED,CONSERVATION_FAILURE,CONSERVATION_FAILURE,CONSERVATION_FAILURE
2ba62588-b6ec-4699-b8d4-94300dba92ab,CARVE_OUT,IND-000109,IND-000437,MEASURED,CONSERVATION_FAILURE,CONSERVATION_FAILURE,CONSERVATION_FAILURE
2cc846fd-244b-49fb-9d36-408a49911e77,CLEAN_SPLIT,IND-000117,IND-000444,UNMEASURED,PARENT_AREA_MISSING,PARENT_AREA_MISSING,PARENT_AREA_MISSING
32ab8eb4-23a3-451e-ac2a-a1007a2586c9,CARVE_OUT,IND-000141,IND-000937,UNMEASURED,PARENT_AREA_MISSING;TARGET_AREA_MISSING,PARENT_AREA_MISSING,PARENT_AREA_MISSING; TARGET_AREA_MISSING
3d6fb073-1533-45f2-b062-54897a000018,CARVE_OUT,IND-000107,IND-000342,UNMEASURED,TARGET_AREA_MISSING,TARGET_AREA_MISSING,TARGET_AREA_MISSING
44e63bba-1bd2-4e57-b5d2-94c84b29db43,CLEAN_SPLIT,IND-000141,IND-000939,UNMEASURED,PARENT_AREA_MISSING;TARGET_AREA_MISSING,PARENT_AREA_MISSING,PARENT_AREA_MISSING; TARGET_AREA_MISSING
47ee0c88-38cc-41b7-b7a6-c3dfe3ef6f05,CARVE_OUT,IND-000318,,UNMEASURED,IDENTITY_UNCERTAINTY;TARGET_AREA_MISSING,IDENTITY_UNCERTAINTY,IDENTITY_UNCERTAINTY; TARGET_AREA_MISSING
4876e23d-1940-4b06-83f9-f72b199772cf,CARVE_OUT,IND-000318,IND-000401,MEASURED,CONSERVATION_FAILURE,CONSERVATION_FAILURE,CONSERVATION_FAILURE
4a96dfdc-5221-4f02-be27-bc62b9cd48a7,CLEAN_SPLIT,IND-000141,IND-000938,UNMEASURED,PARENT_AREA_MISSING;TARGET_AREA_MISSING,PARENT_AREA_MISSING,PARENT_AREA_MISSING; TARGET_AREA_MISSING
4ab765cb-9e98-4b2a-ae0d-3c3a4fe72732,CARVE_OUT,IND-000109,,UNMEASURED,IDENTITY_UNCERTAINTY;TARGET_AREA_MISSING,IDENTITY_UNCERTAINTY,IDENTITY_UNCERTAINTY; TARGET_AREA_MISSING
585f494a-09a0-4df0-bc5c-56a0d4e32db6,CARVE_OUT,IND-000025,,UNMEASURED,IDENTITY_UNCERTAINTY;TARGET_AREA_MISSING,IDENTITY_UNCERTAINTY,IDENTITY_UNCERTAINTY; TARGET_AREA_MISSING
5bf03f85-6e9c-4e00-8faa-135881ff1c8d,CARVE_OUT,IND-000341,,UNMEASURED,IDENTITY_UNCERTAINTY;TARGET_AREA_MISSING,IDENTITY_UNCERTAINTY,IDENTITY_UNCERTAINTY; TARGET_AREA_MISSING
76e6c690-ac96-401f-95a0-53224da46af1,CARVE_OUT,IND-000141,IND-000936,UNMEASURED,PARENT_AREA_MISSING;TARGET_AREA_MISSING,PARENT_AREA_MISSING,PARENT_AREA_MISSING; TARGET_AREA_MISSING
8360c33b-8282-4fac-9300-c59a1270f231,CARVE_OUT,IND-000107,IND-000342,UNMEASURED,TARGET_AREA_MISSING,TARGET_AREA_MISSING,TARGET_AREA_MISSING
8763ea68-e006-4f01-9281-aad5c2b0e576,CARVE_OUT,IND-000025,IND-000399,MEASURED,CONSERVATION_FAILURE,CONSERVATION_FAILURE,CONSERVATION_FAILURE
87aa186d-7c22-4655-8508-b44ed5b1b740,CARVE_OUT,IND-000141,IND-000939,UNMEASURED,PARENT_AREA_MISSING;TARGET_AREA_MISSING,PARENT_AREA_MISSING,PARENT_AREA_MISSING; TARGET_AREA_MISSING
961aedd4-ca30-4512-bc2e-3d038cbd3490,CARVE_OUT,IND-000318,IND-000401,MEASURED,CONSERVATION_FAILURE,CONSERVATION_FAILURE,CONSERVATION_FAILURE
a85f9dd0-6c30-4c42-b562-4ee6356464da,CARVE_OUT,IND-000364,,UNMEASURED,IDENTITY_UNCERTAINTY;TARGET_AREA_MISSING,IDENTITY_UNCERTAINTY,IDENTITY_UNCERTAINTY; TARGET_AREA_MISSING
b8843595-8ab4-46a0-8c65-a8bf4bb5addb,CLEAN_SPLIT,IND-000141,IND-000937,UNMEASURED,PARENT_AREA_MISSING;TARGET_AREA_MISSING,PARENT_AREA_MISSING,PARENT_AREA_MISSING; TARGET_AREA_MISSING
ba1917d0-d852-475d-8ec5-3a0abfdb8471,CARVE_OUT,IND-000107,,UNMEASURED,IDENTITY_UNCERTAINTY;TARGET_AREA_MISSING,IDENTITY_UNCERTAINTY,IDENTITY_UNCERTAINTY; TARGET_AREA_MISSING
d0552555-5d0e-4084-a17f-0424d2962f5d,CARVE_OUT,IND-000191,IND-000656,MEASURED,CONSERVATION_FAILURE,CONSERVATION_FAILURE,CONSERVATION_FAILURE
d72007a5-1020-4121-bccf-713b099faaf3,CARVE_OUT,IND-000025,IND-000399,MEASURED,CONSERVATION_FAILURE,CONSERVATION_FAILURE,CONSERVATION_FAILURE
e299667a-dae1-4c0c-9d4b-d6ed2ba8c9dc,CARVE_OUT,IND-000107,IND-000435,MEASURED,CONSERVATION_FAILURE,CONSERVATION_FAILURE,CONSERVATION_FAILURE
e7c08184-c912-49b1-8015-4d1f0f60c311,CARVE_OUT,IND-000109,IND-000437,MEASURED,CONSERVATION_FAILURE,CONSERVATION_FAILURE,CONSERVATION_FAILURE
e9672a9a-f006-47a1-9453-91d2844fc1aa,CARVE_OUT,IND-000141,IND-000938,UNMEASURED,PARENT_AREA_MISSING;TARGET_AREA_MISSING,PARENT_AREA_MISSING,PARENT_AREA_MISSING; TARGET_AREA_MISSING
f051efa4-4c6b-49cb-a929-92f9113ef458,CARVE_OUT,IND-000318,IND-000400,MEASURED,CONSERVATION_FAILURE,CONSERVATION_FAILURE,CONSERVATION_FAILURE
f60921d1-4463-4d42-a660-9f51536a4915,CARVE_OUT,IND-000107,IND-000435,MEASURED,CONSERVATION_FAILURE,CONSERVATION_FAILURE,CONSERVATION_FAILURE
0b440c4d-9646-4b09-9862-97c102098b57,CLEAN_SPLIT,IND-000347,,UNMEASURED,IDENTITY_UNCERTAINTY;TARGET_AREA_MISSING,IDENTITY_UNCERTAINTY,IDENTITY_UNCERTAINTY; TARGET_AREA_MISSING
1cd9069e-c16e-41bf-955f-22f7d599cf99,CARVE_OUT,IND-000140,,UNMEASURED,IDENTITY_UNCERTAINTY;TARGET_AREA_MISSING,IDENTITY_UNCERTAINTY,IDENTITY_UNCERTAINTY; TARGET_AREA_MISSING
1da26724-b6e7-4257-be1b-2d960a553e8f,CLEAN_SPLIT,IND-000347,IND-000871,UNMEASURED,TARGET_AREA_MISSING,TARGET_AREA_MISSING,TARGET_AREA_MISSING
258d7e9f-97e3-476a-89a4-d404018a54eb,CARVE_OUT,IND-000352,,UNMEASURED,IDENTITY_UNCERTAINTY;TARGET_AREA_MISSING,IDENTITY_UNCERTAINTY,IDENTITY_UNCERTAINTY; TARGET_AREA_MISSING
2d5cee81-237a-4383-b11f-cc913d615618,CARVE_OUT,IND-000140,,UNMEASURED,IDENTITY_UNCERTAINTY;TARGET_AREA_MISSING,IDENTITY_UNCERTAINTY,IDENTITY_UNCERTAINTY; TARGET_AREA_MISSING
42b263e3-caa2-4dfc-a767-8c862726ea99,CARVE_OUT,IND-000347,IND-000871,UNMEASURED,TARGET_AREA_MISSING,TARGET_AREA_MISSING,TARGET_AREA_MISSING
a9d083aa-a3c8-4c69-81e5-5552b5fdc61d,CARVE_OUT,IND-000272,,UNMEASURED,IDENTITY_UNCERTAINTY;TARGET_AREA_MISSING,IDENTITY_UNCERTAINTY,IDENTITY_UNCERTAINTY; TARGET_AREA_MISSING
c378689d-2162-4cce-97e6-dcd4a3a6fa7c,CLEAN_SPLIT,IND-000140,,UNMEASURED,IDENTITY_UNCERTAINTY;TARGET_AREA_MISSING,IDENTITY_UNCERTAINTY,IDENTITY_UNCERTAINTY; TARGET_AREA_MISSING
db065b56-4284-4aad-b6e7-1d8d3f92535d,CARVE_OUT,IND-000352,IND-000413,MEASURED,CONSERVATION_FAILURE,CONSERVATION_FAILURE,CONSERVATION_FAILURE
f24ed812-bf1c-4c13-bf14-ddbadebb543d,CLEAN_SPLIT,IND-000140,,UNMEASURED,IDENTITY_UNCERTAINTY;TARGET_AREA_MISSING,IDENTITY_UNCERTAINTY,IDENTITY_UNCERTAINTY; TARGET_AREA_MISSING
60c4b296-b783-4602-b520-fa6f79d7cf0d,CARVE_OUT,IND-000366,,UNMEASURED,IDENTITY_UNCERTAINTY;TARGET_AREA_MISSING,IDENTITY_UNCERTAINTY,IDENTITY_UNCERTAINTY; TARGET_AREA_MISSING
1cb60171-22b6-46cd-9430-a1100dcf1ac5,CLEAN_SPLIT,IND-000024,IND-000393,UNMEASURED,PARENT_AREA_MISSING,PARENT_AREA_MISSING,PARENT_AREA_MISSING
283ad4c4-6869-43a9-90c6-5507232ac01f,CARVE_OUT,IND-000023,IND-000424,MEASURED,CONSERVATION_FAILURE,CONSERVATION_FAILURE,CONSERVATION_FAILURE
29fb3cf8-fd73-4318-b806-f8f0d825e183,CARVE_OUT,IND-000024,IND-000393,UNMEASURED,PARENT_AREA_MISSING,PARENT_AREA_MISSING,PARENT_AREA_MISSING
2ae43a35-6fcf-428e-8b5a-6edf6a41ff17,CLEAN_SPLIT,IND-000024,IND-000391,UNMEASURED,PARENT_AREA_MISSING,PARENT_AREA_MISSING,PARENT_AREA_MISSING
30c3ddc4-529f-4622-9d2c-c34dd420c584,CARVE_OUT,,IND-000416,UNMEASURED,IDENTITY_UNCERTAINTY;PARENT_AREA_MISSING,IDENTITY_UNCERTAINTY,IDENTITY_UNCERTAINTY; PARENT_AREA_MISSING
49dce1ce-8bf4-4495-aacc-f14d46d651c5,CLEAN_SPLIT,IND-000036,IND-000395,MEASURED,CONSERVATION_FAILURE,CONSERVATION_FAILURE,CONSERVATION_FAILURE
7d6cdf23-15d7-49d6-93f1-8a844605bf82,CLEAN_SPLIT,IND-000036,IND-000394,MEASURED,CONSERVATION_FAILURE,CONSERVATION_FAILURE,CONSERVATION_FAILURE
7ffc8f49-5103-466b-9212-1f5cd21edc38,CARVE_OUT,IND-000023,IND-000424,MEASURED,CONSERVATION_FAILURE,CONSERVATION_FAILURE,CONSERVATION_FAILURE
a5c46434-e1c2-406a-b39f-1fcd6ba03e24,CARVE_OUT,IND-000255,IND-000416,MEASURED,CONSERVATION_FAILURE,CONSERVATION_FAILURE,CONSERVATION_FAILURE
abdae3a7-2ab7-4b71-ad11-0d34a593847b,CARVE_OUT,IND-000024,IND-000391,UNMEASURED,PARENT_AREA_MISSING,PARENT_AREA_MISSING,PARENT_AREA_MISSING
c5f0e0a7-500f-4e16-aa7d-562a695bde99,CARVE_OUT,IND-000024,IND-000392,UNMEASURED,PARENT_AREA_MISSING,PARENT_AREA_MISSING,PARENT_AREA_MISSING
cb313e7a-c5ff-4895-b708-38d66dfbce16,CARVE_OUT,IND-000023,,UNMEASURED,IDENTITY_UNCERTAINTY;TARGET_AREA_MISSING,IDENTITY_UNCERTAINTY,IDENTITY_UNCERTAINTY; TARGET_AREA_MISSING
db9367d8-a555-405f-86a0-738a372663ef,CARVE_OUT,IND-000255,,UNMEASURED,IDENTITY_UNCERTAINTY;TARGET_AREA_MISSING,IDENTITY_UNCERTAINTY,IDENTITY_UNCERTAINTY; TARGET_AREA_MISSING
e0a7cae9-7fbc-42e6-93bb-176708fbe7d0,CLEAN_SPLIT,IND-000024,IND-000392,UNMEASURED,PARENT_AREA_MISSING,PARENT_AREA_MISSING,PARENT_AREA_MISSING
0e66ed3d-e143-4d1f-8627-4779db8cc5cb,CARVE_OUT,IND-000110,IND-000922,UNMEASURED,TARGET_AREA_MISSING,TARGET_AREA_MISSING,TARGET_AREA_MISSING
11bf4916-7756-4f7c-8fbf-9e56b8823492,CLEAN_SPLIT,IND-000110,IND-000438,MEASURED,CONSERVATION_FAILURE,CONSERVATION_FAILURE,CONSERVATION_FAILURE
3af96d14-28f1-4bd4-87ab-cfce2816a4ac,CLEAN_SPLIT,IND-000110,IND-000922,UNMEASURED,TARGET_AREA_MISSING,TARGET_AREA_MISSING,TARGET_AREA_MISSING
33de677d-f500-4547-914f-6cfb23b6ddb1,CARVE_OUT,IND-000387,,UNMEASURED,IDENTITY_UNCERTAINTY;TARGET_AREA_MISSING,IDENTITY_UNCERTAINTY,IDENTITY_UNCERTAINTY; TARGET_AREA_MISSING
4000c70f-38fc-40d1-83e0-4e13fd907c9a,CARVE_OUT,IND-000387,IND-000941,UNMEASURED,TARGET_AREA_MISSING,TARGET_AREA_MISSING,TARGET_AREA_MISSING
5ed46932-200a-4d2c-9844-1c04b3617d55,CARVE_OUT,IND-000387,,UNMEASURED,IDENTITY_UNCERTAINTY;TARGET_AREA_MISSING,IDENTITY_UNCERTAINTY,IDENTITY_UNCERTAINTY; TARGET_AREA_MISSING
cd7bd567-5ea3-4175-aebb-44f5df587322,CARVE_OUT,IND-000387,IND-000941,UNMEASURED,TARGET_AREA_MISSING,TARGET_AREA_MISSING,TARGET_AREA_MISSING
db3b1555-b274-430e-998a-28aff22a834d,CARVE_OUT,IND-000387,IND-000823,UNMEASURED,TARGET_AREA_MISSING,TARGET_AREA_MISSING,TARGET_AREA_MISSING
fa27f429-c320-4184-8bf1-0150411362ed,CARVE_OUT,IND-000387,IND-000941,UNMEASURED,TARGET_AREA_MISSING,TARGET_AREA_MISSING,TARGET_AREA_MISSING
068bbd76-ca45-4289-8de9-401677229cbf,CARVE_OUT,IND-000334,,UNMEASURED,IDENTITY_UNCERTAINTY;TARGET_AREA_MISSING,IDENTITY_UNCERTAINTY,IDENTITY_UNCERTAINTY; TARGET_AREA_MISSING
2216e2a8-4dd6-4fa2-a42f-cd68fc129a0e,CARVE_OUT,IND-000449,IND-000456,MEASURED,CONSERVATION_FAILURE,CONSERVATION_FAILURE,CONSERVATION_FAILURE
301f19a0-5a6e-4d76-a581-4a0284194f5f,CLEAN_SPLIT,IND-000382,,UNMEASURED,IDENTITY_UNCERTAINTY;TARGET_AREA_MISSING,IDENTITY_UNCERTAINTY,IDENTITY_UNCERTAINTY; TARGET_AREA_MISSING
38e23711-f444-4249-a4f5-f66d65e47c4b,CARVE_OUT,IND-000384,,UNMEASURED,IDENTITY_UNCERTAINTY;TARGET_AREA_MISSING,IDENTITY_UNCERTAINTY,IDENTITY_UNCERTAINTY; TARGET_AREA_MISSING
41e64655-48ce-4e6d-b222-02f4f3a37a9b,CARVE_OUT,IND-000334,IND-000427,MEASURED,CONSERVATION_FAILURE,CONSERVATION_FAILURE,CONSERVATION_FAILURE
4d572911-f361-44e3-8748-985f89b06f12,CARVE_OUT,IND-000411,,UNMEASURED,IDENTITY_UNCERTAINTY;TARGET_AREA_MISSING,IDENTITY_UNCERTAINTY,IDENTITY_UNCERTAINTY; TARGET_AREA_MISSING
5e625307-c768-40f5-ade1-99d15935e89b,CARVE_OUT,,IND-000383,UNMEASURED,IDENTITY_UNCERTAINTY;PARENT_AREA_MISSING,IDENTITY_UNCERTAINTY,IDENTITY_UNCERTAINTY; PARENT_AREA_MISSING
758e8778-f9d7-4bc9-bb74-6f6f41d3a979,CARVE_OUT,IND-000384,IND-000383,MEASURED,CONSERVATION_FAILURE,CONSERVATION_FAILURE,CONSERVATION_FAILURE
7d6f32cc-e7ee-4ffb-bf6b-b166e1860913,CLEAN_SPLIT,IND-000382,IND-000383,MEASURED,CONSERVATION_FAILURE,CONSERVATION_FAILURE,CONSERVATION_FAILURE
88a65872-6c53-4bee-9b15-f2c45065d491,CARVE_OUT,IND-000334,IND-000427,MEASURED,CONSERVATION_FAILURE,CONSERVATION_FAILURE,CONSERVATION_FAILURE
b593f6ad-f6a3-4568-8df8-eb9e1fd77afa,CARVE_OUT,IND-000322,,UNMEASURED,IDENTITY_UNCERTAINTY;TARGET_AREA_MISSING,IDENTITY_UNCERTAINTY,IDENTITY_UNCERTAINTY; TARGET_AREA_MISSING
d0629089-f038-44b9-ad1e-9d77a94cc37b,CARVE_OUT,IND-000429,,UNMEASURED,IDENTITY_UNCERTAINTY;TARGET_AREA_MISSING,IDENTITY_UNCERTAINTY,IDENTITY_UNCERTAINTY; TARGET_AREA_MISSING
f596d28b-f658-4f26-897f-36e756d0b884,CARVE_OUT,IND-000322,,UNMEASURED,IDENTITY_UNCERTAINTY;TARGET_AREA_MISSING,IDENTITY_UNCERTAINTY,IDENTITY_UNCERTAINTY; TARGET_AREA_MISSING
f5e8dbe2-97b6-4771-bb22-66c98f5c3a7e,CARVE_OUT,IND-000449,,UNMEASURED,IDENTITY_UNCERTAINTY;TARGET_AREA_MISSING,IDENTITY_UNCERTAINTY,IDENTITY_UNCERTAINTY; TARGET_AREA_MISSING
ff9237d0-5e15-4c7c-9c15-90662555f717,CARVE_OUT,IND-000449,IND-000456,MEASURED,CONSERVATION_FAILURE,CONSERVATION_FAILURE,CONSERVATION_FAILURE
1119b82c-06a2-40aa-ae2e-08d56c71f288,CARVE_OUT,IND-000335,IND-000380,MEASURED,CONSERVATION_FAILURE,CONSERVATION_FAILURE,CONSERVATION_FAILURE
54ff2c22-1279-4d45-a73a-477f3118b1e1,CARVE_OUT,IND-000335,,UNMEASURED,IDENTITY_UNCERTAINTY;TARGET_AREA_MISSING,IDENTITY_UNCERTAINTY,IDENTITY_UNCERTAINTY; TARGET_AREA_MISSING
862dacb9-b22c-464e-802e-f429b4d55324,CARVE_OUT,,IND-000380,UNMEASURED,IDENTITY_UNCERTAINTY;PARENT_AREA_MISSING,IDENTITY_UNCERTAINTY,IDENTITY_UNCERTAINTY; PARENT_AREA_MISSING
88493fbb-a7a3-4753-9530-e96353fe06cc,CLEAN_SPLIT,IND-000372,,UNMEASURED,IDENTITY_UNCERTAINTY;TARGET_AREA_MISSING,IDENTITY_UNCERTAINTY,IDENTITY_UNCERTAINTY; TARGET_AREA_MISSING
9c7d1ac2-ad98-44df-9953-5332e9684b39,CLEAN_SPLIT,IND-000890,IND-000405,MEASURED,CONSERVATION_FAILURE,CONSERVATION_FAILURE,CONSERVATION_FAILURE
9cfee1e0-a12a-4781-9e04-0243dffba016,CARVE_OUT,IND-000409,,UNMEASURED,IDENTITY_UNCERTAINTY;TARGET_AREA_MISSING,IDENTITY_UNCERTAINTY,IDENTITY_UNCERTAINTY; TARGET_AREA_MISSING
a638752a-f852-48e5-95c3-46efce0a4ccf,CLEAN_SPLIT,IND-000890,IND-000406,MEASURED,CONSERVATION_FAILURE,CONSERVATION_FAILURE,CONSERVATION_FAILURE
daf29bd4-4acd-499a-ab5d-13753c0bf866,CARVE_OUT,IND-000885,,UNMEASURED,IDENTITY_UNCERTAINTY;TARGET_AREA_MISSING,IDENTITY_UNCERTAINTY,IDENTITY_UNCERTAINTY; TARGET_AREA_MISSING
f5a5be07-98a5-4933-b887-b960b1786372,CLEAN_SPLIT,IND-000372,IND-000380,MEASURED,CONSERVATION_FAILURE,CONSERVATION_FAILURE,CONSERVATION_FAILURE
0971cd6b-f135-47f8-b914-ce14659a2d82,CARVE_OUT,IND-000115,,UNMEASURED,IDENTITY_UNCERTAINTY;TARGET_AREA_MISSING,IDENTITY_UNCERTAINTY,IDENTITY_UNCERTAINTY; TARGET_AREA_MISSING
24d95431-5dc9-475a-963e-1d0f100a356a,CLEAN_SPLIT,IND-000308,IND-000923,UNMEASURED,TARGET_AREA_MISSING,TARGET_AREA_MISSING,TARGET_AREA_MISSING
33fbc7f7-3806-4431-a842-e802314180d9,CARVE_OUT,IND-000388,IND-000517,MEASURED,CONSERVATION_FAILURE,CONSERVATION_FAILURE,CONSERVATION_FAILURE
3e8e12f0-f849-4aed-906f-ef0be8a91fe4,CARVE_OUT,IND-000308,IND-000923,UNMEASURED,TARGET_AREA_MISSING,TARGET_AREA_MISSING,TARGET_AREA_MISSING
41205bce-8b98-4e48-a6b6-f2b68a6cb07f,CARVE_OUT,IND-000445,IND-000493,UNMEASURED,PARENT_AREA_MISSING,PARENT_AREA_MISSING,PARENT_AREA_MISSING
46e652fb-c03e-4a89-b681-61e2d4d9c41e,RENAME,IND-000378,IND-000098,MEASURED,RENAME_INCONSISTENCY,RENAME_INCONSISTENCY,RENAME_INCONSISTENCY
631f8b7f-7fb9-444d-a56b-2ad7203af8f2,CARVE_OUT,IND-000434,,UNMEASURED,IDENTITY_UNCERTAINTY;PARENT_AREA_MISSING;TARGET_AREA_MISSING,IDENTITY_UNCERTAINTY,IDENTITY_UNCERTAINTY; PARENT_AREA_MISSING; TARGET_AREA_MISSING
64fb619a-8772-43f4-8988-936fdda18c41,CARVE_OUT,IND-000445,,UNMEASURED,IDENTITY_UNCERTAINTY;PARENT_AREA_MISSING;TARGET_AREA_MISSING,IDENTITY_UNCERTAINTY,IDENTITY_UNCERTAINTY; PARENT_AREA_MISSING; TARGET_AREA_MISSING
69676f49-fdb8-4979-af2d-38c0a21af0f1,CARVE_OUT,IND-000388,,UNMEASURED,IDENTITY_UNCERTAINTY;TARGET_AREA_MISSING,IDENTITY_UNCERTAINTY,IDENTITY_UNCERTAINTY; TARGET_AREA_MISSING
73d4229c-a98d-4689-8fd6-0079c09a66e5,RENAME,IND-000871,IND-000753,UNMEASURED,PARENT_AREA_MISSING,PARENT_AREA_MISSING,PARENT_AREA_MISSING
7af8103a-6129-4ab7-93ea-8f5db24f084d,RENAME,,,UNMEASURED,IDENTITY_UNCERTAINTY;PARENT_AREA_MISSING,IDENTITY_UNCERTAINTY,IDENTITY_UNCERTAINTY; PARENT_AREA_MISSING
7b9c55d4-e247-45ac-ba81-07a04f0cfd5f,CLEAN_SPLIT,IND-000308,IND-000924,UNMEASURED,TARGET_AREA_MISSING,TARGET_AREA_MISSING,TARGET_AREA_MISSING
83747410-b3a2-448d-9768-7b715fafd3b6,CARVE_OUT,IND-000445,IND-000493,UNMEASURED,PARENT_AREA_MISSING,PARENT_AREA_MISSING,PARENT_AREA_MISSING
8393a900-f7c3-4559-a476-c22a865e3561,RENAME,,,UNMEASURED,IDENTITY_UNCERTAINTY;PARENT_AREA_MISSING,IDENTITY_UNCERTAINTY,IDENTITY_UNCERTAINTY; PARENT_AREA_MISSING
89e59207-8c24-4423-9e7b-b4795b177337,CLEAN_SPLIT,IND-000118,IND-000499,MEASURED,CONSERVATION_FAILURE,CONSERVATION_FAILURE,CONSERVATION_FAILURE
9ee0418a-a8c5-4919-a9dc-1f3da534a16b,CARVE_OUT,IND-000434,IND-000515,UNMEASURED,PARENT_AREA_MISSING;TARGET_AREA_MISSING,PARENT_AREA_MISSING,PARENT_AREA_MISSING; TARGET_AREA_MISSING
9f747e6f-8a9a-4b53-b3e1-431810e69cfa,CLEAN_SPLIT,IND-000118,IND-000489,MEASURED,CONSERVATION_FAILURE,CONSERVATION_FAILURE,CONSERVATION_FAILURE
bd5ac5fc-097e-44c8-a3ca-b598df378c5d,RENAME,IND-000895,,UNMEASURED,PARENT_AREA_MISSING,PARENT_AREA_MISSING,PARENT_AREA_MISSING
cbb90321-2cde-498a-93bf-979d6cff4e16,CARVE_OUT,IND-000388,IND-000517,MEASURED,CONSERVATION_FAILURE,CONSERVATION_FAILURE,CONSERVATION_FAILURE
d14ca541-a16c-425b-93ca-ffdf8425f12e,CARVE_OUT,IND-000308,IND-000924,UNMEASURED,TARGET_AREA_MISSING,TARGET_AREA_MISSING,TARGET_AREA_MISSING
f07d1c27-8438-4893-ac2e-27e25e6e9fca,CARVE_OUT,IND-000434,IND-000515,UNMEASURED,PARENT_AREA_MISSING;TARGET_AREA_MISSING,PARENT_AREA_MISSING,PARENT_AREA_MISSING; TARGET_AREA_MISSING
0a2928b3-9b6b-450a-b9c3-b71472e1d830,CARVE_OUT,IND-000070,IND-000920,UNMEASURED,TARGET_AREA_MISSING,TARGET_AREA_MISSING,TARGET_AREA_MISSING
1240e309-fc1d-46a5-b2fa-5aaeb9124ca9,CARVE_OUT,IND-000377,,UNMEASURED,IDENTITY_UNCERTAINTY;TARGET_AREA_MISSING,IDENTITY_UNCERTAINTY,IDENTITY_UNCERTAINTY; TARGET_AREA_MISSING
16063ddc-5dd0-4d33-b3a4-d92eb8dbe0cd,CARVE_OUT,IND-000385,,UNMEASURED,IDENTITY_UNCERTAINTY;TARGET_AREA_MISSING,IDENTITY_UNCERTAINTY,IDENTITY_UNCERTAINTY; TARGET_AREA_MISSING
1bc64c76-a024-4a9e-a072-331b65a996ed,CARVE_OUT,IND-000381,IND-000524,MEASURED,CONSERVATION_FAILURE,CONSERVATION_FAILURE,CONSERVATION_FAILURE
22a86e3d-8452-412d-9221-8947733fb9a3,CARVE_OUT,IND-000389,,UNMEASURED,IDENTITY_UNCERTAINTY;TARGET_AREA_MISSING,IDENTITY_UNCERTAINTY,IDENTITY_UNCERTAINTY; TARGET_AREA_MISSING
4f37734f-4cbb-48a6-bc49-967847dab68b,CARVE_OUT,IND-000381,,UNMEASURED,IDENTITY_UNCERTAINTY;TARGET_AREA_MISSING,IDENTITY_UNCERTAINTY,IDENTITY_UNCERTAINTY; TARGET_AREA_MISSING
58e531dd-043a-4475-85fd-1cdf2d3e30fa,CARVE_OUT,IND-000070,IND-000920,UNMEASURED,TARGET_AREA_MISSING,TARGET_AREA_MISSING,TARGET_AREA_MISSING
61edfa13-4c15-4925-b948-8dfb1d99c303,CARVE_OUT,IND-000070,,UNMEASURED,IDENTITY_UNCERTAINTY;TARGET_AREA_MISSING,IDENTITY_UNCERTAINTY,IDENTITY_UNCERTAINTY; TARGET_AREA_MISSING
a39b6151-85b3-40c7-9a88-2e8e79bccdd2,CARVE_OUT,IND-000098,,UNMEASURED,IDENTITY_UNCERTAINTY;TARGET_AREA_MISSING,IDENTITY_UNCERTAINTY,IDENTITY_UNCERTAINTY; TARGET_AREA_MISSING
abecba6f-00df-4c8c-a91b-44a1c1fe50ca,CARVE_OUT,IND-000179,,UNMEASURED,IDENTITY_UNCERTAINTY;TARGET_AREA_MISSING,IDENTITY_UNCERTAINTY,IDENTITY_UNCERTAINTY; TARGET_AREA_MISSING
cc96183f-ee74-4dc8-af9f-0223185da0c9,CARVE_OUT,,IND-000524,UNMEASURED,IDENTITY_UNCERTAINTY;PARENT_AREA_MISSING,IDENTITY_UNCERTAINTY,IDENTITY_UNCERTAINTY; PARENT_AREA_MISSING
db8cf9b2-6805-4622-a6c6-eb3a0b99ac97,CARVE_OUT,IND-000377,IND-000524,MEASURED,CONSERVATION_FAILURE,CONSERVATION_FAILURE,CONSERVATION_FAILURE
06c0d543-b6fc-402a-9269-29f73641345d,CARVE_OUT,IND-000019,,UNMEASURED,IDENTITY_UNCERTAINTY;TARGET_AREA_MISSING,IDENTITY_UNCERTAINTY,IDENTITY_UNCERTAINTY; TARGET_AREA_MISSING
099a3a41-8311-4035-ab39-ba8031b0a7c6,CARVE_OUT,IND-000022,IND-000423,MEASURED,CONSERVATION_FAILURE,CONSERVATION_FAILURE,CONSERVATION_FAILURE
17624995-164f-402a-93b3-ddcf378fa923,CARVE_OUT,IND-000022,IND-000423,MEASURED,CONSERVATION_FAILURE,CONSERVATION_FAILURE,CONSERVATION_FAILURE
268b7f95-41fb-409b-b5ef-6bfbad6d2b8a,CARVE_OUT,IND-000010,,UNMEASURED,IDENTITY_UNCERTAINTY;TARGET_AREA_MISSING,IDENTITY_UNCERTAINTY,IDENTITY_UNCERTAINTY; TARGET_AREA_MISSING
2ed0299f-33ff-4cf1-9434-9793b1de2c08,CARVE_OUT,IND-000022,,UNMEASURED,IDENTITY_UNCERTAINTY;TARGET_AREA_MISSING,IDENTITY_UNCERTAINTY,IDENTITY_UNCERTAINTY; TARGET_AREA_MISSING
3c56a4b2-5e68-4886-81c3-b132e2008327,CARVE_OUT,IND-000120,IND-000491,MEASURED,CONSERVATION_FAILURE,CONSERVATION_FAILURE,CONSERVATION_FAILURE
45b5997f-6624-4945-91b0-b2e6ea107ae1,CLEAN_SPLIT,IND-000347,IND-000504,UNMEASURED,PARENT_AREA_MISSING,PARENT_AREA_MISSING,PARENT_AREA_MISSING
5dadff71-f64a-495b-a3ec-9573beb44db6,CARVE_OUT,IND-000018,IND-000419,MEASURED_NO_SPATIAL_EVIDENCE,NON_SPATIAL_EVENT;CONSERVATION_FAILURE,NON_SPATIAL_EVENT,NON_SPATIAL_EVENT; CONSERVATION_FAILURE
5febd270-6a08-4537-97ed-09d27a6e7e93,CARVE_OUT,IND-000020,,UNMEASURED,IDENTITY_UNCERTAINTY;TARGET_AREA_MISSING,IDENTITY_UNCERTAINTY,IDENTITY_UNCERTAINTY; TARGET_AREA_MISSING
67448b45-e624-452c-b658-982f119b49be,CLEAN_SPLIT,IND-000347,IND-000505,UNMEASURED,PARENT_AREA_MISSING,PARENT_AREA_MISSING,PARENT_AREA_MISSING
7500acf1-2228-402a-a153-50cbca034b21,CARVE_OUT,IND-000018,,UNMEASURED,IDENTITY_UNCERTAINTY;TARGET_AREA_MISSING,IDENTITY_UNCERTAINTY,IDENTITY_UNCERTAINTY; TARGET_AREA_MISSING
7addf463-f29c-4d9d-b697-2b4ab2a54d17,CARVE_OUT,IND-000120,IND-000495,MEASURED,CONSERVATION_FAILURE,CONSERVATION_FAILURE,CONSERVATION_FAILURE
832e688b-7207-4f56-851b-c12e1faee6c8,CARVE_OUT,IND-000018,,UNMEASURED,IDENTITY_UNCERTAINTY;TARGET_AREA_MISSING,IDENTITY_UNCERTAINTY,IDENTITY_UNCERTAINTY; TARGET_AREA_MISSING
8652fbfb-fadd-40fb-93ed-d3b94ba77ffe,CARVE_OUT,IND-000018,,UNMEASURED,IDENTITY_UNCERTAINTY;TARGET_AREA_MISSING,IDENTITY_UNCERTAINTY,IDENTITY_UNCERTAINTY; TARGET_AREA_MISSING
9287d9ee-15d5-4dfd-866f-5ac2828fb586,CARVE_OUT,IND-000120,IND-000491,MEASURED,CONSERVATION_FAILURE,CONSERVATION_FAILURE,CONSERVATION_FAILURE
95315bf8-5efa-4480-abc0-50af95899de4,CLEAN_SPLIT,IND-000118,IND-000490,MEASURED,CONSERVATION_FAILURE,CONSERVATION_FAILURE,CONSERVATION_FAILURE
9864f5e7-b76a-46f6-a648-13970484ed35,CARVE_OUT,IND-000020,IND-000422,MEASURED,CONSERVATION_FAILURE,CONSERVATION_FAILURE,CONSERVATION_FAILURE
9c4b80eb-8d1d-4746-a482-383c32b131ce,CARVE_OUT,IND-000347,IND-000504,UNMEASURED,PARENT_AREA_MISSING,PARENT_AREA_MISSING,PARENT_AREA_MISSING
a3314608-660c-4492-88f2-db87b5073bf5,CLEAN_SPLIT,IND-000347,IND-000390,UNMEASURED,PARENT_AREA_MISSING,PARENT_AREA_MISSING,PARENT_AREA_MISSING
a64606c2-425b-46ab-b582-012423033fe0,CARVE_OUT,IND-000120,,UNMEASURED,IDENTITY_UNCERTAINTY;TARGET_AREA_MISSING,IDENTITY_UNCERTAINTY,IDENTITY_UNCERTAINTY; TARGET_AREA_MISSING
ab1f6581-dbb4-4238-bc29-23f56414c7c7,CARVE_OUT,IND-000347,IND-000505,UNMEASURED,PARENT_AREA_MISSING,PARENT_AREA_MISSING,PARENT_AREA_MISSING
abc4cea8-3652-456e-a4af-0a028dfd2375,CARVE_OUT,IND-000018,IND-000419,MEASURED_NO_SPATIAL_EVIDENCE,NON_SPATIAL_EVENT;CONSERVATION_FAILURE,NON_SPATIAL_EVENT,NON_SPATIAL_EVENT; CONSERVATION_FAILURE
afe4b946-11a5-48eb-847d-fde2f0c361cd,CARVE_OUT,IND-000347,IND-000390,UNMEASURED,PARENT_AREA_MISSING,PARENT_AREA_MISSING,PARENT_AREA_MISSING
c121addd-804e-4e9b-a419-4e7860e282a8,CARVE_OUT,IND-000019,IND-000420,MEASURED,CONSERVATION_FAILURE,CONSERVATION_FAILURE,CONSERVATION_FAILURE
dda20865-01c6-415f-b9a1-128da714ada3,CARVE_OUT,IND-000019,IND-000420,MEASURED,CONSERVATION_FAILURE,CONSERVATION_FAILURE,CONSERVATION_FAILURE
e43fe736-27da-49bf-b5ed-d20e81da6269,CARVE_OUT,IND-000120,IND-000495,MEASURED,CONSERVATION_FAILURE,CONSERVATION_FAILURE,CONSERVATION_FAILURE
ee738b4e-26b6-4cff-86ea-d7a0f02e69aa,CLEAN_SPLIT,IND-000118,IND-000498,MEASURED,CONSERVATION_FAILURE,CONSERVATION_FAILURE,CONSERVATION_FAILURE
f5f3cd29-f163-49a0-9705-b5f70d166c94,CARVE_OUT,IND-000020,IND-000422,MEASURED,CONSERVATION_FAILURE,CONSERVATION_FAILURE,CONSERVATION_FAILURE
0c6f5af7-4864-4f6f-ab43-4a238fcd36f0,CARVE_OUT,IND-000372,,UNMEASURED,IDENTITY_UNCERTAINTY;TARGET_AREA_MISSING,IDENTITY_UNCERTAINTY,IDENTITY_UNCERTAINTY; TARGET_AREA_MISSING
15cc9080-5d4a-498a-b3d0-bfeada3829a9,CARVE_OUT,IND-000019,IND-000421,MEASURED,CONSERVATION_FAILURE,CONSERVATION_FAILURE,CONSERVATION_FAILURE
1e44f04c-7faf-454f-a1f6-40e026e9a2c3,CARVE_OUT,IND-000019,,UNMEASURED,IDENTITY_UNCERTAINTY;TARGET_AREA_MISSING,IDENTITY_UNCERTAINTY,IDENTITY_UNCERTAINTY; TARGET_AREA_MISSING
441a2429-56eb-4d02-ac5d-e8221f98dfc1,CARVE_OUT,IND-000414,IND-000919,UNMEASURED,TARGET_AREA_MISSING,TARGET_AREA_MISSING,TARGET_AREA_MISSING
7b04c5ae-4a2d-4629-a5b8-bcaf7abf0df0,CARVE_OUT,IND-000414,,UNMEASURED,IDENTITY_UNCERTAINTY;TARGET_AREA_MISSING,IDENTITY_UNCERTAINTY,IDENTITY_UNCERTAINTY; TARGET_AREA_MISSING
8ced1dfc-a08d-46ea-b03c-2fa46972dafd,CARVE_OUT,IND-000414,IND-000919,UNMEASURED,TARGET_AREA_MISSING,TARGET_AREA_MISSING,TARGET_AREA_MISSING
95b91cc6-10eb-47b5-afc3-fe2c78636efb,CARVE_OUT,IND-000415,,UNMEASURED,IDENTITY_UNCERTAINTY;TARGET_AREA_MISSING,IDENTITY_UNCERTAINTY,IDENTITY_UNCERTAINTY; TARGET_AREA_MISSING
c8952077-97aa-4898-b7b0-69e45207a201,CARVE_OUT,IND-000415,,UNMEASURED,IDENTITY_UNCERTAINTY;TARGET_AREA_MISSING,IDENTITY_UNCERTAINTY,IDENTITY_UNCERTAINTY; TARGET_AREA_MISSING
d2d2b179-638e-47e5-8a36-96c257fbbc03,CARVE_OUT,IND-000415,,UNMEASURED,IDENTITY_UNCERTAINTY;TARGET_AREA_MISSING,IDENTITY_UNCERTAINTY,IDENTITY_UNCERTAINTY; TARGET_AREA_MISSING
f922f19a-7e0a-4c4a-8c36-b0d3d0506bd2,CARVE_OUT,IND-000019,,UNMEASURED,IDENTITY_UNCERTAINTY;TARGET_AREA_MISSING,IDENTITY_UNCERTAINTY,IDENTITY_UNCERTAINTY; TARGET_AREA_MISSING
47f490b7-edfe-47e3-b79a-a88564962c03,CARVE_OUT,IND-000522,IND-000898,UNMEASURED,PARENT_AREA_MISSING;TARGET_AREA_MISSING,PARENT_AREA_MISSING,PARENT_AREA_MISSING; TARGET_AREA_MISSING
6684730f-5a4b-4183-9a71-823df83c2482,CARVE_OUT,IND-000803,IND-000525,UNMEASURED,PARENT_AREA_MISSING,PARENT_AREA_MISSING,PARENT_AREA_MISSING
6a831ce5-5a4d-43a1-ab14-7dc59f346d5f,CARVE_OUT,IND-000522,,UNMEASURED,IDENTITY_UNCERTAINTY;PARENT_AREA_MISSING;TARGET_AREA_MISSING,IDENTITY_UNCERTAINTY,IDENTITY_UNCERTAINTY; PARENT_AREA_MISSING; TARGET_AREA_MISSING
918cea92-3965-4a3b-8336-8840b52b76f9,CARVE_OUT,IND-000107,,UNMEASURED,IDENTITY_UNCERTAINTY;TARGET_AREA_MISSING,IDENTITY_UNCERTAINTY,IDENTITY_UNCERTAINTY; TARGET_AREA_MISSING
b54078c4-eb81-41f8-95bb-f9ada9abbcd9,CARVE_OUT,IND-000522,IND-000898,UNMEASURED,PARENT_AREA_MISSING;TARGET_AREA_MISSING,PARENT_AREA_MISSING,PARENT_AREA_MISSING; TARGET_AREA_MISSING
d8f01972-1535-4451-82c4-07aa1832b3dd,CARVE_OUT,IND-000803,IND-000525,UNMEASURED,PARENT_AREA_MISSING,PARENT_AREA_MISSING,PARENT_AREA_MISSING
f65a94f4-f9ff-4124-816b-378490787252,CARVE_OUT,IND-000803,,UNMEASURED,IDENTITY_UNCERTAINTY;PARENT_AREA_MISSING;TARGET_AREA_MISSING,IDENTITY_UNCERTAINTY,IDENTITY_UNCERTAINTY; PARENT_AREA_MISSING; TARGET_AREA_MISSING
04c1734d-f090-4535-81c8-a5bd38e42035,CARVE_OUT,IND-000503,,UNMEASURED,IDENTITY_UNCERTAINTY;PARENT_AREA_MISSING;TARGET_AREA_MISSING,IDENTITY_UNCERTAINTY,IDENTITY_UNCERTAINTY; PARENT_AREA_MISSING; TARGET_AREA_MISSING
0585ef2a-050d-4878-8ec8-23abda9c4d40,CARVE_OUT,IND-000503,IND-000500,UNMEASURED,PARENT_AREA_MISSING,PARENT_AREA_MISSING,PARENT_AREA_MISSING
439f0ac2-23fc-412d-94f9-f4cf19ac981f,CLEAN_SPLIT,IND-000329,IND-000708,UNMEASURED,PARENT_AREA_MISSING;TARGET_AREA_MISSING,PARENT_AREA_MISSING,PARENT_AREA_MISSING; TARGET_AREA_MISSING
474f1589-af74-4e96-aea8-d4e8b65b739e,CARVE_OUT,IND-000329,IND-000709,UNMEASURED,PARENT_AREA_MISSING;TARGET_AREA_MISSING,PARENT_AREA_MISSING,PARENT_AREA_MISSING; TARGET_AREA_MISSING
69d695d1-8dde-4169-98f3-919e5b30964c,CARVE_OUT,IND-000022,,UNMEASURED,IDENTITY_UNCERTAINTY;TARGET_AREA_MISSING,IDENTITY_UNCERTAINTY,IDENTITY_UNCERTAINTY; TARGET_AREA_MISSING
6b99547c-c367-47a8-82e8-65a6b2531627,CARVE_OUT,,IND-000602,UNMEASURED,IDENTITY_UNCERTAINTY;PARENT_AREA_MISSING;TARGET_AREA_MISSING,IDENTITY_UNCERTAINTY,IDENTITY_UNCERTAINTY; PARENT_AREA_MISSING; TARGET_AREA_MISSING
6be6d897-b94e-404e-a344-d9325344cce8,CARVE_OUT,IND-000329,IND-000708,UNMEASURED,PARENT_AREA_MISSING;TARGET_AREA_MISSING,PARENT_AREA_MISSING,PARENT_AREA_MISSING; TARGET_AREA_MISSING
71d15e2e-ac80-4eb3-a533-ff748a080bf3,CLEAN_SPLIT,IND-000329,IND-000709,UNMEASURED,PARENT_AREA_MISSING;TARGET_AREA_MISSING,PARENT_AREA_MISSING,PARENT_AREA_MISSING; TARGET_AREA_MISSING
764a3612-b838-46c9-af81-5885eb25c771,CARVE_OUT,IND-000022,IND-000508,MEASURED_NO_SPATIAL_EVIDENCE,NON_SPATIAL_EVENT;CONSERVATION_FAILURE,NON_SPATIAL_EVENT,NON_SPATIAL_EVENT; CONSERVATION_FAILURE
848b366b-26b4-449c-b5f8-ba1270f2b40e,CLEAN_SPLIT,,IND-000478,UNMEASURED,IDENTITY_UNCERTAINTY;PARENT_AREA_MISSING,IDENTITY_UNCERTAINTY,IDENTITY_UNCERTAINTY; PARENT_AREA_MISSING
8cc4e752-7fcf-4b21-90d8-8fe630d52f01,CARVE_OUT,IND-000022,IND-000508,MEASURED_NO_SPATIAL_EVIDENCE,NON_SPATIAL_EVENT;CONSERVATION_FAILURE,NON_SPATIAL_EVENT,NON_SPATIAL_EVENT; CONSERVATION_FAILURE
a91de970-04ed-421f-a1c3-0e03bef58749,CLEAN_SPLIT,IND-000329,IND-000708,UNMEASURED,PARENT_AREA_MISSING;TARGET_AREA_MISSING,PARENT_AREA_MISSING,PARENT_AREA_MISSING; TARGET_AREA_MISSING
ac63f9e4-f679-45a1-995b-30ab4a1a9b7e,CARVE_OUT,,IND-000601,UNMEASURED,IDENTITY_UNCERTAINTY;PARENT_AREA_MISSING;TARGET_AREA_MISSING,IDENTITY_UNCERTAINTY,IDENTITY_UNCERTAINTY; PARENT_AREA_MISSING; TARGET_AREA_MISSING
af47b02f-a31b-4de5-9e12-37c3e2a4ed37,CLEAN_SPLIT,IND-000329,IND-000709,UNMEASURED,PARENT_AREA_MISSING;TARGET_AREA_MISSING,PARENT_AREA_MISSING,PARENT_AREA_MISSING; TARGET_AREA_MISSING
bb1e4033-cddd-4ec9-adc5-85e8b3ba23d8,CLEAN_SPLIT,,IND-000601,UNMEASURED,IDENTITY_UNCERTAINTY;PARENT_AREA_MISSING;TARGET_AREA_MISSING,IDENTITY_UNCERTAINTY,IDENTITY_UNCERTAINTY; PARENT_AREA_MISSING; TARGET_AREA_MISSING
bcef730e-ae90-4acb-b46c-12cd11e11934,CLEAN_SPLIT,,IND-000602,UNMEASURED,IDENTITY_UNCERTAINTY;PARENT_AREA_MISSING;TARGET_AREA_MISSING,IDENTITY_UNCERTAINTY,IDENTITY_UNCERTAINTY; PARENT_AREA_MISSING; TARGET_AREA_MISSING
d7bee9e7-4f8d-4414-9a86-4cfa2ceab8bd,CLEAN_SPLIT,,,UNMEASURED,IDENTITY_UNCERTAINTY;PARENT_AREA_MISSING;TARGET_AREA_MISSING,IDENTITY_UNCERTAINTY,IDENTITY_UNCERTAINTY; PARENT_AREA_MISSING; TARGET_AREA_MISSING
da7bef8a-24ed-40bd-94c8-9d4d0a1f5bb0,CARVE_OUT,IND-000503,IND-000500,UNMEASURED,PARENT_AREA_MISSING,PARENT_AREA_MISSING,PARENT_AREA_MISSING
220043a8-e46d-453f-85b0-e553e81722bc,CARVE_OUT,IND-000473,IND-000485,UNMEASURED,PARENT_AREA_MISSING,PARENT_AREA_MISSING,PARENT_AREA_MISSING
22931999-da4c-4b44-9802-66156d33c0b3,CARVE_OUT,IND-000472,IND-000482,UNMEASURED,PARENT_AREA_MISSING,PARENT_AREA_MISSING,PARENT_AREA_MISSING
5687e441-0615-4e9f-b165-c08e75e4f320,CLEAN_SPLIT,,IND-000478,UNMEASURED,IDENTITY_UNCERTAINTY;PARENT_AREA_MISSING,IDENTITY_UNCERTAINTY,IDENTITY_UNCERTAINTY; PARENT_AREA_MISSING
5c80a317-8eee-4746-b29a-67976879923c,CARVE_OUT,IND-000472,,UNMEASURED,IDENTITY_UNCERTAINTY;PARENT_AREA_MISSING;TARGET_AREA_MISSING,IDENTITY_UNCERTAINTY,IDENTITY_UNCERTAINTY; PARENT_AREA_MISSING; TARGET_AREA_MISSING
68142cb0-0267-4c3c-a38e-6e4341cb77d1,CLEAN_SPLIT,,,UNMEASURED,IDENTITY_UNCERTAINTY;PARENT_AREA_MISSING;TARGET_AREA_MISSING,IDENTITY_UNCERTAINTY,IDENTITY_UNCERTAINTY; PARENT_AREA_MISSING; TARGET_AREA_MISSING
6acc06a8-b6c2-413d-a559-ad497c4af3c7,CARVE_OUT,,IND-000478,UNMEASURED,IDENTITY_UNCERTAINTY;PARENT_AREA_MISSING,IDENTITY_UNCERTAINTY,IDENTITY_UNCERTAINTY; PARENT_AREA_MISSING
a7fea005-d996-42b7-bcb9-cb6e8eade2b0,CARVE_OUT,IND-000473,,UNMEASURED,IDENTITY_UNCERTAINTY;PARENT_AREA_MISSING;TARGET_AREA_MISSING,IDENTITY_UNCERTAINTY,IDENTITY_UNCERTAINTY; PARENT_AREA_MISSING; TARGET_AREA_MISSING
c376ba7b-b43f-4658-8e3d-ae133a859646,CARVE_OUT,IND-000473,IND-000485,UNMEASURED,PARENT_AREA_MISSING,PARENT_AREA_MISSING,PARENT_AREA_MISSING
c8c0b7dd-a1a3-4b80-b226-a1e8e6ca648b,CARVE_OUT,IND-000472,IND-000482,UNMEASURED,PARENT_AREA_MISSING,PARENT_AREA_MISSING,PARENT_AREA_MISSING
0eaa62db-9625-4a1b-b917-2ca77df089a7,CARVE_OUT,IND-000021,IND-000510,MEASURED,CONSERVATION_FAILURE,CONSERVATION_FAILURE,CONSERVATION_FAILURE
0f9be379-bc69-4765-bd3c-2364589d8c2e,CLEAN_SPLIT,IND-000200,,UNMEASURED,IDENTITY_UNCERTAINTY;TARGET_AREA_MISSING,IDENTITY_UNCERTAINTY,IDENTITY_UNCERTAINTY; TARGET_AREA_MISSING
20654473-f8fd-4cac-8d7d-dbfa672fc712,CARVE_OUT,,IND-000200,UNMEASURED,IDENTITY_UNCERTAINTY;PARENT_AREA_MISSING;TARGET_AREA_MISSING,IDENTITY_UNCERTAINTY,IDENTITY_UNCERTAINTY; PARENT_AREA_MISSING; TARGET_AREA_MISSING
3971ff56-73e3-4fb7-bd21-786dbd406a69,CLEAN_SPLIT,IND-000200,,UNMEASURED,IDENTITY_UNCERTAINTY;TARGET_AREA_MISSING,IDENTITY_UNCERTAINTY,IDENTITY_UNCERTAINTY; TARGET_AREA_MISSING
3ff8efc3-ef04-4576-86b4-8c605b547589,CARVE_OUT,IND-000466,,UNMEASURED,IDENTITY_UNCERTAINTY;TARGET_AREA_MISSING,IDENTITY_UNCERTAINTY,IDENTITY_UNCERTAINTY; TARGET_AREA_MISSING
402fb3ef-739f-448d-880e-8ffd10992504,CARVE_OUT,IND-000018,IND-000506,MEASURED,CONSERVATION_FAILURE,CONSERVATION_FAILURE,CONSERVATION_FAILURE
43ef7352-40a4-4285-bdd4-0000c5a3b809,CARVE_OUT,IND-000471,,UNMEASURED,IDENTITY_UNCERTAINTY;PARENT_AREA_MISSING;TARGET_AREA_MISSING,IDENTITY_UNCERTAINTY,IDENTITY_UNCERTAINTY; PARENT_AREA_MISSING; TARGET_AREA_MISSING
45690733-4782-4bcc-9835-086319c7cab9,CARVE_OUT,IND-000023,,UNMEASURED,IDENTITY_UNCERTAINTY;TARGET_AREA_MISSING,IDENTITY_UNCERTAINTY,IDENTITY_UNCERTAINTY; TARGET_AREA_MISSING
46115908-bd46-4813-b9f2-cdd5a99bf837,CARVE_OUT,IND-000363,,UNMEASURED,IDENTITY_UNCERTAINTY;TARGET_AREA_MISSING,IDENTITY_UNCERTAINTY,IDENTITY_UNCERTAINTY; TARGET_AREA_MISSING
4d740ed6-befa-4062-95fd-9590a7a32329,CARVE_OUT,IND-000424,IND-000511,MEASURED,CONSERVATION_FAILURE,CONSERVATION_FAILURE,CONSERVATION_FAILURE
56771df5-2db6-4a9e-9b74-fbbabb4bcb99,CARVE_OUT,IND-000200,,UNMEASURED,IDENTITY_UNCERTAINTY;TARGET_AREA_MISSING,IDENTITY_UNCERTAINTY,IDENTITY_UNCERTAINTY; TARGET_AREA_MISSING
5d8aacb7-0b80-4da4-a7d5-b0a6e47e6d19,CARVE_OUT,IND-000010,,UNMEASURED,IDENTITY_UNCERTAINTY;TARGET_AREA_MISSING,IDENTITY_UNCERTAINTY,IDENTITY_UNCERTAINTY; TARGET_AREA_MISSING
65bb7c5f-54f1-4f47-9295-abfde02b892d,CARVE_OUT,IND-000477,IND-000480,UNMEASURED,PARENT_AREA_MISSING,PARENT_AREA_MISSING,PARENT_AREA_MISSING
6fb62fe9-94df-4d15-984e-520af05c9e7c,CARVE_OUT,IND-000021,IND-000510,MEASURED,CONSERVATION_FAILURE,CONSERVATION_FAILURE,CONSERVATION_FAILURE
7ab73c7b-e13d-447f-83ac-e636e6fb8280,CARVE_OUT,IND-000483,IND-000486,UNMEASURED,PARENT_AREA_MISSING,PARENT_AREA_MISSING,PARENT_AREA_MISSING
7b74991c-d405-4b10-b3e0-6dd24b98a22a,CARVE_OUT,IND-000424,,UNMEASURED,IDENTITY_UNCERTAINTY;TARGET_AREA_MISSING,IDENTITY_UNCERTAINTY,IDENTITY_UNCERTAINTY; TARGET_AREA_MISSING
7f6624b5-dc2f-47c9-a319-da83d99d69d8,CARVE_OUT,IND-000477,,UNMEASURED,IDENTITY_UNCERTAINTY;PARENT_AREA_MISSING;TARGET_AREA_MISSING,IDENTITY_UNCERTAINTY,IDENTITY_UNCERTAINTY; PARENT_AREA_MISSING; TARGET_AREA_MISSING
8030e10c-d555-431d-acc8-b609cb4072e7,CARVE_OUT,IND-000483,,UNMEASURED,IDENTITY_UNCERTAINTY;PARENT_AREA_MISSING;TARGET_AREA_MISSING,IDENTITY_UNCERTAINTY,IDENTITY_UNCERTAINTY; PARENT_AREA_MISSING; TARGET_AREA_MISSING
829d0575-dd6e-409e-8425-8ef0bc77d573,CLEAN_SPLIT,,IND-000506,UNMEASURED,IDENTITY_UNCERTAINTY;PARENT_AREA_MISSING,IDENTITY_UNCERTAINTY,IDENTITY_UNCERTAINTY; PARENT_AREA_MISSING
8ec39a59-1ee5-4f95-928e-42f2adb641f0,CARVE_OUT,IND-000447,,UNMEASURED,IDENTITY_UNCERTAINTY;TARGET_AREA_MISSING,IDENTITY_UNCERTAINTY,IDENTITY_UNCERTAINTY; TARGET_AREA_MISSING
95648408-b565-4437-ba20-d93e355fbd71,CARVE_OUT,IND-000018,,UNMEASURED,IDENTITY_UNCERTAINTY;TARGET_AREA_MISSING,IDENTITY_UNCERTAINTY,IDENTITY_UNCERTAINTY; TARGET_AREA_MISSING
ad4447dc-d962-48c9-9271-094ac97de81f,CARVE_OUT,IND-000407,IND-000603,UNMEASURED,TARGET_AREA_MISSING,TARGET_AREA_MISSING,TARGET_AREA_MISSING
ade8e0b0-46bc-4c1c-aa65-a17b24e71142,CARVE_OUT,IND-000021,,UNMEASURED,IDENTITY_UNCERTAINTY;TARGET_AREA_MISSING,IDENTITY_UNCERTAINTY,IDENTITY_UNCERTAINTY; TARGET_AREA_MISSING
adfed07f-6b8c-44fd-a297-3d525af6d359,CARVE_OUT,,IND-000476,UNMEASURED,IDENTITY_UNCERTAINTY;PARENT_AREA_MISSING,IDENTITY_UNCERTAINTY,IDENTITY_UNCERTAINTY; PARENT_AREA_MISSING
b0a162fa-d19d-4d81-9ea2-5a307f4428fa,CARVE_OUT,IND-000407,IND-000603,UNMEASURED,TARGET_AREA_MISSING,TARGET_AREA_MISSING,TARGET_AREA_MISSING
b107e7d8-969e-4bd5-88a4-437b67ab275d,CARVE_OUT,IND-000483,IND-000486,UNMEASURED,PARENT_AREA_MISSING,PARENT_AREA_MISSING,PARENT_AREA_MISSING
b2b118cd-91ea-41aa-87b9-19b6bef96236,CARVE_OUT,IND-000481,IND-000476,UNMEASURED,PARENT_AREA_MISSING,PARENT_AREA_MISSING,PARENT_AREA_MISSING
c019f07e-4a2b-448a-a935-9d9279d7c3b0,CARVE_OUT,IND-000018,IND-000506,MEASURED,CONSERVATION_FAILURE,CONSERVATION_FAILURE,CONSERVATION_FAILURE
c78f812e-64d4-462d-a9fd-5cf5636f2fdc,CARVE_OUT,IND-000405,,UNMEASURED,IDENTITY_UNCERTAINTY;TARGET_AREA_MISSING,IDENTITY_UNCERTAINTY,IDENTITY_UNCERTAINTY; TARGET_AREA_MISSING
cc279ae3-29e3-4379-be37-6b3fa65018a4,CARVE_OUT,IND-000424,IND-000511,MEASURED,CONSERVATION_FAILURE,CONSERVATION_FAILURE,CONSERVATION_FAILURE
d4b983b8-7912-440b-a224-04a38aad406b,CLEAN_SPLIT,,,UNMEASURED,IDENTITY_UNCERTAINTY;PARENT_AREA_MISSING;TARGET_AREA_MISSING,IDENTITY_UNCERTAINTY,IDENTITY_UNCERTAINTY; PARENT_AREA_MISSING; TARGET_AREA_MISSING
dc01bec1-1586-4407-879b-e172501a25c2,CARVE_OUT,IND-000471,IND-000476,UNMEASURED,PARENT_AREA_MISSING,PARENT_AREA_MISSING,PARENT_AREA_MISSING
dda00bab-a432-4f34-bfb7-d2d9eb3a9776,CARVE_OUT,IND-000407,,UNMEASURED,IDENTITY_UNCERTAINTY;TARGET_AREA_MISSING,IDENTITY_UNCERTAINTY,IDENTITY_UNCERTAINTY; TARGET_AREA_MISSING
edc36787-9465-46e5-b75d-ee7d0865ba11,CARVE_OUT,IND-000481,,UNMEASURED,IDENTITY_UNCERTAINTY;PARENT_AREA_MISSING;TARGET_AREA_MISSING,IDENTITY_UNCERTAINTY,IDENTITY_UNCERTAINTY; PARENT_AREA_MISSING; TARGET_AREA_MISSING
f38d5351-9b5f-4edf-8ef1-e20c727106fe,CARVE_OUT,IND-000364,,UNMEASURED,IDENTITY_UNCERTAINTY;TARGET_AREA_MISSING,IDENTITY_UNCERTAINTY,IDENTITY_UNCERTAINTY; TARGET_AREA_MISSING
f46b8683-4406-4435-874a-530d79dee7b3,CARVE_OUT,IND-000477,IND-000480,UNMEASURED,PARENT_AREA_MISSING,PARENT_AREA_MISSING,PARENT_AREA_MISSING
0aee44d9-4a09-44d0-b5f5-6706cbbe1d8c,CARVE_OUT,IND-000124,IND-000632,UNMEASURED,PARENT_AREA_MISSING;TARGET_AREA_MISSING,PARENT_AREA_MISSING,PARENT_AREA_MISSING; TARGET_AREA_MISSING
222062b7-12f1-4647-8c2e-8bb2235015af,CARVE_OUT,IND-000144,IND-000695,UNMEASURED,TARGET_AREA_MISSING,TARGET_AREA_MISSING,TARGET_AREA_MISSING
3c13a119-198e-42ca-a26a-a9b42ccaed0f,CLEAN_SPLIT,IND-000124,IND-000631,UNMEASURED,PARENT_AREA_MISSING;TARGET_AREA_MISSING,PARENT_AREA_MISSING,PARENT_AREA_MISSING; TARGET_AREA_MISSING
5446aed2-0222-465f-94b7-572a72731bbc,CARVE_OUT,IND-000359,IND-000494,MEASURED,CONSERVATION_FAILURE,CONSERVATION_FAILURE,CONSERVATION_FAILURE
553e0c01-7ad1-4846-bc7e-6eac3856a350,CARVE_OUT,IND-000144,IND-000695,UNMEASURED,TARGET_AREA_MISSING,TARGET_AREA_MISSING,TARGET_AREA_MISSING
620a75f9-c57c-4823-ab5a-b7d7e06f6752,CARVE_OUT,IND-000359,IND-000488,MEASURED,CONSERVATION_FAILURE,CONSERVATION_FAILURE,CONSERVATION_FAILURE
62a252d3-ee23-4e60-bd94-beaee86a2121,CLEAN_SPLIT,IND-000124,IND-000632,UNMEASURED,PARENT_AREA_MISSING;TARGET_AREA_MISSING,PARENT_AREA_MISSING,PARENT_AREA_MISSING; TARGET_AREA_MISSING
7b549eee-82e4-43e1-b7ba-069dce690d39,CARVE_OUT,IND-000144,,UNMEASURED,IDENTITY_UNCERTAINTY;TARGET_AREA_MISSING,IDENTITY_UNCERTAINTY,IDENTITY_UNCERTAINTY; TARGET_AREA_MISSING
99a04927-0f98-4b22-8f59-c84e923c5288,CARVE_OUT,IND-000359,,UNMEASURED,IDENTITY_UNCERTAINTY;TARGET_AREA_MISSING,IDENTITY_UNCERTAINTY,IDENTITY_UNCERTAINTY; TARGET_AREA_MISSING
b5902bc1-0c94-4031-9f24-8175443f77f0,CARVE_OUT,IND-000359,IND-000494,MEASURED,CONSERVATION_FAILURE,CONSERVATION_FAILURE,CONSERVATION_FAILURE
ca589753-4a18-4d26-9e3d-c01158e780c1,CARVE_OUT,IND-000124,IND-000631,UNMEASURED,PARENT_AREA_MISSING;TARGET_AREA_MISSING,PARENT_AREA_MISSING,PARENT_AREA_MISSING; TARGET_AREA_MISSING
d0e73d6c-2249-4511-8f8d-9358040d44f9,CARVE_OUT,IND-000144,,UNMEASURED,IDENTITY_UNCERTAINTY;TARGET_AREA_MISSING,IDENTITY_UNCERTAINTY,IDENTITY_UNCERTAINTY; TARGET_AREA_MISSING
f764eb39-0691-4444-8c3b-b64955b753c5,CARVE_OUT,IND-000359,IND-000488,MEASURED,CONSERVATION_FAILURE,CONSERVATION_FAILURE,CONSERVATION_FAILURE
02617eb3-e659-4a95-89bf-7b6abb75b754,CARVE_OUT,IND-000067,,UNMEASURED,IDENTITY_UNCERTAINTY;TARGET_AREA_MISSING,IDENTITY_UNCERTAINTY,IDENTITY_UNCERTAINTY; TARGET_AREA_MISSING
094b5618-692d-42f3-95af-11a67cf687dd,CARVE_OUT,IND-000497,,UNMEASURED,IDENTITY_UNCERTAINTY;TARGET_AREA_MISSING,IDENTITY_UNCERTAINTY,IDENTITY_UNCERTAINTY; TARGET_AREA_MISSING
0bcacd7a-a116-4224-90c4-ee028f75d1cb,CARVE_OUT,IND-000084,IND-000564,MEASURED,CONSERVATION_FAILURE,CONSERVATION_FAILURE,CONSERVATION_FAILURE
13a8ad42-5534-42eb-b270-72b7372c1090,CARVE_OUT,IND-000470,,UNMEASURED,IDENTITY_UNCERTAINTY;TARGET_AREA_MISSING,IDENTITY_UNCERTAINTY,IDENTITY_UNCERTAINTY; TARGET_AREA_MISSING
1e446766-a638-40b2-b004-636104a2ff10,CARVE_OUT,IND-000084,,UNMEASURED,IDENTITY_UNCERTAINTY;TARGET_AREA_MISSING,IDENTITY_UNCERTAINTY,IDENTITY_UNCERTAINTY; TARGET_AREA_MISSING
2e7dfe54-648e-4ed7-8ca4-80b35575a838,CARVE_OUT,IND-000114,,UNMEASURED,IDENTITY_UNCERTAINTY;TARGET_AREA_MISSING,IDENTITY_UNCERTAINTY,IDENTITY_UNCERTAINTY; TARGET_AREA_MISSING
30c58c61-9b43-4b1d-93ac-e3617e514fe4,RENAME,IND-000529,IND-000410,UNMEASURED,PARENT_AREA_MISSING,PARENT_AREA_MISSING,PARENT_AREA_MISSING
33027270-400d-43bf-a372-d34b8087b111,CARVE_OUT,IND-000115,,UNMEASURED,IDENTITY_UNCERTAINTY;TARGET_AREA_MISSING,IDENTITY_UNCERTAINTY,IDENTITY_UNCERTAINTY; TARGET_AREA_MISSING
3b0b94c8-9b98-460c-9318-311ed21ccef0,RENAME,IND-000461,IND-000322,UNMEASURED,PARENT_AREA_MISSING,PARENT_AREA_MISSING,PARENT_AREA_MISSING
3bd434e2-f114-4cf8-b721-421431b1d084,RENAME,IND-000461,IND-000322,UNMEASURED,PARENT_AREA_MISSING,PARENT_AREA_MISSING,PARENT_AREA_MISSING
3febe5e7-c3ef-495a-8a90-3e5358dd88e5,CARVE_OUT,IND-000432,,UNMEASURED,IDENTITY_UNCERTAINTY;TARGET_AREA_MISSING,IDENTITY_UNCERTAINTY,IDENTITY_UNCERTAINTY; TARGET_AREA_MISSING
505b2804-0b1c-465c-a373-7bf8504355d6,RENAME,,,UNMEASURED,IDENTITY_UNCERTAINTY;PARENT_AREA_MISSING,IDENTITY_UNCERTAINTY,IDENTITY_UNCERTAINTY; PARENT_AREA_MISSING
623acb90-27c9-47fa-bd73-a29a60465036,CARVE_OUT,IND-000445,IND-000594,MEASURED,CONSERVATION_FAILURE,CONSERVATION_FAILURE,CONSERVATION_FAILURE
66683bcf-7290-4b62-909b-378cb3bfad3a,CARVE_OUT,IND-000531,,UNMEASURED,IDENTITY_UNCERTAINTY;PARENT_AREA_MISSING;TARGET_AREA_MISSING,IDENTITY_UNCERTAINTY,IDENTITY_UNCERTAINTY; PARENT_AREA_MISSING; TARGET_AREA_MISSING
6f84a30f-44db-48af-a096-2530b9d91dbf,CLEAN_SPLIT,,,UNMEASURED,IDENTITY_UNCERTAINTY;PARENT_AREA_MISSING;TARGET_AREA_MISSING,IDENTITY_UNCERTAINTY,IDENTITY_UNCERTAINTY; PARENT_AREA_MISSING; TARGET_AREA_MISSING
74d0da2f-60c4-4f8e-941f-a1209b6e3b3d,CARVE_OUT,IND-000445,IND-000594,MEASURED,CONSERVATION_FAILURE,CONSERVATION_FAILURE,CONSERVATION_FAILURE
818ba690-3322-4780-aaa9-905dd7f9e211,CLEAN_SPLIT,,IND-000629,UNMEASURED,IDENTITY_UNCERTAINTY;PARENT_AREA_MISSING,IDENTITY_UNCERTAINTY,IDENTITY_UNCERTAINTY; PARENT_AREA_MISSING
826fe1a6-6d35-47dd-90b0-7b42ce4fe31f,RENAME,,,UNMEASURED,IDENTITY_UNCERTAINTY;PARENT_AREA_MISSING,IDENTITY_UNCERTAINTY,IDENTITY_UNCERTAINTY; PARENT_AREA_MISSING
88262dd2-e0f7-4058-93d2-e05979f73e08,CARVE_OUT,IND-000115,IND-000588,MEASURED,CONSERVATION_FAILURE,CONSERVATION_FAILURE,CONSERVATION_FAILURE
8946bbec-eab5-4312-97e4-aed2ac58d3ea,RENAME,IND-000919,,UNMEASURED,PARENT_AREA_MISSING,PARENT_AREA_MISSING,PARENT_AREA_MISSING
99245661-93c0-49ab-a6f5-51a34e1cdc59,CARVE_OUT,IND-000433,,UNMEASURED,IDENTITY_UNCERTAINTY;TARGET_AREA_MISSING,IDENTITY_UNCERTAINTY,IDENTITY_UNCERTAINTY; TARGET_AREA_MISSING
998d38e2-8b5e-4504-a088-f263495a00f6,CLEAN_SPLIT,IND-000360,,UNMEASURED,IDENTITY_UNCERTAINTY;TARGET_AREA_MISSING,IDENTITY_UNCERTAINTY,IDENTITY_UNCERTAINTY; TARGET_AREA_MISSING
a0a56f88-9603-44e2-b066-6a747b6d5973,CARVE_OUT,IND-000531,IND-000719,UNMEASURED,PARENT_AREA_MISSING,PARENT_AREA_MISSING,PARENT_AREA_MISSING
a2c24185-acd8-4864-8d43-1205ca55af34,CARVE_OUT,IND-000084,IND-000564,MEASURED,CONSERVATION_FAILURE,CONSERVATION_FAILURE,CONSERVATION_FAILURE
bc733457-62fc-4019-8184-19b25e745356,CARVE_OUT,IND-000067,IND-000563,MEASURED,CONSERVATION_FAILURE,CONSERVATION_FAILURE,CONSERVATION_FAILURE
be2b3b82-da4f-445e-a1e7-359a0071e852,CARVE_OUT,IND-000122,,UNMEASURED,IDENTITY_UNCERTAINTY;TARGET_AREA_MISSING,IDENTITY_UNCERTAINTY,IDENTITY_UNCERTAINTY; TARGET_AREA_MISSING
cc88a02b-91e0-428f-ac62-d246dda4d500,RENAME,IND-000525,,UNMEASURED,PARENT_AREA_MISSING,PARENT_AREA_MISSING,PARENT_AREA_MISSING
d0ee6ee5-9464-430f-93e8-9de7ec47dda8,CARVE_OUT,IND-000115,IND-000588,MEASURED,CONSERVATION_FAILURE,CONSERVATION_FAILURE,CONSERVATION_FAILURE
d289a1ff-2330-4841-9678-b3300ff862d9,CLEAN_SPLIT,IND-000360,IND-000623,MEASURED,CONSERVATION_FAILURE,CONSERVATION_FAILURE,CONSERVATION_FAILURE
d3f4ab31-f7af-49b1-a430-64e185b30ee4,RENAME,,IND-000223,UNMEASURED,IDENTITY_UNCERTAINTY;PARENT_AREA_MISSING,IDENTITY_UNCERTAINTY,IDENTITY_UNCERTAINTY; PARENT_AREA_MISSING
e10fa354-77c2-405d-9df5-9493b5e9ddaa,CARVE_OUT,IND-000531,IND-000719,UNMEASURED,PARENT_AREA_MISSING,PARENT_AREA_MISSING,PARENT_AREA_MISSING
e5b739ad-dfa2-45fe-93f2-984fe5bfb52f,CARVE_OUT,,IND-000629,UNMEASURED,IDENTITY_UNCERTAINTY;PARENT_AREA_MISSING,IDENTITY_UNCERTAINTY,IDENTITY_UNCERTAINTY; PARENT_AREA_MISSING
e800464b-a9a0-454d-9524-385965dd5faf,RENAME,IND-000527,,UNMEASURED,PARENT_AREA_MISSING,PARENT_AREA_MISSING,PARENT_AREA_MISSING
eb962fc4-88c8-4bc4-a941-1eec05638769,CARVE_OUT,IND-000067,IND-000563,MEASURED,CONSERVATION_FAILURE,CONSERVATION_FAILURE,CONSERVATION_FAILURE
0271f61f-a9fe-43da-80e2-50c0b02ec05d,CARVE_OUT,IND-000601,IND-000600,UNMEASURED,PARENT_AREA_MISSING,PARENT_AREA_MISSING,PARENT_AREA_MISSING
17278792-3f54-45d4-95e6-230db2785972,CARVE_OUT,IND-000403,,UNMEASURED,IDENTITY_UNCERTAINTY;TARGET_AREA_MISSING,IDENTITY_UNCERTAINTY,IDENTITY_UNCERTAINTY; TARGET_AREA_MISSING
2db81a55-4f59-4556-ae6f-17c17c785892,CARVE_OUT,IND-000392,IND-000618,UNMEASURED,PARENT_AREA_MISSING,PARENT_AREA_MISSING,PARENT_AREA_MISSING
3cf83578-c42c-4d53-921e-458e0af5884b,CARVE_OUT,IND-000464,IND-000535,MEASURED,CONSERVATION_FAILURE,CONSERVATION_FAILURE,CONSERVATION_FAILURE
3ebc0d46-c946-4330-9b7c-635e8c14ba2a,CARVE_OUT,IND-000230,,UNMEASURED,IDENTITY_UNCERTAINTY;TARGET_AREA_MISSING,IDENTITY_UNCERTAINTY,IDENTITY_UNCERTAINTY; TARGET_AREA_MISSING
435d3122-5b8c-41f1-8d87-881f1ea414aa,CARVE_OUT,IND-000464,,UNMEASURED,IDENTITY_UNCERTAINTY;TARGET_AREA_MISSING,IDENTITY_UNCERTAINTY,IDENTITY_UNCERTAINTY; TARGET_AREA_MISSING
4934b3f5-156f-4c91-852c-f5f768891c63,CARVE_OUT,IND-000245,IND-000535,MEASURED_NO_SPATIAL_EVIDENCE,NON_SPATIAL_EVENT;CONSERVATION_FAILURE,NON_SPATIAL_EVENT,NON_SPATIAL_EVENT; CONSERVATION_FAILURE
7410d011-b27f-4fe3-9499-ff2f5988c703,CARVE_OUT,IND-000312,IND-000620,UNMEASURED,PARENT_AREA_MISSING,PARENT_AREA_MISSING,PARENT_AREA_MISSING
76567dba-bb1c-468d-81fe-aacac590a052,CARVE_OUT,IND-000601,IND-000600,UNMEASURED,PARENT_AREA_MISSING,PARENT_AREA_MISSING,PARENT_AREA_MISSING
7cb0930c-b5cc-46c7-b2f2-0082add1c3f1,CARVE_OUT,IND-000230,IND-000648,MEASURED,CONSERVATION_FAILURE,CONSERVATION_FAILURE,CONSERVATION_FAILURE
8078f55b-a84c-4e64-933c-aac3be414519,CARVE_OUT,IND-000392,,UNMEASURED,IDENTITY_UNCERTAINTY;PARENT_AREA_MISSING;TARGET_AREA_MISSING,IDENTITY_UNCERTAINTY,IDENTITY_UNCERTAINTY; PARENT_AREA_MISSING; TARGET_AREA_MISSING
8d5d465c-49f9-4c61-b853-4931014b30f8,CARVE_OUT,IND-000395,IND-000617,UNMEASURED,PARENT_AREA_MISSING,PARENT_AREA_MISSING,PARENT_AREA_MISSING
964662ec-35f2-46bf-a3d6-d0770ea6b089,CARVE_OUT,IND-000312,IND-000619,UNMEASURED,PARENT_AREA_MISSING,PARENT_AREA_MISSING,PARENT_AREA_MISSING
97e4331e-f925-4909-8590-3d818f398c08,CARVE_OUT,IND-000392,IND-000618,UNMEASURED,PARENT_AREA_MISSING,PARENT_AREA_MISSING,PARENT_AREA_MISSING
9f1207d3-e6ca-4724-b53f-b7bb557665b7,CARVE_OUT,IND-000230,IND-000647,MEASURED,CONSERVATION_FAILURE,CONSERVATION_FAILURE,CONSERVATION_FAILURE
a0eb050e-5fb1-4c81-a5ac-4621f5281e40,CARVE_OUT,IND-000230,,UNMEASURED,IDENTITY_UNCERTAINTY;TARGET_AREA_MISSING,IDENTITY_UNCERTAINTY,IDENTITY_UNCERTAINTY; TARGET_AREA_MISSING
b7472fa2-8b9e-4c8f-8f7d-936c1907793a,CARVE_OUT,IND-000395,,UNMEASURED,IDENTITY_UNCERTAINTY;PARENT_AREA_MISSING;TARGET_AREA_MISSING,IDENTITY_UNCERTAINTY,IDENTITY_UNCERTAINTY; PARENT_AREA_MISSING; TARGET_AREA_MISSING
bffa9ec5-5a04-4127-83d7-3a83d332ba58,CLEAN_SPLIT,IND-000312,IND-000620,UNMEASURED,PARENT_AREA_MISSING,PARENT_AREA_MISSING,PARENT_AREA_MISSING
d15ed765-11c1-4bf8-a3e3-4b2d2fe0fa64,CLEAN_SPLIT,IND-000312,IND-000619,UNMEASURED,PARENT_AREA_MISSING,PARENT_AREA_MISSING,PARENT_AREA_MISSING
ecc49e0e-721f-4c02-97d6-2addd248151a,CARVE_OUT,IND-000230,IND-000648,MEASURED,CONSERVATION_FAILURE,CONSERVATION_FAILURE,CONSERVATION_FAILURE
ed577464-89ae-4054-91db-cf48bf745fa8,CARVE_OUT,IND-000395,IND-000617,UNMEASURED,PARENT_AREA_MISSING,PARENT_AREA_MISSING,PARENT_AREA_MISSING
f3593a63-89fe-4656-bf0b-bb5a1796152d,CARVE_OUT,IND-000601,,UNMEASURED,IDENTITY_UNCERTAINTY;PARENT_AREA_MISSING;TARGET_AREA_MISSING,IDENTITY_UNCERTAINTY,IDENTITY_UNCERTAINTY; PARENT_AREA_MISSING; TARGET_AREA_MISSING
1f03778e-a60b-4cb0-83a3-58a1d82dae17,CARVE_OUT,IND-000225,IND-000637,MEASURED,CONSERVATION_FAILURE,CONSERVATION_FAILURE,CONSERVATION_FAILURE
26492435-cf86-4e5f-ae07-4f5fd26620b5,CARVE_OUT,IND-000225,IND-000638,MEASURED,CONSERVATION_FAILURE,CONSERVATION_FAILURE,CONSERVATION_FAILURE
36381add-71d3-4361-b2eb-bd76a296d66e,CARVE_OUT,IND-000225,IND-000639,MEASURED,CONSERVATION_FAILURE,CONSERVATION_FAILURE,CONSERVATION_FAILURE
404e274e-f244-430c-988b-1ca05920ca54,CARVE_OUT,IND-000201,IND-000718,UNMEASURED,PARENT_AREA_MISSING,PARENT_AREA_MISSING,PARENT_AREA_MISSING
4fd0433b-dcd9-4316-8d2e-df2959e11172,CARVE_OUT,IND-000233,,UNMEASURED,IDENTITY_UNCERTAINTY;TARGET_AREA_MISSING,IDENTITY_UNCERTAINTY,IDENTITY_UNCERTAINTY; TARGET_AREA_MISSING
552c57fc-62d6-458a-b8c5-17225c8330d8,CARVE_OUT,IND-000230,,UNMEASURED,IDENTITY_UNCERTAINTY;TARGET_AREA_MISSING,IDENTITY_UNCERTAINTY,IDENTITY_UNCERTAINTY; TARGET_AREA_MISSING
565b2b50-44f3-4189-99ba-725df12ab2cd,CARVE_OUT,IND-000226,,UNMEASURED,IDENTITY_UNCERTAINTY;TARGET_AREA_MISSING,IDENTITY_UNCERTAINTY,IDENTITY_UNCERTAINTY; TARGET_AREA_MISSING
56b1f4f9-5bc1-4082-bf67-65903c6fac37,CARVE_OUT,IND-000227,IND-000642,MEASURED,CONSERVATION_FAILURE,CONSERVATION_FAILURE,CONSERVATION_FAILURE
5a0c0a17-2b7a-4145-9b71-83ed8c14471f,CARVE_OUT,IND-000227,IND-000641,MEASURED,CONSERVATION_FAILURE,CONSERVATION_FAILURE,CONSERVATION_FAILURE
62a0e443-4d7f-45e1-878a-847978e260c7,CLEAN_SPLIT,IND-000201,IND-000713,UNMEASURED,PARENT_AREA_MISSING,PARENT_AREA_MISSING,PARENT_AREA_MISSING
74237540-ca0b-4dfd-9a18-3e0d0f7ae8bf,CARVE_OUT,IND-000225,IND-000639,MEASURED,CONSERVATION_FAILURE,CONSERVATION_FAILURE,CONSERVATION_FAILURE
96264202-71ea-40f5-81b8-23cd37e2720c,CLEAN_SPLIT,IND-000201,IND-000718,UNMEASURED,PARENT_AREA_MISSING,PARENT_AREA_MISSING,PARENT_AREA_MISSING
97f66d8f-3840-4866-812b-02e732ba62a7,CARVE_OUT,IND-000512,,UNMEASURED,IDENTITY_UNCERTAINTY;TARGET_AREA_MISSING,IDENTITY_UNCERTAINTY,IDENTITY_UNCERTAINTY; TARGET_AREA_MISSING
9c536b7b-5589-4f32-a7ed-2a42bd9e61ab,CARVE_OUT,IND-000237,,UNMEASURED,IDENTITY_UNCERTAINTY;TARGET_AREA_MISSING,IDENTITY_UNCERTAINTY,IDENTITY_UNCERTAINTY; TARGET_AREA_MISSING
a533239c-5153-497d-b3dc-e885053d706f,CARVE_OUT,IND-000225,IND-000637,MEASURED,CONSERVATION_FAILURE,CONSERVATION_FAILURE,CONSERVATION_FAILURE
b156d368-4bd3-4e95-8599-bbdd40f7781d,CARVE_OUT,IND-000226,IND-000645,MEASURED_NO_SPATIAL_EVIDENCE,NON_SPATIAL_EVENT;CONSERVATION_FAILURE,NON_SPATIAL_EVENT,NON_SPATIAL_EVENT; CONSERVATION_FAILURE
b50e6452-8af0-4a95-89fe-da14af358fd6,CARVE_OUT,IND-000227,,UNMEASURED,IDENTITY_UNCERTAINTY;TARGET_AREA_MISSING,IDENTITY_UNCERTAINTY,IDENTITY_UNCERTAINTY; TARGET_AREA_MISSING
d405bed1-dcaf-407a-a1a4-bbe72e0b3cd1,CARVE_OUT,IND-000201,IND-000713,UNMEASURED,PARENT_AREA_MISSING,PARENT_AREA_MISSING,PARENT_AREA_MISSING
d97261f7-b39f-4704-a5bc-2171af2f47ed,CARVE_OUT,IND-000227,IND-000641,MEASURED,CONSERVATION_FAILURE,CONSERVATION_FAILURE,CONSERVATION_FAILURE
dc33f423-4f98-48cc-936b-334c6b0e8e26,CARVE_OUT,IND-000225,IND-000638,MEASURED,CONSERVATION_FAILURE,CONSERVATION_FAILURE,CONSERVATION_FAILURE
df464bef-ba47-4145-a444-ebaadfcda4a8,CARVE_OUT,IND-000225,,UNMEASURED,IDENTITY_UNCERTAINTY;TARGET_AREA_MISSING,IDENTITY_UNCERTAINTY,IDENTITY_UNCERTAINTY; TARGET_AREA_MISSING
df68e4ff-9a0d-45c0-8f03-138e50b22b2b,CARVE_OUT,IND-000230,IND-000647,MEASURED,CONSERVATION_FAILURE,CONSERVATION_FAILURE,CONSERVATION_FAILURE
e22b21e0-e21f-4309-93c3-190ba3eb9bdc,CARVE_OUT,IND-000227,IND-000642,MEASURED,CONSERVATION_FAILURE,CONSERVATION_FAILURE,CONSERVATION_FAILURE
12285a8c-16ad-4415-85d5-0f66c139cea5,CARVE_OUT,IND-000439,,UNMEASURED,IDENTITY_UNCERTAINTY;TARGET_AREA_MISSING,IDENTITY_UNCERTAINTY,IDENTITY_UNCERTAINTY; TARGET_AREA_MISSING
21407708-04a3-47af-bd63-1262b915b356,CARVE_OUT,IND-000228,IND-000634,MEASURED,CONSERVATION_FAILURE,CONSERVATION_FAILURE,CONSERVATION_FAILURE
22d8cc12-de9e-4580-9ca9-a8bcf1073124,CARVE_OUT,IND-000445,,UNMEASURED,IDENTITY_UNCERTAINTY;TARGET_AREA_MISSING,IDENTITY_UNCERTAINTY,IDENTITY_UNCERTAINTY; TARGET_AREA_MISSING
35d2859c-1a5f-4178-ba0f-447ec695a155,CARVE_OUT,IND-000474,,UNMEASURED,IDENTITY_UNCERTAINTY;TARGET_AREA_MISSING,IDENTITY_UNCERTAINTY,IDENTITY_UNCERTAINTY; TARGET_AREA_MISSING
3a0566bc-d42b-4aae-b502-7a9805b57f1a,CARVE_OUT,IND-000228,IND-000635,MEASURED,CONSERVATION_FAILURE,CONSERVATION_FAILURE,CONSERVATION_FAILURE
4d63c4a4-e42e-4e5c-8cf9-cfbe11bf7b37,CARVE_OUT,IND-000603,IND-000604,UNMEASURED,PARENT_AREA_MISSING,PARENT_AREA_MISSING,PARENT_AREA_MISSING
58f72654-8b51-4161-8583-5d86a1ba6d61,CARVE_OUT,IND-000228,,UNMEASURED,IDENTITY_UNCERTAINTY;TARGET_AREA_MISSING,IDENTITY_UNCERTAINTY,IDENTITY_UNCERTAINTY; TARGET_AREA_MISSING
5aae53d3-2827-4489-a574-5b51c7d3b9b0,CARVE_OUT,IND-000603,,UNMEASURED,IDENTITY_UNCERTAINTY;PARENT_AREA_MISSING;TARGET_AREA_MISSING,IDENTITY_UNCERTAINTY,IDENTITY_UNCERTAINTY; PARENT_AREA_MISSING; TARGET_AREA_MISSING
5ae48b86-8485-41eb-a35d-eae42ac300b2,CARVE_OUT,IND-000228,,UNMEASURED,IDENTITY_UNCERTAINTY;TARGET_AREA_MISSING,IDENTITY_UNCERTAINTY,IDENTITY_UNCERTAINTY; TARGET_AREA_MISSING
5bfb361d-0a36-4e42-bded-05d9b50046c4,CLEAN_SPLIT,IND-000360,IND-000624,MEASURED,CONSERVATION_FAILURE,CONSERVATION_FAILURE,CONSERVATION_FAILURE
69cff992-dc5e-432b-8434-b93f280c9373,CARVE_OUT,IND-000487,,UNMEASURED,IDENTITY_UNCERTAINTY;TARGET_AREA_MISSING,IDENTITY_UNCERTAINTY,IDENTITY_UNCERTAINTY; TARGET_AREA_MISSING
6c1c85d0-d33c-46e5-bef8-7eabb2d3a6a2,CARVE_OUT,IND-000445,IND-000591,MEASURED,CONSERVATION_FAILURE,CONSERVATION_FAILURE,CONSERVATION_FAILURE
8b6c9d57-1d0e-4e85-98a4-bc7447cb8d69,CARVE_OUT,IND-000498,,UNMEASURED,IDENTITY_UNCERTAINTY;TARGET_AREA_MISSING,IDENTITY_UNCERTAINTY,IDENTITY_UNCERTAINTY; TARGET_AREA_MISSING
a4f1dd5a-35b0-4819-a98d-604504b627cd,CARVE_OUT,IND-000228,IND-000633,MEASURED,CONSERVATION_FAILURE,CONSERVATION_FAILURE,CONSERVATION_FAILURE
b456ed55-2871-46c6-91cf-33a51eea366c,CARVE_OUT,IND-000076,,UNMEASURED,IDENTITY_UNCERTAINTY;TARGET_AREA_MISSING,IDENTITY_UNCERTAINTY,IDENTITY_UNCERTAINTY; TARGET_AREA_MISSING
ba13e49c-61ea-4dd0-bdee-00789f41a6ff,CARVE_OUT,IND-000445,IND-000591,MEASURED,CONSERVATION_FAILURE,CONSERVATION_FAILURE,CONSERVATION_FAILURE
bd431289-c40f-4ae2-86b3-d86a75fdd0a3,CARVE_OUT,IND-000228,IND-000634,MEASURED,CONSERVATION_FAILURE,CONSERVATION_FAILURE,CONSERVATION_FAILURE
dc90f197-e97f-4be0-b67d-89e8559c0fcc,CARVE_OUT,IND-000603,IND-000604,UNMEASURED,PARENT_AREA_MISSING,PARENT_AREA_MISSING,PARENT_AREA_MISSING
dd491feb-3012-4651-a956-344555d607ba,CARVE_OUT,IND-000228,IND-000635,MEASURED,CONSERVATION_FAILURE,CONSERVATION_FAILURE,CONSERVATION_FAILURE
e21a44c0-cf92-4343-953e-b20052d8ae46,CARVE_OUT,IND-000445,IND-000590,MEASURED,CONSERVATION_FAILURE,CONSERVATION_FAILURE,CONSERVATION_FAILURE
ed9eea9b-2d25-4710-8262-22846a220ea4,CLEAN_SPLIT,IND-000231,IND-000644,MEASURED,CONSERVATION_FAILURE,CONSERVATION_FAILURE,CONSERVATION_FAILURE
f3bf8f76-3f54-48ba-9dff-5bf82227de3c,CARVE_OUT,IND-000445,IND-000590,MEASURED,CONSERVATION_FAILURE,CONSERVATION_FAILURE,CONSERVATION_FAILURE
f42a0337-7a3f-4e4f-8f79-d21daf8539a7,CLEAN_SPLIT,IND-000231,IND-000643,MEASURED,CONSERVATION_FAILURE,CONSERVATION_FAILURE,CONSERVATION_FAILURE
0f54f041-8bbf-44ed-bc90-337c5d71c2ea,CARVE_OUT,IND-000354,IND-000616,UNMEASURED,PARENT_AREA_MISSING,PARENT_AREA_MISSING,PARENT_AREA_MISSING
11e198e8-cbdc-4faa-834b-7320bbea442b,CARVE_OUT,IND-000475,,UNMEASURED,IDENTITY_UNCERTAINTY;TARGET_AREA_MISSING,IDENTITY_UNCERTAINTY,IDENTITY_UNCERTAINTY; TARGET_AREA_MISSING
25ac03b7-b02f-49d2-b95e-cb18e2679430,CARVE_OUT,IND-000354,IND-000616,UNMEASURED,PARENT_AREA_MISSING,PARENT_AREA_MISSING,PARENT_AREA_MISSING
3a267111-e36c-44de-b30e-8f2aa406ae27,CARVE_OUT,IND-000246,,UNMEASURED,IDENTITY_UNCERTAINTY;TARGET_AREA_MISSING,IDENTITY_UNCERTAINTY,IDENTITY_UNCERTAINTY; TARGET_AREA_MISSING
400d6263-6b00-41e7-abaa-4f7c8e8392db,CARVE_OUT,IND-000404,IND-000537,MEASURED,CONSERVATION_FAILURE,CONSERVATION_FAILURE,CONSERVATION_FAILURE
457159e7-77d0-46f6-baad-67962f60c357,CARVE_OUT,IND-000246,IND-000534,MEASURED,CONSERVATION_FAILURE,CONSERVATION_FAILURE,CONSERVATION_FAILURE
4ce17bec-827c-4399-a6ac-2a783e52bcc9,CARVE_OUT,IND-000354,IND-000616,UNMEASURED,PARENT_AREA_MISSING,PARENT_AREA_MISSING,PARENT_AREA_MISSING
5117542b-8615-40ba-8d62-875963d86cd2,CARVE_OUT,IND-000404,,UNMEASURED,IDENTITY_UNCERTAINTY;TARGET_AREA_MISSING,IDENTITY_UNCERTAINTY,IDENTITY_UNCERTAINTY; TARGET_AREA_MISSING
5d997bad-38d1-41e6-be8f-fcc331848b81,CARVE_OUT,IND-000246,IND-000534,MEASURED,CONSERVATION_FAILURE,CONSERVATION_FAILURE,CONSERVATION_FAILURE
6978ed40-ccf4-4892-8b88-12789d7730ae,CARVE_OUT,IND-000363,,UNMEASURED,IDENTITY_UNCERTAINTY;TARGET_AREA_MISSING,IDENTITY_UNCERTAINTY,IDENTITY_UNCERTAINTY; TARGET_AREA_MISSING
6c4162bd-fd31-4a4d-9fcb-55fd6372503a,CARVE_OUT,IND-000404,IND-000537,MEASURED,CONSERVATION_FAILURE,CONSERVATION_FAILURE,CONSERVATION_FAILURE
8c48c751-5421-4cfb-84e0-73ad96bb1d2f,CARVE_OUT,IND-000404,IND-000536,MEASURED,CONSERVATION_FAILURE,CONSERVATION_FAILURE,CONSERVATION_FAILURE
9a889d8a-8888-4371-8f9d-e3c9d958713a,CARVE_OUT,IND-000245,IND-000534,MEASURED,CONSERVATION_FAILURE,CONSERVATION_FAILURE,CONSERVATION_FAILURE
9c9e7a94-f4e0-4129-a379-b0d7f5fd3bef,CARVE_OUT,IND-000245,,UNMEASURED,IDENTITY_UNCERTAINTY;TARGET_AREA_MISSING,IDENTITY_UNCERTAINTY,IDENTITY_UNCERTAINTY; TARGET_AREA_MISSING
abf25537-52de-429c-a8cb-1e2300c19e5c,CLEAN_SPLIT,IND-000532,,UNMEASURED,IDENTITY_UNCERTAINTY;TARGET_AREA_MISSING,IDENTITY_UNCERTAINTY,IDENTITY_UNCERTAINTY; TARGET_AREA_MISSING
c7d2cdd3-4479-4984-8c2e-ab4109cce4e1,CLEAN_SPLIT,IND-000532,IND-000716,MEASURED,CONSERVATION_FAILURE,CONSERVATION_FAILURE,CONSERVATION_FAILURE
d137f9b2-a871-447c-8a0d-43bb9927413b,CARVE_OUT,IND-000404,,UNMEASURED,IDENTITY_UNCERTAINTY;TARGET_AREA_MISSING,IDENTITY_UNCERTAINTY,IDENTITY_UNCERTAINTY; TARGET_AREA_MISSING
e54ab8c0-d44f-4603-938a-40915a13d32e,CARVE_OUT,IND-000404,IND-000536,MEASURED,CONSERVATION_FAILURE,CONSERVATION_FAILURE,CONSERVATION_FAILURE
ee3cea57-3910-48b9-a09a-38e2e91dda8c,CARVE_OUT,IND-000354,,UNMEASURED,IDENTITY_UNCERTAINTY;PARENT_AREA_MISSING;TARGET_AREA_MISSING,IDENTITY_UNCERTAINTY,IDENTITY_UNCERTAINTY; PARENT_AREA_MISSING; TARGET_AREA_MISSING
f661d2b3-7961-4284-b069-322af413286e,CARVE_OUT,IND-000479,,UNMEASURED,IDENTITY_UNCERTAINTY;TARGET_AREA_MISSING,IDENTITY_UNCERTAINTY,IDENTITY_UNCERTAINTY; TARGET_AREA_MISSING
f9151ee7-b3d6-4d50-8306-0c9830e30309,CLEAN_SPLIT,IND-000532,IND-000717,MEASURED,CONSERVATION_FAILURE,CONSERVATION_FAILURE,CONSERVATION_FAILURE
fb829baf-9f66-433d-b9c8-d224652f081d,CARVE_OUT,IND-000484,,UNMEASURED,IDENTITY_UNCERTAINTY;TARGET_AREA_MISSING,IDENTITY_UNCERTAINTY,IDENTITY_UNCERTAINTY; TARGET_AREA_MISSING
c937a010-63af-492f-9e33-79670c456840,CARVE_OUT,IND-000722,,UNMEASURED,IDENTITY_UNCERTAINTY;PARENT_AREA_MISSING;TARGET_AREA_MISSING,IDENTITY_UNCERTAINTY,IDENTITY_UNCERTAINTY; PARENT_AREA_MISSING; TARGET_AREA_MISSING
f13f1a45-ecfb-41cb-9aaa-a1ab727daab8,CARVE_OUT,IND-000722,IND-000723,UNMEASURED,PARENT_AREA_MISSING,PARENT_AREA_MISSING,PARENT_AREA_MISSING
f7d38b76-9d60-46ce-9741-8e3581e11915,CARVE_OUT,IND-000722,IND-000723,UNMEASURED,PARENT_AREA_MISSING,PARENT_AREA_MISSING,PARENT_AREA_MISSING
0ad75e94-a14b-467d-820b-a25c432e4e5b,CARVE_OUT,IND-000544,IND-000543,UNMEASURED,PARENT_AREA_MISSING,PARENT_AREA_MISSING,PARENT_AREA_MISSING
0b509387-7355-43b5-9ba0-d81eae13ad22,CARVE_OUT,IND-000116,IND-000595,UNMEASURED,TARGET_AREA_MISSING,TARGET_AREA_MISSING,TARGET_AREA_MISSING
0ce84210-38a0-40fb-8cc4-4f9f08d3d343,CARVE_OUT,IND-000697,IND-000696,UNMEASURED,PARENT_AREA_MISSING,PARENT_AREA_MISSING,PARENT_AREA_MISSING
1061e238-b641-4835-b5df-d1cd49946ff3,CARVE_OUT,IND-000703,IND-000704,MEASURED,CONSERVATION_FAILURE,CONSERVATION_FAILURE,CONSERVATION_FAILURE
1a1b6542-3b48-4bbb-ad35-2d967d1b443d,CARVE_OUT,IND-000540,,UNMEASURED,IDENTITY_UNCERTAINTY;PARENT_AREA_MISSING;TARGET_AREA_MISSING,IDENTITY_UNCERTAINTY,IDENTITY_UNCERTAINTY; PARENT_AREA_MISSING; TARGET_AREA_MISSING
1b7d3429-cbff-451e-87a9-5f876557d467,CLEAN_SPLIT,IND-000116,IND-000556,MEASURED,CONSERVATION_FAILURE,CONSERVATION_FAILURE,CONSERVATION_FAILURE
1c48a361-0353-4614-b943-ef474f915743,CARVE_OUT,IND-000684,IND-000683,MEASURED,CONSERVATION_FAILURE,CONSERVATION_FAILURE,CONSERVATION_FAILURE
1f8ffebe-049e-45f2-a5c4-3fda2d4fe2d3,CARVE_OUT,IND-000686,,UNMEASURED,IDENTITY_UNCERTAINTY;TARGET_AREA_MISSING,IDENTITY_UNCERTAINTY,IDENTITY_UNCERTAINTY; TARGET_AREA_MISSING
1fc5b22c-9ba3-4961-8570-caba2f0933d9,CARVE_OUT,IND-000366,IND-000550,UNMEASURED,PARENT_AREA_MISSING,PARENT_AREA_MISSING,PARENT_AREA_MISSING
1fcc5483-e8cd-4c87-a8b5-4ed1e30a1586,CARVE_OUT,IND-000069,IND-000562,UNMEASURED,PARENT_AREA_MISSING,PARENT_AREA_MISSING,PARENT_AREA_MISSING
21168c65-c7f0-4d93-8386-079fdbf319bf,CARVE_OUT,IND-000540,IND-000541,UNMEASURED,PARENT_AREA_MISSING,PARENT_AREA_MISSING,PARENT_AREA_MISSING
24239bbe-3d01-4ca6-95f6-6684ac90bfc9,CARVE_OUT,IND-000396,IND-000612,MEASURED,CONSERVATION_FAILURE,CONSERVATION_FAILURE,CONSERVATION_FAILURE
29333a9f-7957-4b4b-be5d-bb7330c2b951,CARVE_OUT,IND-000584,IND-000583,UNMEASURED,PARENT_AREA_MISSING,PARENT_AREA_MISSING,PARENT_AREA_MISSING
2cbda86d-ca5a-4efa-a0d1-24f17fce406b,CARVE_OUT,IND-000365,IND-000551,MEASURED,CONSERVATION_FAILURE,CONSERVATION_FAILURE,CONSERVATION_FAILURE
2d327de0-67c0-42a8-b5b5-781c76831639,CARVE_OUT,IND-000296,,UNMEASURED,IDENTITY_UNCERTAINTY;TARGET_AREA_MISSING,IDENTITY_UNCERTAINTY,IDENTITY_UNCERTAINTY; TARGET_AREA_MISSING
33611dcd-9c70-4c50-b87c-951c14a2c59c,CARVE_OUT,IND-000416,,UNMEASURED,IDENTITY_UNCERTAINTY;TARGET_AREA_MISSING,IDENTITY_UNCERTAINTY,IDENTITY_UNCERTAINTY; TARGET_AREA_MISSING
33be14e9-fc2f-4486-8008-32e153b16761,CARVE_OUT,IND-000542,,UNMEASURED,IDENTITY_UNCERTAINTY;PARENT_AREA_MISSING;TARGET_AREA_MISSING,IDENTITY_UNCERTAINTY,IDENTITY_UNCERTAINTY; PARENT_AREA_MISSING; TARGET_AREA_MISSING
36de962d-2afb-43ed-a7a6-686f42772938,CARVE_OUT,IND-000542,IND-000545,UNMEASURED,PARENT_AREA_MISSING,PARENT_AREA_MISSING,PARENT_AREA_MISSING
3a53b186-c491-41a5-9673-61ba040818d0,CARVE_OUT,IND-000701,IND-000702,MEASURED,CONSERVATION_FAILURE,CONSERVATION_FAILURE,CONSERVATION_FAILURE
3f320923-885b-4e80-9a70-12e880296373,CARVE_OUT,IND-000025,,UNMEASURED,IDENTITY_UNCERTAINTY;TARGET_AREA_MISSING,IDENTITY_UNCERTAINTY,IDENTITY_UNCERTAINTY; TARGET_AREA_MISSING
40230f2d-e948-4117-819f-fc1da38ee531,CARVE_OUT,IND-000096,IND-000678,MEASURED,CONSERVATION_FAILURE,CONSERVATION_FAILURE,CONSERVATION_FAILURE
40fd15ec-05c1-404d-b3d1-dee54a7a585d,CARVE_OUT,,IND-000705,UNMEASURED,IDENTITY_UNCERTAINTY;PARENT_AREA_MISSING,IDENTITY_UNCERTAINTY,IDENTITY_UNCERTAINTY; PARENT_AREA_MISSING
41d25d9b-6292-485b-8f22-8531e0d850a8,CARVE_OUT,IND-000283,IND-000580,UNMEASURED,PARENT_AREA_MISSING,PARENT_AREA_MISSING,PARENT_AREA_MISSING
449aa272-760e-4495-9364-d995ecc09410,CARVE_OUT,IND-000684,IND-000683,MEASURED,CONSERVATION_FAILURE,CONSERVATION_FAILURE,CONSERVATION_FAILURE
49663937-bc7f-499b-9eea-ee7ae41b5aa5,CARVE_OUT,IND-000698,IND-000699,UNMEASURED,PARENT_AREA_MISSING,PARENT_AREA_MISSING,PARENT_AREA_MISSING
4f2a5901-19f6-47a6-ac6f-e5ca2a231fef,CARVE_OUT,,IND-000568,UNMEASURED,IDENTITY_UNCERTAINTY;PARENT_AREA_MISSING,IDENTITY_UNCERTAINTY,IDENTITY_UNCERTAINTY; PARENT_AREA_MISSING
5304cdeb-e515-440b-90c8-8850f7b3cdbb,CLEAN_SPLIT,IND-000116,IND-000555,UNMEASURED,TARGET_AREA_MISSING,TARGET_AREA_MISSING,TARGET_AREA_MISSING
5596f20b-e540-4840-9ae6-46d008bb0149,CARVE_OUT,IND-000584,IND-000583,UNMEASURED,PARENT_AREA_MISSING,PARENT_AREA_MISSING,PARENT_AREA_MISSING
56255e30-9403-450b-abc8-63079b8aa889,CARVE_OUT,,IND-000720,UNMEASURED,IDENTITY_UNCERTAINTY;PARENT_AREA_MISSING,IDENTITY_UNCERTAINTY,IDENTITY_UNCERTAINTY; PARENT_AREA_MISSING
6120b294-a2d6-4db7-8414-112c2064ae94,CARVE_OUT,IND-000719,,UNMEASURED,IDENTITY_UNCERTAINTY;PARENT_AREA_MISSING;TARGET_AREA_MISSING,IDENTITY_UNCERTAINTY,IDENTITY_UNCERTAINTY; PARENT_AREA_MISSING; TARGET_AREA_MISSING
62b0c13c-1b18-444c-80d7-79e90307cccb,CARVE_OUT,IND-000416,IND-000568,MEASURED,CONSERVATION_FAILURE,CONSERVATION_FAILURE,CONSERVATION_FAILURE
62ff4bfb-8ce4-4854-9268-1109416da383,CARVE_OUT,IND-000116,IND-000596,UNMEASURED,TARGET_AREA_MISSING,TARGET_AREA_MISSING,TARGET_AREA_MISSING
63bea055-41ca-43c8-a8a9-f353949c7c4e,CLEAN_SPLIT,IND-000116,IND-000552,MEASURED,CONSERVATION_FAILURE,CONSERVATION_FAILURE,CONSERVATION_FAILURE
6749aed8-1ae9-4e14-ab14-7c3d4d0debc6,CARVE_OUT,IND-000268,,UNMEASURED,IDENTITY_UNCERTAINTY;TARGET_AREA_MISSING,IDENTITY_UNCERTAINTY,IDENTITY_UNCERTAINTY; TARGET_AREA_MISSING
67cbde8a-9588-4ca1-a6bb-c95135c55869,CARVE_OUT,IND-000714,,UNMEASURED,IDENTITY_UNCERTAINTY;PARENT_AREA_MISSING;TARGET_AREA_MISSING,IDENTITY_UNCERTAINTY,IDENTITY_UNCERTAINTY; PARENT_AREA_MISSING; TARGET_AREA_MISSING
684a4331-cdf3-4ae5-80bb-61e832c979d8,CARVE_OUT,IND-000684,,UNMEASURED,IDENTITY_UNCERTAINTY;TARGET_AREA_MISSING,IDENTITY_UNCERTAINTY,IDENTITY_UNCERTAINTY; TARGET_AREA_MISSING
712d3eea-b4e0-479a-80ad-dd885086c6b7,CARVE_OUT,IND-000542,IND-000545,UNMEASURED,PARENT_AREA_MISSING,PARENT_AREA_MISSING,PARENT_AREA_MISSING
736c40cf-72c3-4ad8-beb0-07f14087b2a2,CARVE_OUT,IND-000365,IND-000551,MEASURED,CONSERVATION_FAILURE,CONSERVATION_FAILURE,CONSERVATION_FAILURE
79b05c0b-469f-4384-9c06-32e8e0bfa670,CARVE_OUT,IND-000544,,UNMEASURED,IDENTITY_UNCERTAINTY;PARENT_AREA_MISSING;TARGET_AREA_MISSING,IDENTITY_UNCERTAINTY,IDENTITY_UNCERTAINTY; PARENT_AREA_MISSING; TARGET_AREA_MISSING
7b591880-04e8-4762-9f78-1469e8dd7655,CLEAN_SPLIT,IND-000116,IND-000559,MEASURED,CONSERVATION_FAILURE,CONSERVATION_FAILURE,CONSERVATION_FAILURE
805a4a33-6d7d-42e5-9263-29c425879fd1,CARVE_OUT,IND-000255,,UNMEASURED,IDENTITY_UNCERTAINTY;TARGET_AREA_MISSING,IDENTITY_UNCERTAINTY,IDENTITY_UNCERTAINTY; TARGET_AREA_MISSING
8219aa6c-6d3b-43c9-9215-0defacfbd06e,CARVE_OUT,IND-000296,IND-000577,MEASURED,CONSERVATION_FAILURE,CONSERVATION_FAILURE,CONSERVATION_FAILURE
8637da1c-cd35-491a-af53-37aedcd97709,CARVE_OUT,IND-000680,,UNMEASURED,IDENTITY_UNCERTAINTY;TARGET_AREA_MISSING,IDENTITY_UNCERTAINTY,IDENTITY_UNCERTAINTY; TARGET_AREA_MISSING
865641ce-a103-4bcb-acb7-e73614f0f3f1,CARVE_OUT,IND-000701,IND-000702,MEASURED,CONSERVATION_FAILURE,CONSERVATION_FAILURE,CONSERVATION_FAILURE
868140fa-a374-4835-a9cc-2fe91022eb38,CARVE_OUT,IND-000697,,UNMEASURED,IDENTITY_UNCERTAINTY;PARENT_AREA_MISSING;TARGET_AREA_MISSING,IDENTITY_UNCERTAINTY,IDENTITY_UNCERTAINTY; PARENT_AREA_MISSING; TARGET_AREA_MISSING
8723ab13-19c0-4a7d-bff3-b805ba4fc66f,CLEAN_SPLIT,,IND-000705,UNMEASURED,IDENTITY_UNCERTAINTY;PARENT_AREA_MISSING,IDENTITY_UNCERTAINTY,IDENTITY_UNCERTAINTY; PARENT_AREA_MISSING
8e17e354-52bd-4bd8-b855-4182ef7fb961,CARVE_OUT,IND-000681,,UNMEASURED,IDENTITY_UNCERTAINTY;TARGET_AREA_MISSING,IDENTITY_UNCERTAINTY,IDENTITY_UNCERTAINTY; TARGET_AREA_MISSING
8e1c5f5e-ee37-4c65-8121-f58f2909f82d,CLEAN_SPLIT,,IND-000710,UNMEASURED,IDENTITY_UNCERTAINTY;PARENT_AREA_MISSING,IDENTITY_UNCERTAINTY,IDENTITY_UNCERTAINTY; PARENT_AREA_MISSING
91420061-858d-4ddb-a204-58f796671f4a,CARVE_OUT,IND-000714,IND-000715,UNMEASURED,PARENT_AREA_MISSING,PARENT_AREA_MISSING,PARENT_AREA_MISSING
93ba635f-9f98-45b3-8c9a-d90c9acf25d6,CLEAN_SPLIT,IND-000116,IND-000597,UNMEASURED,TARGET_AREA_MISSING,TARGET_AREA_MISSING,TARGET_AREA_MISSING
94ecef3b-e84e-4876-9809-e7f83ac50b5e,CARVE_OUT,IND-000255,IND-000568,MEASURED,CONSERVATION_FAILURE,CONSERVATION_FAILURE,CONSERVATION_FAILURE
965285ed-d104-4762-88c7-74ff5705d7cf,CARVE_OUT,IND-000721,,UNMEASURED,IDENTITY_UNCERTAINTY;PARENT_AREA_MISSING;TARGET_AREA_MISSING,IDENTITY_UNCERTAINTY,IDENTITY_UNCERTAINTY; PARENT_AREA_MISSING; TARGET_AREA_MISSING
98e00dfd-2184-41bf-ad64-c291921ffc3a,CARVE_OUT,IND-000069,,UNMEASURED,IDENTITY_UNCERTAINTY;PARENT_AREA_MISSING;TARGET_AREA_MISSING,IDENTITY_UNCERTAINTY,IDENTITY_UNCERTAINTY; PARENT_AREA_MISSING; TARGET_AREA_MISSING
99d43ce7-9037-40b9-aad4-e9cab165baa2,CARVE_OUT,IND-000096,IND-000678,MEASURED,CONSERVATION_FAILURE,CONSERVATION_FAILURE,CONSERVATION_FAILURE
99fe6e08-0280-4666-8bc4-9752e5a59450,CARVE_OUT,IND-000366,,UNMEASURED,IDENTITY_UNCERTAINTY;PARENT_AREA_MISSING;TARGET_AREA_MISSING,IDENTITY_UNCERTAINTY,IDENTITY_UNCERTAINTY; PARENT_AREA_MISSING; TARGET_AREA_MISSING
9a5bd530-899d-46ee-9989-41876c2d0a7f,CLEAN_SPLIT,,,UNMEASURED,IDENTITY_UNCERTAINTY;PARENT_AREA_MISSING;TARGET_AREA_MISSING,IDENTITY_UNCERTAINTY,IDENTITY_UNCERTAINTY; PARENT_AREA_MISSING; TARGET_AREA_MISSING
9b5cbf7b-704b-42ed-8402-0eac8281640a,CLEAN_SPLIT,IND-000390,IND-000609,MEASURED,CONSERVATION_FAILURE,CONSERVATION_FAILURE,CONSERVATION_FAILURE
9b5fa074-24ff-4acb-b79c-be90509f9235,CARVE_OUT,IND-000256,,UNMEASURED,IDENTITY_UNCERTAINTY;TARGET_AREA_MISSING,IDENTITY_UNCERTAINTY,IDENTITY_UNCERTAINTY; TARGET_AREA_MISSING
a08769bf-432c-4ebc-82fb-f30f5fdb1ba6,CARVE_OUT,IND-000116,IND-000555,UNMEASURED,TARGET_AREA_MISSING,TARGET_AREA_MISSING,TARGET_AREA_MISSING
a34946a6-19b4-4575-b2a1-e7d7d73a28b1,CARVE_OUT,,IND-000710,UNMEASURED,IDENTITY_UNCERTAINTY;PARENT_AREA_MISSING,IDENTITY_UNCERTAINTY,IDENTITY_UNCERTAINTY; PARENT_AREA_MISSING
a9eee4a4-a17f-4cc0-8d49-2a6320fcb882,CARVE_OUT,IND-000256,IND-000569,MEASURED,CONSERVATION_FAILURE,CONSERVATION_FAILURE,CONSERVATION_FAILURE
ab0d18d1-dc72-48de-aa24-66694e1ba056,CARVE_OUT,IND-000701,IND-000700,UNMEASURED,TARGET_AREA_MISSING,TARGET_AREA_MISSING,TARGET_AREA_MISSING
ab54f6ba-7fb7-4bdd-ada3-a82bc3dbef4b,CARVE_OUT,IND-000698,IND-000699,UNMEASURED,PARENT_AREA_MISSING,PARENT_AREA_MISSING,PARENT_AREA_MISSING
ad02d109-6fbb-4dd7-9fc8-bdbb6542c45a,CARVE_OUT,IND-000703,IND-000704,MEASURED,CONSERVATION_FAILURE,CONSERVATION_FAILURE,CONSERVATION_FAILURE
af80eca8-ef88-40df-b51a-4396a7b026b6,CARVE_OUT,IND-000701,IND-000700,UNMEASURED,TARGET_AREA_MISSING,TARGET_AREA_MISSING,TARGET_AREA_MISSING
b3a80fb6-0f0c-48a9-bd48-c29fab94a485,CARVE_OUT,,IND-000711,UNMEASURED,IDENTITY_UNCERTAINTY;PARENT_AREA_MISSING,IDENTITY_UNCERTAINTY,IDENTITY_UNCERTAINTY; PARENT_AREA_MISSING
b449492f-e958-4576-8adc-21044c40c0dc,CARVE_OUT,IND-000069,IND-000562,UNMEASURED,PARENT_AREA_MISSING,PARENT_AREA_MISSING,PARENT_AREA_MISSING
b793006b-9e89-47fe-9e43-c733d8745b2f,CARVE_OUT,IND-000116,IND-000597,UNMEASURED,TARGET_AREA_MISSING,TARGET_AREA_MISSING,TARGET_AREA_MISSING
be93d1d1-d98b-4ec8-8505-bad7d778770b,CARVE_OUT,IND-000540,IND-000541,UNMEASURED,PARENT_AREA_MISSING,PARENT_AREA_MISSING,PARENT_AREA_MISSING
befbb401-114e-42c6-8ddb-8ad3ada37b8a,CARVE_OUT,IND-000296,IND-000577,MEASURED,CONSERVATION_FAILURE,CONSERVATION_FAILURE,CONSERVATION_FAILURE
c0249205-a3ec-4947-be91-5b40547c9208,CLEAN_SPLIT,IND-000116,IND-000596,UNMEASURED,TARGET_AREA_MISSING,TARGET_AREA_MISSING,TARGET_AREA_MISSING
c21f5f1b-9576-4e8c-bbe9-e3e0b9123325,CARVE_OUT,IND-000697,IND-000696,UNMEASURED,PARENT_AREA_MISSING,PARENT_AREA_MISSING,PARENT_AREA_MISSING
c5f524a5-0847-40a1-a809-b5c9ae3f7952,CARVE_OUT,IND-000714,IND-000715,UNMEASURED,PARENT_AREA_MISSING,PARENT_AREA_MISSING,PARENT_AREA_MISSING
c895ec68-54be-4fca-9ce3-c112d7e32dff,CARVE_OUT,IND-000584,,UNMEASURED,IDENTITY_UNCERTAINTY;PARENT_AREA_MISSING;TARGET_AREA_MISSING,IDENTITY_UNCERTAINTY,IDENTITY_UNCERTAINTY; PARENT_AREA_MISSING; TARGET_AREA_MISSING
c8b74a4b-f9ed-428b-bf90-b54bbd27e4f5,CARVE_OUT,IND-000264,,UNMEASURED,IDENTITY_UNCERTAINTY;TARGET_AREA_MISSING,IDENTITY_UNCERTAINTY,IDENTITY_UNCERTAINTY; TARGET_AREA_MISSING
c982e7b2-2976-47e6-95aa-e65341962095,CARVE_OUT,IND-000254,,UNMEASURED,IDENTITY_UNCERTAINTY;TARGET_AREA_MISSING,IDENTITY_UNCERTAINTY,IDENTITY_UNCERTAINTY; TARGET_AREA_MISSING
ca80deb0-03e4-44a2-8660-43dccc7641fa,CARVE_OUT,IND-000366,IND-000550,UNMEASURED,PARENT_AREA_MISSING,PARENT_AREA_MISSING,PARENT_AREA_MISSING
cb1c59e1-28b2-4fe4-a941-493f6171fb94,CLEAN_SPLIT,IND-000116,IND-000595,UNMEASURED,TARGET_AREA_MISSING,TARGET_AREA_MISSING,TARGET_AREA_MISSING
cd9db67c-d572-4eaa-a90c-df1e1a9323b1,CARVE_OUT,IND-000267,,UNMEASURED,IDENTITY_UNCERTAINTY;TARGET_AREA_MISSING,IDENTITY_UNCERTAINTY,IDENTITY_UNCERTAINTY; TARGET_AREA_MISSING
d3243590-d339-4c0d-bf59-07c899b20e46,CARVE_OUT,IND-000701,,UNMEASURED,IDENTITY_UNCERTAINTY;TARGET_AREA_MISSING,IDENTITY_UNCERTAINTY,IDENTITY_UNCERTAINTY; TARGET_AREA_MISSING
d4187a8c-487e-43bd-b8f4-e12eed34090e,CARVE_OUT,IND-000719,,UNMEASURED,IDENTITY_UNCERTAINTY;PARENT_AREA_MISSING;TARGET_AREA_MISSING,IDENTITY_UNCERTAINTY,IDENTITY_UNCERTAINTY; PARENT_AREA_MISSING; TARGET_AREA_MISSING
d4a351ed-a384-443b-a68d-538ddf34663d,CLEAN_SPLIT,IND-000390,IND-000608,MEASURED,CONSERVATION_FAILURE,CONSERVATION_FAILURE,CONSERVATION_FAILURE
d4e3ffd7-19df-4977-86ab-981d80f81b3c,CARVE_OUT,IND-000283,IND-000580,UNMEASURED,PARENT_AREA_MISSING,PARENT_AREA_MISSING,PARENT_AREA_MISSING
d7ce07ae-e7c9-4457-b42d-d0a4182ef00c,CARVE_OUT,IND-000365,,UNMEASURED,IDENTITY_UNCERTAINTY;TARGET_AREA_MISSING,IDENTITY_UNCERTAINTY,IDENTITY_UNCERTAINTY; TARGET_AREA_MISSING
d80f1d95-fcad-4f60-a793-bfb9b8866b7b,CARVE_OUT,IND-000256,IND-000569,MEASURED,CONSERVATION_FAILURE,CONSERVATION_FAILURE,CONSERVATION_FAILURE
d995868b-ff7b-4c4c-89cc-0f1f7a27b9d2,CARVE_OUT,IND-000361,,UNMEASURED,IDENTITY_UNCERTAINTY;TARGET_AREA_MISSING,IDENTITY_UNCERTAINTY,IDENTITY_UNCERTAINTY; TARGET_AREA_MISSING
da0781f4-670e-467f-958f-8bfafe8d853a,CARVE_OUT,IND-000703,,UNMEASURED,IDENTITY_UNCERTAINTY;TARGET_AREA_MISSING,IDENTITY_UNCERTAINTY,IDENTITY_UNCERTAINTY; TARGET_AREA_MISSING
da4f7fc3-b10f-40d2-b4f5-b00152823c37,CARVE_OUT,IND-000271,,UNMEASURED,IDENTITY_UNCERTAINTY;TARGET_AREA_MISSING,IDENTITY_UNCERTAINTY,IDENTITY_UNCERTAINTY; TARGET_AREA_MISSING
de6fc419-8ae7-40a4-93ca-5bed48ecf2bd,CARVE_OUT,IND-000396,IND-000612,MEASURED,CONSERVATION_FAILURE,CONSERVATION_FAILURE,CONSERVATION_FAILURE
e0cf5dc5-144c-4e03-948b-6d560a934b1e,CARVE_OUT,IND-000544,IND-000543,UNMEASURED,PARENT_AREA_MISSING,PARENT_AREA_MISSING,PARENT_AREA_MISSING
e41cc13c-f80e-42b1-9c21-b10f075028c7,CARVE_OUT,IND-000721,,UNMEASURED,IDENTITY_UNCERTAINTY;PARENT_AREA_MISSING;TARGET_AREA_MISSING,IDENTITY_UNCERTAINTY,IDENTITY_UNCERTAINTY; PARENT_AREA_MISSING; TARGET_AREA_MISSING
e6791a8f-ae76-48b0-bcd7-0c90527ed484,CARVE_OUT,IND-000698,,UNMEASURED,IDENTITY_UNCERTAINTY;PARENT_AREA_MISSING;TARGET_AREA_MISSING,IDENTITY_UNCERTAINTY,IDENTITY_UNCERTAINTY; PARENT_AREA_MISSING; TARGET_AREA_MISSING
eaada6b7-a9e9-4aee-9b6e-e837f8a08892,CARVE_OUT,IND-000295,,UNMEASURED,IDENTITY_UNCERTAINTY;TARGET_AREA_MISSING,IDENTITY_UNCERTAINTY,IDENTITY_UNCERTAINTY; TARGET_AREA_MISSING
eb9379a9-781a-41d6-a92c-24b036ed0650,CARVE_OUT,IND-000283,,UNMEASURED,IDENTITY_UNCERTAINTY;PARENT_AREA_MISSING;TARGET_AREA_MISSING,IDENTITY_UNCERTAINTY,IDENTITY_UNCERTAINTY; PARENT_AREA_MISSING; TARGET_AREA_MISSING
f102797c-b3d7-4479-8e9e-cb55c50a9777,CARVE_OUT,IND-000096,,UNMEASURED,IDENTITY_UNCERTAINTY;TARGET_AREA_MISSING,IDENTITY_UNCERTAINTY,IDENTITY_UNCERTAINTY; TARGET_AREA_MISSING
f3e16ad1-b85b-46c8-a4e0-2466810a6d29,CLEAN_SPLIT,,IND-000711,UNMEASURED,IDENTITY_UNCERTAINTY;PARENT_AREA_MISSING,IDENTITY_UNCERTAINTY,IDENTITY_UNCERTAINTY; PARENT_AREA_MISSING
f44e14c5-a560-4fee-b739-33000d498714,CLEAN_SPLIT,IND-000116,IND-000557,MEASURED,CONSERVATION_FAILURE,CONSERVATION_FAILURE,CONSERVATION_FAILURE
f5385ab6-8095-4065-b570-c125d5237913,CLEAN_SPLIT,IND-000116,IND-000554,MEASURED,CONSERVATION_FAILURE,CONSERVATION_FAILURE,CONSERVATION_FAILURE
fdaaf342-b1a0-4939-8d8a-9f4799f9b11a,CARVE_OUT,IND-000361,IND-000677,MEASURED,CONSERVATION_FAILURE,CONSERVATION_FAILURE,CONSERVATION_FAILURE
07600426-793b-4f51-9864-292e8c8c1634,CARVE_OUT,IND-000668,,UNMEASURED,IDENTITY_UNCERTAINTY;TARGET_AREA_MISSING,IDENTITY_UNCERTAINTY,IDENTITY_UNCERTAINTY; TARGET_AREA_MISSING
09dca6c3-ba5b-4a46-a4cf-84d5c3cd98df,CARVE_OUT,IND-000665,,UNMEASURED,IDENTITY_UNCERTAINTY;TARGET_AREA_MISSING,IDENTITY_UNCERTAINTY,IDENTITY_UNCERTAINTY; TARGET_AREA_MISSING
0e8cf764-b5e9-45b1-838c-83f760774456,CARVE_OUT,IND-000183,,UNMEASURED,IDENTITY_UNCERTAINTY;TARGET_AREA_MISSING,IDENTITY_UNCERTAINTY,IDENTITY_UNCERTAINTY; TARGET_AREA_MISSING
10ad8586-0c4b-4973-b820-283218834f06,CARVE_OUT,IND-000275,,UNMEASURED,IDENTITY_UNCERTAINTY;TARGET_AREA_MISSING,IDENTITY_UNCERTAINTY,IDENTITY_UNCERTAINTY; TARGET_AREA_MISSING
1741867d-8975-4130-8136-8132eaf76a70,CARVE_OUT,IND-000396,IND-000613,MEASURED,CONSERVATION_FAILURE,CONSERVATION_FAILURE,CONSERVATION_FAILURE
18526e7c-8c7a-47c0-8673-909aff139a35,CARVE_OUT,IND-000706,IND-000707,UNMEASURED,PARENT_AREA_MISSING,PARENT_AREA_MISSING,PARENT_AREA_MISSING
1983caa5-bf02-4e89-b62b-7fe4f947faf5,CARVE_OUT,IND-000706,IND-000707,UNMEASURED,PARENT_AREA_MISSING,PARENT_AREA_MISSING,PARENT_AREA_MISSING
2054b337-dac8-45f6-b6eb-b2f97dd08d9a,CARVE_OUT,IND-000670,IND-000671,UNMEASURED,PARENT_AREA_MISSING,PARENT_AREA_MISSING,PARENT_AREA_MISSING
231d0047-bce5-4095-a42c-9c2001ae8231,CARVE_OUT,IND-000670,,UNMEASURED,IDENTITY_UNCERTAINTY;PARENT_AREA_MISSING;TARGET_AREA_MISSING,IDENTITY_UNCERTAINTY,IDENTITY_UNCERTAINTY; PARENT_AREA_MISSING; TARGET_AREA_MISSING
2d6ed94f-c939-48ed-a815-df2271d97627,CARVE_OUT,IND-000396,,UNMEASURED,IDENTITY_UNCERTAINTY;TARGET_AREA_MISSING,IDENTITY_UNCERTAINTY,IDENTITY_UNCERTAINTY; TARGET_AREA_MISSING
326861d1-5f71-4d4f-89ba-e1b397b2cdf7,CARVE_OUT,IND-000676,,UNMEASURED,IDENTITY_UNCERTAINTY;TARGET_AREA_MISSING,IDENTITY_UNCERTAINTY,IDENTITY_UNCERTAINTY; TARGET_AREA_MISSING
32f083c1-5d41-4b73-8ef2-ebe77a3da77f,CARVE_OUT,IND-000166,IND-000651,UNMEASURED,PARENT_AREA_MISSING,PARENT_AREA_MISSING,PARENT_AREA_MISSING
33adabb7-0206-4f06-af83-20a58470aa05,CARVE_OUT,IND-000661,IND-000660,UNMEASURED,PARENT_AREA_MISSING,PARENT_AREA_MISSING,PARENT_AREA_MISSING
3624bb0b-856d-40f0-8109-5b9151700fd8,CARVE_OUT,IND-000689,,UNMEASURED,IDENTITY_UNCERTAINTY;TARGET_AREA_MISSING,IDENTITY_UNCERTAINTY,IDENTITY_UNCERTAINTY; TARGET_AREA_MISSING
38d23b27-17d2-4048-a6ae-008fda371be5,CARVE_OUT,IND-000657,IND-000658,UNMEASURED,PARENT_AREA_MISSING,PARENT_AREA_MISSING,PARENT_AREA_MISSING
44212bcc-ec3e-4d50-a645-35a9d3fdd772,CARVE_OUT,IND-000656,IND-000655,MEASURED,CONSERVATION_FAILURE,CONSERVATION_FAILURE,CONSERVATION_FAILURE
4c024a57-e32a-43cb-9db7-74864e9fb20c,CARVE_OUT,IND-000654,IND-000929,UNMEASURED,PARENT_AREA_MISSING,PARENT_AREA_MISSING,PARENT_AREA_MISSING
5a557b91-dfb4-4d85-b0b7-27dd839bc4e9,CARVE_OUT,IND-000657,IND-000659,UNMEASURED,PARENT_AREA_MISSING,PARENT_AREA_MISSING,PARENT_AREA_MISSING
5fce86e9-74ac-40d9-bc47-65be9d95bec2,CARVE_OUT,IND-000656,IND-000655,MEASURED,CONSERVATION_FAILURE,CONSERVATION_FAILURE,CONSERVATION_FAILURE
605ae0dd-d11b-46a3-a2b2-36210d282eac,CARVE_OUT,IND-000656,,UNMEASURED,IDENTITY_UNCERTAINTY;TARGET_AREA_MISSING,IDENTITY_UNCERTAINTY,IDENTITY_UNCERTAINTY; TARGET_AREA_MISSING
66683c77-128b-4a44-81c2-8e723c5f6538,CARVE_OUT,IND-000706,,UNMEASURED,IDENTITY_UNCERTAINTY;PARENT_AREA_MISSING;TARGET_AREA_MISSING,IDENTITY_UNCERTAINTY,IDENTITY_UNCERTAINTY; PARENT_AREA_MISSING; TARGET_AREA_MISSING
6a6fca94-91fe-45d2-8cac-dad52d7b4f47,CARVE_OUT,IND-000396,IND-000610,MEASURED,CONSERVATION_FAILURE,CONSERVATION_FAILURE,CONSERVATION_FAILURE
78e2f6bc-53c3-4bd4-98d8-fc918a843af9,CARVE_OUT,IND-000166,IND-000651,UNMEASURED,PARENT_AREA_MISSING,PARENT_AREA_MISSING,PARENT_AREA_MISSING
7c6b0002-0bdd-4f32-9934-26d0490da6e5,CARVE_OUT,IND-000661,,UNMEASURED,IDENTITY_UNCERTAINTY;PARENT_AREA_MISSING;TARGET_AREA_MISSING,IDENTITY_UNCERTAINTY,IDENTITY_UNCERTAINTY; PARENT_AREA_MISSING; TARGET_AREA_MISSING
85a3c612-4551-4a10-82a3-0ed0bbc8810a,CARVE_OUT,IND-000654,,UNMEASURED,IDENTITY_UNCERTAINTY;PARENT_AREA_MISSING;TARGET_AREA_MISSING,IDENTITY_UNCERTAINTY,IDENTITY_UNCERTAINTY; PARENT_AREA_MISSING; TARGET_AREA_MISSING
894a3ac5-0dae-4a65-b824-6ff8b2672b50,CARVE_OUT,IND-000661,IND-000662,UNMEASURED,PARENT_AREA_MISSING,PARENT_AREA_MISSING,PARENT_AREA_MISSING
8d6be908-64bd-4a42-90a2-b74a6061a5c9,CARVE_OUT,IND-000654,IND-000653,UNMEASURED,PARENT_AREA_MISSING,PARENT_AREA_MISSING,PARENT_AREA_MISSING
8f131114-36dc-4ec5-b969-be23cf94d8f5,CARVE_OUT,IND-000650,IND-000649,UNMEASURED,PARENT_AREA_MISSING,PARENT_AREA_MISSING,PARENT_AREA_MISSING
92e0094b-393c-42b3-8d2c-9692bde00ecc,CARVE_OUT,IND-000654,IND-000653,UNMEASURED,PARENT_AREA_MISSING,PARENT_AREA_MISSING,PARENT_AREA_MISSING
9fd0970d-55a3-41aa-b700-38bec2f0b762,CARVE_OUT,IND-000396,IND-000611,MEASURED,CONSERVATION_FAILURE,CONSERVATION_FAILURE,CONSERVATION_FAILURE
9fe5d3bd-19b5-4b77-b6ed-2750cc500cb5,CLEAN_SPLIT,IND-000398,IND-000614,MEASURED,CONSERVATION_FAILURE,CONSERVATION_FAILURE,CONSERVATION_FAILURE
a2faa7d4-0cdf-45cc-b410-4df034a7c7d4,CARVE_OUT,IND-000186,,UNMEASURED,IDENTITY_UNCERTAINTY;TARGET_AREA_MISSING,IDENTITY_UNCERTAINTY,IDENTITY_UNCERTAINTY; TARGET_AREA_MISSING
a65e59fc-b035-48a5-84c3-fe138980b7e5,CARVE_OUT,IND-000396,IND-000611,MEASURED,CONSERVATION_FAILURE,CONSERVATION_FAILURE,CONSERVATION_FAILURE
aad118f7-ca91-417e-9f09-08d5c5674b6e,CLEAN_SPLIT,IND-000398,IND-000615,MEASURED,CONSERVATION_FAILURE,CONSERVATION_FAILURE,CONSERVATION_FAILURE
ac44ba36-d6fa-4730-b29a-0a89b6a86814,CARVE_OUT,IND-000661,IND-000662,UNMEASURED,PARENT_AREA_MISSING,PARENT_AREA_MISSING,PARENT_AREA_MISSING
c92c5513-f102-4e4b-a44e-e691a3705c4d,CARVE_OUT,IND-000661,IND-000660,UNMEASURED,PARENT_AREA_MISSING,PARENT_AREA_MISSING,PARENT_AREA_MISSING
cda74b70-1b64-4b00-8cd4-1a17bc33e8b6,CARVE_OUT,IND-000657,IND-000658,UNMEASURED,PARENT_AREA_MISSING,PARENT_AREA_MISSING,PARENT_AREA_MISSING
d1f6110e-47f0-4e6b-ac3c-a6c032b4cca5,CARVE_OUT,IND-000396,IND-000610,MEASURED,CONSERVATION_FAILURE,CONSERVATION_FAILURE,CONSERVATION_FAILURE
d3bff707-d836-420b-aef0-6eef115861e5,CARVE_OUT,IND-000650,IND-000649,UNMEASURED,PARENT_AREA_MISSING,PARENT_AREA_MISSING,PARENT_AREA_MISSING
d5eff0cb-ff9d-4a66-b5ca-787f2a6ddacb,CARVE_OUT,IND-000654,IND-000929,UNMEASURED,PARENT_AREA_MISSING,PARENT_AREA_MISSING,PARENT_AREA_MISSING
d960b4d3-b2ef-4cfb-a65e-a8a2fc04008e,CARVE_OUT,IND-000166,,UNMEASURED,IDENTITY_UNCERTAINTY;PARENT_AREA_MISSING;TARGET_AREA_MISSING,IDENTITY_UNCERTAINTY,IDENTITY_UNCERTAINTY; PARENT_AREA_MISSING; TARGET_AREA_MISSING
db56cd8b-6c9e-40a4-a754-febc35b1c262,CARVE_OUT,IND-000650,,UNMEASURED,IDENTITY_UNCERTAINTY;PARENT_AREA_MISSING;TARGET_AREA_MISSING,IDENTITY_UNCERTAINTY,IDENTITY_UNCERTAINTY; PARENT_AREA_MISSING; TARGET_AREA_MISSING
e2a862e1-63b2-474b-b995-d8ef7fa9cbd4,CARVE_OUT,IND-000396,IND-000613,MEASURED,CONSERVATION_FAILURE,CONSERVATION_FAILURE,CONSERVATION_FAILURE
e5d082a7-cfff-49e6-995f-da97d8ca8fdf,CARVE_OUT,IND-000670,IND-000671,UNMEASURED,PARENT_AREA_MISSING,PARENT_AREA_MISSING,PARENT_AREA_MISSING
f6d25112-4a56-4ebe-8388-d876f93012ec,CARVE_OUT,IND-000657,,UNMEASURED,IDENTITY_UNCERTAINTY;PARENT_AREA_MISSING;TARGET_AREA_MISSING,IDENTITY_UNCERTAINTY,IDENTITY_UNCERTAINTY; PARENT_AREA_MISSING; TARGET_AREA_MISSING
f877e647-7707-4cc0-ae30-38bf9fa7c5a5,CARVE_OUT,IND-000688,,UNMEASURED,IDENTITY_UNCERTAINTY;TARGET_AREA_MISSING,IDENTITY_UNCERTAINTY,IDENTITY_UNCERTAINTY; TARGET_AREA_MISSING
fc194506-db3d-4125-a108-7cdd3075358a,CARVE_OUT,IND-000657,IND-000659,UNMEASURED,PARENT_AREA_MISSING,PARENT_AREA_MISSING,PARENT_AREA_MISSING
118f6407-0d82-4eb9-8113-3189ce0ff00f,CARVE_OUT,IND-000691,,UNMEASURED,IDENTITY_UNCERTAINTY;TARGET_AREA_MISSING,IDENTITY_UNCERTAINTY,IDENTITY_UNCERTAINTY; TARGET_AREA_MISSING
da8778f4-c6bc-4530-8bb5-edf7c2151397,CARVE_OUT,IND-000694,,UNMEASURED,IDENTITY_UNCERTAINTY;TARGET_AREA_MISSING,IDENTITY_UNCERTAINTY,IDENTITY_UNCERTAINTY; TARGET_AREA_MISSING
d1ef5f30-8eb0-41b6-804a-4ad37f4c055a,CARVE_OUT,IND-000361,IND-000677,MEASURED,CONSERVATION_FAILURE,CONSERVATION_FAILURE,CONSERVATION_FAILURE
0241db55-cbcc-471a-97c1-8fef3f4df2eb,CARVE_OUT,IND-000630,IND-000767,UNMEASURED,PARENT_AREA_MISSING,PARENT_AREA_MISSING,PARENT_AREA_MISSING
052000a0-5d2d-4004-a184-0f61ac93f8a4,RENAME,IND-000660,,UNMEASURED,PARENT_AREA_MISSING,PARENT_AREA_MISSING,PARENT_AREA_MISSING
1f493ed7-2f20-483d-baa4-58d4a068ab3a,CARVE_OUT,IND-000601,IND-000747,UNMEASURED,PARENT_AREA_MISSING,PARENT_AREA_MISSING,PARENT_AREA_MISSING
2bf4a9c3-6afb-4f72-a7a4-97b6dad8f680,RENAME,IND-000357,,UNMEASURED,PARENT_AREA_MISSING,PARENT_AREA_MISSING,PARENT_AREA_MISSING
2fcf25e2-684e-4248-a7d6-09fc985c04bc,CARVE_OUT,IND-000622,,UNMEASURED,IDENTITY_UNCERTAINTY;PARENT_AREA_MISSING;TARGET_AREA_MISSING,IDENTITY_UNCERTAINTY,IDENTITY_UNCERTAINTY; PARENT_AREA_MISSING; TARGET_AREA_MISSING
39163cca-4232-4c71-8fac-106d1adbfe8a,RENAME,IND-000662,,UNMEASURED,PARENT_AREA_MISSING,PARENT_AREA_MISSING,PARENT_AREA_MISSING
3c5fa904-8c55-4c58-a937-e6b274382b88,CARVE_OUT,IND-000630,,UNMEASURED,IDENTITY_UNCERTAINTY;PARENT_AREA_MISSING;TARGET_AREA_MISSING,IDENTITY_UNCERTAINTY,IDENTITY_UNCERTAINTY; PARENT_AREA_MISSING; TARGET_AREA_MISSING
440e6086-4e3d-47d1-946d-d241dca55a14,CARVE_OUT,IND-000627,IND-000764,UNMEASURED,PARENT_AREA_MISSING,PARENT_AREA_MISSING,PARENT_AREA_MISSING
4a958d25-3b28-45fc-bc4e-0a236fb23ae5,CARVE_OUT,IND-000631,,UNMEASURED,IDENTITY_UNCERTAINTY;PARENT_AREA_MISSING;TARGET_AREA_MISSING,IDENTITY_UNCERTAINTY,IDENTITY_UNCERTAINTY; PARENT_AREA_MISSING; TARGET_AREA_MISSING
4f95b1a1-9e31-433e-9f1c-2ba314fc798f,CARVE_OUT,IND-000622,IND-000761,UNMEASURED,PARENT_AREA_MISSING,PARENT_AREA_MISSING,PARENT_AREA_MISSING
4fbabb3f-8727-45b5-aae7-e12e9816c0d7,RENAME,IND-000670,,UNMEASURED,PARENT_AREA_MISSING,PARENT_AREA_MISSING,PARENT_AREA_MISSING
5209c254-6ece-467c-9d62-ed5280c6fde1,CARVE_OUT,IND-000622,IND-000761,UNMEASURED,PARENT_AREA_MISSING,PARENT_AREA_MISSING,PARENT_AREA_MISSING
637e27d1-8ede-4deb-9582-9886489ebf27,CARVE_OUT,IND-000630,IND-000767,UNMEASURED,PARENT_AREA_MISSING,PARENT_AREA_MISSING,PARENT_AREA_MISSING
6cbe1bb5-3fcc-4528-9eb0-a116b1fc9231,CARVE_OUT,IND-000408,,UNMEASURED,IDENTITY_UNCERTAINTY;PARENT_AREA_MISSING;TARGET_AREA_MISSING,IDENTITY_UNCERTAINTY,IDENTITY_UNCERTAINTY; PARENT_AREA_MISSING; TARGET_AREA_MISSING
70f2d426-0ff9-4784-9078-877f593ff147,CARVE_OUT,IND-000627,IND-000764,UNMEASURED,PARENT_AREA_MISSING,PARENT_AREA_MISSING,PARENT_AREA_MISSING
7453a4c4-a8f0-4349-a2ca-05c901126ce8,RENAME,IND-000534,,UNMEASURED,PARENT_AREA_MISSING,PARENT_AREA_MISSING,PARENT_AREA_MISSING
761ab0ee-9171-4f27-af18-09edbddcccc1,CARVE_OUT,IND-000601,IND-000747,UNMEASURED,PARENT_AREA_MISSING,PARENT_AREA_MISSING,PARENT_AREA_MISSING
77091c2a-093f-40b8-b9b0-2923bcf71302,CARVE_OUT,IND-000627,,UNMEASURED,IDENTITY_UNCERTAINTY;PARENT_AREA_MISSING;TARGET_AREA_MISSING,IDENTITY_UNCERTAINTY,IDENTITY_UNCERTAINTY; PARENT_AREA_MISSING; TARGET_AREA_MISSING
778c1e9f-a3cd-4859-909d-dff8ab33469a,CARVE_OUT,IND-000631,IND-000768,UNMEASURED,PARENT_AREA_MISSING,PARENT_AREA_MISSING,PARENT_AREA_MISSING
8064bb55-f8f7-4ec9-acba-d04186fc0d4b,CARVE_OUT,IND-000492,,UNMEASURED,IDENTITY_UNCERTAINTY;TARGET_AREA_MISSING,IDENTITY_UNCERTAINTY,IDENTITY_UNCERTAINTY; TARGET_AREA_MISSING
831ac432-a295-4bc4-a8c6-4f4b2758789b,RENAME,IND-000569,,UNMEASURED,PARENT_AREA_MISSING,PARENT_AREA_MISSING,PARENT_AREA_MISSING
8729cc37-ecc4-4118-9cf0-c5f04424c344,CARVE_OUT,IND-000631,IND-000768,UNMEASURED,PARENT_AREA_MISSING,PARENT_AREA_MISSING,PARENT_AREA_MISSING
895734cd-e938-4630-9b16-7630d861d271,RENAME,,,UNMEASURED,IDENTITY_UNCERTAINTY;PARENT_AREA_MISSING,IDENTITY_UNCERTAINTY,IDENTITY_UNCERTAINTY; PARENT_AREA_MISSING
908b8db9-97f0-494d-a325-29153c36d8d4,RENAME,IND-000672,,UNMEASURED,PARENT_AREA_MISSING,PARENT_AREA_MISSING,PARENT_AREA_MISSING
a1ff70c7-ca4d-4d47-98a4-18743a7350ba,CARVE_OUT,IND-000408,IND-000748,UNMEASURED,PARENT_AREA_MISSING,PARENT_AREA_MISSING,PARENT_AREA_MISSING
bb6a750c-cb63-4f83-8948-84b1c9bde38b,RENAME,IND-000645,,UNMEASURED,PARENT_AREA_MISSING,PARENT_AREA_MISSING,PARENT_AREA_MISSING
cd7a8980-c9c2-4d1a-ae74-203826ab3f5e,RENAME,IND-000655,,UNMEASURED,PARENT_AREA_MISSING,PARENT_AREA_MISSING,PARENT_AREA_MISSING
daf024e4-4c8f-481f-a4f0-4a2cba4d7576,CARVE_OUT,IND-000601,,UNMEASURED,IDENTITY_UNCERTAINTY;PARENT_AREA_MISSING;TARGET_AREA_MISSING,IDENTITY_UNCERTAINTY,IDENTITY_UNCERTAINTY; PARENT_AREA_MISSING; TARGET_AREA_MISSING
e4df7c0e-37bc-40b7-9753-76ab661bc8c2,CARVE_OUT,IND-000408,IND-000748,UNMEASURED,PARENT_AREA_MISSING,PARENT_AREA_MISSING,PARENT_AREA_MISSING
43eed979-4ade-4701-b58f-17bc7ec9b6ed,CLEAN_SPLIT,IND-000305,IND-000760,MEASURED,CONSERVATION_FAILURE,CONSERVATION_FAILURE,CONSERVATION_FAILURE
e1cee189-b741-4f27-b543-20ec8a785d7b,CLEAN_SPLIT,IND-000305,IND-000759,MEASURED,CONSERVATION_FAILURE,CONSERVATION_FAILURE,CONSERVATION_FAILURE
1b848d42-0a71-4cf3-a615-5ef31de0be76,CARVE_OUT,IND-000665,,UNMEASURED,IDENTITY_UNCERTAINTY;TARGET_AREA_MISSING,IDENTITY_UNCERTAINTY,IDENTITY_UNCERTAINTY; TARGET_AREA_MISSING
23931bf8-c1d9-4eb5-ae98-380886e7740c,CARVE_OUT,IND-000663,IND-000773,MEASURED,CONSERVATION_FAILURE,CONSERVATION_FAILURE,CONSERVATION_FAILURE
5032cea0-9932-45a3-8379-77d90f08602e,CARVE_OUT,IND-000665,,UNMEASURED,IDENTITY_UNCERTAINTY;TARGET_AREA_MISSING,IDENTITY_UNCERTAINTY,IDENTITY_UNCERTAINTY; TARGET_AREA_MISSING
5bd785d4-da82-4108-8bbd-174fd6f94102,CARVE_OUT,IND-000019,,UNMEASURED,IDENTITY_UNCERTAINTY;TARGET_AREA_MISSING,IDENTITY_UNCERTAINTY,IDENTITY_UNCERTAINTY; TARGET_AREA_MISSING
604e1366-3b54-4341-b430-68e44e145c06,CARVE_OUT,IND-000019,IND-000757,MEASURED,CONSERVATION_FAILURE,CONSERVATION_FAILURE,CONSERVATION_FAILURE
79af7e08-a65a-46b0-b259-ede708dacdc2,CARVE_OUT,IND-000672,IND-000776,MEASURED,CONSERVATION_FAILURE,CONSERVATION_FAILURE,CONSERVATION_FAILURE
8e7dc66c-87c4-480f-8fd9-42049938fece,CARVE_OUT,IND-000672,,UNMEASURED,IDENTITY_UNCERTAINTY;TARGET_AREA_MISSING,IDENTITY_UNCERTAINTY,IDENTITY_UNCERTAINTY; TARGET_AREA_MISSING
91ff1d5d-688e-472b-ac26-ec8dc5be491e,CARVE_OUT,IND-000663,IND-000773,MEASURED,CONSERVATION_FAILURE,CONSERVATION_FAILURE,CONSERVATION_FAILURE
9d04dcbc-0988-4aa1-97ef-29607e0ba335,CARVE_OUT,IND-000669,,UNMEASURED,IDENTITY_UNCERTAINTY;TARGET_AREA_MISSING,IDENTITY_UNCERTAINTY,IDENTITY_UNCERTAINTY; TARGET_AREA_MISSING
a5ab1912-76c2-450f-8404-d3e52cc9bacc,CARVE_OUT,IND-000663,,UNMEASURED,IDENTITY_UNCERTAINTY;TARGET_AREA_MISSING,IDENTITY_UNCERTAINTY,IDENTITY_UNCERTAINTY; TARGET_AREA_MISSING
b9739609-f30b-42d7-bd67-c023bf5fa402,CARVE_OUT,IND-000672,IND-000776,MEASURED,CONSERVATION_FAILURE,CONSERVATION_FAILURE,CONSERVATION_FAILURE
bd006fc3-4634-4848-9a05-596e6d4f3744,CARVE_OUT,IND-000666,,UNMEASURED,IDENTITY_UNCERTAINTY;TARGET_AREA_MISSING,IDENTITY_UNCERTAINTY,IDENTITY_UNCERTAINTY; TARGET_AREA_MISSING
bf2aee88-be8e-42d0-99ed-1c2cd73d5f82,CARVE_OUT,IND-000665,,UNMEASURED,IDENTITY_UNCERTAINTY;TARGET_AREA_MISSING,IDENTITY_UNCERTAINTY,IDENTITY_UNCERTAINTY; TARGET_AREA_MISSING
e0344fdf-3fdb-407a-9310-b31654b44ec7,CARVE_OUT,IND-000019,IND-000757,MEASURED,CONSERVATION_FAILURE,CONSERVATION_FAILURE,CONSERVATION_FAILURE
0b064fac-c400-4023-b045-5c3e1e5f3b29,CARVE_OUT,IND-000025,,UNMEASURED,IDENTITY_UNCERTAINTY;TARGET_AREA_MISSING,IDENTITY_UNCERTAINTY,IDENTITY_UNCERTAINTY; TARGET_AREA_MISSING
20c8ace7-3c07-4213-a4e9-a77b1dc8f1ef,CARVE_OUT,IND-000019,IND-000420,UNMEASURED,TARGET_AREA_MISSING,TARGET_AREA_MISSING,TARGET_AREA_MISSING
268ee117-7091-4ae0-9cd8-298d014a1612,CLEAN_SPLIT,,IND-000756,UNMEASURED,IDENTITY_UNCERTAINTY;PARENT_AREA_MISSING,IDENTITY_UNCERTAINTY,IDENTITY_UNCERTAINTY; PARENT_AREA_MISSING
2dc9dea2-cc7b-4197-b113-9a74466e581f,CARVE_OUT,IND-000025,IND-000752,MEASURED,CONSERVATION_FAILURE,CONSERVATION_FAILURE,CONSERVATION_FAILURE
38fb61e9-3c4a-4d5f-9b5e-c410035b2f49,CARVE_OUT,IND-000409,,UNMEASURED,IDENTITY_UNCERTAINTY;TARGET_AREA_MISSING,IDENTITY_UNCERTAINTY,IDENTITY_UNCERTAINTY; TARGET_AREA_MISSING
3f70c3cf-a409-4bc5-a9fd-7bd59ad56a06,CARVE_OUT,IND-000420,,UNMEASURED,IDENTITY_UNCERTAINTY;TARGET_AREA_MISSING,IDENTITY_UNCERTAINTY,IDENTITY_UNCERTAINTY; TARGET_AREA_MISSING
3ffe1771-be25-4bfd-b3a9-57f1fb682233,CARVE_OUT,IND-000020,,UNMEASURED,IDENTITY_UNCERTAINTY;TARGET_AREA_MISSING,IDENTITY_UNCERTAINTY,IDENTITY_UNCERTAINTY; TARGET_AREA_MISSING
432422cf-43f9-43e1-8a27-a3337e2b664f,CARVE_OUT,IND-000341,IND-000751,MEASURED,CONSERVATION_FAILURE,CONSERVATION_FAILURE,CONSERVATION_FAILURE
58b30421-212a-4c25-91e9-f3c04eed52c7,CARVE_OUT,IND-000341,,UNMEASURED,IDENTITY_UNCERTAINTY;TARGET_AREA_MISSING,IDENTITY_UNCERTAINTY,IDENTITY_UNCERTAINTY; TARGET_AREA_MISSING
5c614fe1-696f-408e-a69c-e5bdb8baa75d,CARVE_OUT,IND-000020,IND-000758,MEASURED,CONSERVATION_FAILURE,CONSERVATION_FAILURE,CONSERVATION_FAILURE
6c0f1493-615a-463c-98c5-6b8988116a55,CLEAN_SPLIT,,,UNMEASURED,IDENTITY_UNCERTAINTY;PARENT_AREA_MISSING;TARGET_AREA_MISSING,IDENTITY_UNCERTAINTY,IDENTITY_UNCERTAINTY; PARENT_AREA_MISSING; TARGET_AREA_MISSING
6f5fecbb-56f5-43ba-89a5-189c4d23609a,CARVE_OUT,IND-000019,,UNMEASURED,IDENTITY_UNCERTAINTY;TARGET_AREA_MISSING,IDENTITY_UNCERTAINTY,IDENTITY_UNCERTAINTY; TARGET_AREA_MISSING
7524f8d4-6dd8-4304-9148-15016b925206,CARVE_OUT,,IND-000756,UNMEASURED,IDENTITY_UNCERTAINTY;PARENT_AREA_MISSING,IDENTITY_UNCERTAINTY,IDENTITY_UNCERTAINTY; PARENT_AREA_MISSING
792e90a1-a354-4039-bf3d-3cbb46c42f87,CARVE_OUT,IND-000341,IND-000750,MEASURED,CONSERVATION_FAILURE,CONSERVATION_FAILURE,CONSERVATION_FAILURE
89ce26ab-05c3-4b69-930d-cccc0e05c6af,CARVE_OUT,IND-000422,IND-000758,MEASURED,CONSERVATION_FAILURE,CONSERVATION_FAILURE,CONSERVATION_FAILURE
8e10bbbc-b55d-45be-a241-891b784cb071,CARVE_OUT,IND-000712,,UNMEASURED,IDENTITY_UNCERTAINTY;TARGET_AREA_MISSING,IDENTITY_UNCERTAINTY,IDENTITY_UNCERTAINTY; TARGET_AREA_MISSING
9dc80b24-7f56-4265-a16e-e5b7f1609f46,CARVE_OUT,,IND-000420,UNMEASURED,IDENTITY_UNCERTAINTY;PARENT_AREA_MISSING;TARGET_AREA_MISSING,IDENTITY_UNCERTAINTY,IDENTITY_UNCERTAINTY; PARENT_AREA_MISSING; TARGET_AREA_MISSING
a4e205a1-61e9-41d2-a77a-7ce27b36485e,CARVE_OUT,IND-000506,,UNMEASURED,IDENTITY_UNCERTAINTY;TARGET_AREA_MISSING,IDENTITY_UNCERTAINTY,IDENTITY_UNCERTAINTY; TARGET_AREA_MISSING
b30a352d-8541-4876-bd68-3911f1dfdce9,CLEAN_SPLIT,,IND-000420,UNMEASURED,IDENTITY_UNCERTAINTY;PARENT_AREA_MISSING;TARGET_AREA_MISSING,IDENTITY_UNCERTAINTY,IDENTITY_UNCERTAINTY; PARENT_AREA_MISSING; TARGET_AREA_MISSING
be9747d2-5e42-426b-ad09-0f38c4d82e68,CARVE_OUT,IND-000341,IND-000750,MEASURED,CONSERVATION_FAILURE,CONSERVATION_FAILURE,CONSERVATION_FAILURE
de64eb3a-34b3-4160-92f4-2a16ead57a69,CARVE_OUT,IND-000506,IND-000756,MEASURED,CONSERVATION_FAILURE,CONSERVATION_FAILURE,CONSERVATION_FAILURE
e86c210c-0329-4e75-81a6-4a1df7cbc7b1,CLEAN_SPLIT,,,UNMEASURED,IDENTITY_UNCERTAINTY;PARENT_AREA_MISSING;TARGET_AREA_MISSING,IDENTITY_UNCERTAINTY,IDENTITY_UNCERTAINTY; PARENT_AREA_MISSING; TARGET_AREA_MISSING
e8cae023-e9a2-497a-bf00-b39941f16f05,CARVE_OUT,IND-000422,,UNMEASURED,IDENTITY_UNCERTAINTY;TARGET_AREA_MISSING,IDENTITY_UNCERTAINTY,IDENTITY_UNCERTAINTY; TARGET_AREA_MISSING
eb411d0a-5cee-44fd-9c92-daf4233e11ca,CARVE_OUT,IND-000341,IND-000751,MEASURED,CONSERVATION_FAILURE,CONSERVATION_FAILURE,CONSERVATION_FAILURE
ec909699-7c97-48ce-9df8-02d01ca272c4,CARVE_OUT,IND-000420,,UNMEASURED,IDENTITY_UNCERTAINTY;TARGET_AREA_MISSING,IDENTITY_UNCERTAINTY,IDENTITY_UNCERTAINTY; TARGET_AREA_MISSING
f1ea122b-6fc1-4a78-a401-14d026217618,CARVE_OUT,IND-000020,IND-000758,MEASURED,CONSERVATION_FAILURE,CONSERVATION_FAILURE,CONSERVATION_FAILURE
fbdc99da-cd3b-4ee1-9f62-4062d00e18ce,CARVE_OUT,IND-000025,IND-000752,MEASURED,CONSERVATION_FAILURE,CONSERVATION_FAILURE,CONSERVATION_FAILURE
118c5ddb-b533-45dd-bd8e-c32c20acdc6e,CARVE_OUT,IND-000456,IND-000742,MEASURED,CONSERVATION_FAILURE,CONSERVATION_FAILURE,CONSERVATION_FAILURE
dae500e1-2c34-46cd-aeb5-e2a2bad2f8de,CARVE_OUT,IND-000456,,UNMEASURED,IDENTITY_UNCERTAINTY;TARGET_AREA_MISSING,IDENTITY_UNCERTAINTY,IDENTITY_UNCERTAINTY; TARGET_AREA_MISSING
f2b85cf3-4425-4bb4-9091-1ff56f10b623,CARVE_OUT,IND-000456,IND-000742,MEASURED,CONSERVATION_FAILURE,CONSERVATION_FAILURE,CONSERVATION_FAILURE
0aab1525-5678-4cdc-b99a-5d8c63bcd364,CARVE_OUT,IND-000317,IND-000731,MEASURED,CONSERVATION_FAILURE,CONSERVATION_FAILURE,CONSERVATION_FAILURE
11e5cc63-bdd2-4d1e-9261-d00bcce23c70,CLEAN_SPLIT,,IND-000802,UNMEASURED,IDENTITY_UNCERTAINTY;PARENT_AREA_MISSING,IDENTITY_UNCERTAINTY,IDENTITY_UNCERTAINTY; PARENT_AREA_MISSING
1317f72e-85e8-452a-ab53-b2fd73a8cc57,CARVE_OUT,IND-000427,IND-000727,MEASURED,CONSERVATION_FAILURE,CONSERVATION_FAILURE,CONSERVATION_FAILURE
173bf2fe-208f-461d-93b5-f1eada2f986f,CARVE_OUT,IND-000427,IND-000726,MEASURED,CONSERVATION_FAILURE,CONSERVATION_FAILURE,CONSERVATION_FAILURE
2e44cca1-7966-48e0-bfdc-61645e30d80c,CARVE_OUT,IND-000427,IND-000727,MEASURED,CONSERVATION_FAILURE,CONSERVATION_FAILURE,CONSERVATION_FAILURE
3e57d40a-2e2f-4381-a070-ed90c4a207c3,CARVE_OUT,IND-000338,IND-000727,MEASURED,CONSERVATION_FAILURE,CONSERVATION_FAILURE,CONSERVATION_FAILURE
4be3e659-a88b-4125-8c4c-d76fde9f871e,CARVE_OUT,,IND-000802,UNMEASURED,IDENTITY_UNCERTAINTY;PARENT_AREA_MISSING,IDENTITY_UNCERTAINTY,IDENTITY_UNCERTAINTY; PARENT_AREA_MISSING
54753d13-10a8-49b4-88b7-64e9ae2868e4,CARVE_OUT,IND-000539,IND-000735,MEASURED,CONSERVATION_FAILURE,CONSERVATION_FAILURE,CONSERVATION_FAILURE
655f3b39-7ada-4be9-91ca-1895fde1bf9b,CARVE_OUT,IND-000539,IND-000735,MEASURED,CONSERVATION_FAILURE,CONSERVATION_FAILURE,CONSERVATION_FAILURE
69e33866-2b19-4e4a-bf8e-f708999a7541,CARVE_OUT,IND-000429,,UNMEASURED,IDENTITY_UNCERTAINTY;TARGET_AREA_MISSING,IDENTITY_UNCERTAINTY,IDENTITY_UNCERTAINTY; TARGET_AREA_MISSING
7e4abbfc-ee2e-4b2b-9c47-6bdb987c70ac,CARVE_OUT,IND-000429,IND-000725,MEASURED,CONSERVATION_FAILURE,CONSERVATION_FAILURE,CONSERVATION_FAILURE
7f96b67c-a6da-4191-8ee0-b5fa0b124ff1,CARVE_OUT,,,UNMEASURED,IDENTITY_UNCERTAINTY;PARENT_AREA_MISSING;TARGET_AREA_MISSING,IDENTITY_UNCERTAINTY,IDENTITY_UNCERTAINTY; PARENT_AREA_MISSING; TARGET_AREA_MISSING
813ffff7-7d92-42f8-a5ae-1fc2ec9c66c3,CARVE_OUT,IND-000339,IND-000729,MEASURED,CONSERVATION_FAILURE,CONSERVATION_FAILURE,CONSERVATION_FAILURE
83517e3f-ce13-4d5f-862b-8f312865c0a8,CARVE_OUT,IND-000539,,UNMEASURED,IDENTITY_UNCERTAINTY;TARGET_AREA_MISSING,IDENTITY_UNCERTAINTY,IDENTITY_UNCERTAINTY; TARGET_AREA_MISSING
ac201052-38d2-48c2-ad0d-38c074247128,CARVE_OUT,IND-000340,,UNMEASURED,IDENTITY_UNCERTAINTY;TARGET_AREA_MISSING,IDENTITY_UNCERTAINTY,IDENTITY_UNCERTAINTY; TARGET_AREA_MISSING
b3fcd793-922e-4e06-99d5-e32faa66ef0b,CARVE_OUT,IND-000427,,UNMEASURED,IDENTITY_UNCERTAINTY;TARGET_AREA_MISSING,IDENTITY_UNCERTAINTY,IDENTITY_UNCERTAINTY; TARGET_AREA_MISSING
b85b08fc-41f7-44c3-b813-3ebdd67a3873,CARVE_OUT,IND-000249,IND-000733,MEASURED,CONSERVATION_FAILURE,CONSERVATION_FAILURE,CONSERVATION_FAILURE
b8b8b375-02d4-4b63-9335-ab1e10b07ad3,CARVE_OUT,IND-000349,IND-000734,MEASURED,CONSERVATION_FAILURE,CONSERVATION_FAILURE,CONSERVATION_FAILURE
ba3fe8d5-0dee-48d6-a023-0751ef3123f4,CARVE_OUT,IND-000339,IND-000729,MEASURED,CONSERVATION_FAILURE,CONSERVATION_FAILURE,CONSERVATION_FAILURE
bd94ec90-d0cc-459a-81ed-1cb515324c54,CARVE_OUT,IND-000427,IND-000726,MEASURED,CONSERVATION_FAILURE,CONSERVATION_FAILURE,CONSERVATION_FAILURE
c45d31f5-ba86-48f6-b2db-3879dc48e185,CARVE_OUT,IND-000249,,UNMEASURED,IDENTITY_UNCERTAINTY;TARGET_AREA_MISSING,IDENTITY_UNCERTAINTY,IDENTITY_UNCERTAINTY; TARGET_AREA_MISSING
cc630202-debc-4bfb-b66a-a9d497564653,CARVE_OUT,IND-000339,IND-000728,MEASURED,CONSERVATION_FAILURE,CONSERVATION_FAILURE,CONSERVATION_FAILURE
cc78c592-1cf5-4815-81bd-757127bd8abf,CARVE_OUT,IND-000339,IND-000728,MEASURED,CONSERVATION_FAILURE,CONSERVATION_FAILURE,CONSERVATION_FAILURE
d10f9dae-e7dc-49e9-862f-b9cbe22f472f,CARVE_OUT,IND-000429,IND-000725,MEASURED,CONSERVATION_FAILURE,CONSERVATION_FAILURE,CONSERVATION_FAILURE
ded82ccb-daa2-4249-b063-5ab46d6b11e8,CARVE_OUT,IND-000249,IND-000733,MEASURED,CONSERVATION_FAILURE,CONSERVATION_FAILURE,CONSERVATION_FAILURE
e0a4261d-b551-4c83-9416-d1ffd712c7e7,CARVE_OUT,IND-000349,IND-000734,MEASURED,CONSERVATION_FAILURE,CONSERVATION_FAILURE,CONSERVATION_FAILURE
e5be50ff-ab8d-4fd1-adbf-f1ad084e36bb,CARVE_OUT,IND-000317,,UNMEASURED,IDENTITY_UNCERTAINTY;TARGET_AREA_MISSING,IDENTITY_UNCERTAINTY,IDENTITY_UNCERTAINTY; TARGET_AREA_MISSING
e8c78cbc-e8f4-4b57-bc11-53bbb0a7b1ee,CLEAN_SPLIT,,,UNMEASURED,IDENTITY_UNCERTAINTY;PARENT_AREA_MISSING;TARGET_AREA_MISSING,IDENTITY_UNCERTAINTY,IDENTITY_UNCERTAINTY; PARENT_AREA_MISSING; TARGET_AREA_MISSING
e9635696-79d7-4f40-a91e-57ba3f854861,CARVE_OUT,,IND-000727,UNMEASURED,IDENTITY_UNCERTAINTY;PARENT_AREA_MISSING,IDENTITY_UNCERTAINTY,IDENTITY_UNCERTAINTY; PARENT_AREA_MISSING
e9801f6e-0552-47ed-a5bf-971783393482,CARVE_OUT,IND-000317,IND-000731,MEASURED,CONSERVATION_FAILURE,CONSERVATION_FAILURE,CONSERVATION_FAILURE
fad8a1e2-41ae-4d2c-9aa1-d9abc82f5b10,CARVE_OUT,IND-000339,,UNMEASURED,IDENTITY_UNCERTAINTY;TARGET_AREA_MISSING,IDENTITY_UNCERTAINTY,IDENTITY_UNCERTAINTY; TARGET_AREA_MISSING
feebf22d-8f3d-4c33-96a4-a6fb8e52d152,CARVE_OUT,IND-000349,,UNMEASURED,IDENTITY_UNCERTAINTY;TARGET_AREA_MISSING,IDENTITY_UNCERTAINTY,IDENTITY_UNCERTAINTY; TARGET_AREA_MISSING
05aab76a-c10e-49bb-a1ce-d80e199a29b2,CLEAN_SPLIT,IND-000360,IND-000762,UNMEASURED,PARENT_AREA_MISSING,PARENT_AREA_MISSING,PARENT_AREA_MISSING
10c24980-cf68-48fa-b574-0d21a41fd220,CLEAN_SPLIT,IND-000662,IND-000697,UNMEASURED,TARGET_AREA_MISSING,TARGET_AREA_MISSING,TARGET_AREA_MISSING
184fb9f0-dc9a-4931-8aae-5f1701e1ea3f,CARVE_OUT,,IND-000662,UNMEASURED,IDENTITY_UNCERTAINTY;PARENT_AREA_MISSING,IDENTITY_UNCERTAINTY,IDENTITY_UNCERTAINTY; PARENT_AREA_MISSING
2116e99b-74c8-4a29-adc0-0adff5ff2ea6,CARVE_OUT,IND-000661,IND-000770,MEASURED,CONSERVATION_FAILURE,CONSERVATION_FAILURE,CONSERVATION_FAILURE
28249b42-17b4-4a10-b034-11d075116dd1,CARVE_OUT,IND-000360,IND-000763,UNMEASURED,PARENT_AREA_MISSING,PARENT_AREA_MISSING,PARENT_AREA_MISSING
3e7456e2-5e36-4684-887d-c11931d3bb05,CARVE_OUT,IND-000898,,UNMEASURED,IDENTITY_UNCERTAINTY;TARGET_AREA_MISSING,IDENTITY_UNCERTAINTY,IDENTITY_UNCERTAINTY; TARGET_AREA_MISSING
8c44c6ff-1eb4-4f39-bc88-1b1f2bc380e9,CARVE_OUT,IND-000796,IND-000797,UNMEASURED,PARENT_AREA_MISSING,PARENT_AREA_MISSING,PARENT_AREA_MISSING
98056949-feff-471f-818d-465a2d738426,CARVE_OUT,IND-000532,IND-000797,UNMEASURED,PARENT_AREA_MISSING,PARENT_AREA_MISSING,PARENT_AREA_MISSING
9b96f0c9-7acd-4f48-8af1-59c58bdcb50f,CARVE_OUT,IND-000765,,UNMEASURED,IDENTITY_UNCERTAINTY;TARGET_AREA_MISSING,IDENTITY_UNCERTAINTY,IDENTITY_UNCERTAINTY; TARGET_AREA_MISSING
a8944c2a-ee83-49ef-b95a-c0df2427a22c,CARVE_OUT,IND-000327,,UNMEASURED,IDENTITY_UNCERTAINTY;TARGET_AREA_MISSING,IDENTITY_UNCERTAINTY,IDENTITY_UNCERTAINTY; TARGET_AREA_MISSING
ad921dd0-5f47-4355-b3ee-55dccec8f8de,CLEAN_SPLIT,IND-000360,IND-000763,UNMEASURED,PARENT_AREA_MISSING,PARENT_AREA_MISSING,PARENT_AREA_MISSING
baffbecd-946b-45f8-b64d-e5a507d39d0a,CARVE_OUT,IND-000661,,UNMEASURED,IDENTITY_UNCERTAINTY;TARGET_AREA_MISSING,IDENTITY_UNCERTAINTY,IDENTITY_UNCERTAINTY; TARGET_AREA_MISSING
c285ee1b-d90c-49c4-b5f7-c4a48b4fb825,CARVE_OUT,IND-000765,IND-000766,MEASURED,CONSERVATION_FAILURE,CONSERVATION_FAILURE,CONSERVATION_FAILURE
c85dbaff-0607-404c-96e4-0f2f26811191,CLEAN_SPLIT,IND-000662,,UNMEASURED,IDENTITY_UNCERTAINTY;TARGET_AREA_MISSING,IDENTITY_UNCERTAINTY,IDENTITY_UNCERTAINTY; TARGET_AREA_MISSING
d5fb28d4-6dd7-49fd-b3c3-e0d4931ef142,CARVE_OUT,IND-000796,,UNMEASURED,IDENTITY_UNCERTAINTY;PARENT_AREA_MISSING;TARGET_AREA_MISSING,IDENTITY_UNCERTAINTY,IDENTITY_UNCERTAINTY; PARENT_AREA_MISSING; TARGET_AREA_MISSING
e2037173-b792-4461-a961-02db3669e1de,CARVE_OUT,IND-000789,,UNMEASURED,IDENTITY_UNCERTAINTY;TARGET_AREA_MISSING,IDENTITY_UNCERTAINTY,IDENTITY_UNCERTAINTY; TARGET_AREA_MISSING
f7101c20-be70-4ad8-b6d1-ec014a7874fb,CARVE_OUT,IND-000661,IND-000770,MEASURED,CONSERVATION_FAILURE,CONSERVATION_FAILURE,CONSERVATION_FAILURE
f93d27fd-0dc7-4977-97ac-5fbe8e9b2ea5,CARVE_OUT,IND-000662,IND-000697,UNMEASURED,TARGET_AREA_MISSING,TARGET_AREA_MISSING,TARGET_AREA_MISSING
fbde7320-06fc-4211-a007-4329211d04fe,CARVE_OUT,IND-000765,IND-000766,MEASURED,CONSERVATION_FAILURE,CONSERVATION_FAILURE,CONSERVATION_FAILURE
01c15e1c-06f7-4669-bba3-c4d9cd16f90f,CARVE_OUT,IND-000087,IND-000744,UNMEASURED,TARGET_AREA_MISSING,TARGET_AREA_MISSING,TARGET_AREA_MISSING
0f0ddbab-792c-4904-8b82-81d4eec82ab1,CARVE_OUT,IND-000260,,UNMEASURED,IDENTITY_UNCERTAINTY;TARGET_AREA_MISSING,IDENTITY_UNCERTAINTY,IDENTITY_UNCERTAINTY; TARGET_AREA_MISSING
11378c49-1387-4f7e-8457-b5822eb43241,CARVE_OUT,IND-000087,IND-000744,UNMEASURED,TARGET_AREA_MISSING,TARGET_AREA_MISSING,TARGET_AREA_MISSING
1cef362e-4187-4076-a84d-155f5464f015,CARVE_OUT,IND-000087,,UNMEASURED,IDENTITY_UNCERTAINTY;TARGET_AREA_MISSING,IDENTITY_UNCERTAINTY,IDENTITY_UNCERTAINTY; TARGET_AREA_MISSING
65725bc7-906d-4fb9-96c3-d035b8be7a01,CARVE_OUT,IND-000260,,UNMEASURED,IDENTITY_UNCERTAINTY;TARGET_AREA_MISSING,IDENTITY_UNCERTAINTY,IDENTITY_UNCERTAINTY; TARGET_AREA_MISSING
9f3804ac-8465-47ea-aad4-e28c2b1bd5ef,CARVE_OUT,IND-000449,IND-000743,MEASURED,CONSERVATION_FAILURE,CONSERVATION_FAILURE,CONSERVATION_FAILURE
b1b63888-c5c8-4d41-983e-628daefebac4,CARVE_OUT,IND-000449,IND-000743,MEASURED,CONSERVATION_FAILURE,CONSERVATION_FAILURE,CONSERVATION_FAILURE
eb364376-675c-4d9f-b9f1-da2fcfaaeb3f,CARVE_OUT,IND-000449,,UNMEASURED,IDENTITY_UNCERTAINTY;TARGET_AREA_MISSING,IDENTITY_UNCERTAINTY,IDENTITY_UNCERTAINTY; TARGET_AREA_MISSING
ef2c361a-5a4f-4def-a31c-90e26f755996,CARVE_OUT,IND-000260,IND-000745,MEASURED,CONSERVATION_FAILURE,CONSERVATION_FAILURE,CONSERVATION_FAILURE
1ef05969-428e-42b4-9598-5cfafd994032,CARVE_OUT,,IND-000801,UNMEASURED,IDENTITY_UNCERTAINTY;PARENT_AREA_MISSING,IDENTITY_UNCERTAINTY,IDENTITY_UNCERTAINTY; PARENT_AREA_MISSING
4c024612-3d01-43a3-87be-9b87f1c826b8,CARVE_OUT,IND-000795,IND-000801,UNMEASURED,PARENT_AREA_MISSING,PARENT_AREA_MISSING,PARENT_AREA_MISSING
5acd6040-f1a2-4b39-94ec-b89d5bc809c4,CARVE_OUT,IND-000787,IND-000788,MEASURED,CONSERVATION_FAILURE,CONSERVATION_FAILURE,CONSERVATION_FAILURE
736ba40a-dbc0-4306-b463-8cdcb5d09f82,CARVE_OUT,IND-000787,,UNMEASURED,IDENTITY_UNCERTAINTY;TARGET_AREA_MISSING,IDENTITY_UNCERTAINTY,IDENTITY_UNCERTAINTY; TARGET_AREA_MISSING
9757369b-6383-4681-b39b-28d5ba09c18e,CARVE_OUT,IND-000411,,UNMEASURED,IDENTITY_UNCERTAINTY;PARENT_AREA_MISSING;TARGET_AREA_MISSING,IDENTITY_UNCERTAINTY,IDENTITY_UNCERTAINTY; PARENT_AREA_MISSING; TARGET_AREA_MISSING
a44d1dd0-6ca2-446d-9fd1-b4d3f04b1afe,CARVE_OUT,IND-000795,,UNMEASURED,IDENTITY_UNCERTAINTY;PARENT_AREA_MISSING;TARGET_AREA_MISSING,IDENTITY_UNCERTAINTY,IDENTITY_UNCERTAINTY; PARENT_AREA_MISSING; TARGET_AREA_MISSING
cfe15f88-a976-4bd7-911f-165d495e2e26,CARVE_OUT,IND-000411,IND-000801,UNMEASURED,PARENT_AREA_MISSING,PARENT_AREA_MISSING,PARENT_AREA_MISSING
ff8d634d-5ef5-497a-89d6-f963ea32a9aa,CARVE_OUT,IND-000787,IND-000788,MEASURED,CONSERVATION_FAILURE,CONSERVATION_FAILURE,CONSERVATION_FAILURE
4df8d7e7-a9d0-4259-9868-d5dfe343ce4b,CLEAN_SPLIT,IND-000290,IND-000852,UNMEASURED,TARGET_AREA_MISSING,TARGET_AREA_MISSING,TARGET_AREA_MISSING
5a0bb03a-aa97-44ac-b476-d4c7c2e40551,CARVE_OUT,,IND-000852,UNMEASURED,IDENTITY_UNCERTAINTY;PARENT_AREA_MISSING;TARGET_AREA_MISSING,IDENTITY_UNCERTAINTY,IDENTITY_UNCERTAINTY; PARENT_AREA_MISSING; TARGET_AREA_MISSING
6ff81d97-b9b6-4759-b28b-022ebf7515c1,CARVE_OUT,IND-000297,IND-000852,UNMEASURED,TARGET_AREA_MISSING,TARGET_AREA_MISSING,TARGET_AREA_MISSING
7eec6112-d014-4c39-b81c-40901f381341,CARVE_OUT,IND-000297,,UNMEASURED,IDENTITY_UNCERTAINTY;TARGET_AREA_MISSING,IDENTITY_UNCERTAINTY,IDENTITY_UNCERTAINTY; TARGET_AREA_MISSING
80b1b52b-56ae-4d57-9f93-8c7b4f4eab34,CLEAN_SPLIT,IND-000290,,UNMEASURED,IDENTITY_UNCERTAINTY;TARGET_AREA_MISSING,IDENTITY_UNCERTAINTY,IDENTITY_UNCERTAINTY; TARGET_AREA_MISSING
091cf6ff-fb4c-4670-8e44-0333ee33ab19,RENAME,IND-000555,,UNMEASURED,PARENT_AREA_MISSING,PARENT_AREA_MISSING,PARENT_AREA_MISSING
0c94727f-67d3-42bf-83f8-ae68070d8839,RENAME,IND-000745,,UNMEASURED,PARENT_AREA_MISSING,PARENT_AREA_MISSING,PARENT_AREA_MISSING
169b5e3e-19a0-43cb-9fb9-0a7d9ff2656b,CARVE_OUT,IND-000263,IND-000859,MEASURED,CONSERVATION_FAILURE,CONSERVATION_FAILURE,CONSERVATION_FAILURE
175a3988-d6d1-486c-b789-93495960536c,CARVE_OUT,IND-000264,IND-000859,MEASURED,CONSERVATION_FAILURE,CONSERVATION_FAILURE,CONSERVATION_FAILURE
1efab99a-bc07-4594-a0e1-77e31cc7a1a0,RENAME,IND-000791,,UNMEASURED,PARENT_AREA_MISSING,PARENT_AREA_MISSING,PARENT_AREA_MISSING
23a22154-dcf5-4bc3-afa5-92f52030cc49,RENAME,,IND-000707,UNMEASURED,IDENTITY_UNCERTAINTY;PARENT_AREA_MISSING,IDENTITY_UNCERTAINTY,IDENTITY_UNCERTAINTY; PARENT_AREA_MISSING
2ef6c264-dc2f-466b-870f-95f9f1920024,CARVE_OUT,IND-000264,,UNMEASURED,IDENTITY_UNCERTAINTY;TARGET_AREA_MISSING,IDENTITY_UNCERTAINTY,IDENTITY_UNCERTAINTY; TARGET_AREA_MISSING
3032148a-0c74-4907-aca5-bf8ed7cd2667,CARVE_OUT,IND-000250,,UNMEASURED,IDENTITY_UNCERTAINTY;TARGET_AREA_MISSING,IDENTITY_UNCERTAINTY,IDENTITY_UNCERTAINTY; TARGET_AREA_MISSING
34d66b01-5631-4464-9026-99b6a35d5b00,RENAME,,IND-000859,UNMEASURED,IDENTITY_UNCERTAINTY;PARENT_AREA_MISSING,IDENTITY_UNCERTAINTY,IDENTITY_UNCERTAINTY; PARENT_AREA_MISSING
3a5314e2-d2de-4094-9ddb-7009ce633ad6,RENAME,,IND-000836,UNMEASURED,IDENTITY_UNCERTAINTY;PARENT_AREA_MISSING,IDENTITY_UNCERTAINTY,IDENTITY_UNCERTAINTY; PARENT_AREA_MISSING
3cd06bff-7efe-4ce4-9cbc-2d23c7752771,CARVE_OUT,IND-000650,,UNMEASURED,IDENTITY_UNCERTAINTY;TARGET_AREA_MISSING,IDENTITY_UNCERTAINTY,IDENTITY_UNCERTAINTY; TARGET_AREA_MISSING
4525acb4-ace5-4501-9916-f70405f0331f,RENAME,IND-000742,,UNMEASURED,PARENT_AREA_MISSING,PARENT_AREA_MISSING,PARENT_AREA_MISSING
582be224-5352-47f5-9689-1ba4c98cdf3f,CARVE_OUT,IND-000263,,UNMEASURED,IDENTITY_UNCERTAINTY;TARGET_AREA_MISSING,IDENTITY_UNCERTAINTY,IDENTITY_UNCERTAINTY; TARGET_AREA_MISSING
5937f02d-3408-4008-86a1-dfc073deaa79,CARVE_OUT,IND-000416,,UNMEASURED,IDENTITY_UNCERTAINTY;TARGET_AREA_MISSING,IDENTITY_UNCERTAINTY,IDENTITY_UNCERTAINTY; TARGET_AREA_MISSING
5ee78df3-d82e-49ce-9fb7-30b2f8dc71de,RENAME,,IND-000326,UNMEASURED,IDENTITY_UNCERTAINTY;PARENT_AREA_MISSING,IDENTITY_UNCERTAINTY,IDENTITY_UNCERTAINTY; PARENT_AREA_MISSING
62f5ddad-877b-4153-9289-dbedf6261159,RENAME,IND-000449,IND-000240,MEASURED,RENAME_INCONSISTENCY,RENAME_INCONSISTENCY,RENAME_INCONSISTENCY
6b2414ae-6d94-4f13-8b5a-67b798c502a9,CARVE_OUT,IND-000253,IND-000884,MEASURED,CONSERVATION_FAILURE,CONSERVATION_FAILURE,CONSERVATION_FAILURE
6cc9fcbe-7d63-4d79-b4c3-424d20a8868b,RENAME,IND-000016,IND-000332,UNMEASURED,PARENT_AREA_MISSING,PARENT_AREA_MISSING,PARENT_AREA_MISSING
778c298e-ef7d-49b9-b849-a77963097d9a,CARVE_OUT,IND-000250,IND-000886,MEASURED,CONSERVATION_FAILURE,CONSERVATION_FAILURE,CONSERVATION_FAILURE
8598df48-b661-401d-865c-833604ac486e,CARVE_OUT,IND-000253,,UNMEASURED,IDENTITY_UNCERTAINTY;TARGET_AREA_MISSING,IDENTITY_UNCERTAINTY,IDENTITY_UNCERTAINTY; TARGET_AREA_MISSING
9366e06f-de94-4126-a94a-896fbf269c84,CARVE_OUT,IND-000650,IND-000845,MEASURED,CONSERVATION_FAILURE,CONSERVATION_FAILURE,CONSERVATION_FAILURE
9c4cc4c2-a237-4381-b9f0-f1511a7ee3af,RENAME,IND-000553,,UNMEASURED,PARENT_AREA_MISSING,PARENT_AREA_MISSING,PARENT_AREA_MISSING
a17a092a-308d-4be1-9745-4cc9dc8d69e0,RENAME,IND-000558,,UNMEASURED,PARENT_AREA_MISSING,PARENT_AREA_MISSING,PARENT_AREA_MISSING
adf3fc0f-853f-463a-9692-e9abcf596932,CARVE_OUT,IND-000650,IND-000845,MEASURED,CONSERVATION_FAILURE,CONSERVATION_FAILURE,CONSERVATION_FAILURE
b33caefe-bed3-448c-90ba-b804b3123f71,RENAME,IND-000560,,UNMEASURED,PARENT_AREA_MISSING,PARENT_AREA_MISSING,PARENT_AREA_MISSING
c62f0269-2129-44b0-98c9-63dba213d276,RENAME,IND-000734,,UNMEASURED,PARENT_AREA_MISSING,PARENT_AREA_MISSING,PARENT_AREA_MISSING
cac824a5-b1f4-4be6-9ec3-480b5abd1eec,CARVE_OUT,IND-000416,,UNMEASURED,IDENTITY_UNCERTAINTY;TARGET_AREA_MISSING,IDENTITY_UNCERTAINTY,IDENTITY_UNCERTAINTY; TARGET_AREA_MISSING
d9692acd-e5d4-4b0e-bf71-56b681dd99bf,RENAME,IND-000829,,UNMEASURED,PARENT_AREA_MISSING,PARENT_AREA_MISSING,PARENT_AREA_MISSING
e050c40f-6ee0-4128-9e57-325370661735,RENAME,,IND-000884,UNMEASURED,IDENTITY_UNCERTAINTY;PARENT_AREA_MISSING,IDENTITY_UNCERTAINTY,IDENTITY_UNCERTAINTY; PARENT_AREA_MISSING
e2ea4cc1-7fbb-47c0-bcdd-8246cdd3c515,CARVE_OUT,IND-000253,,UNMEASURED,IDENTITY_UNCERTAINTY;TARGET_AREA_MISSING,IDENTITY_UNCERTAINTY,IDENTITY_UNCERTAINTY; TARGET_AREA_MISSING
e6469962-be57-4d32-ab73-77f1b6a8f6ee,CARVE_OUT,IND-000732,,UNMEASURED,IDENTITY_UNCERTAINTY;TARGET_AREA_MISSING,IDENTITY_UNCERTAINTY,IDENTITY_UNCERTAINTY; TARGET_AREA_MISSING
e74de32b-979d-4a0a-a769-de981061215f,CARVE_OUT,,,UNMEASURED,IDENTITY_UNCERTAINTY;PARENT_AREA_MISSING;TARGET_AREA_MISSING,IDENTITY_UNCERTAINTY,IDENTITY_UNCERTAINTY; PARENT_AREA_MISSING; TARGET_AREA_MISSING
f36e875b-001c-435f-bbe6-740da0f751f0,CARVE_OUT,IND-000250,IND-000886,MEASURED,CONSERVATION_FAILURE,CONSERVATION_FAILURE,CONSERVATION_FAILURE
06821f2f-ea96-45fc-b88e-17993bd3cf3f,CARVE_OUT,IND-000560,,UNMEASURED,IDENTITY_UNCERTAINTY;TARGET_AREA_MISSING,IDENTITY_UNCERTAINTY,IDENTITY_UNCERTAINTY; TARGET_AREA_MISSING
06f2add2-617c-4513-a87c-0262e7941a82,CARVE_OUT,,IND-000857,UNMEASURED,IDENTITY_UNCERTAINTY;PARENT_AREA_MISSING,IDENTITY_UNCERTAINTY,IDENTITY_UNCERTAINTY; PARENT_AREA_MISSING
07c6c190-c97b-4720-bdf9-c1c3fed2965e,CARVE_OUT,IND-000650,IND-000578,UNMEASURED,TARGET_AREA_MISSING,TARGET_AREA_MISSING,TARGET_AREA_MISSING
0ac53694-1003-43f9-b130-fd008e1394df,CARVE_OUT,IND-000654,IND-000847,UNMEASURED,PARENT_AREA_MISSING,PARENT_AREA_MISSING,PARENT_AREA_MISSING
14364838-1057-4f6c-851b-51c86f216901,CARVE_OUT,IND-000559,,UNMEASURED,IDENTITY_UNCERTAINTY;TARGET_AREA_MISSING,IDENTITY_UNCERTAINTY,IDENTITY_UNCERTAINTY; TARGET_AREA_MISSING
197b80a4-b5b1-429f-a17a-c5f2ae45b991,CLEAN_SPLIT,IND-000391,IND-000840,MEASURED,CONSERVATION_FAILURE,CONSERVATION_FAILURE,CONSERVATION_FAILURE
257b4378-9ec2-4edd-b241-f516cc61b387,CARVE_OUT,IND-000393,IND-000854,MEASURED,CONSERVATION_FAILURE,CONSERVATION_FAILURE,CONSERVATION_FAILURE
2fa6d566-3a2a-4213-956b-8471ee054a23,CARVE_OUT,IND-000769,IND-000902,MEASURED,CONSERVATION_FAILURE,CONSERVATION_FAILURE,CONSERVATION_FAILURE
3b2c3d5c-5d49-40fc-80ba-7dccdc9d8a3d,CARVE_OUT,IND-000662,,UNMEASURED,IDENTITY_UNCERTAINTY;TARGET_AREA_MISSING,IDENTITY_UNCERTAINTY,IDENTITY_UNCERTAINTY; TARGET_AREA_MISSING
3ff4c7c4-2899-4b50-a15f-4050c6ac7b32,CARVE_OUT,IND-000556,,UNMEASURED,IDENTITY_UNCERTAINTY;TARGET_AREA_MISSING,IDENTITY_UNCERTAINTY,IDENTITY_UNCERTAINTY; TARGET_AREA_MISSING
41a91c34-32c5-4eec-a17c-ae3a6a4c7449,CARVE_OUT,IND-000353,IND-000856,MEASURED,CONSERVATION_FAILURE,CONSERVATION_FAILURE,CONSERVATION_FAILURE
44a1a0d5-40ba-4340-9606-5d9952312de0,CARVE_OUT,IND-000606,,UNMEASURED,IDENTITY_UNCERTAINTY;TARGET_AREA_MISSING,IDENTITY_UNCERTAINTY,IDENTITY_UNCERTAINTY; TARGET_AREA_MISSING
477290ef-6700-4d31-a677-a35dc3063c24,CARVE_OUT,IND-000657,IND-000901,MEASURED,CONSERVATION_FAILURE,CONSERVATION_FAILURE,CONSERVATION_FAILURE
482b0338-70c1-4ea4-aada-42ec5e79465d,CARVE_OUT,IND-000353,IND-000856,MEASURED,CONSERVATION_FAILURE,CONSERVATION_FAILURE,CONSERVATION_FAILURE
4c8d3125-3bfa-4286-ae08-92efa90950d0,CARVE_OUT,IND-000657,IND-000846,MEASURED,CONSERVATION_FAILURE,CONSERVATION_FAILURE,CONSERVATION_FAILURE
54317bcd-8f2d-48f9-9dba-73aaa95974e6,CARVE_OUT,IND-000354,,UNMEASURED,IDENTITY_UNCERTAINTY;TARGET_AREA_MISSING,IDENTITY_UNCERTAINTY,IDENTITY_UNCERTAINTY; TARGET_AREA_MISSING
5a91988b-7ad6-4e66-8595-306c195cd3e5,CARVE_OUT,IND-000650,IND-000578,UNMEASURED,TARGET_AREA_MISSING,TARGET_AREA_MISSING,TARGET_AREA_MISSING
5bbec809-15c8-49eb-9c40-39c1b6f86bf9,CARVE_OUT,IND-000394,IND-000855,MEASURED,CONSERVATION_FAILURE,CONSERVATION_FAILURE,CONSERVATION_FAILURE
5d1e0ec0-6c8d-4872-a956-613795d87b74,CARVE_OUT,IND-000353,,UNMEASURED,IDENTITY_UNCERTAINTY;TARGET_AREA_MISSING,IDENTITY_UNCERTAINTY,IDENTITY_UNCERTAINTY; TARGET_AREA_MISSING
67cad0c3-eb18-4683-8ea7-2d93613948fa,CARVE_OUT,IND-000393,IND-000854,MEASURED,CONSERVATION_FAILURE,CONSERVATION_FAILURE,CONSERVATION_FAILURE
67d1edb6-d6ef-411a-bb4a-a2db05491c92,CARVE_OUT,IND-000654,IND-000847,UNMEASURED,PARENT_AREA_MISSING,PARENT_AREA_MISSING,PARENT_AREA_MISSING
6a7993b4-eace-47e2-8ea6-66b014cc0b09,CARVE_OUT,IND-000353,IND-000843,MEASURED,CONSERVATION_FAILURE,CONSERVATION_FAILURE,CONSERVATION_FAILURE
6bafae74-4c7d-4386-b7d6-4748dd225def,CARVE_OUT,IND-000354,,UNMEASURED,IDENTITY_UNCERTAINTY;TARGET_AREA_MISSING,IDENTITY_UNCERTAINTY,IDENTITY_UNCERTAINTY; TARGET_AREA_MISSING
7402a8ea-65f1-42be-8193-51faf0ab07fe,CARVE_OUT,IND-000769,IND-000902,MEASURED,CONSERVATION_FAILURE,CONSERVATION_FAILURE,CONSERVATION_FAILURE
743c7c67-a1f3-473c-a7d7-db82fe066b3f,CARVE_OUT,IND-000657,IND-000846,MEASURED,CONSERVATION_FAILURE,CONSERVATION_FAILURE,CONSERVATION_FAILURE
78cd5212-de65-4be7-8ca0-a3006a593d49,CARVE_OUT,IND-000355,,UNMEASURED,IDENTITY_UNCERTAINTY;TARGET_AREA_MISSING,IDENTITY_UNCERTAINTY,IDENTITY_UNCERTAINTY; TARGET_AREA_MISSING
888a52c7-1548-4102-b0c3-bae467224010,CARVE_OUT,IND-000840,IND-000853,UNMEASURED,PARENT_AREA_MISSING,PARENT_AREA_MISSING,PARENT_AREA_MISSING
8e7f3fcf-20cb-49cc-a15f-9894daf26b5f,CLEAN_SPLIT,IND-000391,IND-000853,MEASURED,CONSERVATION_FAILURE,CONSERVATION_FAILURE,CONSERVATION_FAILURE
95b1fc3f-fb29-43a8-94db-bedb4267431a,CARVE_OUT,IND-000394,,UNMEASURED,IDENTITY_UNCERTAINTY;TARGET_AREA_MISSING,IDENTITY_UNCERTAINTY,IDENTITY_UNCERTAINTY; TARGET_AREA_MISSING
9a58b082-9198-4d0d-b81b-a777e1d0f64c,CARVE_OUT,IND-000769,IND-000834,MEASURED,CONSERVATION_FAILURE,CONSERVATION_FAILURE,CONSERVATION_FAILURE
9b52c649-4c9c-48c7-8549-95e991f16a18,CARVE_OUT,IND-000654,,UNMEASURED,IDENTITY_UNCERTAINTY;PARENT_AREA_MISSING;TARGET_AREA_MISSING,IDENTITY_UNCERTAINTY,IDENTITY_UNCERTAINTY; PARENT_AREA_MISSING; TARGET_AREA_MISSING
ab773a22-e0c7-4e3a-bd34-7c346c759fb0,CARVE_OUT,IND-000769,,UNMEASURED,IDENTITY_UNCERTAINTY;TARGET_AREA_MISSING,IDENTITY_UNCERTAINTY,IDENTITY_UNCERTAINTY; TARGET_AREA_MISSING
b58eb440-4477-4b2f-8eb4-95be20469f9f,CARVE_OUT,IND-000394,IND-000855,MEASURED,CONSERVATION_FAILURE,CONSERVATION_FAILURE,CONSERVATION_FAILURE
c509b69c-bea4-405f-a9c6-5570b3dbe6af,CARVE_OUT,IND-000552,,UNMEASURED,IDENTITY_UNCERTAINTY;TARGET_AREA_MISSING,IDENTITY_UNCERTAINTY,IDENTITY_UNCERTAINTY; TARGET_AREA_MISSING
c9a2789b-d744-4949-a86a-7f26e6e21f96,CARVE_OUT,IND-000661,,UNMEASURED,IDENTITY_UNCERTAINTY;TARGET_AREA_MISSING,IDENTITY_UNCERTAINTY,IDENTITY_UNCERTAINTY; TARGET_AREA_MISSING
cb1742da-d2b6-4a9b-855b-19c5d40812fc,CARVE_OUT,IND-000354,,UNMEASURED,IDENTITY_UNCERTAINTY;TARGET_AREA_MISSING,IDENTITY_UNCERTAINTY,IDENTITY_UNCERTAINTY; TARGET_AREA_MISSING
d0e20f52-5729-438d-9a6b-210affe3f1ee,CARVE_OUT,IND-000554,,UNMEASURED,IDENTITY_UNCERTAINTY;TARGET_AREA_MISSING,IDENTITY_UNCERTAINTY,IDENTITY_UNCERTAINTY; TARGET_AREA_MISSING
da35f9fd-69ea-4edb-9449-b9e268fb94bc,CARVE_OUT,IND-000393,,UNMEASURED,IDENTITY_UNCERTAINTY;TARGET_AREA_MISSING,IDENTITY_UNCERTAINTY,IDENTITY_UNCERTAINTY; TARGET_AREA_MISSING
e5b6561e-5667-4738-90be-bab1b119f8ff,CARVE_OUT,IND-000657,,UNMEASURED,IDENTITY_UNCERTAINTY;TARGET_AREA_MISSING,IDENTITY_UNCERTAINTY,IDENTITY_UNCERTAINTY; TARGET_AREA_MISSING
e846d6c4-8227-49a0-9b54-6c9a268c783b,CARVE_OUT,IND-000650,,UNMEASURED,IDENTITY_UNCERTAINTY;TARGET_AREA_MISSING,IDENTITY_UNCERTAINTY,IDENTITY_UNCERTAINTY; TARGET_AREA_MISSING
e861228e-b890-4912-a330-f7fb299a4227,CARVE_OUT,IND-000555,,UNMEASURED,IDENTITY_UNCERTAINTY;TARGET_AREA_MISSING,IDENTITY_UNCERTAINTY,IDENTITY_UNCERTAINTY; TARGET_AREA_MISSING
f0f72cc4-f670-4825-a71d-02d23b45db1e,CARVE_OUT,IND-000353,IND-000843,MEASURED,CONSERVATION_FAILURE,CONSERVATION_FAILURE,CONSERVATION_FAILURE
fbb10e75-9b47-4ce9-83f4-04e665e1e9ca,CARVE_OUT,IND-000657,IND-000901,MEASURED,CONSERVATION_FAILURE,CONSERVATION_FAILURE,CONSERVATION_FAILURE
ffe24948-ce5c-4c17-b760-a93a76f55282,CARVE_OUT,IND-000769,IND-000834,MEASURED,CONSERVATION_FAILURE,CONSERVATION_FAILURE,CONSERVATION_FAILURE
184c66ad-6d32-4fee-be48-9433df36b72c,CARVE_OUT,IND-000680,IND-000850,MEASURED,CONSERVATION_FAILURE,CONSERVATION_FAILURE,CONSERVATION_FAILURE
213dac28-bdcd-4728-a2c9-7ebc3869fc60,CARVE_OUT,,IND-000879,UNMEASURED,IDENTITY_UNCERTAINTY;PARENT_AREA_MISSING,IDENTITY_UNCERTAINTY,IDENTITY_UNCERTAINTY; PARENT_AREA_MISSING
251a597d-a7da-4e95-9eec-60dec842f7f9,CARVE_OUT,IND-000681,,UNMEASURED,IDENTITY_UNCERTAINTY;TARGET_AREA_MISSING,IDENTITY_UNCERTAINTY,IDENTITY_UNCERTAINTY; TARGET_AREA_MISSING
30774841-7f1e-4821-8fe4-ee8a3c21f3f1,CARVE_OUT,IND-000777,IND-000848,UNMEASURED,PARENT_AREA_MISSING,PARENT_AREA_MISSING,PARENT_AREA_MISSING
379a108f-f4dd-4240-8f57-5ea620ab4eb5,CARVE_OUT,IND-000681,IND-000850,MEASURED,CONSERVATION_FAILURE,CONSERVATION_FAILURE,CONSERVATION_FAILURE
48845d8a-0953-4740-8592-900b36a839c9,CARVE_OUT,IND-000093,,UNMEASURED,IDENTITY_UNCERTAINTY;TARGET_AREA_MISSING,IDENTITY_UNCERTAINTY,IDENTITY_UNCERTAINTY; TARGET_AREA_MISSING
48f281a4-3462-44f0-9f50-1870a4ea8148,CARVE_OUT,IND-000095,,UNMEASURED,IDENTITY_UNCERTAINTY;TARGET_AREA_MISSING,IDENTITY_UNCERTAINTY,IDENTITY_UNCERTAINTY; TARGET_AREA_MISSING
74b5a3f7-0749-41dc-864e-84786be34eca,CLEAN_SPLIT,IND-000150,,UNMEASURED,IDENTITY_UNCERTAINTY;PARENT_AREA_MISSING;TARGET_AREA_MISSING,IDENTITY_UNCERTAINTY,IDENTITY_UNCERTAINTY; PARENT_AREA_MISSING; TARGET_AREA_MISSING
7732d2d6-c7db-4f1d-a98f-08188489c220,CARVE_OUT,IND-000778,,UNMEASURED,IDENTITY_UNCERTAINTY;TARGET_AREA_MISSING,IDENTITY_UNCERTAINTY,IDENTITY_UNCERTAINTY; TARGET_AREA_MISSING
86c552b8-5179-4edd-ae16-b20f502a5ad0,CARVE_OUT,IND-000095,,UNMEASURED,IDENTITY_UNCERTAINTY;TARGET_AREA_MISSING,IDENTITY_UNCERTAINTY,IDENTITY_UNCERTAINTY; TARGET_AREA_MISSING
87bc7bae-0148-4402-b518-a92e9f03d04e,CLEAN_SPLIT,IND-000150,IND-000849,UNMEASURED,PARENT_AREA_MISSING,PARENT_AREA_MISSING,PARENT_AREA_MISSING
8f09c5a6-6223-4a2c-87e8-c6f96d6eb8a8,CARVE_OUT,IND-000094,IND-000849,MEASURED,CONSERVATION_FAILURE,CONSERVATION_FAILURE,CONSERVATION_FAILURE
a38e121a-a1fc-4e9b-8756-2149826604f3,CARVE_OUT,IND-000777,IND-000848,UNMEASURED,PARENT_AREA_MISSING,PARENT_AREA_MISSING,PARENT_AREA_MISSING
aa420601-161f-419c-a64a-6ff4ef076526,CARVE_OUT,IND-000777,,UNMEASURED,IDENTITY_UNCERTAINTY;PARENT_AREA_MISSING;TARGET_AREA_MISSING,IDENTITY_UNCERTAINTY,IDENTITY_UNCERTAINTY; PARENT_AREA_MISSING; TARGET_AREA_MISSING
b02ee172-a3ea-4d35-9c5e-8bdac473851f,CARVE_OUT,IND-000093,IND-000879,MEASURED,CONSERVATION_FAILURE,CONSERVATION_FAILURE,CONSERVATION_FAILURE
c375ba12-91c3-4df7-9352-2ff204a17ed8,CARVE_OUT,,IND-000849,UNMEASURED,IDENTITY_UNCERTAINTY;PARENT_AREA_MISSING,IDENTITY_UNCERTAINTY,IDENTITY_UNCERTAINTY; PARENT_AREA_MISSING
c506a507-92f1-41dc-901a-7a40ea8bcf00,CARVE_OUT,IND-000779,,UNMEASURED,IDENTITY_UNCERTAINTY;TARGET_AREA_MISSING,IDENTITY_UNCERTAINTY,IDENTITY_UNCERTAINTY; TARGET_AREA_MISSING
d8c5d120-d4b5-47fd-9fff-dfd295f58838,CARVE_OUT,,IND-000850,UNMEASURED,IDENTITY_UNCERTAINTY;PARENT_AREA_MISSING,IDENTITY_UNCERTAINTY,IDENTITY_UNCERTAINTY; PARENT_AREA_MISSING
e3a0b693-d136-4e76-bfa4-b534f5f06aef,CARVE_OUT,IND-000778,IND-000879,MEASURED,CONSERVATION_FAILURE,CONSERVATION_FAILURE,CONSERVATION_FAILURE
e75c01a8-e9a1-47d1-99f6-ebc67d59d031,CARVE_OUT,IND-000094,,UNMEASURED,IDENTITY_UNCERTAINTY;TARGET_AREA_MISSING,IDENTITY_UNCERTAINTY,IDENTITY_UNCERTAINTY; TARGET_AREA_MISSING
edae3afd-0b67-4d5d-af82-ad094567fade,CARVE_OUT,IND-000772,,UNMEASURED,IDENTITY_UNCERTAINTY;TARGET_AREA_MISSING,IDENTITY_UNCERTAINTY,IDENTITY_UNCERTAINTY; TARGET_AREA_MISSING
f323bc4b-a1a4-47e0-ae5e-d815e1ea2e02,CARVE_OUT,IND-000095,IND-000879,MEASURED,CONSERVATION_FAILURE,CONSERVATION_FAILURE,CONSERVATION_FAILURE
f68d7ca8-a378-4132-b046-7ca0f8178746,CARVE_OUT,IND-000096,,UNMEASURED,IDENTITY_UNCERTAINTY;TARGET_AREA_MISSING,IDENTITY_UNCERTAINTY,IDENTITY_UNCERTAINTY; TARGET_AREA_MISSING
f88fe988-85d5-42c2-8d18-9d688f2e2262,CARVE_OUT,IND-000680,,UNMEASURED,IDENTITY_UNCERTAINTY;TARGET_AREA_MISSING,IDENTITY_UNCERTAINTY,IDENTITY_UNCERTAINTY; TARGET_AREA_MISSING
07672b87-cd01-4597-a8ad-9ccf125488cc,CARVE_OUT,IND-000314,IND-000874,MEASURED,CONSERVATION_FAILURE,CONSERVATION_FAILURE,CONSERVATION_FAILURE
0fbacdf7-ceaf-4c70-9557-068b0f7b6ec9,CARVE_OUT,IND-000314,IND-000874,MEASURED,CONSERVATION_FAILURE,CONSERVATION_FAILURE,CONSERVATION_FAILURE
652601be-cf2d-4e0f-808b-99a7cd84ed44,CARVE_OUT,IND-000409,IND-000867,MEASURED,CONSERVATION_FAILURE,CONSERVATION_FAILURE,CONSERVATION_FAILURE
7f0b0df5-ce24-4bb0-a411-b451b835d714,CARVE_OUT,IND-000314,,UNMEASURED,IDENTITY_UNCERTAINTY;TARGET_AREA_MISSING,IDENTITY_UNCERTAINTY,IDENTITY_UNCERTAINTY; TARGET_AREA_MISSING
c6b9d243-e257-4de5-99dd-200aec5cb97d,CARVE_OUT,IND-000409,,UNMEASURED,IDENTITY_UNCERTAINTY;TARGET_AREA_MISSING,IDENTITY_UNCERTAINTY,IDENTITY_UNCERTAINTY; TARGET_AREA_MISSING
cad89170-fc17-4191-8ae1-4763ec902a5e,CARVE_OUT,IND-000409,IND-000867,MEASURED,CONSERVATION_FAILURE,CONSERVATION_FAILURE,CONSERVATION_FAILURE
f21c09dc-999f-42dc-b68f-c45a503865af,CARVE_OUT,IND-000781,,UNMEASURED,IDENTITY_UNCERTAINTY;TARGET_AREA_MISSING,IDENTITY_UNCERTAINTY,IDENTITY_UNCERTAINTY; TARGET_AREA_MISSING
146849f2-c70e-43ab-b5ab-e0e69eb264ae,CARVE_OUT,IND-000021,IND-000864,MEASURED,CONSERVATION_FAILURE,CONSERVATION_FAILURE,CONSERVATION_FAILURE
185f6f40-f576-4ee2-add8-55f6629312fc,CARVE_OUT,IND-000021,IND-000864,MEASURED,CONSERVATION_FAILURE,CONSERVATION_FAILURE,CONSERVATION_FAILURE
3a2e6f51-fa77-488f-9890-9f770eb52793,CARVE_OUT,IND-000021,,UNMEASURED,IDENTITY_UNCERTAINTY;TARGET_AREA_MISSING,IDENTITY_UNCERTAINTY,IDENTITY_UNCERTAINTY; TARGET_AREA_MISSING
5c1ee99e-d77f-4e72-9b13-6ae2101c8212,CARVE_OUT,IND-000754,,UNMEASURED,IDENTITY_UNCERTAINTY;TARGET_AREA_MISSING,IDENTITY_UNCERTAINTY,IDENTITY_UNCERTAINTY; TARGET_AREA_MISSING
6fd4e763-d4fd-4ac6-bb54-f14279d15c79,CARVE_OUT,IND-000603,,UNMEASURED,IDENTITY_UNCERTAINTY;TARGET_AREA_MISSING,IDENTITY_UNCERTAINTY,IDENTITY_UNCERTAINTY; TARGET_AREA_MISSING
750c146f-2cb4-4e63-b439-e3093a5ae65b,CARVE_OUT,IND-000422,,UNMEASURED,IDENTITY_UNCERTAINTY;TARGET_AREA_MISSING,IDENTITY_UNCERTAINTY,IDENTITY_UNCERTAINTY; TARGET_AREA_MISSING
78efe322-d385-4787-9280-8879e4f87af8,CARVE_OUT,,IND-000885,UNMEASURED,IDENTITY_UNCERTAINTY;PARENT_AREA_MISSING,IDENTITY_UNCERTAINTY,IDENTITY_UNCERTAINTY; PARENT_AREA_MISSING
80a87e56-78a6-4857-8546-6db36d3e37f4,CARVE_OUT,IND-000356,,UNMEASURED,IDENTITY_UNCERTAINTY;TARGET_AREA_MISSING,IDENTITY_UNCERTAINTY,IDENTITY_UNCERTAINTY; TARGET_AREA_MISSING
846933a2-9a56-4aeb-95c2-aeb23dc41060,CARVE_OUT,IND-000755,,UNMEASURED,IDENTITY_UNCERTAINTY;TARGET_AREA_MISSING,IDENTITY_UNCERTAINTY,IDENTITY_UNCERTAINTY; TARGET_AREA_MISSING
8e89a47c-f0ce-452d-9cfd-f76b3634925c,CARVE_OUT,IND-000754,,UNMEASURED,IDENTITY_UNCERTAINTY;TARGET_AREA_MISSING,IDENTITY_UNCERTAINTY,IDENTITY_UNCERTAINTY; TARGET_AREA_MISSING
9edd8541-000e-4184-bbfe-a416a0312940,CARVE_OUT,IND-000407,,UNMEASURED,IDENTITY_UNCERTAINTY;TARGET_AREA_MISSING,IDENTITY_UNCERTAINTY,IDENTITY_UNCERTAINTY; TARGET_AREA_MISSING
a689edca-f4f5-4c42-a505-64e241e9754a,CARVE_OUT,IND-000747,IND-000866,MEASURED,CONSERVATION_FAILURE,CONSERVATION_FAILURE,CONSERVATION_FAILURE
c1082167-a5a0-4dd0-8a05-e2b14b804853,CARVE_OUT,IND-000747,IND-000866,MEASURED,CONSERVATION_FAILURE,CONSERVATION_FAILURE,CONSERVATION_FAILURE
cd20d14d-36a5-403b-adc9-b9e7e123cf58,CARVE_OUT,IND-000407,IND-000885,MEASURED,CONSERVATION_FAILURE,CONSERVATION_FAILURE,CONSERVATION_FAILURE
d5125885-a63a-45a2-a441-fbf26cc284cf,CARVE_OUT,IND-000754,,UNMEASURED,IDENTITY_UNCERTAINTY;TARGET_AREA_MISSING,IDENTITY_UNCERTAINTY,IDENTITY_UNCERTAINTY; TARGET_AREA_MISSING
e1c61940-a1ee-4d04-853e-d6f83df63160,CARVE_OUT,IND-000747,,UNMEASURED,IDENTITY_UNCERTAINTY;TARGET_AREA_MISSING,IDENTITY_UNCERTAINTY,IDENTITY_UNCERTAINTY; TARGET_AREA_MISSING
eceed985-17db-4bee-b3de-08d4a1e625d1,CARVE_OUT,IND-000603,IND-000885,MEASURED,CONSERVATION_FAILURE,CONSERVATION_FAILURE,CONSERVATION_FAILURE
04af41e0-082f-4f6c-a530-5973f35c0b8d,CARVE_OUT,IND-000816,IND-000825,UNMEASURED,PARENT_AREA_MISSING,PARENT_AREA_MISSING,PARENT_AREA_MISSING
09924361-de6d-4cfb-a5f8-ec18340a9525,CARVE_OUT,IND-000811,IND-000822,UNMEASURED,PARENT_AREA_MISSING,PARENT_AREA_MISSING,PARENT_AREA_MISSING
0add88ea-b4f2-418b-a228-dc650b58d9be,CARVE_OUT,IND-000806,IND-000815,UNMEASURED,PARENT_AREA_MISSING,PARENT_AREA_MISSING,PARENT_AREA_MISSING
0ff9eb50-e72f-4abc-8769-0196e4e23490,CARVE_OUT,IND-000820,IND-000810,UNMEASURED,PARENT_AREA_MISSING,PARENT_AREA_MISSING,PARENT_AREA_MISSING
101875e1-333d-4002-8843-0fdf209f8a5f,CARVE_OUT,IND-000806,IND-000815,UNMEASURED,PARENT_AREA_MISSING,PARENT_AREA_MISSING,PARENT_AREA_MISSING
116466c9-78fb-400d-9402-de3ae17a3088,CARVE_OUT,IND-000816,IND-000824,UNMEASURED,PARENT_AREA_MISSING,PARENT_AREA_MISSING,PARENT_AREA_MISSING
2015d866-1a6a-4854-9944-99583b5a2d81,CARVE_OUT,IND-000806,IND-000819,UNMEASURED,PARENT_AREA_MISSING,PARENT_AREA_MISSING,PARENT_AREA_MISSING
2108058f-13ce-41ea-8b62-b3908d23310a,CARVE_OUT,IND-000823,IND-000827,UNMEASURED,PARENT_AREA_MISSING,PARENT_AREA_MISSING,PARENT_AREA_MISSING
21c5ae07-488e-4d9e-8833-ddfc738dc2fd,CARVE_OUT,IND-000812,IND-000813,UNMEASURED,PARENT_AREA_MISSING,PARENT_AREA_MISSING,PARENT_AREA_MISSING
27cc7433-7629-4c74-ac4a-dbc583496b1d,CARVE_OUT,,,UNMEASURED,IDENTITY_UNCERTAINTY;PARENT_AREA_MISSING;TARGET_AREA_MISSING,IDENTITY_UNCERTAINTY,IDENTITY_UNCERTAINTY; PARENT_AREA_MISSING; TARGET_AREA_MISSING
29a0c1c2-05b5-45d9-a283-ccff1cba4077,CARVE_OUT,IND-000423,,UNMEASURED,IDENTITY_UNCERTAINTY;TARGET_AREA_MISSING,IDENTITY_UNCERTAINTY,IDENTITY_UNCERTAINTY; TARGET_AREA_MISSING
2a4d382b-3c7d-421b-a90f-475f2122c420,CARVE_OUT,IND-000812,IND-000835,UNMEASURED,PARENT_AREA_MISSING,PARENT_AREA_MISSING,PARENT_AREA_MISSING
2a569b6d-eb34-4713-932d-25aaafe150ba,CARVE_OUT,IND-000345,IND-000872,MEASURED,CONSERVATION_FAILURE,CONSERVATION_FAILURE,CONSERVATION_FAILURE
2fa62794-4333-45d1-9c43-b975103a26f9,CARVE_OUT,IND-000811,IND-000821,UNMEASURED,PARENT_AREA_MISSING,PARENT_AREA_MISSING,PARENT_AREA_MISSING
3528586d-156d-4742-8a50-1ef898dba89a,CARVE_OUT,IND-000823,IND-000944,UNMEASURED,PARENT_AREA_MISSING,PARENT_AREA_MISSING,PARENT_AREA_MISSING
363e2cec-7bd7-4869-b898-8f486e2cf899,CARVE_OUT,IND-000811,IND-000904,UNMEASURED,PARENT_AREA_MISSING;TARGET_AREA_MISSING,PARENT_AREA_MISSING,PARENT_AREA_MISSING; TARGET_AREA_MISSING
36caf7c9-ea95-4f4b-9764-9023d674513e,CARVE_OUT,,IND-000825,UNMEASURED,IDENTITY_UNCERTAINTY;PARENT_AREA_MISSING,IDENTITY_UNCERTAINTY,IDENTITY_UNCERTAINTY; PARENT_AREA_MISSING
38edb2c5-1c61-48b5-9b74-b4a1f712f5bb,CARVE_OUT,IND-000505,IND-000842,MEASURED,CONSERVATION_FAILURE,CONSERVATION_FAILURE,CONSERVATION_FAILURE
3d9d2826-9d0a-414e-8f8f-7d588fe00d23,CARVE_OUT,IND-000346,IND-000873,MEASURED,CONSERVATION_FAILURE,CONSERVATION_FAILURE,CONSERVATION_FAILURE
40109f59-04aa-44b8-bf90-3fbb5d85c5fb,CARVE_OUT,IND-000818,IND-000826,UNMEASURED,PARENT_AREA_MISSING,PARENT_AREA_MISSING,PARENT_AREA_MISSING
40a4b4e4-e827-42aa-a963-4258e7ce67d8,CARVE_OUT,,IND-000905,UNMEASURED,IDENTITY_UNCERTAINTY;PARENT_AREA_MISSING,IDENTITY_UNCERTAINTY,IDENTITY_UNCERTAINTY; PARENT_AREA_MISSING
4190cfec-24fa-4ed5-a05e-71d48cfc8a42,CARVE_OUT,IND-000811,IND-000822,UNMEASURED,PARENT_AREA_MISSING,PARENT_AREA_MISSING,PARENT_AREA_MISSING
44258886-c003-46ab-916e-ff8965129137,CARVE_OUT,IND-000811,IND-000807,UNMEASURED,PARENT_AREA_MISSING,PARENT_AREA_MISSING,PARENT_AREA_MISSING
465516b2-691c-472c-b63f-b3725de6a398,CARVE_OUT,IND-000823,IND-000827,UNMEASURED,PARENT_AREA_MISSING,PARENT_AREA_MISSING,PARENT_AREA_MISSING
48a812b1-0633-495d-9458-05f9abfea779,CARVE_OUT,IND-000820,,UNMEASURED,IDENTITY_UNCERTAINTY;PARENT_AREA_MISSING;TARGET_AREA_MISSING,IDENTITY_UNCERTAINTY,IDENTITY_UNCERTAINTY; PARENT_AREA_MISSING; TARGET_AREA_MISSING
4a23d6f8-2e99-4408-b7d4-68c2d2c89057,CARVE_OUT,IND-000344,IND-000870,MEASURED,CONSERVATION_FAILURE,CONSERVATION_FAILURE,CONSERVATION_FAILURE
4c6e8731-6a51-4592-b6fa-a9ae94538d6f,CARVE_OUT,IND-000609,IND-000869,MEASURED,CONSERVATION_FAILURE,CONSERVATION_FAILURE,CONSERVATION_FAILURE
514470f7-ab66-495c-98e5-28ade8b8e4f3,CARVE_OUT,IND-000811,IND-000816,UNMEASURED,PARENT_AREA_MISSING,PARENT_AREA_MISSING,PARENT_AREA_MISSING
5867ba3e-2ee5-48ad-b161-4f9dd52c4af9,CARVE_OUT,IND-000814,IND-000817,UNMEASURED,PARENT_AREA_MISSING,PARENT_AREA_MISSING,PARENT_AREA_MISSING
588c9130-8e0e-4547-b313-47dbdb16574f,CARVE_OUT,IND-000818,IND-000826,UNMEASURED,PARENT_AREA_MISSING,PARENT_AREA_MISSING,PARENT_AREA_MISSING
5acff2ac-ec5a-461c-b808-11df9d11da47,CARVE_OUT,IND-000505,,UNMEASURED,IDENTITY_UNCERTAINTY;TARGET_AREA_MISSING,IDENTITY_UNCERTAINTY,IDENTITY_UNCERTAINTY; TARGET_AREA_MISSING
5bf1ab0f-1320-427e-a469-8ff5554a0f38,CARVE_OUT,IND-000346,IND-000873,MEASURED,CONSERVATION_FAILURE,CONSERVATION_FAILURE,CONSERVATION_FAILURE
6501094d-ae4a-47ba-85da-8fa136a0d6fa,CARVE_OUT,,IND-000813,UNMEASURED,IDENTITY_UNCERTAINTY;PARENT_AREA_MISSING,IDENTITY_UNCERTAINTY,IDENTITY_UNCERTAINTY; PARENT_AREA_MISSING
6770c43b-d5a7-4cec-b54c-de5b963878c2,CARVE_OUT,IND-000450,,UNMEASURED,IDENTITY_UNCERTAINTY;TARGET_AREA_MISSING,IDENTITY_UNCERTAINTY,IDENTITY_UNCERTAINTY; TARGET_AREA_MISSING
69248789-aba3-4342-943f-d20ea5f57826,CARVE_OUT,IND-000823,,UNMEASURED,IDENTITY_UNCERTAINTY;PARENT_AREA_MISSING;TARGET_AREA_MISSING,IDENTITY_UNCERTAINTY,IDENTITY_UNCERTAINTY; PARENT_AREA_MISSING; TARGET_AREA_MISSING
69a8830c-fb01-4272-af19-84515e329959,CARVE_OUT,IND-000811,,UNMEASURED,IDENTITY_UNCERTAINTY;PARENT_AREA_MISSING;TARGET_AREA_MISSING,IDENTITY_UNCERTAINTY,IDENTITY_UNCERTAINTY; PARENT_AREA_MISSING; TARGET_AREA_MISSING
6aba09f3-2536-4718-97ac-a7030cfb6ce6,CARVE_OUT,IND-000814,IND-000809,UNMEASURED,PARENT_AREA_MISSING,PARENT_AREA_MISSING,PARENT_AREA_MISSING
6b292c16-7f74-4457-a691-a7b218a8ff3d,CARVE_OUT,IND-000753,,UNMEASURED,IDENTITY_UNCERTAINTY;TARGET_AREA_MISSING,IDENTITY_UNCERTAINTY,IDENTITY_UNCERTAINTY; TARGET_AREA_MISSING
6d66f7ed-06be-4a06-b1bf-edb78971632f,CARVE_OUT,IND-000344,IND-000870,MEASURED,CONSERVATION_FAILURE,CONSERVATION_FAILURE,CONSERVATION_FAILURE
762e7b97-5ff6-41b8-910d-da342b4c0ee0,CARVE_OUT,IND-000812,,UNMEASURED,IDENTITY_UNCERTAINTY;PARENT_AREA_MISSING;TARGET_AREA_MISSING,IDENTITY_UNCERTAINTY,IDENTITY_UNCERTAINTY; PARENT_AREA_MISSING; TARGET_AREA_MISSING
78e77d53-dcca-4955-a06d-2ee5730bbb71,CARVE_OUT,IND-000816,IND-000824,UNMEASURED,PARENT_AREA_MISSING,PARENT_AREA_MISSING,PARENT_AREA_MISSING
7f51b5f1-3e10-4c54-997f-aca079e55afe,CARVE_OUT,IND-000505,IND-000842,MEASURED,CONSERVATION_FAILURE,CONSERVATION_FAILURE,CONSERVATION_FAILURE
7fc83f01-8d40-422c-a30e-1f7e7bffc7a5,CARVE_OUT,IND-000332,,UNMEASURED,IDENTITY_UNCERTAINTY;TARGET_AREA_MISSING,IDENTITY_UNCERTAINTY,IDENTITY_UNCERTAINTY; TARGET_AREA_MISSING
83acd55e-4e6f-4c27-90ce-17c3fd524a23,CARVE_OUT,IND-000344,,UNMEASURED,IDENTITY_UNCERTAINTY;TARGET_AREA_MISSING,IDENTITY_UNCERTAINTY,IDENTITY_UNCERTAINTY; TARGET_AREA_MISSING
8c42c5f4-dc3e-477c-a32b-baffb71e7f0b,CARVE_OUT,IND-000811,IND-000821,UNMEASURED,PARENT_AREA_MISSING,PARENT_AREA_MISSING,PARENT_AREA_MISSING
93a620e8-0ed9-4d2f-b7e5-7929024dbb81,CARVE_OUT,IND-000814,,UNMEASURED,IDENTITY_UNCERTAINTY;PARENT_AREA_MISSING;TARGET_AREA_MISSING,IDENTITY_UNCERTAINTY,IDENTITY_UNCERTAINTY; PARENT_AREA_MISSING; TARGET_AREA_MISSING
93b1d8a8-2a0c-49f3-bc76-7d518a27da20,CARVE_OUT,IND-000345,,UNMEASURED,IDENTITY_UNCERTAINTY;TARGET_AREA_MISSING,IDENTITY_UNCERTAINTY,IDENTITY_UNCERTAINTY; TARGET_AREA_MISSING
96676231-651e-4d83-915a-2b061fea3509,CARVE_OUT,IND-000806,,UNMEASURED,IDENTITY_UNCERTAINTY;PARENT_AREA_MISSING;TARGET_AREA_MISSING,IDENTITY_UNCERTAINTY,IDENTITY_UNCERTAINTY; PARENT_AREA_MISSING; TARGET_AREA_MISSING
9a4f00f7-d4d0-4456-8dee-b0a06d517eaa,CARVE_OUT,IND-000816,,UNMEASURED,IDENTITY_UNCERTAINTY;PARENT_AREA_MISSING;TARGET_AREA_MISSING,IDENTITY_UNCERTAINTY,IDENTITY_UNCERTAINTY; PARENT_AREA_MISSING; TARGET_AREA_MISSING
a251131f-8c93-4c79-993f-3b2521503e0c,CARVE_OUT,IND-000348,,UNMEASURED,IDENTITY_UNCERTAINTY;TARGET_AREA_MISSING,IDENTITY_UNCERTAINTY,IDENTITY_UNCERTAINTY; TARGET_AREA_MISSING
a25229f3-5d76-486d-934e-b781948fc1a7,CARVE_OUT,IND-000818,IND-000830,UNMEASURED,PARENT_AREA_MISSING,PARENT_AREA_MISSING,PARENT_AREA_MISSING
a5f7ca5b-6963-4a19-9d3c-40e0bb5f3618,CARVE_OUT,IND-000423,IND-000862,MEASURED,CONSERVATION_FAILURE,CONSERVATION_FAILURE,CONSERVATION_FAILURE
ac81a85e-8023-4527-aed4-6a5cf320e1fe,CARVE_OUT,IND-000811,IND-000825,UNMEASURED,PARENT_AREA_MISSING,PARENT_AREA_MISSING,PARENT_AREA_MISSING
b2977884-40e5-4eb8-9c4d-2fefa5a3ed12,CARVE_OUT,IND-000609,IND-000869,MEASURED,CONSERVATION_FAILURE,CONSERVATION_FAILURE,CONSERVATION_FAILURE
b8ac3175-6978-478c-86ed-75c3ce981a36,CARVE_OUT,IND-000818,,UNMEASURED,IDENTITY_UNCERTAINTY;PARENT_AREA_MISSING;TARGET_AREA_MISSING,IDENTITY_UNCERTAINTY,IDENTITY_UNCERTAINTY; PARENT_AREA_MISSING; TARGET_AREA_MISSING
c0546caa-414c-4194-bbae-689362bad9b4,CARVE_OUT,IND-000818,IND-000830,UNMEASURED,PARENT_AREA_MISSING,PARENT_AREA_MISSING,PARENT_AREA_MISSING
c23f08dd-708e-4029-b712-cd397b4f58ed,CARVE_OUT,IND-000823,IND-000944,UNMEASURED,PARENT_AREA_MISSING,PARENT_AREA_MISSING,PARENT_AREA_MISSING
c842a552-cadf-4fc9-9424-59b02f398fd1,CARVE_OUT,IND-000345,IND-000872,MEASURED,CONSERVATION_FAILURE,CONSERVATION_FAILURE,CONSERVATION_FAILURE
c8755bfb-91b9-49a9-ad61-ef4009fc9f10,CARVE_OUT,IND-000450,IND-000907,MEASURED,CONSERVATION_FAILURE,CONSERVATION_FAILURE,CONSERVATION_FAILURE
c8f69520-688a-4298-9116-0e4f2d94c621,CARVE_OUT,IND-000806,IND-000819,UNMEASURED,PARENT_AREA_MISSING,PARENT_AREA_MISSING,PARENT_AREA_MISSING
ceb0957b-31ba-43d7-8e26-d1ba634ded80,CARVE_OUT,IND-000450,IND-000907,MEASURED,CONSERVATION_FAILURE,CONSERVATION_FAILURE,CONSERVATION_FAILURE
d47b69fa-c7ab-4c53-9763-6f69b6203766,CARVE_OUT,IND-000806,IND-000906,UNMEASURED,PARENT_AREA_MISSING;TARGET_AREA_MISSING,PARENT_AREA_MISSING,PARENT_AREA_MISSING; TARGET_AREA_MISSING
d5783d84-5243-41ec-b227-acb89d40abf6,CARVE_OUT,IND-000609,,UNMEASURED,IDENTITY_UNCERTAINTY;TARGET_AREA_MISSING,IDENTITY_UNCERTAINTY,IDENTITY_UNCERTAINTY; TARGET_AREA_MISSING
da2f1571-3fbe-4785-b5ab-c2bf88cd9f24,CARVE_OUT,IND-000818,IND-000905,UNMEASURED,PARENT_AREA_MISSING,PARENT_AREA_MISSING,PARENT_AREA_MISSING
dbfd1e67-f5d2-4659-8baa-ca71243af7b6,CARVE_OUT,IND-000806,IND-000906,UNMEASURED,PARENT_AREA_MISSING;TARGET_AREA_MISSING,PARENT_AREA_MISSING,PARENT_AREA_MISSING; TARGET_AREA_MISSING
e064d174-97cf-4193-9b31-45758f568232,CARVE_OUT,IND-000812,IND-000835,UNMEASURED,PARENT_AREA_MISSING,PARENT_AREA_MISSING,PARENT_AREA_MISSING
e656d09c-a2f3-447e-81c6-895f6f16180c,CARVE_OUT,IND-000820,IND-000810,UNMEASURED,PARENT_AREA_MISSING,PARENT_AREA_MISSING,PARENT_AREA_MISSING
e67b0ff8-e4a9-46aa-923c-1c1223633509,CARVE_OUT,IND-000423,IND-000862,MEASURED,CONSERVATION_FAILURE,CONSERVATION_FAILURE,CONSERVATION_FAILURE
ebaf7f90-cda8-48c9-81bc-74c8a1627545,CARVE_OUT,IND-000346,,UNMEASURED,IDENTITY_UNCERTAINTY;TARGET_AREA_MISSING,IDENTITY_UNCERTAINTY,IDENTITY_UNCERTAINTY; TARGET_AREA_MISSING
fc86fd22-c259-4bc0-bd5b-fd4b80fd11da,CARVE_OUT,IND-000814,IND-000828,UNMEASURED,PARENT_AREA_MISSING,PARENT_AREA_MISSING,PARENT_AREA_MISSING
fd087a7a-3c66-4fee-9f75-2ad4ab2555bd,CARVE_OUT,IND-000811,,UNMEASURED,IDENTITY_UNCERTAINTY;PARENT_AREA_MISSING;TARGET_AREA_MISSING,IDENTITY_UNCERTAINTY,IDENTITY_UNCERTAINTY; PARENT_AREA_MISSING; TARGET_AREA_MISSING
0b71a670-920d-4278-b014-d7a5c5f35fc4,CARVE_OUT,IND-000602,IND-000890,MEASURED,CONSERVATION_FAILURE,CONSERVATION_FAILURE,CONSERVATION_FAILURE
0cdca7d0-0c22-40aa-9b75-1dfae314cd0d,CARVE_OUT,IND-000341,,UNMEASURED,IDENTITY_UNCERTAINTY;TARGET_AREA_MISSING,IDENTITY_UNCERTAINTY,IDENTITY_UNCERTAINTY; TARGET_AREA_MISSING
0fb258cb-907c-48e0-bdce-29a85c897056,CARVE_OUT,IND-000407,IND-000883,MEASURED,CONSERVATION_FAILURE,CONSERVATION_FAILURE,CONSERVATION_FAILURE
1ad8a143-61d6-4109-9747-1d1c254b49cd,CARVE_OUT,,IND-000890,UNMEASURED,IDENTITY_UNCERTAINTY;PARENT_AREA_MISSING,IDENTITY_UNCERTAINTY,IDENTITY_UNCERTAINTY; PARENT_AREA_MISSING
21f5c67c-ab8a-40d2-a23f-4dee99de5e9a,CARVE_OUT,IND-000302,,UNMEASURED,IDENTITY_UNCERTAINTY;TARGET_AREA_MISSING,IDENTITY_UNCERTAINTY,IDENTITY_UNCERTAINTY; TARGET_AREA_MISSING
361828a5-9748-473c-ae9b-5d5a9bdb4ffd,CLEAN_SPLIT,IND-000302,IND-000900,MEASURED,CONSERVATION_FAILURE,CONSERVATION_FAILURE,CONSERVATION_FAILURE
3d9b35b1-c928-4693-9341-628249cfba6e,CARVE_OUT,IND-000759,,UNMEASURED,IDENTITY_UNCERTAINTY;TARGET_AREA_MISSING,IDENTITY_UNCERTAINTY,IDENTITY_UNCERTAINTY; TARGET_AREA_MISSING
4ca5a8a5-e96e-41a0-a4ca-489d69c3c343,CLEAN_SPLIT,IND-000302,,UNMEASURED,IDENTITY_UNCERTAINTY;TARGET_AREA_MISSING,IDENTITY_UNCERTAINTY,IDENTITY_UNCERTAINTY; TARGET_AREA_MISSING
55da71cf-1d51-4942-b0c4-36c92302cfa0,CARVE_OUT,IND-000341,,UNMEASURED,IDENTITY_UNCERTAINTY;TARGET_AREA_MISSING,IDENTITY_UNCERTAINTY,IDENTITY_UNCERTAINTY; TARGET_AREA_MISSING
5a226355-b406-4cf2-97b3-8b008fae6fbf,CARVE_OUT,IND-000601,IND-000890,MEASURED,CONSERVATION_FAILURE,CONSERVATION_FAILURE,CONSERVATION_FAILURE
65b2619f-be3b-4564-a536-b6d355908294,CARVE_OUT,IND-000603,,UNMEASURED,IDENTITY_UNCERTAINTY;TARGET_AREA_MISSING,IDENTITY_UNCERTAINTY,IDENTITY_UNCERTAINTY; TARGET_AREA_MISSING
7422fa70-4883-47c8-9033-f035021c7d9b,CARVE_OUT,IND-000602,,UNMEASURED,IDENTITY_UNCERTAINTY;TARGET_AREA_MISSING,IDENTITY_UNCERTAINTY,IDENTITY_UNCERTAINTY; TARGET_AREA_MISSING
81d7beb2-cbab-4396-bc5b-0d01c3525512,CARVE_OUT,IND-000838,,UNMEASURED,IDENTITY_UNCERTAINTY;TARGET_AREA_MISSING,IDENTITY_UNCERTAINTY,IDENTITY_UNCERTAINTY; TARGET_AREA_MISSING
9f1e5c7f-a21e-42dd-974e-9f605e53f0d3,CARVE_OUT,IND-000603,IND-000883,MEASURED,CONSERVATION_FAILURE,CONSERVATION_FAILURE,CONSERVATION_FAILURE
d1caa0fa-beab-473a-a426-3f5ab61ce786,CARVE_OUT,IND-000601,,UNMEASURED,IDENTITY_UNCERTAINTY;TARGET_AREA_MISSING,IDENTITY_UNCERTAINTY,IDENTITY_UNCERTAINTY; TARGET_AREA_MISSING
da2b9d1a-c744-457c-b58f-17a144f81284,CARVE_OUT,,IND-000883,UNMEASURED,IDENTITY_UNCERTAINTY;PARENT_AREA_MISSING,IDENTITY_UNCERTAINTY,IDENTITY_UNCERTAINTY; PARENT_AREA_MISSING
e6a2476e-6692-48af-b06c-230652351c11,CARVE_OUT,IND-000407,,UNMEASURED,IDENTITY_UNCERTAINTY;TARGET_AREA_MISSING,IDENTITY_UNCERTAINTY,IDENTITY_UNCERTAINTY; TARGET_AREA_MISSING
ee939ef9-2f17-43a8-ad10-bb74395ae5db,CARVE_OUT,IND-000838,IND-000875,MEASURED,CONSERVATION_FAILURE,CONSERVATION_FAILURE,CONSERVATION_FAILURE
f449dde7-e986-44be-9805-04d2f22acc76,CARVE_OUT,IND-000838,IND-000875,MEASURED,CONSERVATION_FAILURE,CONSERVATION_FAILURE,CONSERVATION_FAILURE
1d8b60e0-d3e1-4253-9476-7c4308e0bae9,CARVE_OUT,IND-000406,,UNMEASURED,IDENTITY_UNCERTAINTY;TARGET_AREA_MISSING,IDENTITY_UNCERTAINTY,IDENTITY_UNCERTAINTY; TARGET_AREA_MISSING
24c37a1d-f53a-4891-8eb2-bdd835714195,CARVE_OUT,IND-000841,,UNMEASURED,IDENTITY_UNCERTAINTY;TARGET_AREA_MISSING,IDENTITY_UNCERTAINTY,IDENTITY_UNCERTAINTY; TARGET_AREA_MISSING
30040bb8-5804-4d28-8bfc-3823ab330fe4,CARVE_OUT,IND-000406,,UNMEASURED,IDENTITY_UNCERTAINTY;TARGET_AREA_MISSING,IDENTITY_UNCERTAINTY,IDENTITY_UNCERTAINTY; TARGET_AREA_MISSING
378a1820-fb97-4325-bcbc-d748bbec9e17,CARVE_OUT,IND-000407,,UNMEASURED,IDENTITY_UNCERTAINTY;TARGET_AREA_MISSING,IDENTITY_UNCERTAINTY,IDENTITY_UNCERTAINTY; TARGET_AREA_MISSING
404ef373-32f0-43a1-a421-77be58292b21,CARVE_OUT,IND-000883,,UNMEASURED,IDENTITY_UNCERTAINTY;PARENT_AREA_MISSING;TARGET_AREA_MISSING,IDENTITY_UNCERTAINTY,IDENTITY_UNCERTAINTY; PARENT_AREA_MISSING; TARGET_AREA_MISSING
45c4d704-c84b-42bd-b052-074809c0e138,CARVE_OUT,IND-000407,IND-000952,MEASURED,CONSERVATION_FAILURE,CONSERVATION_FAILURE,CONSERVATION_FAILURE
7699150c-ebc6-4c75-9c8e-9f65c9d5f527,CARVE_OUT,IND-000406,,UNMEASURED,IDENTITY_UNCERTAINTY;TARGET_AREA_MISSING,IDENTITY_UNCERTAINTY,IDENTITY_UNCERTAINTY; TARGET_AREA_MISSING
79d13b9a-3163-4244-b26f-4285e769cde2,CARVE_OUT,IND-000883,IND-000954,UNMEASURED,PARENT_AREA_MISSING,PARENT_AREA_MISSING,PARENT_AREA_MISSING
dd01e377-8bb0-4e96-86d4-d5636393b0c0,CARVE_OUT,IND-000883,IND-000954,UNMEASURED,PARENT_AREA_MISSING,PARENT_AREA_MISSING,PARENT_AREA_MISSING
e81a56ee-abf8-4515-88d3-ca18bb76569b,CARVE_OUT,IND-000407,IND-000952,MEASURED,CONSERVATION_FAILURE,CONSERVATION_FAILURE,CONSERVATION_FAILURE
19152a7c-fd4b-4b9a-bd27-d8ee7b4fcbf8,CARVE_OUT,IND-000396,IND-000896,MEASURED,CONSERVATION_FAILURE,CONSERVATION_FAILURE,CONSERVATION_FAILURE
37609cda-55b7-4be3-a0ba-549dc5d09f05,CARVE_OUT,IND-000397,,UNMEASURED,IDENTITY_UNCERTAINTY;TARGET_AREA_MISSING,IDENTITY_UNCERTAINTY,IDENTITY_UNCERTAINTY; TARGET_AREA_MISSING
3cc208cb-e64b-4159-bc9e-fc3c502848ef,CARVE_OUT,IND-000793,,UNMEASURED,IDENTITY_UNCERTAINTY;TARGET_AREA_MISSING,IDENTITY_UNCERTAINTY,IDENTITY_UNCERTAINTY; TARGET_AREA_MISSING
4bb09585-bdac-4579-97a9-a32e3d944ba5,CARVE_OUT,IND-000899,,UNMEASURED,IDENTITY_UNCERTAINTY;TARGET_AREA_MISSING,IDENTITY_UNCERTAINTY,IDENTITY_UNCERTAINTY; TARGET_AREA_MISSING
4cf3359b-b184-448d-9d1b-96764a8284cc,CARVE_OUT,IND-000612,IND-000897,MEASURED,CONSERVATION_FAILURE,CONSERVATION_FAILURE,CONSERVATION_FAILURE
4dc450cb-cde8-4222-9d11-7c2e1b7ee2b7,CARVE_OUT,,IND-000808,UNMEASURED,IDENTITY_UNCERTAINTY;PARENT_AREA_MISSING,IDENTITY_UNCERTAINTY,IDENTITY_UNCERTAINTY; PARENT_AREA_MISSING
5b18c5e3-a1d9-4c58-a78e-2cd3db65f705,CARVE_OUT,IND-000814,,UNMEASURED,IDENTITY_UNCERTAINTY;PARENT_AREA_MISSING;TARGET_AREA_MISSING,IDENTITY_UNCERTAINTY,IDENTITY_UNCERTAINTY; PARENT_AREA_MISSING; TARGET_AREA_MISSING
62877773-acab-45f6-a195-a14046282bda,CARVE_OUT,IND-000812,IND-000808,UNMEASURED,PARENT_AREA_MISSING,PARENT_AREA_MISSING,PARENT_AREA_MISSING
64e6c5e7-4376-4a6f-8561-cc1ac2c508c4,CLEAN_SPLIT,,,UNMEASURED,IDENTITY_UNCERTAINTY;PARENT_AREA_MISSING;TARGET_AREA_MISSING,IDENTITY_UNCERTAINTY,IDENTITY_UNCERTAINTY; PARENT_AREA_MISSING; TARGET_AREA_MISSING
7760fc76-ba71-4c04-8247-bf2daeda6033,CARVE_OUT,IND-000899,,UNMEASURED,IDENTITY_UNCERTAINTY;TARGET_AREA_MISSING,IDENTITY_UNCERTAINTY,IDENTITY_UNCERTAINTY; TARGET_AREA_MISSING
7f7333f2-d516-42a9-9839-121edc62f294,CARVE_OUT,IND-000899,IND-000894,MEASURED,CONSERVATION_FAILURE,CONSERVATION_FAILURE,CONSERVATION_FAILURE
8876f483-0ba1-4e6f-8eab-d7c429d1c2d5,CARVE_OUT,IND-000899,,UNMEASURED,IDENTITY_UNCERTAINTY;TARGET_AREA_MISSING,IDENTITY_UNCERTAINTY,IDENTITY_UNCERTAINTY; TARGET_AREA_MISSING
8a13f756-3a73-49c7-a161-299a7504ab18,CARVE_OUT,IND-000397,,UNMEASURED,IDENTITY_UNCERTAINTY;TARGET_AREA_MISSING,IDENTITY_UNCERTAINTY,IDENTITY_UNCERTAINTY; TARGET_AREA_MISSING
9b710ebd-e4ce-440e-b950-ec507cdfe926,CARVE_OUT,IND-000803,IND-000893,MEASURED,CONSERVATION_FAILURE,CONSERVATION_FAILURE,CONSERVATION_FAILURE
b89be0a0-dbe9-4938-9bb8-a99c539469a3,CARVE_OUT,IND-000612,,UNMEASURED,IDENTITY_UNCERTAINTY;TARGET_AREA_MISSING,IDENTITY_UNCERTAINTY,IDENTITY_UNCERTAINTY; TARGET_AREA_MISSING
bfb82e32-e16f-41c2-a60d-e8bce6369dc3,CARVE_OUT,IND-000899,IND-000894,MEASURED,CONSERVATION_FAILURE,CONSERVATION_FAILURE,CONSERVATION_FAILURE
c40cafb2-2ec0-4882-9906-ddbd903f8588,CARVE_OUT,IND-000803,,UNMEASURED,IDENTITY_UNCERTAINTY;TARGET_AREA_MISSING,IDENTITY_UNCERTAINTY,IDENTITY_UNCERTAINTY; TARGET_AREA_MISSING
c53dcb64-5c5c-4944-b082-06bd861501e4,CARVE_OUT,IND-000814,IND-000889,UNMEASURED,PARENT_AREA_MISSING,PARENT_AREA_MISSING,PARENT_AREA_MISSING
c90c91d9-8688-4e72-a77a-6f56b6372d7a,CARVE_OUT,IND-000833,,UNMEASURED,IDENTITY_UNCERTAINTY;TARGET_AREA_MISSING,IDENTITY_UNCERTAINTY,IDENTITY_UNCERTAINTY; TARGET_AREA_MISSING
d1558dd1-5739-43b5-853a-99dc02ee52ff,CARVE_OUT,IND-000612,IND-000897,MEASURED,CONSERVATION_FAILURE,CONSERVATION_FAILURE,CONSERVATION_FAILURE
d416755b-a9df-4967-9aef-a2fba0379ab3,CARVE_OUT,IND-000397,,UNMEASURED,IDENTITY_UNCERTAINTY;TARGET_AREA_MISSING,IDENTITY_UNCERTAINTY,IDENTITY_UNCERTAINTY; TARGET_AREA_MISSING
dec58c27-be67-4078-8b91-2065202b9b50,CARVE_OUT,IND-000016,IND-000808,UNMEASURED,PARENT_AREA_MISSING,PARENT_AREA_MISSING,PARENT_AREA_MISSING
e7765e07-edfb-40e0-8a9e-a04dafc1564d,CARVE_OUT,IND-000396,IND-000896,MEASURED,CONSERVATION_FAILURE,CONSERVATION_FAILURE,CONSERVATION_FAILURE
ea991ea5-2e0d-4242-9236-ebebb5665d14,CARVE_OUT,IND-000803,IND-000893,MEASURED,CONSERVATION_FAILURE,CONSERVATION_FAILURE,CONSERVATION_FAILURE
ed9d9736-93d5-47e4-9028-724e53812f8a,CARVE_OUT,IND-000396,,UNMEASURED,IDENTITY_UNCERTAINTY;TARGET_AREA_MISSING,IDENTITY_UNCERTAINTY,IDENTITY_UNCERTAINTY; TARGET_AREA_MISSING
05bbbd6d-38ea-483c-a8b6-ba9f8a0dca8c,CARVE_OUT,IND-000798,,UNMEASURED,IDENTITY_UNCERTAINTY;TARGET_AREA_MISSING,IDENTITY_UNCERTAINTY,IDENTITY_UNCERTAINTY; TARGET_AREA_MISSING
250864af-ff79-4ef8-834c-2af32629f4f9,CARVE_OUT,IND-000654,IND-000908,UNMEASURED,PARENT_AREA_MISSING;TARGET_AREA_MISSING,PARENT_AREA_MISSING,PARENT_AREA_MISSING; TARGET_AREA_MISSING
35bb2d79-25ef-4b00-b2f3-24840fbd845d,CARVE_OUT,IND-000798,,UNMEASURED,IDENTITY_UNCERTAINTY;TARGET_AREA_MISSING,IDENTITY_UNCERTAINTY,IDENTITY_UNCERTAINTY; TARGET_AREA_MISSING
3ff3c8ef-7e22-47cc-990d-8df660e58821,CARVE_OUT,IND-000420,,UNMEASURED,IDENTITY_UNCERTAINTY;PARENT_AREA_MISSING;TARGET_AREA_MISSING,IDENTITY_UNCERTAINTY,IDENTITY_UNCERTAINTY; PARENT_AREA_MISSING; TARGET_AREA_MISSING
527c3d19-6d72-4e5c-80e5-fd419fcf721f,CARVE_OUT,IND-000798,,UNMEASURED,IDENTITY_UNCERTAINTY;TARGET_AREA_MISSING,IDENTITY_UNCERTAINTY,IDENTITY_UNCERTAINTY; TARGET_AREA_MISSING
5428b26f-3afa-4936-a4b0-ae7b8c20f833,CARVE_OUT,IND-000420,,UNMEASURED,IDENTITY_UNCERTAINTY;PARENT_AREA_MISSING;TARGET_AREA_MISSING,IDENTITY_UNCERTAINTY,IDENTITY_UNCERTAINTY; PARENT_AREA_MISSING; TARGET_AREA_MISSING
600bb778-73bd-4163-a33d-c917afceb309,CARVE_OUT,IND-000420,,UNMEASURED,IDENTITY_UNCERTAINTY;PARENT_AREA_MISSING;TARGET_AREA_MISSING,IDENTITY_UNCERTAINTY,IDENTITY_UNCERTAINTY; PARENT_AREA_MISSING; TARGET_AREA_MISSING
6457f43a-44e8-4e2d-a79d-9ac9097eeb9a,CARVE_OUT,IND-000654,,UNMEASURED,IDENTITY_UNCERTAINTY;PARENT_AREA_MISSING;TARGET_AREA_MISSING,IDENTITY_UNCERTAINTY,IDENTITY_UNCERTAINTY; PARENT_AREA_MISSING; TARGET_AREA_MISSING
b5e24260-e276-47cd-97a1-b2ab3b78fb89,CARVE_OUT,IND-000420,,UNMEASURED,IDENTITY_UNCERTAINTY;PARENT_AREA_MISSING;TARGET_AREA_MISSING,IDENTITY_UNCERTAINTY,IDENTITY_UNCERTAINTY; PARENT_AREA_MISSING; TARGET_AREA_MISSING
dc1ec3de-de22-46ba-81f7-90399134a3f4,CARVE_OUT,IND-000654,IND-000908,UNMEASURED,PARENT_AREA_MISSING;TARGET_AREA_MISSING,PARENT_AREA_MISSING,PARENT_AREA_MISSING; TARGET_AREA_MISSING
e95dbc28-cd15-41a2-9492-d73dc360eea5,CARVE_OUT,IND-000420,,UNMEASURED,IDENTITY_UNCERTAINTY;PARENT_AREA_MISSING;TARGET_AREA_MISSING,IDENTITY_UNCERTAINTY,IDENTITY_UNCERTAINTY; PARENT_AREA_MISSING; TARGET_AREA_MISSING
ffad69ef-d595-413b-aa9c-613f0cda7770,CARVE_OUT,IND-000420,,UNMEASURED,IDENTITY_UNCERTAINTY;PARENT_AREA_MISSING;TARGET_AREA_MISSING,IDENTITY_UNCERTAINTY,IDENTITY_UNCERTAINTY; PARENT_AREA_MISSING; TARGET_AREA_MISSING
2771100e-5035-48cc-babd-73d52f0e5425,CARVE_OUT,IND-000607,,UNMEASURED,IDENTITY_UNCERTAINTY;TARGET_AREA_MISSING,IDENTITY_UNCERTAINTY,IDENTITY_UNCERTAINTY; TARGET_AREA_MISSING
3365d923-eab4-4440-ae0b-aa109a76fc0c,CARVE_OUT,IND-000393,,UNMEASURED,IDENTITY_UNCERTAINTY;TARGET_AREA_MISSING,IDENTITY_UNCERTAINTY,IDENTITY_UNCERTAINTY; TARGET_AREA_MISSING
389e4cc0-06ef-4328-a4c1-4917722e70d7,CARVE_OUT,IND-000539,,UNMEASURED,IDENTITY_UNCERTAINTY;TARGET_AREA_MISSING,IDENTITY_UNCERTAINTY,IDENTITY_UNCERTAINTY; TARGET_AREA_MISSING
47b3f7cc-6c30-4fbe-aca8-4f59d8d4a9d9,CARVE_OUT,IND-000558,,UNMEASURED,IDENTITY_UNCERTAINTY;TARGET_AREA_MISSING,IDENTITY_UNCERTAINTY,IDENTITY_UNCERTAINTY; TARGET_AREA_MISSING
52559a6d-eab5-4d66-a7e9-cec61b54f418,CARVE_OUT,IND-000341,,UNMEASURED,IDENTITY_UNCERTAINTY;TARGET_AREA_MISSING,IDENTITY_UNCERTAINTY,IDENTITY_UNCERTAINTY; TARGET_AREA_MISSING
53f668e4-e240-4f88-aa58-fe1b5c80febe,CARVE_OUT,IND-000202,,UNMEASURED,IDENTITY_UNCERTAINTY;TARGET_AREA_MISSING,IDENTITY_UNCERTAINTY,IDENTITY_UNCERTAINTY; TARGET_AREA_MISSING
64069488-42c2-428f-a95b-f3639fe7f2e2,CARVE_OUT,IND-000555,,UNMEASURED,IDENTITY_UNCERTAINTY;TARGET_AREA_MISSING,IDENTITY_UNCERTAINTY,IDENTITY_UNCERTAINTY; TARGET_AREA_MISSING
731de343-f8f8-4fa3-9ae5-60d92e01d3d7,CARVE_OUT,IND-000025,,UNMEASURED,IDENTITY_UNCERTAINTY;TARGET_AREA_MISSING,IDENTITY_UNCERTAINTY,IDENTITY_UNCERTAINTY; TARGET_AREA_MISSING
73dfdae2-6bd9-4b67-970c-54292e743ff7,CARVE_OUT,IND-000539,,UNMEASURED,IDENTITY_UNCERTAINTY;TARGET_AREA_MISSING,IDENTITY_UNCERTAINTY,IDENTITY_UNCERTAINTY; TARGET_AREA_MISSING
879b7571-2401-4f91-b3a4-7a872689f5de,CARVE_OUT,IND-000558,,UNMEASURED,IDENTITY_UNCERTAINTY;TARGET_AREA_MISSING,IDENTITY_UNCERTAINTY,IDENTITY_UNCERTAINTY; TARGET_AREA_MISSING
95284113-292a-47c9-be39-60565654c244,CARVE_OUT,IND-000555,,UNMEASURED,IDENTITY_UNCERTAINTY;TARGET_AREA_MISSING,IDENTITY_UNCERTAINTY,IDENTITY_UNCERTAINTY; TARGET_AREA_MISSING
95975ba5-97eb-4f4a-b239-aa522c75e3dd,CARVE_OUT,IND-000607,,UNMEASURED,IDENTITY_UNCERTAINTY;TARGET_AREA_MISSING,IDENTITY_UNCERTAINTY,IDENTITY_UNCERTAINTY; TARGET_AREA_MISSING
981427d0-6f93-43c5-9c7c-2f587afb0a70,CARVE_OUT,IND-000202,,UNMEASURED,IDENTITY_UNCERTAINTY;TARGET_AREA_MISSING,IDENTITY_UNCERTAINTY,IDENTITY_UNCERTAINTY; TARGET_AREA_MISSING
a386376f-7d42-4d79-8401-10d2431a0018,CARVE_OUT,IND-000607,,UNMEASURED,IDENTITY_UNCERTAINTY;TARGET_AREA_MISSING,IDENTITY_UNCERTAINTY,IDENTITY_UNCERTAINTY; TARGET_AREA_MISSING
a6254cf4-6064-442d-a7ba-7b97bbd89728,CARVE_OUT,IND-000393,,UNMEASURED,IDENTITY_UNCERTAINTY;TARGET_AREA_MISSING,IDENTITY_UNCERTAINTY,IDENTITY_UNCERTAINTY; TARGET_AREA_MISSING
a74622c7-199b-4771-b150-4009791ee4d3,CARVE_OUT,IND-000539,,UNMEASURED,IDENTITY_UNCERTAINTY;TARGET_AREA_MISSING,IDENTITY_UNCERTAINTY,IDENTITY_UNCERTAINTY; TARGET_AREA_MISSING
a8fac086-983c-4774-85a1-a2ba5ede31f3,CARVE_OUT,IND-000607,,UNMEASURED,IDENTITY_UNCERTAINTY;TARGET_AREA_MISSING,IDENTITY_UNCERTAINTY,IDENTITY_UNCERTAINTY; TARGET_AREA_MISSING
aaa7acd8-fbe0-48f9-921d-5e47ff11a742,CARVE_OUT,IND-000393,,UNMEASURED,IDENTITY_UNCERTAINTY;TARGET_AREA_MISSING,IDENTITY_UNCERTAINTY,IDENTITY_UNCERTAINTY; TARGET_AREA_MISSING
e3bae7c0-4233-491d-9deb-25193eb5b82f,CARVE_OUT,IND-000025,,UNMEASURED,IDENTITY_UNCERTAINTY;TARGET_AREA_MISSING,IDENTITY_UNCERTAINTY,IDENTITY_UNCERTAINTY; TARGET_AREA_MISSING
ecff683e-5f0a-49f8-a5d2-c4bcd374482b,CARVE_OUT,IND-000555,,UNMEASURED,IDENTITY_UNCERTAINTY;TARGET_AREA_MISSING,IDENTITY_UNCERTAINTY,IDENTITY_UNCERTAINTY; TARGET_AREA_MISSING
ed009853-d5a5-495c-83c4-98a5d01a6354,CARVE_OUT,IND-000607,,UNMEASURED,IDENTITY_UNCERTAINTY;TARGET_AREA_MISSING,IDENTITY_UNCERTAINTY,IDENTITY_UNCERTAINTY; TARGET_AREA_MISSING
f0e114ce-b076-4699-b97f-8a2a4ff86076,RENAME,IND-000342,,UNMEASURED,PARENT_AREA_MISSING,PARENT_AREA_MISSING,PARENT_AREA_MISSING
f44a91fa-d296-4eaf-9df6-b8e9e47d4102,CARVE_OUT,IND-000025,,UNMEASURED,IDENTITY_UNCERTAINTY;TARGET_AREA_MISSING,IDENTITY_UNCERTAINTY,IDENTITY_UNCERTAINTY; TARGET_AREA_MISSING
f99a5980-751b-4228-adef-491e07139db1,CARVE_OUT,IND-000558,,UNMEASURED,IDENTITY_UNCERTAINTY;TARGET_AREA_MISSING,IDENTITY_UNCERTAINTY,IDENTITY_UNCERTAINTY; TARGET_AREA_MISSING
f9bf7907-a78d-40cd-8ef6-c259c8adf081,CARVE_OUT,IND-000202,,UNMEASURED,IDENTITY_UNCERTAINTY;TARGET_AREA_MISSING,IDENTITY_UNCERTAINTY,IDENTITY_UNCERTAINTY; TARGET_AREA_MISSING
001b4f47-1e20-4917-98f6-b25a7138951c,CARVE_OUT,IND-000880,,UNMEASURED,IDENTITY_UNCERTAINTY;TARGET_AREA_MISSING,IDENTITY_UNCERTAINTY,IDENTITY_UNCERTAINTY; TARGET_AREA_MISSING
010b7fd8-bc16-4959-bb0c-5ad3acba19e5,CARVE_OUT,IND-000384,,UNMEASURED,IDENTITY_UNCERTAINTY;TARGET_AREA_MISSING,IDENTITY_UNCERTAINTY,IDENTITY_UNCERTAINTY; TARGET_AREA_MISSING
109e157f-9741-43b3-9fd4-86f978124e85,CARVE_OUT,IND-000804,,UNMEASURED,IDENTITY_UNCERTAINTY;TARGET_AREA_MISSING,IDENTITY_UNCERTAINTY,IDENTITY_UNCERTAINTY; TARGET_AREA_MISSING
12d861b9-5914-4177-bb5c-5da08935d364,CARVE_OUT,IND-000383,,UNMEASURED,IDENTITY_UNCERTAINTY;TARGET_AREA_MISSING,IDENTITY_UNCERTAINTY,IDENTITY_UNCERTAINTY; TARGET_AREA_MISSING
1426f5bc-9d52-42a6-aeb3-f1ffa13b100f,CARVE_OUT,IND-000382,,UNMEASURED,IDENTITY_UNCERTAINTY;TARGET_AREA_MISSING,IDENTITY_UNCERTAINTY,IDENTITY_UNCERTAINTY; TARGET_AREA_MISSING
14a8385b-33b0-4eaa-9c35-3784fec1d69e,CLEAN_SPLIT,,,UNMEASURED,IDENTITY_UNCERTAINTY;PARENT_AREA_MISSING;TARGET_AREA_MISSING,IDENTITY_UNCERTAINTY,IDENTITY_UNCERTAINTY; PARENT_AREA_MISSING; TARGET_AREA_MISSING
192c9eed-4e35-47f0-adbc-b7a05de3277b,CARVE_OUT,IND-000881,,UNMEASURED,IDENTITY_UNCERTAINTY;TARGET_AREA_MISSING,IDENTITY_UNCERTAINTY,IDENTITY_UNCERTAINTY; TARGET_AREA_MISSING
2d7aa2c4-397a-44b3-b751-592c0d0c7e73,CARVE_OUT,IND-000383,,UNMEASURED,IDENTITY_UNCERTAINTY;TARGET_AREA_MISSING,IDENTITY_UNCERTAINTY,IDENTITY_UNCERTAINTY; TARGET_AREA_MISSING
372c9a34-d5ac-48fe-84db-13876c2bd21d,CARVE_OUT,IND-000880,,UNMEASURED,IDENTITY_UNCERTAINTY;TARGET_AREA_MISSING,IDENTITY_UNCERTAINTY,IDENTITY_UNCERTAINTY; TARGET_AREA_MISSING
38a254cb-eb90-4bec-a329-d003a3334f27,CARVE_OUT,IND-000382,,UNMEASURED,IDENTITY_UNCERTAINTY;TARGET_AREA_MISSING,IDENTITY_UNCERTAINTY,IDENTITY_UNCERTAINTY; TARGET_AREA_MISSING
3ed7c82d-63d4-4a14-828a-5cf328fee89e,CARVE_OUT,,,UNMEASURED,IDENTITY_UNCERTAINTY;PARENT_AREA_MISSING;TARGET_AREA_MISSING,IDENTITY_UNCERTAINTY,IDENTITY_UNCERTAINTY; PARENT_AREA_MISSING; TARGET_AREA_MISSING
4bf51cab-6cb3-4afb-85bf-5035eef06c80,CARVE_OUT,IND-000804,,UNMEASURED,IDENTITY_UNCERTAINTY;TARGET_AREA_MISSING,IDENTITY_UNCERTAINTY,IDENTITY_UNCERTAINTY; TARGET_AREA_MISSING
4cf57b69-24ad-42a0-a126-299ab121e7f4,CARVE_OUT,IND-000881,,UNMEASURED,IDENTITY_UNCERTAINTY;TARGET_AREA_MISSING,IDENTITY_UNCERTAINTY,IDENTITY_UNCERTAINTY; TARGET_AREA_MISSING
4e798adc-7cd3-418f-9d46-f89c23d8aa45,CARVE_OUT,,,UNMEASURED,IDENTITY_UNCERTAINTY;PARENT_AREA_MISSING;TARGET_AREA_MISSING,IDENTITY_UNCERTAINTY,IDENTITY_UNCERTAINTY; PARENT_AREA_MISSING; TARGET_AREA_MISSING
544539b9-d82a-49ea-87c2-37369b31cb33,CARVE_OUT,,,UNMEASURED,IDENTITY_UNCERTAINTY;PARENT_AREA_MISSING;TARGET_AREA_MISSING,IDENTITY_UNCERTAINTY,IDENTITY_UNCERTAINTY; PARENT_AREA_MISSING; TARGET_AREA_MISSING
57fb5dca-0043-4974-8a74-fbff467fe4e0,CARVE_OUT,IND-000211,,UNMEASURED,IDENTITY_UNCERTAINTY;TARGET_AREA_MISSING,IDENTITY_UNCERTAINTY,IDENTITY_UNCERTAINTY; TARGET_AREA_MISSING
58862bf8-bda8-4706-aae1-90c49c0b6c61,CARVE_OUT,IND-000860,,UNMEASURED,IDENTITY_UNCERTAINTY;TARGET_AREA_MISSING,IDENTITY_UNCERTAINTY,IDENTITY_UNCERTAINTY; TARGET_AREA_MISSING
590c8002-573f-4281-83aa-c70fa50b5532,CLEAN_SPLIT,,,UNMEASURED,IDENTITY_UNCERTAINTY;PARENT_AREA_MISSING;TARGET_AREA_MISSING,IDENTITY_UNCERTAINTY,IDENTITY_UNCERTAINTY; PARENT_AREA_MISSING; TARGET_AREA_MISSING
5e06a7e3-0acb-44f3-9f9a-7b05423df716,CARVE_OUT,IND-000804,,UNMEASURED,IDENTITY_UNCERTAINTY;TARGET_AREA_MISSING,IDENTITY_UNCERTAINTY,IDENTITY_UNCERTAINTY; TARGET_AREA_MISSING
5f9d355b-bb16-403f-ba23-0231f0064bbd,CARVE_OUT,IND-000881,,UNMEASURED,IDENTITY_UNCERTAINTY;TARGET_AREA_MISSING,IDENTITY_UNCERTAINTY,IDENTITY_UNCERTAINTY; TARGET_AREA_MISSING
648a19f0-6488-48a2-ba2d-dc40f4f1f46a,CARVE_OUT,IND-000880,,UNMEASURED,IDENTITY_UNCERTAINTY;TARGET_AREA_MISSING,IDENTITY_UNCERTAINTY,IDENTITY_UNCERTAINTY; TARGET_AREA_MISSING
797a4cc2-b30c-40f1-aadc-8ba3de501b99,CLEAN_SPLIT,,,UNMEASURED,IDENTITY_UNCERTAINTY;PARENT_AREA_MISSING;TARGET_AREA_MISSING,IDENTITY_UNCERTAINTY,IDENTITY_UNCERTAINTY; PARENT_AREA_MISSING; TARGET_AREA_MISSING
7c9e85e2-8ca0-4f3d-9275-af5562316450,CARVE_OUT,IND-000880,,UNMEASURED,IDENTITY_UNCERTAINTY;TARGET_AREA_MISSING,IDENTITY_UNCERTAINTY,IDENTITY_UNCERTAINTY; TARGET_AREA_MISSING
82f0ae9f-a480-442b-8a62-2db1a27b39c8,CARVE_OUT,,,UNMEASURED,IDENTITY_UNCERTAINTY;PARENT_AREA_MISSING;TARGET_AREA_MISSING,IDENTITY_UNCERTAINTY,IDENTITY_UNCERTAINTY; PARENT_AREA_MISSING; TARGET_AREA_MISSING
93546f46-ee32-473f-ab1d-f918c893286e,CARVE_OUT,IND-000832,,UNMEASURED,IDENTITY_UNCERTAINTY;TARGET_AREA_MISSING,IDENTITY_UNCERTAINTY,IDENTITY_UNCERTAINTY; TARGET_AREA_MISSING
9b01942a-20af-417d-8f47-087065b11fe8,CARVE_OUT,IND-000860,,UNMEASURED,IDENTITY_UNCERTAINTY;TARGET_AREA_MISSING,IDENTITY_UNCERTAINTY,IDENTITY_UNCERTAINTY; TARGET_AREA_MISSING
a17d9fb3-3f9c-4f80-81de-7a9df5514ecb,CARVE_OUT,IND-000881,,UNMEASURED,IDENTITY_UNCERTAINTY;TARGET_AREA_MISSING,IDENTITY_UNCERTAINTY,IDENTITY_UNCERTAINTY; TARGET_AREA_MISSING
a85d2cac-ca9e-4ab3-b03b-c834c9a0548b,CARVE_OUT,IND-000881,,UNMEASURED,IDENTITY_UNCERTAINTY;TARGET_AREA_MISSING,IDENTITY_UNCERTAINTY,IDENTITY_UNCERTAINTY; TARGET_AREA_MISSING
bb8142ae-a83f-4536-8c7c-78296ed4a042,CLEAN_SPLIT,,,UNMEASURED,IDENTITY_UNCERTAINTY;PARENT_AREA_MISSING;TARGET_AREA_MISSING,IDENTITY_UNCERTAINTY,IDENTITY_UNCERTAINTY; PARENT_AREA_MISSING; TARGET_AREA_MISSING
bc002874-3f31-4bf1-a190-8c55f596211b,CARVE_OUT,IND-000881,,UNMEASURED,IDENTITY_UNCERTAINTY;TARGET_AREA_MISSING,IDENTITY_UNCERTAINTY,IDENTITY_UNCERTAINTY; TARGET_AREA_MISSING
c157c743-b032-4f32-950b-eae6c31d7c98,CARVE_OUT,IND-000881,,UNMEASURED,IDENTITY_UNCERTAINTY;TARGET_AREA_MISSING,IDENTITY_UNCERTAINTY,IDENTITY_UNCERTAINTY; TARGET_AREA_MISSING
c74d8665-6264-4d95-8328-49e8356753bf,CARVE_OUT,IND-000343,,UNMEASURED,IDENTITY_UNCERTAINTY;PARENT_AREA_MISSING;TARGET_AREA_MISSING,IDENTITY_UNCERTAINTY,IDENTITY_UNCERTAINTY; PARENT_AREA_MISSING; TARGET_AREA_MISSING
c7d7da70-585f-43ee-8618-9c28407b6998,CARVE_OUT,IND-000384,,UNMEASURED,IDENTITY_UNCERTAINTY;TARGET_AREA_MISSING,IDENTITY_UNCERTAINTY,IDENTITY_UNCERTAINTY; TARGET_AREA_MISSING
c924ea3f-20a3-4d25-824f-dba4e19fe0fe,CLEAN_SPLIT,IND-000211,,UNMEASURED,IDENTITY_UNCERTAINTY;TARGET_AREA_MISSING,IDENTITY_UNCERTAINTY,IDENTITY_UNCERTAINTY; TARGET_AREA_MISSING
cf328dfe-4b6a-472c-815e-c4145cabe5e9,CARVE_OUT,IND-000343,,UNMEASURED,IDENTITY_UNCERTAINTY;PARENT_AREA_MISSING;TARGET_AREA_MISSING,IDENTITY_UNCERTAINTY,IDENTITY_UNCERTAINTY; PARENT_AREA_MISSING; TARGET_AREA_MISSING
d697ec0b-afd6-49a1-9957-09feb47c2b44,CARVE_OUT,IND-000383,,UNMEASURED,IDENTITY_UNCERTAINTY;TARGET_AREA_MISSING,IDENTITY_UNCERTAINTY,IDENTITY_UNCERTAINTY; TARGET_AREA_MISSING
d92963ea-7d86-4c68-8d06-c7fe4fefef44,CARVE_OUT,IND-000832,,UNMEASURED,IDENTITY_UNCERTAINTY;TARGET_AREA_MISSING,IDENTITY_UNCERTAINTY,IDENTITY_UNCERTAINTY; TARGET_AREA_MISSING
dee85d98-7b49-497d-ad99-199b2181c767,CARVE_OUT,IND-000384,,UNMEASURED,IDENTITY_UNCERTAINTY;TARGET_AREA_MISSING,IDENTITY_UNCERTAINTY,IDENTITY_UNCERTAINTY; TARGET_AREA_MISSING
e0d9216c-424a-4094-8e89-2c62c36bd41a,CARVE_OUT,,,UNMEASURED,IDENTITY_UNCERTAINTY;PARENT_AREA_MISSING;TARGET_AREA_MISSING,IDENTITY_UNCERTAINTY,IDENTITY_UNCERTAINTY; PARENT_AREA_MISSING; TARGET_AREA_MISSING
e1763b6b-3064-48b5-8c6f-558f69e79055,CARVE_OUT,IND-000832,,UNMEASURED,IDENTITY_UNCERTAINTY;TARGET_AREA_MISSING,IDENTITY_UNCERTAINTY,IDENTITY_UNCERTAINTY; TARGET_AREA_MISSING
edbd8911-6932-45ef-95cb-a337e31a4fcb,CARVE_OUT,IND-000860,,UNMEASURED,IDENTITY_UNCERTAINTY;TARGET_AREA_MISSING,IDENTITY_UNCERTAINTY,IDENTITY_UNCERTAINTY; TARGET_AREA_MISSING
f642ff2a-4296-44c2-9e5a-bc3ab2603db7,CARVE_OUT,IND-000880,,UNMEASURED,IDENTITY_UNCERTAINTY;TARGET_AREA_MISSING,IDENTITY_UNCERTAINTY,IDENTITY_UNCERTAINTY; TARGET_AREA_MISSING
fa787d5f-b21c-4731-a76d-6ce94a98ca62,CARVE_OUT,IND-000384,,UNMEASURED,IDENTITY_UNCERTAINTY;TARGET_AREA_MISSING,IDENTITY_UNCERTAINTY,IDENTITY_UNCERTAINTY; TARGET_AREA_MISSING
15400476-0346-4bb8-b6bf-375d69290dc3,CARVE_OUT,IND-000073,,UNMEASURED,IDENTITY_UNCERTAINTY;TARGET_AREA_MISSING,IDENTITY_UNCERTAINTY,IDENTITY_UNCERTAINTY; TARGET_AREA_MISSING
1c7f06c4-e853-4cda-a9b8-ce7601a872b7,CARVE_OUT,IND-000067,,UNMEASURED,IDENTITY_UNCERTAINTY;TARGET_AREA_MISSING,IDENTITY_UNCERTAINTY,IDENTITY_UNCERTAINTY; TARGET_AREA_MISSING
1f929630-8e04-4cc9-a267-f18d2d0c517a,CARVE_OUT,IND-000078,,UNMEASURED,IDENTITY_UNCERTAINTY;TARGET_AREA_MISSING,IDENTITY_UNCERTAINTY,IDENTITY_UNCERTAINTY; TARGET_AREA_MISSING
26f4ac0f-f907-4cdd-8020-597d4f7bc935,CARVE_OUT,IND-000084,,UNMEASURED,IDENTITY_UNCERTAINTY;TARGET_AREA_MISSING,IDENTITY_UNCERTAINTY,IDENTITY_UNCERTAINTY; TARGET_AREA_MISSING
2bd49a8a-9582-4c8c-9f49-791d38ff0cb8,CARVE_OUT,IND-000877,,UNMEASURED,IDENTITY_UNCERTAINTY;TARGET_AREA_MISSING,IDENTITY_UNCERTAINTY,IDENTITY_UNCERTAINTY; TARGET_AREA_MISSING
2fb2e740-dd23-4368-86f7-b86616d575c6,CARVE_OUT,IND-000877,,UNMEASURED,IDENTITY_UNCERTAINTY;TARGET_AREA_MISSING,IDENTITY_UNCERTAINTY,IDENTITY_UNCERTAINTY; TARGET_AREA_MISSING
34d8f324-97f7-40d1-b1b8-32312e116e43,CARVE_OUT,IND-000071,,UNMEASURED,IDENTITY_UNCERTAINTY;TARGET_AREA_MISSING,IDENTITY_UNCERTAINTY,IDENTITY_UNCERTAINTY; TARGET_AREA_MISSING
3617c5ef-b4b7-4005-801a-4339e7a9e606,CARVE_OUT,IND-000067,,UNMEASURED,IDENTITY_UNCERTAINTY;TARGET_AREA_MISSING,IDENTITY_UNCERTAINTY,IDENTITY_UNCERTAINTY; TARGET_AREA_MISSING
3811f898-05af-482b-bfdd-9fe89ffb8fec,CARVE_OUT,IND-000077,,UNMEASURED,IDENTITY_UNCERTAINTY;TARGET_AREA_MISSING,IDENTITY_UNCERTAINTY,IDENTITY_UNCERTAINTY; TARGET_AREA_MISSING
3e92238c-cff7-4d14-8c3f-0754ca3926a2,CARVE_OUT,IND-000837,,UNMEASURED,IDENTITY_UNCERTAINTY;TARGET_AREA_MISSING,IDENTITY_UNCERTAINTY,IDENTITY_UNCERTAINTY; TARGET_AREA_MISSING
4016faf6-4f77-487a-8899-84bc6e989774,CARVE_OUT,IND-000077,,UNMEASURED,IDENTITY_UNCERTAINTY;TARGET_AREA_MISSING,IDENTITY_UNCERTAINTY,IDENTITY_UNCERTAINTY; TARGET_AREA_MISSING
43357cbe-9dda-4899-b25d-c082879896f3,CLEAN_SPLIT,,,UNMEASURED,IDENTITY_UNCERTAINTY;PARENT_AREA_MISSING;TARGET_AREA_MISSING,IDENTITY_UNCERTAINTY,IDENTITY_UNCERTAINTY; PARENT_AREA_MISSING; TARGET_AREA_MISSING
501f2a1e-d3f6-484d-825b-ddbb5c326fde,CARVE_OUT,IND-000088,,UNMEASURED,IDENTITY_UNCERTAINTY;TARGET_AREA_MISSING,IDENTITY_UNCERTAINTY,IDENTITY_UNCERTAINTY; TARGET_AREA_MISSING
6bc92756-d2d2-4d62-a2a5-479980a06d07,CARVE_OUT,IND-000070,,UNMEASURED,IDENTITY_UNCERTAINTY;TARGET_AREA_MISSING,IDENTITY_UNCERTAINTY,IDENTITY_UNCERTAINTY; TARGET_AREA_MISSING
712e5ef2-4bd2-4fb1-9ca8-c7bdebe209fb,CARVE_OUT,IND-000877,,UNMEASURED,IDENTITY_UNCERTAINTY;TARGET_AREA_MISSING,IDENTITY_UNCERTAINTY,IDENTITY_UNCERTAINTY; TARGET_AREA_MISSING
7391744e-0037-4513-8afe-163d7845f7d3,CARVE_OUT,IND-000071,,UNMEASURED,IDENTITY_UNCERTAINTY;TARGET_AREA_MISSING,IDENTITY_UNCERTAINTY,IDENTITY_UNCERTAINTY; TARGET_AREA_MISSING
754f9688-809f-4283-9ca0-91e748342ec9,CLEAN_SPLIT,IND-000079,,UNMEASURED,IDENTITY_UNCERTAINTY;TARGET_AREA_MISSING,IDENTITY_UNCERTAINTY,IDENTITY_UNCERTAINTY; TARGET_AREA_MISSING
77e8d694-3279-4f05-85d0-0ff61166575e,CARVE_OUT,IND-000067,,UNMEASURED,IDENTITY_UNCERTAINTY;TARGET_AREA_MISSING,IDENTITY_UNCERTAINTY,IDENTITY_UNCERTAINTY; TARGET_AREA_MISSING
78fbe6e6-0339-48a1-b0f2-676ad915c51e,CARVE_OUT,IND-000084,,UNMEASURED,IDENTITY_UNCERTAINTY;TARGET_AREA_MISSING,IDENTITY_UNCERTAINTY,IDENTITY_UNCERTAINTY; TARGET_AREA_MISSING
7a488f09-e6a2-46fc-8cba-bf4262e7ba82,CLEAN_SPLIT,,,UNMEASURED,IDENTITY_UNCERTAINTY;PARENT_AREA_MISSING;TARGET_AREA_MISSING,IDENTITY_UNCERTAINTY,IDENTITY_UNCERTAINTY; PARENT_AREA_MISSING; TARGET_AREA_MISSING
903d0671-2a7b-461e-8697-9c93f63fa524,CARVE_OUT,IND-000837,,UNMEASURED,IDENTITY_UNCERTAINTY;TARGET_AREA_MISSING,IDENTITY_UNCERTAINTY,IDENTITY_UNCERTAINTY; TARGET_AREA_MISSING
b6533711-237f-4fdd-8c9c-f2ff1e65057e,CARVE_OUT,IND-000070,,UNMEASURED,IDENTITY_UNCERTAINTY;TARGET_AREA_MISSING,IDENTITY_UNCERTAINTY,IDENTITY_UNCERTAINTY; TARGET_AREA_MISSING
c4ccbb91-2a14-41f1-9aa1-9be79679c518,CARVE_OUT,IND-000077,,UNMEASURED,IDENTITY_UNCERTAINTY;TARGET_AREA_MISSING,IDENTITY_UNCERTAINTY,IDENTITY_UNCERTAINTY; TARGET_AREA_MISSING
cb1920c5-7fef-4aac-b00d-74b0d6d1937f,CARVE_OUT,IND-000078,,UNMEASURED,IDENTITY_UNCERTAINTY;TARGET_AREA_MISSING,IDENTITY_UNCERTAINTY,IDENTITY_UNCERTAINTY; TARGET_AREA_MISSING
d166799c-8c31-4f8a-8077-d31ecc6dd0e9,CARVE_OUT,IND-000067,,UNMEASURED,IDENTITY_UNCERTAINTY;TARGET_AREA_MISSING,IDENTITY_UNCERTAINTY,IDENTITY_UNCERTAINTY; TARGET_AREA_MISSING
df083c5d-d57d-4811-9f90-acd90c06ac65,CARVE_OUT,IND-000088,,UNMEASURED,IDENTITY_UNCERTAINTY;TARGET_AREA_MISSING,IDENTITY_UNCERTAINTY,IDENTITY_UNCERTAINTY; TARGET_AREA_MISSING
e9139c3d-e904-48fe-b638-dce34b5ef126,CARVE_OUT,IND-000069,,UNMEASURED,IDENTITY_UNCERTAINTY;TARGET_AREA_MISSING,IDENTITY_UNCERTAINTY,IDENTITY_UNCERTAINTY; TARGET_AREA_MISSING
ea659402-7b12-4184-9ed3-825ed9a6a927,CARVE_OUT,IND-000073,,UNMEASURED,IDENTITY_UNCERTAINTY;TARGET_AREA_MISSING,IDENTITY_UNCERTAINTY,IDENTITY_UNCERTAINTY; TARGET_AREA_MISSING
ec7ae81b-d6b8-4372-9900-ae0215945bd5,CLEAN_SPLIT,IND-000079,,UNMEASURED,IDENTITY_UNCERTAINTY;TARGET_AREA_MISSING,IDENTITY_UNCERTAINTY,IDENTITY_UNCERTAINTY; TARGET_AREA_MISSING
fa01bb13-515b-4d8e-9bc6-fbe940dc6c77,CARVE_OUT,IND-000069,,UNMEASURED,IDENTITY_UNCERTAINTY;TARGET_AREA_MISSING,IDENTITY_UNCERTAINTY,IDENTITY_UNCERTAINTY; TARGET_AREA_MISSING
