event_id,source_event_id,exists_in_transfer,relationship_count,accounting_status
0e4acfbe-ae21-430c-b977-746f67ee8368,115049b233bf,True,0,ACCOUNTED
2d96c4e4-197c-474b-9667-691ece1738c4,54adaaa9f271,True,1,ACCOUNTED
32f083c1-5d41-4b73-8ef2-ebe77a3da77f,a1214943545a,True,0,ACCOUNTED
3e8e12f0-f849-4aed-906f-ef0be8a91fe4,79dcb92f0837,True,1,ACCOUNTED
68cfed1d-68b7-4c53-9181-02fa683ff263,e2dc67182c1b,True,0,ACCOUNTED
7422fa70-4883-47c8-9033-f035021c7d9b,d959ebd85736,True,0,ACCOUNTED
9887859d-7ce3-44ff-a1c6-156ebdb680f7,f9a485717cf4,True,0,ACCOUNTED
9a5bd530-899d-46ee-9989-41876c2d0a7f,380ac04acc8f,True,0,ACCOUNTED
a978a046-99bf-4476-b397-22ec3eef37fd,c8bb874c5a82,True,1,ACCOUNTED
bb0968ae-240e-4392-b420-1a3c66bba671,0ccf63a35e14,True,1,ACCOUNTED
bb1e4033-cddd-4ec9-adc5-85e8b3ba23d8,ff98dbec43a1,True,0,ACCOUNTED
c019f07e-4a2b-448a-a935-9d9279d7c3b0,cf556d7e0d63,True,1,ACCOUNTED
d6200a85-6829-4480-b995-6cb31902f15b,71edda46d3a4,True,0,ACCOUNTED
d7bee9e7-4f8d-4414-9a86-4cfa2ceab8bd,dab92636cf87,True,0,ACCOUNTED
e0a7cae9-7fbc-42e6-93bb-176708fbe7d0,82dbe257807f,True,1,ACCOUNTED
f9151ee7-b3d6-4d50-8306-0c9830e30309,01a0d7ad9cd3,True,1,ACCOUNTED
04ceb673-eba9-452a-8a7a-5905d00b86fc,66e2657f2668,True,0,ACCOUNTED
19210377-4e13-4373-a0f2-65d1a4488d6c,b59df392d868,True,0,ACCOUNTED
32e67423-82e9-40a7-ad78-afca4c17cee4,b4945a7b731f,True,0,ACCOUNTED
34d66b01-5631-4464-9026-99b6a35d5b00,064819ae49fa,True,0,ACCOUNTED
501f2a1e-d3f6-484d-825b-ddbb5c326fde,2808ad11dc3d,True,0,ACCOUNTED
648a19f0-6488-48a2-ba2d-dc40f4f1f46a,55cfdfe4f742,True,0,ACCOUNTED
6f2b32ae-763e-4884-ae8f-eca422539116,181c273e7d41,True,0,ACCOUNTED
961aedd4-ca30-4512-bc2e-3d038cbd3490,2980e0861b4e,True,0,ACCOUNTED
9edd8541-000e-4184-bbfe-a416a0312940,3b68c18db0e3,True,0,ACCOUNTED
ad4447dc-d962-48c9-9271-094ac97de81f,b717212b7701,True,1,ACCOUNTED
c7a26a5b-e69d-4277-b892-cb9587df3311,84c86e5ac70b,True,0,ACCOUNTED
c8952077-97aa-4898-b7b0-69e45207a201,af9ea446377c,True,0,ACCOUNTED
d2d2b179-638e-47e5-8a36-96c257fbbc03,701a0eefba4c,True,0,ACCOUNTED
d59778cb-c936-46f5-bf5c-33f9bd969e17,6486bc501703,True,1,ACCOUNTED
dae500e1-2c34-46cd-aeb5-e2a2bad2f8de,2aae565430aa,True,0,ACCOUNTED
e772a5d0-df9e-47a3-805e-8b22cc88332d,1bcb1ad87a59,True,0,ACCOUNTED
e861228e-b890-4912-a330-f7fb299a4227,127865f1f4a8,True,0,ACCOUNTED
0e8cf764-b5e9-45b1-838c-83f760774456,af86e7e58e11,True,0,ACCOUNTED
123781cf-36c7-45c2-b716-4d55980ce69d,84c883d07e3f,True,1,ACCOUNTED
2002f075-abd7-4156-8c44-cb5a5c90031d,213f1cf526f2,True,1,ACCOUNTED
268b7f95-41fb-409b-b5ef-6bfbad6d2b8a,93bb4b4a6d8a,True,0,ACCOUNTED
2d6ed94f-c939-48ed-a815-df2271d97627,f310795ad14d,True,0,ACCOUNTED
36f6dcc5-9291-4d8a-9ece-17d2c1c30d4c,68abfd94b978,True,0,ACCOUNTED
3e92238c-cff7-4d14-8c3f-0754ca3926a2,a26c390d8445,True,0,ACCOUNTED
4d63c4a4-e42e-4e5c-8cf9-cfbe11bf7b37,f934e7341368,True,0,ACCOUNTED
6aba09f3-2536-4718-97ac-a7030cfb6ce6,8d50521b95bd,True,1,ACCOUNTED
9c536b7b-5589-4f32-a7ed-2a42bd9e61ab,03642efeec82,True,0,ACCOUNTED
c5f4bdec-3d54-48c5-a253-88fdd4f2237a,a248b3011c2b,True,1,ACCOUNTED
db3b1555-b274-430e-998a-28aff22a834d,ce5a5080bb2c,True,1,ACCOUNTED
f2e4dc3e-b360-464d-9675-d2a82a242d17,c03c86a43468,True,0,ACCOUNTED
fdaaf342-b1a0-4939-8d8a-9f4799f9b11a,c6381413219c,True,1,ACCOUNTED
0e66ed3d-e143-4d1f-8627-4779db8cc5cb,5c5734c2b6af,True,1,ACCOUNTED
2a4d382b-3c7d-421b-a90f-475f2122c420,499aa95fc8a1,True,1,ACCOUNTED
2aa448d7-f68c-431c-b59b-8a3982b50a54,d1561827142d,True,0,ACCOUNTED
363094ba-a37d-4507-b694-afb3c1bcde25,c850e8fb6145,True,0,ACCOUNTED
44e63bba-1bd2-4e57-b5d2-94c84b29db43,134383ac1366,True,1,ACCOUNTED
56255e30-9403-450b-abc8-63079b8aa889,06b5faec6d87,True,0,ACCOUNTED
5f6308cf-31d8-4324-9ba0-17fa27c38053,b5e8b448052d,True,0,ACCOUNTED
60304913-f813-4e77-8cb8-322307509d90,ed0f2c50eb37,True,0,ACCOUNTED
8723ab13-19c0-4a7d-bff3-b805ba4fc66f,b113444bab15,True,0,ACCOUNTED
b0a162fa-d19d-4d81-9ea2-5a307f4428fa,b717212b7701,True,0,ACCOUNTED
b156d368-4bd3-4e95-8599-bbdd40f7781d,d724cec02ab7,True,1,ACCOUNTED
b82b944c-821a-4982-89cb-1c27421a95bf,a6524e1e598e,True,0,ACCOUNTED
c9ba2f5f-48dc-4606-9184-139628552762,01a0d7ad9cd3,True,1,ACCOUNTED
d15ed765-11c1-4bf8-a3e3-4b2d2fe0fa64,2f58b8e20198,True,1,ACCOUNTED
d405bed1-dcaf-407a-a1a4-bbe72e0b3cd1,4d942343893d,True,1,ACCOUNTED
dbfd1e67-f5d2-4659-8baa-ca71243af7b6,b13482297e41,True,0,ACCOUNTED
f88fe988-85d5-42c2-8d18-9d688f2e2262,7e137e0276b9,True,0,ACCOUNTED
0271f61f-a9fe-43da-80e2-50c0b02ec05d,20fec8578abc,True,1,ACCOUNTED
1119b82c-06a2-40aa-ae2e-08d56c71f288,1cf38fa44576,True,1,ACCOUNTED
14364838-1057-4f6c-851b-51c86f216901,cda20afa4d4a,True,0,ACCOUNTED
33027270-400d-43bf-a372-d34b8087b111,e69e0ee73e42,True,0,ACCOUNTED
5acd6040-f1a2-4b39-94ec-b89d5bc809c4,3a3e7ee343a7,True,0,ACCOUNTED
6b292c16-7f74-4457-a691-a7b218a8ff3d,61cd034b306c,True,0,ACCOUNTED
89e59207-8c24-4423-9e7b-b4795b177337,4a71caeeeb3d,True,1,ACCOUNTED
9b2e96a6-b07a-4b3a-af4d-dbcf18998b7a,764060025f05,True,0,ACCOUNTED
9fd0970d-55a3-41aa-b700-38bec2f0b762,a56da6eb6505,True,0,ACCOUNTED
adf7dedc-5678-481b-b72a-b881ad284091,4b574d9b34ec,True,1,ACCOUNTED
c509b69c-bea4-405f-a9c6-5570b3dbe6af,1cc5c5352fcb,True,0,ACCOUNTED
cc88a02b-91e0-428f-ac62-d246dda4d500,7892d4f78998,True,0,ACCOUNTED
da4f7fc3-b10f-40d2-b4f5-b00152823c37,e17b8cc7063a,True,0,ACCOUNTED
e8cae023-e9a2-497a-bf00-b39941f16f05,a8367eb0a586,True,0,ACCOUNTED
f796f70e-1f3f-4613-b9ef-25aaf118cf99,3b6fcde98cec,True,1,ACCOUNTED
feebf22d-8f3d-4c33-96a4-a6fb8e52d152,28fa4a64202f,True,0,ACCOUNTED
05ec14fc-0900-4074-aae4-6f1d071a40f2,5b6909bd75f0,True,1,ACCOUNTED
07c6c190-c97b-4720-bdf9-c1c3fed2965e,23014b934bcf,True,0,ACCOUNTED
441a2429-56eb-4d02-ac5d-e8221f98dfc1,0f7907e15ed6,True,1,ACCOUNTED
47f490b7-edfe-47e3-b79a-a88564962c03,5535cdf9ecb0,True,0,ACCOUNTED
679cf4a9-f7c1-458a-9651-7d320d20ea0d,2bb7ef120537,True,0,ACCOUNTED
69676f49-fdb8-4979-af2d-38c0a21af0f1,1f7dcf419410,True,0,ACCOUNTED
81d7beb2-cbab-4396-bc5b-0d01c3525512,78f851dd5504,True,0,ACCOUNTED
965285ed-d104-4762-88c7-74ff5705d7cf,de43bd8d8dbe,True,0,ACCOUNTED
9757369b-6383-4681-b39b-28d5ba09c18e,0c6463515e63,True,0,ACCOUNTED
ec48ce6a-3b44-423d-bf58-69e4259c07bd,5a5c467ee150,True,0,ACCOUNTED
f0e114ce-b076-4699-b97f-8a2a4ff86076,0f8b188553a3,True,0,ACCOUNTED
f269f1a0-d589-40e4-914e-96e4f390cfd8,3b7736b4d4fb,True,0,ACCOUNTED
1ce29893-3b8d-4ebf-816d-67201d636c64,e7c7d9513ef8,True,1,ACCOUNTED
34d8f324-97f7-40d1-b1b8-32312e116e43,fe24995fbb6d,True,0,ACCOUNTED
3624bb0b-856d-40f0-8109-5b9151700fd8,5cb4152ff32c,True,0,ACCOUNTED
378a1820-fb97-4325-bcbc-d748bbec9e17,3b68c18db0e3,True,0,ACCOUNTED
3afd721c-42a6-4efd-b1d1-05f21fa6a0c1,2b79d83f649f,True,0,ACCOUNTED
6b99547c-c367-47a8-82e8-65a6b2531627,d959ebd85736,True,0,ACCOUNTED
6e213d3a-f420-45fa-b314-443f1512d5d4,a688df1e3a6c,True,0,ACCOUNTED
7cb0930c-b5cc-46c7-b2f2-0082add1c3f1,089a0431ad91,True,1,ACCOUNTED
87bc7bae-0148-4402-b518-a92e9f03d04e,7572225fbdec,True,1,ACCOUNTED
a0eb050e-5fb1-4c81-a5ac-4621f5281e40,5a1328c31b19,True,0,ACCOUNTED
a20d2d11-33b9-4baa-89dd-bbb49b197656,59aa03e4659a,True,0,ACCOUNTED
abf25537-52de-429c-a8cb-1e2300c19e5c,cfe087f47e03,True,0,ACCOUNTED
b4d87243-88ff-4013-bfb0-8009bbc05409,479ee0961103,True,1,ACCOUNTED
be62b96f-8a86-4baa-bed6-a19817ee4a8f,2a66bbc394dd,True,1,ACCOUNTED
c1056f69-1359-4387-9005-01ca18b8be51,60591645fd04,True,0,ACCOUNTED
d166799c-8c31-4f8a-8077-d31ecc6dd0e9,eda7e2a313fd,True,0,ACCOUNTED
d289a1ff-2330-4841-9678-b3300ff862d9,767a8717faaa,True,1,ACCOUNTED
d9476df2-7efb-4539-9bcd-199128a25c7d,4b574d9b34ec,True,1,ACCOUNTED
dc611ecf-7175-4226-af71-6d583543f73a,3df848b603c1,True,0,ACCOUNTED
dec58c27-be67-4078-8b91-2065202b9b50,d42acaff34cf,True,1,ACCOUNTED
20a0b42c-f85e-4c24-8db3-021f589e15ce,416fb84b8a83,True,1,ACCOUNTED
371caae1-b09c-41b5-aca5-e3535100aa5a,9137b97001a2,True,0,ACCOUNTED
61617c40-d1e5-4fa9-8994-4515a7937387,2451209dbeb3,True,1,ACCOUNTED
75b102cc-12de-4e31-a21a-b73df395384e,f7f0f21d769b,True,1,ACCOUNTED
773a5862-9358-43bc-8033-5d60244e5665,cb80bb3d1473,True,1,ACCOUNTED
846933a2-9a56-4aeb-95c2-aeb23dc41060,639b1ead3ce6,True,0,ACCOUNTED
9cafbae0-d284-4c9b-a636-20e759a47834,f1c3807c6d83,True,0,ACCOUNTED
9dc80b24-7f56-4265-a16e-e5b7f1609f46,ea4a7ab83d21,True,0,ACCOUNTED
a689edca-f4f5-4c42-a505-64e241e9754a,31c4ec2485c2,True,1,ACCOUNTED
cac824a5-b1f4-4be6-9ec3-480b5abd1eec,b17efe34673f,True,0,ACCOUNTED
d4187a8c-487e-43bd-b8f4-e12eed34090e,90c5cc3fc088,True,0,ACCOUNTED
0fb258cb-907c-48e0-bdce-29a85c897056,60a19ff6ac9b,True,1,ACCOUNTED
2e3d0a9e-8906-4d34-8624-e98bc4df0ef1,d08a0a28d007,True,0,ACCOUNTED
3d6fb073-1533-45f2-b062-54897a000018,0990d01df831,True,1,ACCOUNTED
440e6086-4e3d-47d1-946d-d241dca55a14,0291e9c14e69,True,0,ACCOUNTED
4fe0f5c4-b4bc-4c0e-ab38-3a3d5cc9495c,887e305b6ffa,True,1,ACCOUNTED
762e7b97-5ff6-41b8-910d-da342b4c0ee0,ed0f2c50eb37,True,0,ACCOUNTED
8763ea68-e006-4f01-9281-aad5c2b0e576,7664a65e599c,True,1,ACCOUNTED
b622248f-a38e-4a95-858b-639b4cb21f98,f6a1e685b7d7,True,1,ACCOUNTED
d0e20f52-5729-438d-9a6b-210affe3f1ee,decfb084f11a,True,0,ACCOUNTED
d416755b-a9df-4967-9aef-a2fba0379ab3,fb14b1fac409,True,0,ACCOUNTED
d7288eac-7a5b-4036-b542-2e5a811d45e5,1cc5c5352fcb,True,1,ACCOUNTED
defe987e-f7ee-4f2e-9cc0-702d4ed09f70,ac76394d6649,True,0,ACCOUNTED
e0d3ff1f-33db-48e4-8087-f894f4c7dcb7,d5b238520160,True,1,ACCOUNTED
f323bc4b-a1a4-47e0-ae5e-d815e1ea2e02,94c1fb821ccb,True,1,ACCOUNTED
f36e875b-001c-435f-bbe6-740da0f751f0,7b6bf21401ae,True,1,ACCOUNTED
f596d28b-f658-4f26-897f-36e756d0b884,c8bb874c5a82,True,0,ACCOUNTED
ff8d634d-5ef5-497a-89d6-f963ea32a9aa,3a3e7ee343a7,True,1,ACCOUNTED
1efab99a-bc07-4594-a0e1-77e31cc7a1a0,29445a0bccaf,True,0,ACCOUNTED
23590b9b-7cc3-497c-877c-83109a9e9bd6,f9a485717cf4,True,1,ACCOUNTED
2ae43a35-6fcf-428e-8b5a-6edf6a41ff17,e2fed61148b7,True,1,ACCOUNTED
43f5b7fe-a077-45ef-a240-5a7977ecc03d,9d12d298538b,True,0,ACCOUNTED
5bd785d4-da82-4108-8bbd-174fd6f94102,d204ba7b69ab,True,0,ACCOUNTED
68142cb0-0267-4c3c-a38e-6e4341cb77d1,bdb7888dcd19,True,0,ACCOUNTED
890bb3b0-468d-4c56-b4fa-56bd34537064,cdc9644b5d55,True,0,ACCOUNTED
981427d0-6f93-43c5-9c7c-2f587afb0a70,d59ffeaa80da,True,0,ACCOUNTED
a7fea005-d996-42b7-bcb9-cb6e8eade2b0,c39936e89f88,True,0,ACCOUNTED
c004e142-a8c7-418a-8ce1-3af758f13553,aa60646d2eed,True,1,ACCOUNTED
c378689d-2162-4cce-97e6-dcd4a3a6fa7c,dd2d53d2e895,True,0,ACCOUNTED
e9672a9a-f006-47a1-9453-91d2844fc1aa,a2503ef0b36e,True,1,ACCOUNTED
f44a91fa-d296-4eaf-9df6-b8e9e47d4102,b5e8b448052d,True,0,ACCOUNTED
fbdc99da-cd3b-4ee1-9f62-4062d00e18ce,ae1b04317d0a,True,1,ACCOUNTED
1cd9069e-c16e-41bf-955f-22f7d599cf99,dd2d53d2e895,True,0,ACCOUNTED
268f6500-074a-4328-9750-e19b21ee4d31,2d725042e5c4,True,0,ACCOUNTED
413bcc11-50ec-4d53-ad98-f1019d6499b5,a684ee23b131,True,1,ACCOUNTED
432422cf-43f9-43e1-8a27-a3337e2b664f,e19fde9f0aa9,True,1,ACCOUNTED
8c02499d-5fb8-4142-bee0-95d7df6396bf,37861216027d,True,0,ACCOUNTED
c0d378b4-20e0-4402-a84d-b07364f1580a,82a838aa5f88,True,1,ACCOUNTED
d20ff19c-fe7b-44cd-97ca-35e304eefcdb,b614a02cee93,True,1,ACCOUNTED
f0a29bfa-4a71-4c13-a159-afae6058cee3,2441eeec3ab9,True,0,ACCOUNTED
f5f3cd29-f163-49a0-9705-b5f70d166c94,a8367eb0a586,True,1,ACCOUNTED
f642ff2a-4296-44c2-9e5a-bc3ab2603db7,1e3a5da00d37,True,0,ACCOUNTED
fe36e0a6-9e61-4ccb-985a-cceb295068dc,ddd081149913,True,1,ACCOUNTED
0c94727f-67d3-42bf-83f8-ae68070d8839,3743673fef0f,True,0,ACCOUNTED
44258886-c003-46ab-916e-ff8965129137,2c9893ccf0c6,True,1,ACCOUNTED
65bb7c5f-54f1-4f47-9295-abfde02b892d,8ae0170c4100,True,0,ACCOUNTED
79af7e08-a65a-46b0-b259-ede708dacdc2,10b9f9a20914,True,0,ACCOUNTED
9b52c649-4c9c-48c7-8549-95e991f16a18,e818eb2932b4,True,0,ACCOUNTED
9f61c6dc-deaa-4c5b-9180-7278890f5aaf,14b82befac32,True,1,ACCOUNTED
a0981562-6ea9-46e8-9789-bd3a2cb24d54,b7f70b880355,True,0,ACCOUNTED
a2faa7d4-0cdf-45cc-b410-4df034a7c7d4,44cbd83610e9,True,0,ACCOUNTED
c78f812e-64d4-462d-a9fd-5cf5636f2fdc,270f9ba7e1d9,True,0,ACCOUNTED
f3bf8f76-3f54-48ba-9dff-5bf82227de3c,e4217653930c,True,0,ACCOUNTED
fac7263d-3634-4124-80ab-47d5b6c97795,5ff12f718e1f,True,0,ACCOUNTED
17f316e5-9e67-4fba-adad-1e938854af05,6e6ca1d340df,True,1,ACCOUNTED
1f8ffebe-049e-45f2-a5c4-3fda2d4fe2d3,a688df1e3a6c,True,0,ACCOUNTED
33be14e9-fc2f-4486-8008-32e153b16761,5b8b7deccc23,True,0,ACCOUNTED
3c13a119-198e-42ca-a26a-a9b42ccaed0f,3fc80a9b3fd7,True,1,ACCOUNTED
3d37b4d2-4751-4b84-95b9-c2316880a586,4c55040ede63,True,0,ACCOUNTED
53a35d76-ef6e-469e-bc31-0b1ec6944f2c,d955ef6b79d0,True,0,ACCOUNTED
5610806f-66c5-4233-9a6d-2010c06d8cb8,5d64670cadd6,True,0,ACCOUNTED
67b154f7-67b4-4e9f-95bd-72532e9ed46b,4b163d0411b1,True,0,ACCOUNTED
7c9e85e2-8ca0-4f3d-9275-af5562316450,a0d87634f359,True,0,ACCOUNTED
abf2ecaf-7f6e-4b5e-bd9f-db043cbd855f,76c7c8a784ee,True,0,ACCOUNTED
e034d4c9-48ac-4d96-a57c-c5db2b232df5,9cdbd0cd8569,True,1,ACCOUNTED
f3593a63-89fe-4656-bf0b-bb5a1796152d,ff98dbec43a1,True,0,ACCOUNTED
ffb25d8a-ca3b-4c19-acd5-74c8117557df,aa60646d2eed,True,0,ACCOUNTED
42de457c-7541-4e1b-971a-3b07a5e40d35,a5a2a2b9c756,True,1,ACCOUNTED
591739cf-4c21-49e8-b786-1309e2628257,37e09a804b92,True,1,ACCOUNTED
62f5ddad-877b-4153-9289-dbedf6261159,e34c1231e150,True,0,ACCOUNTED
d92963ea-7d86-4c68-8d06-c7fe4fefef44,a60bb91e61c3,True,0,ACCOUNTED
dac4eb8f-ae42-451b-81d8-15fb26affdfe,36644fbd6cc6,True,1,ACCOUNTED
fc194506-db3d-4125-a108-7cdd3075358a,37ed38738a9f,True,0,ACCOUNTED
07672b87-cd01-4597-a8ad-9ccf125488cc,9058669ed917,True,1,ACCOUNTED
0ff9eb50-e72f-4abc-8769-0196e4e23490,04d4da5baaa9,True,1,ACCOUNTED
1317f72e-85e8-452a-ab53-b2fd73a8cc57,489c38ba8bf9,True,0,ACCOUNTED
2271eaa9-2124-4e7c-896c-7b92162fa1ca,ac1bee1260c9,True,0,ACCOUNTED
35f40788-783c-4a17-ae33-5890221118e1,512946131ff9,True,1,ACCOUNTED
389e4cc0-06ef-4328-a4c1-4917722e70d7,5e88d2f00ad9,True,0,ACCOUNTED
474f1589-af74-4e96-aea8-d4e8b65b739e,e0e93f672cb2,True,1,ACCOUNTED
552c57fc-62d6-458a-b8c5-17225c8330d8,99f55794dad1,True,0,ACCOUNTED
57fb5dca-0043-4974-8a74-fbff467fe4e0,6dc1f6c10e2a,True,0,ACCOUNTED
631f8b7f-7fb9-444d-a56b-2ad7203af8f2,e1713021f65b,True,0,ACCOUNTED
712d3eea-b4e0-479a-80ad-dd885086c6b7,83a6cbe0a671,True,1,ACCOUNTED
8219aa6c-6d3b-43c9-9215-0defacfbd06e,2aef0f747671,True,0,ACCOUNTED
848b366b-26b4-449c-b5f8-ba1270f2b40e,dfcedec5b532,True,0,ACCOUNTED
99245661-93c0-49ab-a6f5-51a34e1cdc59,047b2f67a8ba,True,0,ACCOUNTED
9c9e7a94-f4e0-4129-a379-b0d7f5fd3bef,2ee4f416cd08,True,0,ACCOUNTED
a3d1d4a9-2e38-4b21-aab0-b794e42138a6,871d708befea,True,1,ACCOUNTED
e1be6f42-fd1e-4b5c-b5c8-1194508c6ce6,b269a6dd203b,True,0,ACCOUNTED
e1c61940-a1ee-4d04-853e-d6f83df63160,9031159ae2b7,True,0,ACCOUNTED
08fbbcc1-9b01-4f23-bd57-47cca900d702,cf87104b3060,True,1,ACCOUNTED
1240e309-fc1d-46a5-b2fa-5aaeb9124ca9,a1f4cc1245a2,True,0,ACCOUNTED
1e446766-a638-40b2-b004-636104a2ff10,a9d6c328a91c,True,0,ACCOUNTED
25eb8098-a769-4a80-86a9-d0061337dcf7,b4e883dc5a1e,True,1,ACCOUNTED
29a0c1c2-05b5-45d9-a283-ccff1cba4077,69b0c45cf89a,True,0,ACCOUNTED
3093c5e1-d30c-40b8-9bc4-ef71b68834b8,161b67386292,True,0,ACCOUNTED
79167724-9d87-4428-aca0-c020cb96add1,6b8845a92d5f,True,0,ACCOUNTED
832e688b-7207-4f56-851b-c12e1faee6c8,fd7a8f6a4b1f,True,0,ACCOUNTED
c53dcb64-5c5c-4944-b082-06bd861501e4,d731cf0d0201,True,1,ACCOUNTED
c8b74a4b-f9ed-428b-bf90-b54bbd27e4f5,016b43e41a72,True,0,ACCOUNTED
d3243590-d339-4c0d-bf59-07c899b20e46,9d9cac0a4404,True,0,ACCOUNTED
e81a56ee-abf8-4515-88d3-ca18bb76569b,5f4f5432b146,True,0,ACCOUNTED
089f4409-b14d-4cdb-89dc-78819baa9a33,0ad959805ff7,True,1,ACCOUNTED
1c57d946-6ca3-4257-89c2-0292c0d09754,13785847155a,True,0,ACCOUNTED
1c7f06c4-e853-4cda-a9b8-ce7601a872b7,9fb3f5324e25,True,0,ACCOUNTED
1fc5b22c-9ba3-4961-8570-caba2f0933d9,ec01e5fb46ef,True,1,ACCOUNTED
20654473-f8fd-4cac-8d7d-dbfa672fc712,5d829792b11a,True,0,ACCOUNTED
3f55bdc3-7623-425b-ae2b-4144642f5747,e3b750cb6e5a,True,0,ACCOUNTED
5032cea0-9932-45a3-8379-77d90f08602e,f30d3bccefdb,True,0,ACCOUNTED
69cff992-dc5e-432b-8434-b93f280c9373,1cf17168f8b5,True,0,ACCOUNTED
6dd8b6e3-9f7a-4781-8ddb-ae7ff1334149,2b36b0713ff8,True,0,ACCOUNTED
7453a4c4-a8f0-4349-a2ca-05c901126ce8,b58a4c6c017c,True,0,ACCOUNTED
888a52c7-1548-4102-b0c3-bae467224010,97d5f2bacfbe,True,1,ACCOUNTED
b3a80fb6-0f0c-48a9-bd48-c29fab94a485,3eb72fa794b5,True,0,ACCOUNTED
b456ed55-2871-46c6-91cf-33a51eea366c,82d6044f40c7,True,0,ACCOUNTED
cf328dfe-4b6a-472c-815e-c4145cabe5e9,05aa110382a0,True,0,ACCOUNTED
fd087a7a-3c66-4fee-9f75-2ad4ab2555bd,acf15f695870,True,0,ACCOUNTED
22931999-da4c-4b44-9802-66156d33c0b3,7e8c1bc3333d,True,0,ACCOUNTED
29905bfa-61b2-4df5-a8c0-7dea000d440c,3efa55702940,True,0,ACCOUNTED
35fc46e6-c781-4a37-a03c-c9d7723a787f,ab4d70a76aff,True,0,ACCOUNTED
3ebc0d46-c946-4330-9b7c-635e8c14ba2a,99f55794dad1,True,0,ACCOUNTED
3ed7c82d-63d4-4a14-828a-5cf328fee89e,ff073b081084,True,0,ACCOUNTED
66683c77-128b-4a44-81c2-8e723c5f6538,68869e017230,True,0,ACCOUNTED
8733945d-47d7-4876-87c9-5d90c5fea134,cdfd4cce0a90,True,1,ACCOUNTED
a6fa356a-05a0-46b6-a501-c1fe841a5321,6a734a422459,True,1,ACCOUNTED
c0546caa-414c-4194-bbae-689362bad9b4,1705bd075474,True,1,ACCOUNTED
c7d7da70-585f-43ee-8618-9c28407b6998,b6a98698a54b,True,0,ACCOUNTED
de6fc419-8ae7-40a4-93ca-5bed48ecf2bd,1f643244d4a0,True,0,ACCOUNTED
dee85d98-7b49-497d-ad99-199b2181c767,ff073b081084,True,0,ACCOUNTED
2feed954-5cf3-487e-b193-fdd70d2012cb,4c7b1cf46066,True,1,ACCOUNTED
5acff2ac-ec5a-461c-b808-11df9d11da47,401ebf816b8d,True,0,ACCOUNTED
5ed46932-200a-4d2c-9844-1c04b3617d55,e68993c2726b,True,0,ACCOUNTED
67cad0c3-eb18-4683-8ea7-2d93613948fa,b602b1af3c02,True,0,ACCOUNTED
73dfdae2-6bd9-4b67-970c-54292e743ff7,d35606168a2a,True,0,ACCOUNTED
9c7d1ac2-ad98-44df-9953-5332e9684b39,270f9ba7e1d9,True,1,ACCOUNTED
cc78c592-1cf5-4815-81bd-757127bd8abf,6fe6f43d3018,True,0,ACCOUNTED
d47b69fa-c7ab-4c53-9763-6f69b6203766,b13482297e41,True,1,ACCOUNTED
1fb3e2c9-713a-4bc2-b871-374f78e7b50d,0438a8c45b0c,True,0,ACCOUNTED
4190cfec-24fa-4ed5-a05e-71d48cfc8a42,7cbee166bd7a,True,0,ACCOUNTED
5a226355-b406-4cf2-97b3-8b008fae6fbf,1da0e11e6180,True,1,ACCOUNTED
6be6d897-b94e-404e-a344-d9325344cce8,2f94b45e00de,True,1,ACCOUNTED
932b6514-3620-44e2-894d-ff8b6085c1a0,b17881eb4671,True,1,ACCOUNTED
9a0e3d84-0f53-43cf-8f2f-e9bbe6bfa236,0b6765597eed,True,0,ACCOUNTED
a0a56f88-9603-44e2-b066-6a747b6d5973,90c5cc3fc088,True,1,ACCOUNTED
a2c24185-acd8-4864-8d43-1205ca55af34,110d18b0fdd4,True,1,ACCOUNTED
abc4cea8-3652-456e-a4af-0a028dfd2375,0e4b4f825872,True,1,ACCOUNTED
be9a6b5b-4b77-4f17-85dd-28b979b0de34,d735c92df7f8,True,0,ACCOUNTED
ceb0957b-31ba-43d7-8e26-d1ba634ded80,48b449fbe2dd,True,1,ACCOUNTED
d10f9dae-e7dc-49e9-862f-b9cbe22f472f,b571cabaf465,True,1,ACCOUNTED
e1b94570-8f69-48d3-b078-53ed9bb49591,95ec2f91aa31,True,1,ACCOUNTED
e656d09c-a2f3-447e-81c6-895f6f16180c,04d4da5baaa9,True,0,ACCOUNTED
e9635696-79d7-4f40-a91e-57ba3f854861,489c38ba8bf9,True,0,ACCOUNTED
49dce1ce-8bf4-4495-aacc-f14d46d651c5,2f4d25c94f24,True,1,ACCOUNTED
862dacb9-b22c-464e-802e-f429b4d55324,1cf38fa44576,True,0,ACCOUNTED
93a620e8-0ed9-4d2f-b7e5-7929024dbb81,24f3c347a492,True,0,ACCOUNTED
98d4552e-5b21-4d21-b11f-dc5b8430b0bd,665d9e0ab531,True,1,ACCOUNTED
9a5c76b3-3c0c-4d9f-bd4e-0f120b7b53af,b9066945308c,True,0,ACCOUNTED
9cd0263b-f69b-4746-ae22-894b56e3f25c,9fe7d0eab9eb,True,1,ACCOUNTED
ac97c6ac-2547-43d7-8253-3a424ebff2cf,3e65d0d761d7,True,0,ACCOUNTED
b5e24260-e276-47cd-97a1-b2ab3b78fb89,af2e7c233f68,True,0,ACCOUNTED
e7765e07-edfb-40e0-8a9e-a04dafc1564d,4edb90dd8b5d,True,0,ACCOUNTED
0022f420-a92f-43f6-ab84-be7419e53e73,b2632b5e280f,True,0,ACCOUNTED
2216e2a8-4dd6-4fa2-a42f-cd68fc129a0e,2aae565430aa,True,0,ACCOUNTED
31f59aeb-c6e8-4f17-aa3c-641fce4c8aee,4521f53c05e5,True,1,ACCOUNTED
38fb61e9-3c4a-4d5f-9b5e-c410035b2f49,66e2657f2668,True,0,ACCOUNTED
52559a6d-eab5-4d66-a7e9-cec61b54f418,b4945a7b731f,True,0,ACCOUNTED
56771df5-2db6-4a9e-9b74-fbbabb4bcb99,b4faf6964e59,True,0,ACCOUNTED
baffbecd-946b-45f8-b64d-e5a507d39d0a,618512c675b7,True,0,ACCOUNTED
c8f69520-688a-4298-9116-0e4f2d94c621,b934366c5ca9,True,0,ACCOUNTED
dd01e377-8bb0-4e96-86d4-d5636393b0c0,621e1159b396,True,1,ACCOUNTED
de7fabe4-8334-4d85-9ca8-254aa32fcade,132dd581c391,True,1,ACCOUNTED
df464bef-ba47-4145-a444-ebaadfcda4a8,b9980dc6ea20,True,0,ACCOUNTED
e0344fdf-3fdb-407a-9310-b31654b44ec7,c2c1391981df,True,1,ACCOUNTED
ee8bfbda-3841-49c2-a80b-4d5fd1c2b64f,b4e883dc5a1e,True,0,ACCOUNTED
00772328-768d-49cb-84f3-f70debc83d68,6fb99b896e3f,True,0,ACCOUNTED
197b80a4-b5b1-429f-a17a-c5f2ae45b991,95658193188d,True,1,ACCOUNTED
1cef362e-4187-4076-a84d-155f5464f015,27e753de6cbb,True,0,ACCOUNTED
29dbc72c-3da4-4319-be4d-7e2645452847,24a34cee1b33,True,0,ACCOUNTED
5d8aacb7-0b80-4da4-a7d5-b0a6e47e6d19,93bb4b4a6d8a,True,0,ACCOUNTED
72761f66-37f6-4ab0-acdf-ff9d9bf4c272,9d5968cfb76c,True,0,ACCOUNTED
9f3804ac-8465-47ea-aad4-e28c2b1bd5ef,fc1d7a8ed043,True,0,ACCOUNTED
adf3fc0f-853f-463a-9692-e9abcf596932,9657f36a108c,True,1,ACCOUNTED
aef76f53-c36a-4769-87a0-a3ea43c1c835,512946131ff9,True,0,ACCOUNTED
bffa9ec5-5a04-4127-83d7-3a83d332ba58,b7defe1e10db,True,1,ACCOUNTED
0d878470-4f4d-47ed-84d9-adfb86691a70,63f15c5045c0,True,1,ACCOUNTED
1bc64c76-a024-4a9e-a072-331b65a996ed,bee845215b74,True,1,ACCOUNTED
48c75aed-2adf-488d-b86d-bb5d1c6562aa,d724cec02ab7,True,1,ACCOUNTED
5c614fe1-696f-408e-a69c-e5bdb8baa75d,2ce24b2e7b68,True,1,ACCOUNTED
5f01ec20-1655-4ac2-b282-c909aa100cf0,1f8e15b6fd2c,True,1,ACCOUNTED
792e90a1-a354-4039-bf3d-3cbb46c42f87,8982adaab77e,True,0,ACCOUNTED
7a488f09-e6a2-46fc-8cba-bf4262e7ba82,148e42f538ca,True,0,ACCOUNTED
8b6c9d57-1d0e-4e85-98a4-bc7447cb8d69,2a66bbc394dd,True,0,ACCOUNTED
8c44c6ff-1eb4-4f39-bc88-1b1f2bc380e9,95e5cfb3bd80,True,1,ACCOUNTED
8c48c751-5421-4cfb-84e0-73ad96bb1d2f,c3b292e8145d,True,1,ACCOUNTED
8f09c5a6-6223-4a2c-87e8-c6f96d6eb8a8,7572225fbdec,True,1,ACCOUNTED
9693a14f-f8b8-4ef9-92a0-97ce23cffb2a,dd4b0b02beaf,True,0,ACCOUNTED
b3fcd793-922e-4e06-99d5-e32faa66ef0b,eb7dd8c6466c,True,0,ACCOUNTED
b5902bc1-0c94-4031-9f24-8175443f77f0,2ebadcba5739,True,1,ACCOUNTED
dbc69178-fc91-4796-a845-edaf342dfd87,533d61222537,True,0,ACCOUNTED
e22b21e0-e21f-4309-93c3-190ba3eb9bdc,21b32133fc69,True,0,ACCOUNTED
fa27f429-c320-4184-8bf1-0150411362ed,e958ec122165,True,0,ACCOUNTED
1426f5bc-9d52-42a6-aeb3-f1ffa13b100f,768f0e6ecb97,True,0,ACCOUNTED
1a0bafcf-91d8-4371-87bd-8aa6b7a6dc22,f6c25108ea99,True,0,ACCOUNTED
35d2859c-1a5f-4178-ba0f-447ec695a155,a5d00b01d27e,True,0,ACCOUNTED
3b2bccbb-1965-4663-8622-432910db8ed6,24a34cee1b33,True,1,ACCOUNTED
45690733-4782-4bcc-9835-086319c7cab9,71dd119e75d3,True,0,ACCOUNTED
53f668e4-e240-4f88-aa58-fe1b5c80febe,b4b5d3a29c29,True,0,ACCOUNTED
964662ec-35f2-46bf-a3d6-d0770ea6b089,2f58b8e20198,True,1,ACCOUNTED
d30a0df7-b20d-4e4a-914c-5d0f63faf101,2c6ec090c1af,True,1,ACCOUNTED
116466c9-78fb-400d-9402-de3ae17a3088,e63dfceea59b,True,1,ACCOUNTED
2108058f-13ce-41ea-8b62-b3908d23310a,fe9afdf6bd28,True,0,ACCOUNTED
2cf2cea3-f130-45fe-b50b-f5de5d110f4f,e8e51a234124,True,0,ACCOUNTED
505b2804-0b1c-465c-a373-7bf8504355d6,d6236b40d8ab,True,0,ACCOUNTED
54ff2c22-1279-4d45-a73a-477f3118b1e1,dc9df79db7fd,True,0,ACCOUNTED
818ba690-3322-4780-aaa9-905dd7f9e211,47a553565ae8,True,0,ACCOUNTED
8360c33b-8282-4fac-9300-c59a1270f231,0990d01df831,True,0,ACCOUNTED
a44d1dd0-6ca2-446d-9fd1-b4d3f04b1afe,f998bd4522a6,True,0,ACCOUNTED
aaa7acd8-fbe0-48f9-921d-5e47ff11a742,283447acbda3,True,0,ACCOUNTED
c85dbaff-0607-404c-96e4-0f2f26811191,6b8fcc9d002d,True,0,ACCOUNTED
ca80deb0-03e4-44a2-8660-43dccc7641fa,ec01e5fb46ef,True,0,ACCOUNTED
dc325f99-0756-4bb5-9b0e-59e471361d0f,cc31e664b406,True,0,ACCOUNTED
f7101c20-be70-4ad8-b6d1-ec014a7874fb,b9088f5a5113,True,0,ACCOUNTED
189cdb87-6d9b-4afd-b8c5-04a326f2f4eb,4e09931783f2,True,1,ACCOUNTED
2116e99b-74c8-4a29-adc0-0adff5ff2ea6,b9088f5a5113,True,1,ACCOUNTED
3ffe1771-be25-4bfd-b3a9-57f1fb682233,568e8b2f08f7,True,0,ACCOUNTED
56b1f4f9-5bc1-4082-bf67-65903c6fac37,21b32133fc69,True,1,ACCOUNTED
610539a6-a5df-47dc-9b7c-e65b7e1dc653,68abfd94b978,True,1,ACCOUNTED
65c4280f-8f1b-47a5-af5d-c03ae6172849,2bb7ef120537,True,0,ACCOUNTED
9529b636-3b79-46bf-b9c4-cf6e9f562f0d,30174acca206,True,1,ACCOUNTED
a5ab1912-76c2-450f-8404-d3e52cc9bacc,40fae7fba646,True,0,ACCOUNTED
a85f9dd0-6c30-4c42-b562-4ee6356464da,8752e1204dd2,True,0,ACCOUNTED
c285ee1b-d90c-49c4-b5f7-c4a48b4fb825,9afe310d904a,True,0,ACCOUNTED
d194478d-a3bf-4a67-8369-988c5933a16e,a08a9842f83e,True,1,ACCOUNTED
d709260a-fa8b-48c9-8ee0-29c52dc26c22,563295ddc910,True,0,ACCOUNTED
dc01bec1-1586-4407-879b-e172501a25c2,ce12985785a8,True,1,ACCOUNTED
df083c5d-d57d-4811-9f90-acd90c06ac65,d4fe6badafe8,True,0,ACCOUNTED
f9555845-0e83-407f-9da2-097ab8553b36,ea7c7761fa3d,True,1,ACCOUNTED
02cd6089-51cd-43d0-9c64-a967f6d14876,5f20d8e2bd1f,True,0,ACCOUNTED
1bf8425d-1f71-411f-876d-d4854b6f3a1f,817b7df6e0f9,True,1,ACCOUNTED
26f4ac0f-f907-4cdd-8020-597d4f7bc935,a9d6c328a91c,True,0,ACCOUNTED
423f196f-f924-4751-b6fc-d24f4fcb3b95,c7327daad708,True,0,ACCOUNTED
54a5545c-efbb-4492-84a1-4b9cb40e17af,e201c752f1f3,True,0,ACCOUNTED
5b18c5e3-a1d9-4c58-a78e-2cd3db65f705,24f3c347a492,True,0,ACCOUNTED
af690fb4-0a56-4b32-956d-a6cf1b2030ce,37bbd047cc3c,True,0,ACCOUNTED
cb313e7a-c5ff-4895-b708-38d66dfbce16,71dd119e75d3,True,0,ACCOUNTED
dc1ec3de-de22-46ba-81f7-90399134a3f4,3bece99c1c38,True,1,ACCOUNTED
06821f2f-ea96-45fc-b88e-17993bd3cf3f,40fe12259ae0,True,0,ACCOUNTED
1c60d5b6-22d6-42c9-9ff0-8e43691b91b1,3d21abc7b0c9,True,1,ACCOUNTED
3a0566bc-d42b-4aae-b502-7a9805b57f1a,49f579c04db8,True,0,ACCOUNTED
4a7c22c1-bf1e-47db-a20d-fdba2fcad1e9,9c440fbafeb8,True,1,ACCOUNTED
4e3a0965-3826-4f8b-81ad-06d660a7e97a,7ec92d25630b,True,1,ACCOUNTED
54317bcd-8f2d-48f9-9dba-73aaa95974e6,006d2fe12df8,True,0,ACCOUNTED
567925b2-39be-42c0-b2aa-e73f017255bd,e201c752f1f3,True,0,ACCOUNTED
76567dba-bb1c-468d-81fe-aacac590a052,20fec8578abc,True,0,ACCOUNTED
77e8d694-3279-4f05-85d0-0ff61166575e,f28e98e7ea60,True,0,ACCOUNTED
7addf463-f29c-4d9d-b697-2b4ab2a54d17,c7dd5ecb0d39,True,1,ACCOUNTED
7ffc8f49-5103-466b-9212-1f5cd21edc38,d31a39325679,True,1,ACCOUNTED
87aa186d-7c22-4655-8508-b44ed5b1b740,134383ac1366,True,1,ACCOUNTED
a65e59fc-b035-48a5-84c3-fe138980b7e5,a56da6eb6505,True,1,ACCOUNTED
aad118f7-ca91-417e-9f09-08d5c5674b6e,273a1b5df000,True,1,ACCOUNTED
de64eb3a-34b3-4160-92f4-2a16ead57a69,41871a067303,True,1,ACCOUNTED
f93d27fd-0dc7-4977-97ac-5fbe8e9b2ea5,47d8ff3aed0e,True,1,ACCOUNTED
3ca7a802-7e23-478e-8866-73761b13a19e,a486e05fdd47,True,0,ACCOUNTED
6684730f-5a4b-4183-9a71-823df83c2482,c2fe3b0375b7,True,0,ACCOUNTED
74d0da2f-60c4-4f8e-941f-a1209b6e3b3d,5f36f9f117c9,True,1,ACCOUNTED
7699150c-ebc6-4c75-9c8e-9f65c9d5f527,d2d6149fc192,True,0,ACCOUNTED
826fe1a6-6d35-47dd-90b0-7b42ce4fe31f,95eee177361e,True,0,ACCOUNTED
8d6be908-64bd-4a42-90a2-b74a6061a5c9,b3eaec8e8852,True,1,ACCOUNTED
ad95f972-f170-4062-8724-ef51f4dbae3b,6e6ca1d340df,True,1,ACCOUNTED
caee3e28-8614-4d11-8812-65c5dd9d1372,f6a1e685b7d7,True,0,ACCOUNTED
cf8cc53b-e06e-421c-98d6-53032c022ba9,ceef75ac9135,True,0,ACCOUNTED
cfe15f88-a976-4bd7-911f-165d495e2e26,64e8083c1942,True,1,ACCOUNTED
d80f1d95-fcad-4f60-a793-bfb9b8866b7b,ea0e371c4768,True,1,ACCOUNTED
f3c1b6c2-fe73-400e-b5f6-072ccf453676,5a581798da11,True,0,ACCOUNTED
19152a7c-fd4b-4b9a-bd27-d8ee7b4fcbf8,4edb90dd8b5d,True,1,ACCOUNTED
21168c65-c7f0-4d93-8386-079fdbf319bf,141dd357c778,True,0,ACCOUNTED
2770c5bb-34ca-4eee-bdef-5734e5a6cd1a,36284880220f,True,1,ACCOUNTED
2e44cca1-7966-48e0-bfdc-61645e30d80c,489c38ba8bf9,True,1,ACCOUNTED
40a4b4e4-e827-42aa-a963-4258e7ce67d8,311c8bceeb8e,True,0,ACCOUNTED
48845d8a-0953-4740-8592-900b36a839c9,4b163d0411b1,True,0,ACCOUNTED
4dc450cb-cde8-4222-9d11-7c2e1b7ee2b7,d42acaff34cf,True,0,ACCOUNTED
5a0bb03a-aa97-44ac-b476-d4c7c2e40551,7347d9d51ec5,True,0,ACCOUNTED
620a75f9-c57c-4823-ab5a-b7d7e06f6752,91cc98481b31,True,1,ACCOUNTED
c924ea3f-20a3-4d25-824f-dba4e19fe0fe,6dc1f6c10e2a,True,0,ACCOUNTED
d91a7114-5319-497e-920f-75be62a9ab21,9e8fd2d930b9,True,0,ACCOUNTED
e6a2476e-6692-48af-b06c-230652351c11,3b68c18db0e3,True,0,ACCOUNTED
0585ef2a-050d-4878-8ec8-23abda9c4d40,c1ce8ff8705b,True,1,ACCOUNTED
0f9be379-bc69-4765-bd3c-2364589d8c2e,5d829792b11a,True,0,ACCOUNTED
341c7196-ae0c-473b-803a-3277247790d8,4a71caeeeb3d,True,1,ACCOUNTED
35bb2d79-25ef-4b00-b2f3-24840fbd845d,63b6477755fc,True,0,ACCOUNTED
363e2cec-7bd7-4869-b898-8f486e2cf899,918d1fa69b04,True,1,ACCOUNTED
44a1a0d5-40ba-4340-9606-5d9952312de0,a81385c4fd55,True,0,ACCOUNTED
7b9c55d4-e247-45ac-ba81-07a04f0cfd5f,595af4035b7a,True,1,ACCOUNTED
83747410-b3a2-448d-9768-7b715fafd3b6,2110069e0657,True,1,ACCOUNTED
95f8da4b-c44e-4e95-9837-dd506d44f844,2441eeec3ab9,True,0,ACCOUNTED
abdae3a7-2ab7-4b71-ad11-0d34a593847b,e2fed61148b7,True,1,ACCOUNTED
b02ee172-a3ea-4d35-9c5e-8bdac473851f,94c1fb821ccb,True,1,ACCOUNTED
bfb82e32-e16f-41c2-a60d-e8bce6369dc3,655cadf7e5ff,True,0,ACCOUNTED
d0be964c-9184-475b-b398-b0b7dc190a48,36644fbd6cc6,True,0,ACCOUNTED
ec57aef8-c51f-4ad1-8882-0d75f7b3ac9a,19a2fb375af9,True,0,ACCOUNTED
17624995-164f-402a-93b3-ddcf378fa923,69b0c45cf89a,True,1,ACCOUNTED
1cfcd184-ddf2-4b6a-8a5c-9e03d306ab8e,09e815bdfcb0,True,0,ACCOUNTED
74da71b2-a6b5-4698-b94d-194ebb3767ba,f0e994541d4c,True,0,ACCOUNTED
bcc6c824-d57f-49fd-b4e1-68f5f2fd6cd8,b9fb129cc9e2,True,1,ACCOUNTED
c74d8665-6264-4d95-8328-49e8356753bf,a60bb91e61c3,True,0,ACCOUNTED
c890b71c-192c-461a-949e-c96066f9f6fc,8b132638fc47,True,1,ACCOUNTED
cc630202-debc-4bfb-b66a-a9d497564653,6fe6f43d3018,True,1,ACCOUNTED
da0781f4-670e-467f-958f-8bfafe8d853a,bb06e5b1e0a4,True,0,ACCOUNTED
f8eef427-11fd-4832-8ff9-5fb0ea2989c8,f6cb3f61f5b9,True,1,ACCOUNTED
ffad69ef-d595-413b-aa9c-613f0cda7770,9fa5f5e60c20,True,0,ACCOUNTED
04c1734d-f090-4535-81c8-a5bd38e42035,a81385c4fd55,True,0,ACCOUNTED
22d8cc12-de9e-4580-9ca9-a8bcf1073124,4a146df6a800,True,0,ACCOUNTED
2771100e-5035-48cc-babd-73d52f0e5425,b6ec7ede8e82,True,0,ACCOUNTED
449aa272-760e-4495-9364-d995ecc09410,92b48d77b1d2,True,0,ACCOUNTED
58f72654-8b51-4161-8583-5d86a1ba6d61,ed8593bd7269,True,0,ACCOUNTED
758e8778-f9d7-4bc9-bb74-6f6f41d3a979,78b9a7cf8619,True,1,ACCOUNTED
7650137b-57b7-43e6-818c-cea21ff9b2ef,88469dfc1738,True,0,ACCOUNTED
77091c2a-093f-40b8-b9b0-2923bcf71302,4a71caeeeb3d,True,0,ACCOUNTED
773c2ceb-c3f0-4fb4-a54f-cf0840b2f9bc,beab05e2b0ec,True,1,ACCOUNTED
81b56032-3c37-4bca-9266-f6a17b5d2289,f3004adfc23d,True,0,ACCOUNTED
93546f46-ee32-473f-ab1d-f918c893286e,84ce0074c31c,True,0,ACCOUNTED
a386376f-7d42-4d79-8401-10d2431a0018,8654300909ed,True,0,ACCOUNTED
a4bcd8a6-1b6c-45d9-9aaa-8031bef5c841,8b4903164b69,True,0,ACCOUNTED
b2b7eb9a-cb0a-4534-a366-b5d18f6d5bf1,d955ef6b79d0,True,1,ACCOUNTED
c1082167-a5a0-4dd0-8a05-e2b14b804853,31c4ec2485c2,True,0,ACCOUNTED
c5f524a5-0847-40a1-a809-b5c9ae3f7952,df5cd5a0599e,True,1,ACCOUNTED
dc172576-4c93-4562-b398-486bfdd168b0,b494c5c475ba,True,1,ACCOUNTED
ed9eea9b-2d25-4710-8262-22846a220ea4,7e5b5a459ae3,True,1,ACCOUNTED
151bed2e-2591-40a8-b249-561c7383bb93,aa48580f9c17,True,0,ACCOUNTED
36de962d-2afb-43ed-a7a6-686f42772938,83a6cbe0a671,True,0,ACCOUNTED
4c8d3125-3bfa-4286-ae08-92efa90950d0,e8b4d0626482,True,0,ACCOUNTED
4d324947-c272-4257-8de7-98459d1c0740,b59df392d868,True,1,ACCOUNTED
62ff4bfb-8ce4-4854-9268-1109416da383,6c88f6db9be8,True,1,ACCOUNTED
6cc9fcbe-7d63-4d79-b4c3-424d20a8868b,ceef75ac9135,True,0,ACCOUNTED
c8755bfb-91b9-49a9-ad61-ef4009fc9f10,48b449fbe2dd,True,0,ACCOUNTED
c895ec68-54be-4fca-9ce3-c112d7e32dff,1cf17168f8b5,True,0,ACCOUNTED
e5b6561e-5667-4738-90be-bab1b119f8ff,a0baa7471953,True,0,ACCOUNTED
07f4de91-4b08-4313-8d25-490d83e9a6ba,44798eff1f9e,True,0,ACCOUNTED
21c5ae07-488e-4d9e-8833-ddfc738dc2fd,90bdec3ed58d,True,1,ACCOUNTED
2819a0c8-bbfa-4328-a7cf-7e538e249d31,d2d6149fc192,True,1,ACCOUNTED
4525acb4-ace5-4501-9916-f70405f0331f,a17159b164be,True,0,ACCOUNTED
658ed1fb-99c6-4600-af0e-bc9999d0b202,781bc27d4d81,True,0,ACCOUNTED
a015a9c8-c519-415f-8fc3-6944fd77d429,6c32e09d7888,True,0,ACCOUNTED
a38e121a-a1fc-4e9b-8756-2149826604f3,988f66880d90,True,1,ACCOUNTED
b0eb3bad-efba-4e78-b141-31729cb1f64a,05aa110382a0,True,0,ACCOUNTED
edbd8911-6932-45ef-95cb-a337e31a4fcb,b4fcf5c36482,True,0,ACCOUNTED
f6d25112-4a56-4ebe-8388-d876f93012ec,a0baa7471953,True,0,ACCOUNTED
0c6f5af7-4864-4f6f-ab43-4a238fcd36f0,b9066945308c,True,0,ACCOUNTED
10c24980-cf68-48fa-b574-0d21a41fd220,47d8ff3aed0e,True,1,ACCOUNTED
12285a8c-16ad-4415-85d5-0f66c139cea5,0d6807df0661,True,0,ACCOUNTED
2d5cee81-237a-4383-b11f-cc913d615618,7843a17099d2,True,0,ACCOUNTED
b84d8a3e-ca16-4422-a158-b8d5bfb6fcaa,ab940194425d,True,0,ACCOUNTED
ca589753-4a18-4d26-9e3d-c01158e780c1,3fc80a9b3fd7,True,1,ACCOUNTED
d950787d-b5fc-4349-867b-8fdc3ed81031,c89f53c94fd1,True,1,ACCOUNTED
118f6407-0d82-4eb9-8113-3189ce0ff00f,e8525ad3516f,True,0,ACCOUNTED
301f19a0-5a6e-4d76-a581-4a0284194f5f,768f0e6ecb97,True,0,ACCOUNTED
4016faf6-4f77-487a-8899-84bc6e989774,19d81026dcdd,True,0,ACCOUNTED
479bd657-df2b-4395-8dc0-c602a84d10da,746d07c422a3,True,0,ACCOUNTED
6f5fecbb-56f5-43ba-89a5-189c4d23609a,d204ba7b69ab,True,0,ACCOUNTED
7254e03d-69eb-408f-ba85-ab6734444c03,05e4704971fa,True,0,ACCOUNTED
7e4abbfc-ee2e-4b2b-9c47-6bdb987c70ac,b571cabaf465,True,0,ACCOUNTED
8e7dc66c-87c4-480f-8fd9-42049938fece,7914cccd8778,True,0,ACCOUNTED
ad921dd0-5f47-4355-b3ee-55dccec8f8de,649fd8762ecb,True,1,ACCOUNTED
d0958797-522c-410a-9f3a-6ecb69e95025,84db65100cb1,True,1,ACCOUNTED
d1d2c275-6c65-46c2-8baf-2a88222a3b8d,a688df1e3a6c,True,1,ACCOUNTED
052000a0-5d2d-4004-a184-0f61ac93f8a4,546496a5ba93,True,0,ACCOUNTED
257b4378-9ec2-4edd-b241-f516cc61b387,b602b1af3c02,True,1,ACCOUNTED
34a675cc-0ff9-4fba-98ae-bbf38a02f6b8,71012ed126c3,True,0,ACCOUNTED
38a254cb-eb90-4bec-a329-d003a3334f27,61d71eac25b7,True,0,ACCOUNTED
3a5314e2-d2de-4094-9ddb-7009ce633ad6,5c0252aa273a,True,0,ACCOUNTED
3a53b186-c491-41a5-9673-61ba040818d0,ba7cf7679cb7,True,0,ACCOUNTED
3cf211dc-5177-499b-8b65-455538abfb29,6a632964a8f1,True,1,ACCOUNTED
4934b3f5-156f-4c91-852c-f5f768891c63,d0e8d9028635,True,1,ACCOUNTED
5c1d5d79-0a04-4ac2-b183-1f77ef9e588d,5d829792b11a,True,0,ACCOUNTED
829d0575-dd6e-409e-8425-8ef0bc77d573,cf556d7e0d63,True,0,ACCOUNTED
83644129-a25a-44a9-b086-e34de29cb6d1,bee845215b74,True,1,ACCOUNTED
879b7571-2401-4f91-b3a4-7a872689f5de,e3957673e937,True,0,ACCOUNTED
99ef0550-df40-44e7-996d-f242feb6b409,887e305b6ffa,True,1,ACCOUNTED
9b5fa074-24ff-4acb-b79c-be90509f9235,60e9da472c6f,True,0,ACCOUNTED
d9692acd-e5d4-4b0e-bf71-56b681dd99bf,a7de22839042,True,0,ACCOUNTED
dd52625f-6af8-4083-916f-3ce7af3524d5,3a617e5c7535,True,0,ACCOUNTED
101875e1-333d-4002-8843-0fdf209f8a5f,7fdb204d2e60,True,1,ACCOUNTED
2748cdde-96cc-4bc1-a640-e9181d6f7f96,83a6fe743aa4,True,0,ACCOUNTED
2dc9dea2-cc7b-4197-b113-9a74466e581f,ae1b04317d0a,True,0,ACCOUNTED
736ba40a-dbc0-4306-b463-8cdcb5d09f82,dbb63219c12c,True,0,ACCOUNTED
a9d083aa-a3c8-4c69-81e5-5552b5fdc61d,b519f39f89bd,True,0,ACCOUNTED
ac201052-38d2-48c2-ad0d-38c074247128,84c883d07e3f,True,0,ACCOUNTED
bb6a750c-cb63-4f83-8948-84b1c9bde38b,a69d1058858f,True,0,ACCOUNTED
c157c743-b032-4f32-950b-eae6c31d7c98,4a3fec1f4f42,True,0,ACCOUNTED
c376ba7b-b43f-4658-8e3d-ae133a859646,de6bc5836fb1,True,1,ACCOUNTED
c5f0e0a7-500f-4e16-aa7d-562a695bde99,82dbe257807f,True,1,ACCOUNTED
145c918e-4a1d-4d6a-8b88-2595805fd618,5a5c467ee150,True,1,ACCOUNTED
47ee0c88-38cc-41b7-b7a6-c3dfe3ef6f05,cb80bb3d1473,True,0,ACCOUNTED
553e0c01-7ad1-4846-bc7e-6eac3856a350,3a24710dc465,True,1,ACCOUNTED
5d1e0ec0-6c8d-4872-a956-613795d87b74,7ec92d25630b,True,0,ACCOUNTED
6520db72-f80b-4657-8949-38d5efaddf59,ac1bee1260c9,True,1,ACCOUNTED
b0120f4c-7cec-4a68-9182-c429d0975fb2,76c7c8a784ee,True,1,ACCOUNTED
b9739609-f30b-42d7-bd67-c023bf5fa402,10b9f9a20914,True,1,ACCOUNTED
bab7809e-2fc0-486d-9d74-96474e6a4dbe,4e293d2d5551,True,0,ACCOUNTED
dbc3434f-84ed-48e2-99a2-113fe059db97,27300b07aef0,True,0,ACCOUNTED
eeda5bbc-fba3-4343-b0ed-2c6e0cc99825,63f15c5045c0,True,0,ACCOUNTED
f167b196-afe7-41d7-be0b-0245542eced3,6679218a7642,True,0,ACCOUNTED
fe522fbc-33c7-4eaf-ad36-42a3c64e442f,871d708befea,True,0,ACCOUNTED
0fbacdf7-ceaf-4c70-9557-068b0f7b6ec9,9058669ed917,True,0,ACCOUNTED
275d45e7-eb9e-4874-b2a9-82ed33e28e1f,4a826db5190c,True,0,ACCOUNTED
2cbda86d-ca5a-4efa-a0d1-24f17fce406b,c61b7f41edd1,True,1,ACCOUNTED
2d4eb6c1-ed37-4abe-874d-ac52903f3fac,454b189fe341,True,0,ACCOUNTED
3cf83578-c42c-4d53-921e-458e0af5884b,d0e8d9028635,True,1,ACCOUNTED
4a23d6f8-2e99-4408-b7d4-68c2d2c89057,d26aaa70a884,True,1,ACCOUNTED
514470f7-ab66-495c-98e5-28ade8b8e4f3,479ee0961103,True,1,ACCOUNTED
6b2b511d-c1bb-45a1-bf25-e47925cd5493,8697ac08b3dd,True,1,ACCOUNTED
865641ce-a103-4bcb-acb7-e73614f0f3f1,ba7cf7679cb7,True,1,ACCOUNTED
c0249205-a3ec-4947-be91-5b40547c9208,6c88f6db9be8,True,1,ACCOUNTED
cb1920c5-7fef-4aac-b00d-74b0d6d1937f,28467a74e260,True,0,ACCOUNTED
da35f9fd-69ea-4edb-9449-b9e268fb94bc,283447acbda3,True,0,ACCOUNTED
db8cf9b2-6805-4622-a6c6-eb3a0b99ac97,bee845215b74,True,1,ACCOUNTED
e86c210c-0329-4e75-81a6-4a1df7cbc7b1,ddbfb8fa2684,True,0,ACCOUNTED
e9801f6e-0552-47ed-a5bf-971783393482,3d148b9b2bcd,True,0,ACCOUNTED
0cdca7d0-0c22-40aa-9b75-1dfae314cd0d,56dab2fa4965,True,0,ACCOUNTED
55da71cf-1d51-4942-b0c4-36c92302cfa0,56dab2fa4965,True,0,ACCOUNTED
67d80f13-1647-4ee9-84ac-ca0f16ee864e,1fd8474c69d3,True,0,ACCOUNTED
6cc37dc1-e55a-4058-81db-cca21ad244a7,cda20afa4d4a,True,1,ACCOUNTED
82f0ae9f-a480-442b-8a62-2db1a27b39c8,a60bb91e61c3,True,0,ACCOUNTED
e6791a8f-ae76-48b0-bcd7-0c90527ed484,43ac806f730c,True,0,ACCOUNTED
ea991ea5-2e0d-4242-9236-ebebb5665d14,4377e516ed96,True,0,ACCOUNTED
edb0c8c4-541b-4516-9259-10db8b4c63c0,2f4d25c94f24,True,1,ACCOUNTED
090cd293-9588-4266-a8e8-4187f57e0dd0,767a8717faaa,True,1,ACCOUNTED
1c48a361-0353-4614-b943-ef474f915743,92b48d77b1d2,True,1,ACCOUNTED
37dd4274-ce22-4e9e-ba49-1e95414ee404,f80500681116,True,0,ACCOUNTED
38140216-7804-495b-890e-09c5ce06dfe1,66934645a79a,True,0,ACCOUNTED
3f229326-7600-4562-97f9-9b23f001cf58,ddd081149913,True,0,ACCOUNTED
60567416-0ec4-449a-9145-1e34d10cd639,a248b3011c2b,True,1,ACCOUNTED
67d1edb6-d6ef-411a-bb4a-a2db05491c92,5f60b0c8d092,True,1,ACCOUNTED
8fad2a26-c1d8-4525-8290-7a711490629f,b17881eb4671,True,1,ACCOUNTED
fad8a1e2-41ae-4d2c-9aa1-d9abc82f5b10,b17881eb4671,True,0,ACCOUNTED
fde82ee8-18d0-44de-86f9-93c9b4fdf302,1cf17168f8b5,True,0,ACCOUNTED
029b70dc-ef7e-45b7-8a28-f815036b0677,1186f45163b1,True,0,ACCOUNTED
0971cd6b-f135-47f8-b914-ce14659a2d82,e69e0ee73e42,True,0,ACCOUNTED
0c159886-6d3a-4135-b0cd-d8765ac2f5bc,618bea30ec09,True,0,ACCOUNTED
10ed26e7-2924-4b7a-bafb-14c01276cc82,7486c11ad94a,True,1,ACCOUNTED
18526e7c-8c7a-47c0-8673-909aff139a35,63fe1fd12e37,True,0,ACCOUNTED
23a3200b-2fc7-422d-adbb-746472d38470,665d9e0ab531,True,0,ACCOUNTED
6fb62fe9-94df-4d15-984e-520af05c9e7c,7eee269287a6,True,0,ACCOUNTED
86c552b8-5179-4edd-ae16-b20f502a5ad0,4ad51c1d8c32,True,0,ACCOUNTED
8946bbec-eab5-4312-97e4-aed2ac58d3ea,ea044530cd85,True,0,ACCOUNTED
b8b8b375-02d4-4b63-9335-ab1e10b07ad3,8a8bcea18434,True,1,ACCOUNTED
1e44f04c-7faf-454f-a1f6-40e026e9a2c3,1df972c05ea8,True,0,ACCOUNTED
26492435-cf86-4e5f-ae07-4f5fd26620b5,6f64d529d25a,True,0,ACCOUNTED
4365457f-d963-4f6c-8632-d271f625ea42,a5a2a2b9c756,True,0,ACCOUNTED
743c7c67-a1f3-473c-a7d7-db82fe066b3f,e8b4d0626482,True,1,ACCOUNTED
80a87e56-78a6-4857-8546-6db36d3e37f4,38d00acb3eb1,True,0,ACCOUNTED
83517e3f-ce13-4d5f-862b-8f312865c0a8,5e88d2f00ad9,True,0,ACCOUNTED
89ce26ab-05c3-4b69-930d-cccc0e05c6af,2ce24b2e7b68,True,1,ACCOUNTED
a5ea9ea8-d3f3-4686-9144-396c794b7b7e,4521f53c05e5,True,0,ACCOUNTED
b9dc2bc1-b59b-474f-baf1-9a5d973abe1f,9ab0eb275c10,True,0,ACCOUNTED
d3bff707-d836-420b-aef0-6eef115861e5,ddf40182139a,True,0,ACCOUNTED
244b866d-0dff-4263-ab1c-60e30e4d076d,4e5f6be99ac7,True,1,ACCOUNTED
3214dd06-45da-45c5-ab96-efda82ff7b54,0d6807df0661,True,0,ACCOUNTED
393205d9-5618-49f4-ac1b-ef6e614704b1,b77758319ab8,True,1,ACCOUNTED
400d6263-6b00-41e7-abaa-4f7c8e8392db,5686266f24ce,True,0,ACCOUNTED
4c024612-3d01-43a3-87be-9b87f1c826b8,64e8083c1942,True,1,ACCOUNTED
4d102134-8e97-4d97-b6e9-da2ca78788a6,0d5819c618bd,True,1,ACCOUNTED
5dadff71-f64a-495b-a3ec-9573beb44db6,0e4b4f825872,True,0,ACCOUNTED
b30a352d-8541-4876-bd68-3911f1dfdce9,ea4a7ab83d21,True,0,ACCOUNTED
05afed2e-bb89-49df-81de-7d1e6ae7e698,8697ac08b3dd,True,1,ACCOUNTED
4f2a5901-19f6-47a6-ac6f-e5ca2a231fef,b55a9427e58c,True,0,ACCOUNTED
64e6c5e7-4376-4a6f-8561-cc1ac2c508c4,83931637e12e,True,0,ACCOUNTED
761ab0ee-9171-4f27-af18-09edbddcccc1,9031159ae2b7,True,1,ACCOUNTED
7f0b0df5-ce24-4bb0-a411-b451b835d714,2320fd51ef37,True,0,ACCOUNTED
c8c0b7dd-a1a3-4b80-b226-a1e8e6ca648b,7e8c1bc3333d,True,1,ACCOUNTED
0eaa62db-9625-4a1b-b917-2ca77df089a7,7eee269287a6,True,1,ACCOUNTED
25ac03b7-b02f-49d2-b95e-cb18e2679430,b2bcfe774805,True,1,ACCOUNTED
45c4d704-c84b-42bd-b052-074809c0e138,5f4f5432b146,True,1,ACCOUNTED
5941fc41-29dd-4915-b3f9-2a0c6de882d6,be3e18466271,True,1,ACCOUNTED
6501094d-ae4a-47ba-85da-8fa136a0d6fa,90bdec3ed58d,True,0,ACCOUNTED
6e7e8fc4-120d-4f03-862e-64e13401a066,4e293d2d5551,True,1,ACCOUNTED
74f1f04c-bcec-4618-ac36-d6f75443a661,f6b734dff9fd,True,0,ACCOUNTED
96264202-71ea-40f5-81b8-23cd37e2720c,c3688fbecf77,True,1,ACCOUNTED
ba1a9425-92e1-44a1-a6a7-7be34b595617,dc9df79db7fd,True,1,ACCOUNTED
e0cf5dc5-144c-4e03-948b-6d560a934b1e,4f15d8ea7741,True,1,ACCOUNTED
e4df7c0e-37bc-40b7-9753-76ab661bc8c2,ada8114d492b,True,1,ACCOUNTED
08ba2767-5a0e-4f5b-8b41-80d83960d2bd,78f434e41aa7,True,1,ACCOUNTED
0d2afe3f-8189-4318-8ea3-0dd0d1dfb3ab,b77758319ab8,True,1,ACCOUNTED
5867ba3e-2ee5-48ad-b161-4f9dd52c4af9,2451209dbeb3,True,1,ACCOUNTED
5bf1ab0f-1320-427e-a469-8ff5554a0f38,efbcdf4199b0,True,1,ACCOUNTED
64fb619a-8772-43f4-8988-936fdda18c41,4a146df6a800,True,0,ACCOUNTED
75e13506-fe7f-4737-9b85-668699bf4bb8,4d85dd374ab3,True,0,ACCOUNTED
79d13b9a-3163-4244-b26f-4285e769cde2,621e1159b396,True,0,ACCOUNTED
903d0671-2a7b-461e-8697-9c93f63fa524,1380facba861,True,0,ACCOUNTED
98a73940-ec0f-4114-8e9b-899ff0b6baa9,02744a87ca4c,True,0,ACCOUNTED
bb8142ae-a83f-4536-8c7c-78296ed4a042,84ce0074c31c,True,0,ACCOUNTED
c8b39090-25ea-460f-95de-2763d32266f0,469feed58f5f,True,1,ACCOUNTED
cbb90321-2cde-498a-93bf-979d6cff4e16,582e208d34f7,True,1,ACCOUNTED
f051efa4-4c6b-49cb-a929-92f9113ef458,cf87104b3060,True,0,ACCOUNTED
15cc9080-5d4a-498a-b3d0-bfeada3829a9,2b01de86a08a,True,1,ACCOUNTED
21f5c67c-ab8a-40d2-a23f-4dee99de5e9a,a6cdc69706d2,True,0,ACCOUNTED
23a22154-dcf5-4bc3-afa5-92f52030cc49,63fe1fd12e37,True,0,ACCOUNTED
3c5fa904-8c55-4c58-a937-e6b274382b88,2f04809ca172,True,0,ACCOUNTED
5aae53d3-2827-4489-a574-5b51c7d3b9b0,b717212b7701,True,0,ACCOUNTED
60c4b296-b783-4602-b520-fa6f79d7cf0d,c7327daad708,True,0,ACCOUNTED
778c1e9f-a3cd-4859-909d-dff8ab33469a,39db47f62b7b,True,1,ACCOUNTED
790b93fc-2a86-4725-8424-f60ff18487e6,f9639033e5ec,True,0,ACCOUNTED
7e3d78c4-f6bd-4ce8-8a13-77aafc0439b5,270f9ba7e1d9,True,1,ACCOUNTED
831ac432-a295-4bc4-a8c6-4f4b2758789b,be1c9b06d769,True,0,ACCOUNTED
87dc091d-7467-4586-aeda-515c079af644,9ab0eb275c10,True,1,ACCOUNTED
8c6818bc-3cda-4459-adad-93ffa81ffcc2,e60ce3237897,True,0,ACCOUNTED
9a889d8a-8888-4371-8f9d-e3c9d958713a,220497733297,True,1,ACCOUNTED
a6b5d506-1f60-477e-af22-56455b003d62,f8280a0931dd,True,1,ACCOUNTED
ade8e0b0-46bc-4c1c-aa65-a17b24e71142,aa48580f9c17,True,0,ACCOUNTED
c23f08dd-708e-4029-b712-cd397b4f58ed,6b8e7d2e3684,True,0,ACCOUNTED
d8f01972-1535-4451-82c4-07aa1832b3dd,c2fe3b0375b7,True,1,ACCOUNTED
f99a5980-751b-4228-adef-491e07139db1,b6719fb488f6,True,0,ACCOUNTED
fa01bb13-515b-4d8e-9bc6-fbe940dc6c77,d4233e721f3f,True,0,ACCOUNTED
fbb5bba6-d605-438b-b149-e7e7393ee507,993a333e9ca5,True,1,ACCOUNTED
21407708-04a3-47af-bd63-1262b915b356,23d21c6a2c08,True,1,ACCOUNTED
39163cca-4232-4c71-8fac-106d1adbfe8a,6b8fcc9d002d,True,0,ACCOUNTED
585f494a-09a0-4df0-bc5c-56a0d4e32db6,b5e8b448052d,True,0,ACCOUNTED
62b0c13c-1b18-444c-80d7-79e90307cccb,b55a9427e58c,True,1,ACCOUNTED
64d3108c-b431-4b28-af95-920246bc4789,8365875ed892,True,1,ACCOUNTED
7500acf1-2228-402a-a153-50cbca034b21,6bc2be14394d,True,0,ACCOUNTED
785669f0-14db-41f0-bf15-84b2df5be2d3,44798eff1f9e,True,1,ACCOUNTED
8064bb55-f8f7-4ec9-acba-d04186fc0d4b,60591645fd04,True,0,ACCOUNTED
a533239c-5153-497d-b3dc-e885053d706f,5c98b79c80b2,True,1,ACCOUNTED
d4083c81-446c-4364-96a1-8b668304d7e0,3d4d6521d5a9,True,0,ACCOUNTED
d960b4d3-b2ef-4cfb-a65e-a8a2fc04008e,13828246ee18,True,0,ACCOUNTED
ffe24948-ce5c-4c17-b760-a93a76f55282,e936ba0c7d35,True,0,ACCOUNTED
16c04ef6-6f8e-44f6-b2b5-3024a7859407,30174acca206,True,0,ACCOUNTED
28dde404-cff8-41ea-8848-efa6a1080382,f8280a0931dd,True,0,ACCOUNTED
74abfe69-4308-44fe-8018-7ddf1f6f76b1,e7c7d9513ef8,True,0,ACCOUNTED
78e935ae-3ab3-45ae-96fb-70dc9176242c,2527039ccfa3,True,0,ACCOUNTED
8ced1dfc-a08d-46ea-b03c-2fa46972dafd,0f7907e15ed6,True,0,ACCOUNTED
9b5cbf7b-704b-42ed-8402-0eac8281640a,abf69f9243dd,True,1,ACCOUNTED
b8ac3175-6978-478c-86ed-75c3ce981a36,40433ac62045,True,0,ACCOUNTED
c842a552-cadf-4fc9-9424-59b02f398fd1,b982f900cd53,True,1,ACCOUNTED
dc90f197-e97f-4be0-b67d-89e8559c0fcc,f934e7341368,True,1,ACCOUNTED
ed9d9736-93d5-47e4-9028-724e53812f8a,f310795ad14d,True,0,ACCOUNTED
06c0d543-b6fc-402a-9269-29f73641345d,d204ba7b69ab,True,0,ACCOUNTED
07c1b9ef-1b88-47ec-a73b-160c7a598866,2dde5892aaa3,True,1,ACCOUNTED
1ca19213-d6bb-4419-8b30-398ab1b32104,686b309df462,True,0,ACCOUNTED
28249b42-17b4-4a10-b034-11d075116dd1,649fd8762ecb,True,1,ACCOUNTED
2ef25821-5642-40d8-96d0-d6b8a715ea07,85638e76b475,True,1,ACCOUNTED
41e64655-48ce-4e6d-b222-02f4f3a37a9b,eb7dd8c6466c,True,0,ACCOUNTED
65b2619f-be3b-4564-a536-b6d355908294,b717212b7701,True,0,ACCOUNTED
83acd55e-4e6f-4c27-90ce-17c3fd524a23,ac76394d6649,True,0,ACCOUNTED
88262dd2-e0f7-4058-93d2-e05979f73e08,1945868960d1,True,0,ACCOUNTED
90341948-5dde-4a03-83e2-982bfee10ec7,a6524e1e598e,True,1,ACCOUNTED
bd431289-c40f-4ae2-86b3-d86a75fdd0a3,23d21c6a2c08,True,0,ACCOUNTED
e050c40f-6ee0-4128-9e57-325370661735,2a3409cf515e,True,0,ACCOUNTED
22a86e3d-8452-412d-9221-8947733fb9a3,bdd3e3fd6c69,True,0,ACCOUNTED
2460f7bf-5624-493b-b64d-df9675e7ed7d,f7f0f21d769b,True,1,ACCOUNTED
41a91c34-32c5-4eec-a17c-ae3a6a4c7449,0f92a5fbb4c5,True,0,ACCOUNTED
47264928-e1c1-4185-bf94-b77e44cca16c,6d6a6cbdf754,True,0,ACCOUNTED
496a8ea6-09ac-4325-ad60-79dbe9dd1c70,cd559a2cc047,True,0,ACCOUNTED
5f47b35e-97e5-4e12-898b-3c3c1ceff2a7,5d64670cadd6,True,1,ACCOUNTED
6457f43a-44e8-4e2d-a79d-9ac9097eeb9a,e818eb2932b4,True,0,ACCOUNTED
7b591880-04e8-4762-9f78-1469e8dd7655,cda20afa4d4a,True,1,ACCOUNTED
7eec6112-d014-4c39-b81c-40901f381341,dc56e0985e27,True,0,ACCOUNTED
ba1917d0-d852-475d-8ec5-3a0abfdb8471,d687db9158e6,True,0,ACCOUNTED
d42ecb2b-ba78-4e39-8f5f-11e4c47047fa,0ed791169340,True,0,ACCOUNTED
f38d5351-9b5f-4edf-8ef1-e20c727106fe,8752e1204dd2,True,0,ACCOUNTED
2054b337-dac8-45f6-b6eb-b2f97dd08d9a,a0273220210b,True,1,ACCOUNTED
38d23b27-17d2-4048-a6ae-008fda371be5,61acc0349d03,True,0,ACCOUNTED
3971ff56-73e3-4fb7-bd21-786dbd406a69,b4faf6964e59,True,0,ACCOUNTED
4090b884-3b5f-48c9-9cf7-78ac2aeeb9e0,52231ffb5b63,True,0,ACCOUNTED
43357cbe-9dda-4899-b25d-c082879896f3,190526dcca97,True,0,ACCOUNTED
44212bcc-ec3e-4d50-a645-35a9d3fdd772,b9777299f934,True,1,ACCOUNTED
5bbec809-15c8-49eb-9c40-39c1b6f86bf9,a65439a9efda,True,0,ACCOUNTED
684a4331-cdf3-4ae5-80bb-61e832c979d8,f031b84fa1fb,True,0,ACCOUNTED
9616b420-4e90-4d28-b4ec-887ca7439c19,e2a2f68bff60,True,0,ACCOUNTED
9c4b80eb-8d1d-4746-a482-383c32b131ce,d3c4c9257a12,True,1,ACCOUNTED
0b064fac-c400-4023-b045-5c3e1e5f3b29,b5e8b448052d,True,0,ACCOUNTED
3b2c3d5c-5d49-40fc-80ba-7dccdc9d8a3d,6b8fcc9d002d,True,0,ACCOUNTED
4e83cc20-0e51-4d7d-829c-c263a9298cf5,f6b734dff9fd,True,0,ACCOUNTED
5683bf92-3d90-4d68-978e-8387bc498e05,71750ba6571d,True,0,ACCOUNTED
674deddd-5a60-4449-89b8-345f00cb90d9,7914cccd8778,True,0,ACCOUNTED
6b2414ae-6d94-4f13-8b5a-67b798c502a9,2a3409cf515e,True,1,ACCOUNTED
6f67caab-1cce-4a45-aad7-0dd8d8219865,4e09931783f2,True,0,ACCOUNTED
7760fc76-ba71-4c04-8247-bf2daeda6033,35d2c27586e5,True,0,ACCOUNTED
8699f88d-ed7c-415c-bedd-e0f8e9c68d71,78f434e41aa7,True,0,ACCOUNTED
92f1eb5c-790f-49d2-8094-f78c873fa489,d94fa744527c,True,0,ACCOUNTED
95975ba5-97eb-4f4a-b239-aa522c75e3dd,3b6fcde98cec,True,0,ACCOUNTED
b50e6452-8af0-4a95-89fe-da14af358fd6,242a4fd5abaa,True,0,ACCOUNTED
c982e7b2-2976-47e6-95aa-e65341962095,e3b4d00d965c,True,0,ACCOUNTED
cda74b70-1b64-4b00-8cd4-1a17bc33e8b6,61acc0349d03,True,1,ACCOUNTED
d4b983b8-7912-440b-a224-04a38aad406b,ddbfb8fa2684,True,0,ACCOUNTED
db56cd8b-6c9e-40a4-a754-febc35b1c262,ce971eacba7f,True,0,ACCOUNTED
eb9379a9-781a-41d6-a92c-24b036ed0650,c39936e89f88,True,0,ACCOUNTED
ed009853-d5a5-495c-83c4-98a5d01a6354,b6ec7ede8e82,True,0,ACCOUNTED
06f2add2-617c-4513-a87c-0262e7941a82,4c7b1cf46066,True,0,ACCOUNTED
094b5618-692d-42f3-95af-11a67cf687dd,7e03b432d86d,True,0,ACCOUNTED
10ad8586-0c4b-4973-b820-283218834f06,400aebfe9c5d,True,0,ACCOUNTED
4ccea326-cb28-4a50-9794-b8c2dfafd488,c89f53c94fd1,True,0,ACCOUNTED
70f2d426-0ff9-4784-9078-877f593ff147,0291e9c14e69,True,1,ACCOUNTED
b1ec38d1-20de-44ba-bf8d-46c456af33fb,9fe7d0eab9eb,True,0,ACCOUNTED
c86c4cc0-13b5-4e77-8fa1-57a5f2aa1489,eb16141783fe,True,0,ACCOUNTED
c92c5513-f102-4e4b-a44e-e691a3705c4d,51a31307dc66,True,1,ACCOUNTED
df68e4ff-9a0d-45c0-8f03-138e50b22b2b,31aa768e2a51,True,0,ACCOUNTED
e0a4261d-b551-4c83-9416-d1ffd712c7e7,8a8bcea18434,True,0,ACCOUNTED
ec7ae81b-d6b8-4372-9900-ae0215945bd5,6495bc209243,True,0,ACCOUNTED
010b7fd8-bc16-4959-bb0c-5ad3acba19e5,b6a98698a54b,True,0,ACCOUNTED
2142d8ac-21b3-4c0b-bf62-a3f46f1dc203,ee773cc6b537,True,0,ACCOUNTED
30040bb8-5804-4d28-8bfc-3823ab330fe4,cbc80b195901,True,0,ACCOUNTED
4ab765cb-9e98-4b2a-ae0d-3c3a4fe72732,7630ac868edf,True,0,ACCOUNTED
5c7ecfa6-b175-4c68-976f-fd0a41c5a1d8,aaef55b8c5f0,True,0,ACCOUNTED
798e8891-9200-43d7-a264-eec3625514ff,4a146df6a800,True,1,ACCOUNTED
884f5c63-ae48-43cc-86d4-33e2a3714fa7,36284880220f,True,0,ACCOUNTED
88c64a0c-860f-4602-bab7-5723b03c2ab4,6995dd658b44,True,0,ACCOUNTED
9b01942a-20af-417d-8f47-087065b11fe8,b4fcf5c36482,True,0,ACCOUNTED
a17d9fb3-3f9c-4f80-81de-7a9df5514ecb,074ff7b44091,True,0,ACCOUNTED
adfed07f-6b8c-44fd-a297-3d525af6d359,ce12985785a8,True,0,ACCOUNTED
b793006b-9e89-47fe-9e43-c733d8745b2f,40fe12259ae0,True,1,ACCOUNTED
ded82ccb-daa2-4249-b063-5ab46d6b11e8,f734dd93dae1,True,0,ACCOUNTED
f5385ab6-8095-4065-b570-c125d5237913,decfb084f11a,True,1,ACCOUNTED
f661d2b3-7961-4284-b069-322af413286e,181c273e7d41,True,0,ACCOUNTED
ffbe5263-07e1-4d66-a2ee-acf6012ec723,01be0ecb71ed,True,0,ACCOUNTED
1b848d42-0a71-4cf3-a615-5ef31de0be76,af26e0863558,True,0,ACCOUNTED
1f1fbd6a-3972-45e0-b606-661202eb26c6,7ec92d25630b,True,1,ACCOUNTED
311ce791-7592-4240-97bd-800a009c234d,9dc37a806780,True,1,ACCOUNTED
74237540-ca0b-4dfd-9a18-3e0d0f7ae8bf,3d72f0c1a934,True,0,ACCOUNTED
7458de2d-2fce-4e26-a84d-49584389f0e0,ea4a7ab83d21,True,0,ACCOUNTED
7b04c5ae-4a2d-4629-a5b8-bcaf7abf0df0,9841d9398380,True,0,ACCOUNTED
8e7f3fcf-20cb-49cc-a15f-9894daf26b5f,97d5f2bacfbe,True,1,ACCOUNTED
95284113-292a-47c9-be39-60565654c244,11f9ea81428b,True,0,ACCOUNTED
a29a2c5b-5db0-4088-a8c5-ac5b6a911fea,b6d8607f32b9,True,0,ACCOUNTED
daf29bd4-4acd-499a-ab5d-13753c0bf866,3a617e5c7535,True,0,ACCOUNTED
e4b8cf36-8fd7-4ae6-ba09-fb6a5fdbe68a,047b2f67a8ba,True,1,ACCOUNTED
f2b85cf3-4425-4bb4-9091-1ff56f10b623,79d9c9e83f24,True,0,ACCOUNTED
f52d3d60-1c9c-4b92-b6d3-9411270652bb,8b132638fc47,True,0,ACCOUNTED
2ba62588-b6ec-4699-b8d4-94300dba92ab,7d1508c79458,True,0,ACCOUNTED
3ea13871-608e-4ceb-af0a-e35e4fb9ce5d,ea0e371c4768,True,0,ACCOUNTED
63bea055-41ca-43c8-a8a9-f353949c7c4e,1cc5c5352fcb,True,1,ACCOUNTED
6ff81d97-b9b6-4759-b28b-022ebf7515c1,7347d9d51ec5,True,1,ACCOUNTED
7402a8ea-65f1-42be-8193-51faf0ab07fe,61f785434b52,True,0,ACCOUNTED
76e6c690-ac96-401f-95a0-53224da46af1,817b7df6e0f9,True,1,ACCOUNTED
7fc83f01-8d40-422c-a30e-1f7e7bffc7a5,83931637e12e,True,0,ACCOUNTED
98af9fdb-8aea-4d0d-995a-c85eab4f0f6a,b389250ce585,True,0,ACCOUNTED
c9a2789b-d744-4949-a86a-7f26e6e21f96,618512c675b7,True,0,ACCOUNTED
f7aa6f82-85f4-46ab-89d1-a9753bf1a6f8,ab940194425d,True,1,ACCOUNTED
26fc7e8e-10ca-47df-aa0b-97cd72c2c14d,b494c5c475ba,True,1,ACCOUNTED
3ff8efc3-ef04-4576-86b4-8c605b547589,db9cc361115c,True,0,ACCOUNTED
56a096b1-e880-48a5-8aeb-716b1fc7e79e,0d6807df0661,True,1,ACCOUNTED
77931594-1fd7-4220-849b-6786614242f5,0438a8c45b0c,True,1,ACCOUNTED
9a58b082-9198-4d0d-b81b-a777e1d0f64c,e936ba0c7d35,True,1,ACCOUNTED
9cfee1e0-a12a-4781-9e04-0243dffba016,66e2657f2668,True,0,ACCOUNTED
b593f6ad-f6a3-4568-8df8-eb9e1fd77afa,42dea92dea03,True,0,ACCOUNTED
c40cafb2-2ec0-4882-9906-ddbd903f8588,f2c78d7363ab,True,0,ACCOUNTED
f3e16ad1-b85b-46c8-a4e0-2466810a6d29,3eb72fa794b5,True,0,ACCOUNTED
0a2928b3-9b6b-450a-b9c3-b71472e1d830,d806dc66bbf5,True,0,ACCOUNTED
10838c1c-33af-4484-ba5e-216cd0bb25c6,7486c11ad94a,True,0,ACCOUNTED
13a8ad42-5534-42eb-b270-72b7372c1090,610fa6dfc44b,True,0,ACCOUNTED
4eff639d-9b0f-46b1-90a0-6253a1d77112,7914cccd8778,True,1,ACCOUNTED
5687e441-0615-4e9f-b165-c08e75e4f320,73deaa11cbfe,True,0,ACCOUNTED
8daba9d1-7a6d-4273-93ea-a238465150c8,2527039ccfa3,True,1,ACCOUNTED
a08769bf-432c-4ebc-82fb-f30f5fdb1ba6,127865f1f4a8,True,1,ACCOUNTED
b6533711-237f-4fdd-8c9c-f2ff1e65057e,71c719a8fddc,True,0,ACCOUNTED
e2037173-b792-4461-a961-02db3669e1de,9b03eaff332f,True,0,ACCOUNTED
eaada6b7-a9e9-4aee-9b6e-e837f8a08892,9387ea16ddfe,True,0,ACCOUNTED
f1ea122b-6fc1-4a78-a401-14d026217618,2ce24b2e7b68,True,0,ACCOUNTED
f305d4b8-64c0-4e67-9574-ca95f96a435e,2dde5892aaa3,True,0,ACCOUNTED
f764eb39-0691-4444-8c3b-b64955b753c5,91cc98481b31,True,0,ACCOUNTED
f9bf7907-a78d-40cd-8ef6-c259c8adf081,d59ffeaa80da,True,0,ACCOUNTED
fe30fa76-0f8e-4e8e-bb10-213c16cf8c10,8d50521b95bd,True,1,ACCOUNTED
1a1b6542-3b48-4bbb-ad35-2d967d1b443d,84c11a7ff072,True,0,ACCOUNTED
27cc7433-7629-4c74-ac4a-dbc583496b1d,83931637e12e,True,0,ACCOUNTED
2fa62794-4333-45d1-9c43-b975103a26f9,53d577f04699,True,0,ACCOUNTED
366a1ac2-a232-47a9-9d58-eb9c6df4da1b,b9f7ec8d6690,True,0,ACCOUNTED
4c024a57-e32a-43cb-9db7-74864e9fb20c,d0e00268271c,True,0,ACCOUNTED
5bfb361d-0a36-4e42-bded-05d9b50046c4,85638e76b475,True,1,ACCOUNTED
5d997bad-38d1-41e6-be8f-fcc331848b81,220497733297,True,0,ACCOUNTED
7ed9fe58-9eaa-4285-b606-9f49f94b9ebe,4e5f6be99ac7,True,1,ACCOUNTED
868140fa-a374-4835-a9cc-2fe91022eb38,ac66e75433ba,True,0,ACCOUNTED
a25229f3-5d76-486d-934e-b781948fc1a7,1705bd075474,True,0,ACCOUNTED
a537339d-7a92-4f66-b6b4-b719f4949c65,8dd6da77b690,True,1,ACCOUNTED
ac63f9e4-f679-45a1-995b-30ab4a1a9b7e,ff98dbec43a1,True,0,ACCOUNTED
b2553a04-c3c5-416b-a3c0-8ca1280540fd,b6d17423793d,True,1,ACCOUNTED
da4bc425-856a-413a-95b6-e647676bbe34,004658660622,True,1,ACCOUNTED
e10fa354-77c2-405d-9df5-9493b5e9ddaa,90c5cc3fc088,True,0,ACCOUNTED
e41cc13c-f80e-42b1-9c21-b10f075028c7,f1c3807c6d83,True,0,ACCOUNTED
eb962fc4-88c8-4bc4-a941-1eec05638769,8f647fd44b48,True,1,ACCOUNTED
edae3afd-0b67-4d5d-af82-ad094567fade,78a1ff48d161,True,0,ACCOUNTED
068bbd76-ca45-4289-8de9-401677229cbf,95ec2f91aa31,True,0,ACCOUNTED
15400476-0346-4bb8-b6bf-375d69290dc3,4a05a7a754a6,True,0,ACCOUNTED
2fb2e740-dd23-4368-86f7-b86616d575c6,a06d5856bb02,True,0,ACCOUNTED
2fcf25e2-684e-4248-a7d6-09fc985c04bc,7e03b432d86d,True,0,ACCOUNTED
5a557b91-dfb4-4d85-b0b7-27dd839bc4e9,37ed38738a9f,True,1,ACCOUNTED
655f3b39-7ada-4be9-91ca-1895fde1bf9b,19a004116137,True,1,ACCOUNTED
7a676869-5268-4f87-b234-60da2181d58d,e8d9fc31ec4e,True,1,ACCOUNTED
8637da1c-cd35-491a-af53-37aedcd97709,7e137e0276b9,True,0,ACCOUNTED
9b96f0c9-7acd-4f48-8af1-59c58bdcb50f,9bcb3bf81363,True,0,ACCOUNTED
9f747e6f-8a9a-4b53-b3e1-431810e69cfa,e5c3b619a610,True,1,ACCOUNTED
b1a89ee2-f50c-4725-b993-78248afd86b4,1f8e15b6fd2c,True,0,ACCOUNTED
b7472fa2-8b9e-4c8f-8f7d-936c1907793a,2f4d25c94f24,True,0,ACCOUNTED
c6b76829-dd10-4585-88cc-3fd8c1254182,014d48d07ffd,True,0,ACCOUNTED
e21a44c0-cf92-4343-953e-b20052d8ae46,e4217653930c,True,1,ACCOUNTED
eb411d0a-5cee-44fd-9c92-daf4233e11ca,e19fde9f0aa9,True,0,ACCOUNTED
f93ba5c5-7a45-43e0-b8b0-8ca9af8502a0,3e65d0d761d7,True,1,ACCOUNTED
00525c22-1a80-41d1-aa8b-bc70ed994752,2b79d83f649f,True,1,ACCOUNTED
146849f2-c70e-43ab-b5ab-e0e69eb264ae,91a7322f8c5b,True,1,ACCOUNTED
20c8ace7-3c07-4213-a4e9-a77b1dc8f1ef,ea4a7ab83d21,True,0,ACCOUNTED
29fb3cf8-fd73-4318-b806-f8f0d825e183,283447acbda3,True,1,ACCOUNTED
2fa6d566-3a2a-4213-956b-8471ee054a23,61f785434b52,True,1,ACCOUNTED
3cd06bff-7efe-4ce4-9cbc-2d23c7752771,ce971eacba7f,True,0,ACCOUNTED
750c146f-2cb4-4e63-b439-e3093a5ae65b,a8367eb0a586,True,0,ACCOUNTED
7af8103a-6129-4ab7-93ea-8f5db24f084d,a86bf2ebf50d,True,0,ACCOUNTED
7f6624b5-dc2f-47c9-a319-da83d99d69d8,e9f620587284,True,0,ACCOUNTED
a9eee4a4-a17f-4cc0-8d49-2a6320fcb882,ea0e371c4768,True,0,ACCOUNTED
d1f6110e-47f0-4e6b-ac3c-a6c032b4cca5,acb5efb5824b,True,0,ACCOUNTED
0dd8891d-043d-4532-aa25-2afd3b1d2585,f0e994541d4c,True,1,ACCOUNTED
33adabb7-0206-4f06-af83-20a58470aa05,51a31307dc66,True,0,ACCOUNTED
36caf7c9-ea95-4f4b-9764-9023d674513e,aabb4b039d80,True,0,ACCOUNTED
4a96dfdc-5221-4f02-be27-bc62b9cd48a7,a2503ef0b36e,True,1,ACCOUNTED
64575562-aa21-404e-b673-08e1019bb364,d3bc9eb42a46,True,0,ACCOUNTED
8729cc37-ecc4-4118-9cf0-c5f04424c344,39db47f62b7b,True,0,ACCOUNTED
9a4f00f7-d4d0-4456-8dee-b0a06d517eaa,479ee0961103,True,0,ACCOUNTED
e8c78cbc-e8f4-4b57-bc11-53bbb0a7b1ee,a2fc9a0c9793,True,0,ACCOUNTED
00f07bb3-21fa-4456-820c-128f80d764ae,bf032fc974f4,True,0,ACCOUNTED
11bf4916-7756-4f7c-8fbf-9e56b8823492,037ccf410cdd,True,1,ACCOUNTED
1fcc5483-e8cd-4c87-a8b5-4ed1e30a1586,96c50907964b,True,1,ACCOUNTED
326861d1-5f71-4d4f-89ba-e1b397b2cdf7,eddf296c0848,True,0,ACCOUNTED
3cc208cb-e64b-4159-bc9e-fc3c502848ef,3eb72fa794b5,True,0,ACCOUNTED
413ae984-036c-4f67-8128-d925464b9b2b,e8e51a234124,True,1,ACCOUNTED
41d25d9b-6292-485b-8f22-8531e0d850a8,49f3f9a47142,True,0,ACCOUNTED
7c1e7b6f-d554-48b5-9dd5-83ef26cd75e9,15225eb7398b,True,1,ACCOUNTED
8030e10c-d555-431d-acc8-b609cb4072e7,0045d4b847e1,True,0,ACCOUNTED
a6254cf4-6064-442d-a7ba-7b97bbd89728,186ab7576367,True,0,ACCOUNTED
a64606c2-425b-46ab-b582-012423033fe0,9bcb3bf81363,True,0,ACCOUNTED
d9fd71c0-359f-4918-993c-6e071d0aa0bd,9c440fbafeb8,True,0,ACCOUNTED
fbb10e75-9b47-4ce9-83f4-04e665e1e9ca,b86cbee1f5dd,True,0,ACCOUNTED
ff9237d0-5e15-4c7c-9c15-90662555f717,2aae565430aa,True,1,ACCOUNTED
091cf6ff-fb4c-4670-8e44-0333ee33ab19,a4561b05f177,True,0,ACCOUNTED
0aab1525-5678-4cdc-b99a-5d8c63bcd364,3d148b9b2bcd,True,1,ACCOUNTED
1741867d-8975-4130-8136-8132eaf76a70,bf9d1f7bf4f8,True,1,ACCOUNTED
404e274e-f244-430c-988b-1ca05920ca54,c3688fbecf77,True,1,ACCOUNTED
85a3c612-4551-4a10-82a3-0ed0bbc8810a,e818eb2932b4,True,0,ACCOUNTED
91f6ca80-b2d1-4b92-a0da-c95ea4ba7255,3b68c18db0e3,True,0,ACCOUNTED
98b19ded-e03d-4fb2-8590-feea34e2dcff,8365875ed892,True,0,ACCOUNTED
a95e5ae4-7317-4519-9f48-c0f8c35da321,27300b07aef0,True,0,ACCOUNTED
d5eff0cb-ff9d-4a66-b5ca-787f2a6ddacb,d0e00268271c,True,1,ACCOUNTED
e75c01a8-e9a1-47d1-99f6-ebc67d59d031,eb16141783fe,True,0,ACCOUNTED
f1ef96ff-b879-494b-9c01-51ac9de099d1,e5c3b619a610,True,1,ACCOUNTED
30c58c61-9b43-4b1d-93ac-e3617e514fe4,f998bd4522a6,True,0,ACCOUNTED
43eed979-4ade-4701-b58f-17bc7ec9b6ed,0ccf63a35e14,True,1,ACCOUNTED
7d6cdf23-15d7-49d6-93f1-8a844605bf82,a684ee23b131,True,1,ACCOUNTED
8ab735d6-444c-4f2f-baf7-7d718e56781c,044d75ae3b41,True,1,ACCOUNTED
fc8fb0f3-d391-414e-9cd6-a43bdc040e1e,161b67386292,True,1,ACCOUNTED
05bbbd6d-38ea-483c-a8b6-ba9f8a0dca8c,63b6477755fc,True,0,ACCOUNTED
118c5ddb-b533-45dd-bd8e-c32c20acdc6e,79d9c9e83f24,True,1,ACCOUNTED
48a812b1-0633-495d-9458-05f9abfea779,8d14e88ff5da,True,0,ACCOUNTED
5304cdeb-e515-440b-90c8-8850f7b3cdbb,127865f1f4a8,True,1,ACCOUNTED
64b5b58f-4fd1-4b73-92d4-93fa884ab594,71012ed126c3,True,1,ACCOUNTED
99a04927-0f98-4b22-8f59-c84e923c5288,0ad959805ff7,True,0,ACCOUNTED
cd7bd567-5ea3-4175-aebb-44f5df587322,27e22889dfad,True,0,ACCOUNTED
df4b8c2a-118f-4f8c-b5a7-649f0aa4d679,cea680d5d2c2,True,0,ACCOUNTED
fa787d5f-b21c-4731-a76d-6ce94a98ca62,9d38b4fa77b4,True,0,ACCOUNTED
0add88ea-b4f2-418b-a228-dc650b58d9be,7fdb204d2e60,True,0,ACCOUNTED
1061e238-b641-4835-b5df-d1cd49946ff3,29f67bec706a,True,0,ACCOUNTED
25456b56-638d-4918-b9ce-ac0e93a93140,b494c5c475ba,True,0,ACCOUNTED
3ff3c8ef-7e22-47cc-990d-8df660e58821,af2e7c233f68,True,0,ACCOUNTED
465516b2-691c-472c-b63f-b3725de6a398,fe9afdf6bd28,True,1,ACCOUNTED
46e652fb-c03e-4a89-b681-61e2d4d9c41e,0cd6be3100b1,True,0,ACCOUNTED
5209c254-6ece-467c-9d62-ed5280c6fde1,cc26cf7f1f02,True,0,ACCOUNTED
6c4162bd-fd31-4a4d-9fcb-55fd6372503a,5686266f24ce,True,1,ACCOUNTED
001b4f47-1e20-4917-98f6-b25a7138951c,55cfdfe4f742,True,0,ACCOUNTED
0615b53c-a108-4335-a439-b3f7515a7614,e8b9567f1668,True,1,ACCOUNTED
11e198e8-cbdc-4faa-834b-7320bbea442b,8d892b28344e,True,0,ACCOUNTED
16063ddc-5dd0-4d33-b3a4-d92eb8dbe0cd,44be249b8434,True,0,ACCOUNTED
173bf2fe-208f-461d-93b5-f1eada2f986f,b94f20367e07,True,1,ACCOUNTED
3febe5e7-c3ef-495a-8a90-3e5358dd88e5,89ac354e410c,True,0,ACCOUNTED
42641e1b-b424-4468-829d-ea4d2a47d59c,a1f4cc1245a2,True,0,ACCOUNTED
527c3d19-6d72-4e5c-80e5-fd419fcf721f,90c5cc3fc088,True,0,ACCOUNTED
5fce86e9-74ac-40d9-bc47-65be9d95bec2,b9777299f934,True,0,ACCOUNTED
600bb778-73bd-4163-a33d-c917afceb309,ea4a7ab83d21,True,0,ACCOUNTED
67448b45-e624-452c-b658-982f119b49be,401ebf816b8d,True,1,ACCOUNTED
886fc587-6407-4aeb-bd73-5b99509c7bf0,f3d7469f1a98,True,1,ACCOUNTED
8e10bbbc-b55d-45be-a241-891b784cb071,63f15c5045c0,True,0,ACCOUNTED
95648408-b565-4437-ba20-d93e355fbd71,fd7a8f6a4b1f,True,0,ACCOUNTED
d7ce07ae-e7c9-4457-b42d-d0a4182ef00c,1186f45163b1,True,0,ACCOUNTED
d9424ffd-dc8d-4e1b-b97e-700417a918eb,411e1aaa1d8d,True,0,ACCOUNTED
da2f1571-3fbe-4785-b5ab-c2bf88cd9f24,311c8bceeb8e,True,1,ACCOUNTED
e9ff3e82-e52f-4ce7-8a1e-1a22446b048f,311c8bceeb8e,True,1,ACCOUNTED
ecff683e-5f0a-49f8-a5d2-c4bcd374482b,11f9ea81428b,True,0,ACCOUNTED
f13f1a45-ecfb-41cb-9aaa-a1ab727daab8,9c3e87b57c45,True,1,ACCOUNTED
073f6657-8245-4773-897c-51c868d87e52,ebc1282a359f,True,0,ACCOUNTED
078f48f0-e028-4080-9a5c-c8f2c1f08481,96959c06acc4,True,1,ACCOUNTED
213dac28-bdcd-4728-a2c9-7ebc3869fc60,94c1fb821ccb,True,0,ACCOUNTED
361828a5-9748-473c-ae9b-5d5a9bdb4ffd,84db65100cb1,True,1,ACCOUNTED
5ee78df3-d82e-49ce-9fb7-30b2f8dc71de,b648a7ffec39,True,0,ACCOUNTED
61edfa13-4c15-4925-b948-8dfb1d99c303,68be6cacba1a,True,0,ACCOUNTED
6fd4e763-d4fd-4ac6-bb54-f14279d15c79,b717212b7701,True,0,ACCOUNTED
706c7dc1-3d47-4244-a4cc-0488f9a56010,3d21abc7b0c9,True,0,ACCOUNTED
74b5a3f7-0749-41dc-864e-84786be34eca,5723285e8399,True,0,ACCOUNTED
7783e4cf-3f2d-4c91-ace7-feeb6a0558f1,826ec43a31c9,True,0,ACCOUNTED
79b05c0b-469f-4384-9c06-32e8e0bfa670,ee773cc6b537,True,0,ACCOUNTED
8d5d465c-49f9-4c61-b853-4931014b30f8,362c4f12511e,True,0,ACCOUNTED
8fe31875-4c70-4db2-9818-9748a16404b1,1c74ea44d097,True,1,ACCOUNTED
b637b31d-e552-4b19-ae83-9c2444e509a5,38d00acb3eb1,True,0,ACCOUNTED
d88193a7-6cbd-4397-a2d5-9b3ce952526a,70a0ac98cf27,True,0,ACCOUNTED
ebaf7f90-cda8-48c9-81bc-74c8a1627545,0b6765597eed,True,0,ACCOUNTED
07e4cab3-7f35-471e-b3cc-b070ae8f90eb,7e5b5a459ae3,True,1,ACCOUNTED
185f6f40-f576-4ee2-add8-55f6629312fc,91a7322f8c5b,True,0,ACCOUNTED
59c0ebfd-dd48-425f-987a-70f6448ba177,469feed58f5f,True,0,ACCOUNTED
99d43ce7-9037-40b9-aad4-e9cab165baa2,3c8d1caecf74,True,0,ACCOUNTED
a4e205a1-61e9-41d2-a77a-7ce27b36485e,cf556d7e0d63,True,0,ACCOUNTED
ac81a85e-8023-4527-aed4-6a5cf320e1fe,aabb4b039d80,True,1,ACCOUNTED
b51c213b-6f15-469d-ae78-c6abfcf5b269,9d363c92b34d,True,1,ACCOUNTED
e9139c3d-e904-48fe-b638-dce34b5ef126,66133effdc69,True,0,ACCOUNTED
f5e8dbe2-97b6-4771-bb22-66c98f5c3a7e,82f14df59a65,True,0,ACCOUNTED
14a8385b-33b0-4eaa-9c35-3784fec1d69e,1d36c7e57619,True,0,ACCOUNTED
37609cda-55b7-4be3-a0ba-549dc5d09f05,fb14b1fac409,True,0,ACCOUNTED
639c1a17-be2b-4c6d-a2cf-36b298b39721,c13cb04df863,True,0,ACCOUNTED
af47b02f-a31b-4de5-9e12-37c3e2a4ed37,e0e93f672cb2,True,1,ACCOUNTED
cb1742da-d2b6-4a9b-855b-19c5d40812fc,006d2fe12df8,True,0,ACCOUNTED
02617eb3-e659-4a95-89bf-7b6abb75b754,a02245047984,True,0,ACCOUNTED
1a9655ff-d92b-4839-bcf9-d008f7d311c2,decfb084f11a,True,1,ACCOUNTED
258d7e9f-97e3-476a-89a4-d404018a54eb,f1c3807c6d83,True,0,ACCOUNTED
2cc846fd-244b-49fb-9d36-408a49911e77,3c669bbbe711,True,1,ACCOUNTED
65725bc7-906d-4fb9-96c3-d035b8be7a01,b40ea6df5c73,True,0,ACCOUNTED
6731272e-e8ea-44b0-99fb-03c924fe3516,cfe087f47e03,True,1,ACCOUNTED
80b1b52b-56ae-4d57-9f93-8c7b4f4eab34,543eaea73cf5,True,0,ACCOUNTED
ac407450-1148-47b6-85e1-0799da1ee749,f25b1d9e02c8,True,0,ACCOUNTED
aefc08e8-7278-4711-be12-62022eea3b10,213f1cf526f2,True,0,ACCOUNTED
cad89170-fc17-4191-8ae1-4763ec902a5e,8587f018e1fc,True,1,ACCOUNTED
cd9db67c-d572-4eaa-a90c-df1e1a9323b1,09069f6d7685,True,0,ACCOUNTED
e5be50ff-ab8d-4fd1-adbf-f1ad084e36bb,be3e18466271,True,0,ACCOUNTED
eb364376-675c-4d9f-b9f1-da2fcfaaeb3f,82f14df59a65,True,0,ACCOUNTED
009aa08c-0639-4867-9e65-a4222fcedb37,89ac354e410c,True,1,ACCOUNTED
2a569b6d-eb34-4713-932d-25aaafe150ba,b982f900cd53,True,0,ACCOUNTED
427ac992-33fc-4b84-9f9e-853a55ef9a76,2ba08f277156,True,0,ACCOUNTED
5a0c0a17-2b7a-4145-9b71-83ed8c14471f,d153edd2abe9,True,0,ACCOUNTED
9bfef0fe-5e0c-4750-a9f0-a15879e2deee,82a838aa5f88,True,0,ACCOUNTED
bc002874-3f31-4bf1-a190-8c55f596211b,f9705eed08f8,True,0,ACCOUNTED
bd94ec90-d0cc-459a-81ed-1cb515324c54,b94f20367e07,True,0,ACCOUNTED
c506a507-92f1-41dc-901a-7a40ea8bcf00,217d609d1bf1,True,0,ACCOUNTED
d1caa0fa-beab-473a-a426-3f5ab61ce786,ff98dbec43a1,True,0,ACCOUNTED
f922f19a-7e0a-4c4a-8c36-b0d3d0506bd2,d204ba7b69ab,True,0,ACCOUNTED
109e157f-9741-43b3-9fd4-86f978124e85,bf49126605df,True,0,ACCOUNTED
1d468113-3453-44ab-ad26-5084dc45dabb,15225eb7398b,True,0,ACCOUNTED
36de6dcd-efe5-44cc-ad05-4ac25a6f7eef,f310795ad14d,True,0,ACCOUNTED
3b0b94c8-9b98-460c-9318-311ed21ccef0,dddd3c44b9e4,True,0,ACCOUNTED
439f0ac2-23fc-412d-94f9-f4cf19ac981f,2f94b45e00de,True,1,ACCOUNTED
53b84933-4c83-4ef4-b896-448c5e73e81e,f6cb3f61f5b9,True,1,ACCOUNTED
69a8830c-fb01-4272-af19-84515e329959,83931637e12e,True,0,ACCOUNTED
813ffff7-7d92-42f8-a5ae-1fc2ec9c66c3,03f21630b049,True,0,ACCOUNTED
dc33f423-4f98-48cc-936b-334c6b0e8e26,6f64d529d25a,True,1,ACCOUNTED
e2ea4cc1-7fbb-47c0-bcdd-8246cdd3c515,d0d505edc283,True,0,ACCOUNTED
054634ab-1e42-4f94-9d46-10a2f83c9c4a,c13cb04df863,True,1,ACCOUNTED
1d8b60e0-d3e1-4253-9476-7c4308e0bae9,cbc80b195901,True,0,ACCOUNTED
250864af-ff79-4ef8-834c-2af32629f4f9,3bece99c1c38,True,0,ACCOUNTED
251a597d-a7da-4e95-9eec-60dec842f7f9,736595043bd4,True,0,ACCOUNTED
3c56a4b2-5e68-4886-81c3-b132e2008327,2f04809ca172,True,1,ACCOUNTED
477290ef-6700-4d31-a677-a35dc3063c24,b86cbee1f5dd,True,1,ACCOUNTED
47de039d-e8fc-46c1-bba5-4df12827e806,b9590c9d7f48,True,1,ACCOUNTED
4fd6b9a7-8c48-4c28-b0c1-5d8d5bff7773,2d030759ad09,True,0,ACCOUNTED
754f9688-809f-4283-9ca0-91e748342ec9,47850ff28195,True,0,ACCOUNTED
8e17e354-52bd-4bd8-b855-4182ef7fb961,736595043bd4,True,0,ACCOUNTED
b6c0ca4f-8ecc-4666-a61c-85539eab5b27,2441eeec3ab9,True,0,ACCOUNTED
cc32d82d-1145-484f-abcc-09191cd45d90,533d61222537,True,1,ACCOUNTED
f99d621e-1eda-4173-a750-016996c87219,c455ba3db273,True,1,ACCOUNTED
0ad75e94-a14b-467d-820b-a25c432e4e5b,4f15d8ea7741,True,0,ACCOUNTED
0f0ddbab-792c-4904-8b82-81d4eec82ab1,f4ba249a229f,True,0,ACCOUNTED
24239bbe-3d01-4ca6-95f6-6684ac90bfc9,1f643244d4a0,True,1,ACCOUNTED
3d9b35b1-c928-4693-9341-628249cfba6e,55e0a04cea78,True,0,ACCOUNTED
521119dd-cd13-41f9-a8ac-ca475edd569a,a65a5777ce96,True,0,ACCOUNTED
73d4229c-a98d-4689-8fd6-0079c09a66e5,61cd034b306c,True,0,ACCOUNTED
8f97db52-3c41-41c3-bee7-66a16e964f13,94f08bdcf290,True,1,ACCOUNTED
ab773a22-e0c7-4e3a-bd34-7c346c759fb0,13785847155a,True,0,ACCOUNTED
b1b63888-c5c8-4d41-983e-628daefebac4,fc1d7a8ed043,True,1,ACCOUNTED
b2b20add-3b4d-4d3e-848e-f576c167a7d7,a6e17e949a98,True,0,ACCOUNTED
b661da75-34ef-4baf-90b2-55ed25443b2c,08cf04383ee6,True,1,ACCOUNTED
b89be0a0-dbe9-4938-9bb8-a99c539469a3,1f643244d4a0,True,0,ACCOUNTED
cb1c59e1-28b2-4fe4-a941-493f6171fb94,a6524e1e598e,True,1,ACCOUNTED
d0ee6ee5-9464-430f-93e8-9de7ec47dda8,1945868960d1,True,1,ACCOUNTED
dcf7cd4a-a31d-4940-b72e-3bbf304450ab,496067925268,True,1,ACCOUNTED
2a3d4f4d-2792-49a6-9d12-26a1e6c373b2,9dc37a806780,True,1,ACCOUNTED
2db81a55-4f59-4556-ae6f-17c17c785892,2503a742314c,True,0,ACCOUNTED
7d22524f-7aaf-4f9f-8d0c-6dd94c9e5e9e,37e09a804b92,True,0,ACCOUNTED
ba3fe8d5-0dee-48d6-a023-0751ef3123f4,03f21630b049,True,1,ACCOUNTED
be2b3b82-da4f-445e-a1e7-359a0071e852,cadb7ac074c0,True,0,ACCOUNTED
f2a3205d-0eca-41b1-bdfd-efeb12539862,27348e2d6387,True,0,ACCOUNTED
184c66ad-6d32-4fee-be48-9433df36b72c,addfc69e3aec,True,1,ACCOUNTED
283ad4c4-6869-43a9-90c6-5507232ac01f,d31a39325679,True,0,ACCOUNTED
2913dab2-950c-495b-8d0f-9242b43acc2e,9cdbd0cd8569,True,0,ACCOUNTED
3f70c3cf-a409-4bc5-a9fd-7bd59ad56a06,ea4a7ab83d21,True,0,ACCOUNTED
40109f59-04aa-44b8-bf90-3fbb5d85c5fb,28aa42d05cc7,True,0,ACCOUNTED
435d3122-5b8c-41f1-8d87-881f1ea414aa,75e5f5517906,True,0,ACCOUNTED
5117542b-8615-40ba-8d62-875963d86cd2,6e6ca1d340df,True,0,ACCOUNTED
58f12274-e1d7-446c-9b87-be8837adc5ae,55e0a04cea78,True,1,ACCOUNTED
5f17cab2-4d07-4546-b7e0-03574743b9f0,4c7b1cf46066,True,1,ACCOUNTED
6f9c003a-2146-4ea3-bd31-cebdfaad6558,d724cec02ab7,True,0,ACCOUNTED
7ecf4f79-5d09-406a-a623-bcac74cec751,416fb84b8a83,True,0,ACCOUNTED
833e6add-ea1c-48bc-b906-d174d897a487,44cbd83610e9,True,0,ACCOUNTED
a289464b-6aff-4b56-802b-0bc726b510f9,0438a8c45b0c,True,1,ACCOUNTED
a39b6151-85b3-40c7-9a88-2e8e79bccdd2,0cd6be3100b1,True,0,ACCOUNTED
ab54f6ba-7fb7-4bdd-ada3-a82bc3dbef4b,82745e856c24,True,0,ACCOUNTED
bba75740-8799-44d9-abf0-ec83bf72c367,e7744af4d997,True,0,ACCOUNTED
31044f0e-507d-4424-9787-eb2d38148363,9535dcb1cbdf,True,0,ACCOUNTED
4cf57b69-24ad-42a0-a126-299ab121e7f4,ff073b081084,True,0,ACCOUNTED
4ed08270-3099-4771-a4f4-7e35000f1faf,f9639033e5ec,True,1,ACCOUNTED
6704d309-33f4-4cde-be30-c118f5eb4144,54adaaa9f271,True,0,ACCOUNTED
67cbde8a-9588-4ca1-a6bb-c95135c55869,3d4d6521d5a9,True,0,ACCOUNTED
69d695d1-8dde-4169-98f3-919e5b30964c,a56996f962ac,True,0,ACCOUNTED
7f51b5f1-3e10-4c54-997f-aca079e55afe,65249aae878b,True,0,ACCOUNTED
8c42c5f4-dc3e-477c-a32b-baffb71e7f0b,53d577f04699,True,1,ACCOUNTED
a268ef0a-b42c-49ba-b172-b213fe9dc5a9,84c883d07e3f,True,1,ACCOUNTED
a2b8967f-200d-4393-980f-9ae772d4ad9b,ab492211a5c9,True,1,ACCOUNTED
a74622c7-199b-4771-b150-4009791ee4d3,d35606168a2a,True,0,ACCOUNTED
a85d2cac-ca9e-4ab3-b03b-c834c9a0548b,f9705eed08f8,True,0,ACCOUNTED
e440395c-8556-49c4-b457-8e0c25b5e29e,a08a9842f83e,True,0,ACCOUNTED
1ef05969-428e-42b4-9598-5cfafd994032,64e8083c1942,True,0,ACCOUNTED
2ed0299f-33ff-4cf1-9434-9793b1de2c08,a56996f962ac,True,0,ACCOUNTED
42b263e3-caa2-4dfc-a767-8c862726ea99,1d818e49349d,True,1,ACCOUNTED
abecba6f-00df-4c8c-a91b-44a1c1fe50ca,5508e00a1cf4,True,0,ACCOUNTED
da8903f9-fa3c-416e-b571-4bf3a28bf922,2a477a4fd6f3,True,0,ACCOUNTED
e0d9216c-424a-4094-8e89-2c62c36bd41a,1d36c7e57619,True,0,ACCOUNTED
e21b434e-3fdb-4452-b8fe-818493c5f000,8cdfcbae2dcd,True,0,ACCOUNTED
e299667a-dae1-4c0c-9d4b-d6ed2ba8c9dc,3192e2052a61,True,0,ACCOUNTED
ee3cea57-3910-48b9-a09a-38e2e91dda8c,78f434e41aa7,True,0,ACCOUNTED
fbde7320-06fc-4211-a007-4329211d04fe,9afe310d904a,True,1,ACCOUNTED
07600426-793b-4f51-9864-292e8c8c1634,bf707cada025,True,0,ACCOUNTED
3617c5ef-b4b7-4005-801a-4339e7a9e606,971f2f6cd3b2,True,0,ACCOUNTED
38f08d63-0771-4b93-9ae3-620971a6a6c5,665bb7b05162,True,0,ACCOUNTED
4f37734f-4cbb-48a6-bc49-967847dab68b,cdfd4cce0a90,True,0,ACCOUNTED
5e625307-c768-40f5-ade1-99d15935e89b,78b9a7cf8619,True,0,ACCOUNTED
98e00dfd-2184-41bf-ad64-c291921ffc3a,d4233e721f3f,True,0,ACCOUNTED
a638752a-f852-48e5-95c3-46efce0a4ccf,d2d6149fc192,True,1,ACCOUNTED
d756fde2-21fa-4436-8fcb-f4b61389efc9,fe786ecaade0,True,1,ACCOUNTED
d7eaff56-69e9-4bbf-89b1-ca4f6c7a516a,6c32e09d7888,True,1,ACCOUNTED
e43fe736-27da-49bf-b5ed-d20e81da6269,c7dd5ecb0d39,True,0,ACCOUNTED
fc86fd22-c259-4bc0-bd5b-fd4b80fd11da,b9fb129cc9e2,True,1,ACCOUNTED
0f5b8b88-8075-469e-9104-009e96ecfb21,74307a55daf8,True,1,ACCOUNTED
11bbe28d-55f2-4c6e-be27-abd4d3275574,5a3295cfcc05,True,0,ACCOUNTED
30c3ddc4-529f-4622-9d2c-c34dd420c584,b17efe34673f,True,0,ACCOUNTED
3365d923-eab4-4440-ae0b-aa109a76fc0c,186ab7576367,True,0,ACCOUNTED
4bb09585-bdac-4579-97a9-a32e3d944ba5,115049b233bf,True,0,ACCOUNTED
62877773-acab-45f6-a195-a14046282bda,d42acaff34cf,True,1,ACCOUNTED
8a13f756-3a73-49c7-a161-299a7504ab18,e201c752f1f3,True,0,ACCOUNTED
ab0d18d1-dc72-48de-aa24-66694e1ba056,b06a58946060,True,0,ACCOUNTED
d7f17335-0957-4efc-b812-1c43007be50f,76bd3784bc10,True,0,ACCOUNTED
30774841-7f1e-4821-8fe4-ee8a3c21f3f1,988f66880d90,True,0,ACCOUNTED
466bf67d-da5b-4a3a-a345-519fc2f1b766,411e1aaa1d8d,True,0,ACCOUNTED
894a3ac5-0dae-4a65-b824-6ff8b2672b50,eb0f8841e1f1,True,1,ACCOUNTED
8f131114-36dc-4ec5-b969-be23cf94d8f5,ddf40182139a,True,1,ACCOUNTED
9c4cc4c2-a237-4381-b9f0-f1511a7ee3af,ca93014544e3,True,0,ACCOUNTED
0f54f041-8bbf-44ed-bc90-337c5d71c2ea,b2bcfe774805,True,0,ACCOUNTED
21b2963a-e4c9-4c01-a623-1c85d006123b,83a6fe743aa4,True,1,ACCOUNTED
24d85574-dd75-4326-b84a-57c3f61deca0,5b8b7deccc23,True,1,ACCOUNTED
4ce17bec-827c-4399-a6ac-2a783e52bcc9,b2bcfe774805,True,0,ACCOUNTED
5f9d355b-bb16-403f-ba23-0231f0064bbd,4a3fec1f4f42,True,0,ACCOUNTED
6a6fca94-91fe-45d2-8cac-dad52d7b4f47,acb5efb5824b,True,1,ACCOUNTED
78e77d53-dcca-4955-a06d-2ee5730bbb71,e63dfceea59b,True,0,ACCOUNTED
8b8e7360-279a-4771-aeaa-38c446f03183,66934645a79a,True,1,ACCOUNTED
da7bef8a-24ed-40bd-94c8-9d4d0a1f5bb0,c1ce8ff8705b,True,0,ACCOUNTED
f42a0337-7a3f-4e4f-8f79-d21daf8539a7,75bf2c23ea1f,True,1,ACCOUNTED
fce2db16-a983-4792-8a9d-9ea0cbae39cc,a81385c4fd55,True,0,ACCOUNTED
02426a43-405f-4db0-b68f-ef5e75b9c7f9,6826a0c48f75,True,0,ACCOUNTED
24af0a4b-37cb-401e-8365-b0b69f43baa5,1c74ea44d097,True,0,ACCOUNTED
51bb6a04-3815-4dbc-8ecd-01abbc43b3a4,5a581798da11,True,0,ACCOUNTED
565b2b50-44f3-4189-99ba-725df12ab2cd,52231ffb5b63,True,0,ACCOUNTED
8e1c5f5e-ee37-4c65-8121-f58f2909f82d,faadd1e353c7,True,0,ACCOUNTED
8f13355e-f5ce-4b55-b28b-faa65c10b684,0228cd9f7d7f,True,0,ACCOUNTED
98056949-feff-471f-818d-465a2d738426,95e5cfb3bd80,True,1,ACCOUNTED
b4d03807-ff3d-4722-aa85-20757f438c38,01be0ecb71ed,True,1,ACCOUNTED
e3bae7c0-4233-491d-9deb-25193eb5b82f,ff997476d680,True,0,ACCOUNTED
edc36787-9465-46e5-b75d-ee7d0865ba11,2860f3b79829,True,0,ACCOUNTED
f7d38b76-9d60-46ce-9741-8e3581e11915,9c3e87b57c45,True,0,ACCOUNTED
fb829baf-9f66-433d-b9c8-d224652f081d,d450060bcf6f,True,0,ACCOUNTED
fbdf11d1-e6e4-488c-9693-a76ff4a1a5a6,9ab0eb275c10,True,1,ACCOUNTED
1f03778e-a60b-4cb0-83a3-58a1d82dae17,5c98b79c80b2,True,0,ACCOUNTED
216704d8-1894-4b66-af4d-bb54e0e00f6b,576ba4d810a0,True,0,ACCOUNTED
43ef7352-40a4-4285-bdd4-0000c5a3b809,d746d2a4efe2,True,0,ACCOUNTED
5c1ee99e-d77f-4e72-9b13-6ae2101c8212,aea8ffb773f2,True,0,ACCOUNTED
92e0094b-393c-42b3-8d2c-9692bde00ecc,b3eaec8e8852,True,0,ACCOUNTED
bc71d75c-420c-4048-a0c5-db359c3c03e7,75bf2c23ea1f,True,1,ACCOUNTED
c1369045-0ff1-42de-a57e-5714f795e0cc,47a553565ae8,True,1,ACCOUNTED
dfe14e43-1f5c-4f8b-8035-014eeeb04a17,7914cccd8778,True,1,ACCOUNTED
ed63a7f4-931c-489d-bd97-e2d7f0e4cfad,95ec2f91aa31,True,1,ACCOUNTED
4fbabb3f-8727-45b5-aae7-e12e9816c0d7,83b4d2285e93,True,0,ACCOUNTED
6c0f1493-615a-463c-98c5-6b8988116a55,1df972c05ea8,True,0,ACCOUNTED
78fbe6e6-0339-48a1-b0f2-676ad915c51e,fe9a9348fdcf,True,0,ACCOUNTED
8fbe904b-67b4-48eb-bc55-cf8429c6cf6f,3b7736b4d4fb,True,1,ACCOUNTED
8ff2af7e-bea3-446b-822c-d884e267dd44,6486bc501703,True,1,ACCOUNTED
91420061-858d-4ddb-a204-58f796671f4a,df5cd5a0599e,True,0,ACCOUNTED
93b1d8a8-2a0c-49f3-bc76-7d518a27da20,a33082c987b7,True,0,ACCOUNTED
f449dde7-e986-44be-9805-04d2f22acc76,9307bde91935,True,1,ACCOUNTED
f877e647-7707-4cc0-ae30-38bf9fa7c5a5,02744a87ca4c,True,0,ACCOUNTED
0aee44d9-4a09-44d0-b5f5-6706cbbe1d8c,a9fcca6a4890,True,1,ACCOUNTED
10e5f44a-daaf-4b61-8d8c-9958d768501b,ed0f2c50eb37,True,1,ACCOUNTED
23931bf8-c1d9-4eb5-ae98-380886e7740c,90e74af8458f,True,1,ACCOUNTED
5c56441d-425f-48f4-b1cc-8b89b5c0f897,a21ffa53f6a1,True,0,ACCOUNTED
6770c43b-d5a7-4cec-b54c-de5b963878c2,f6a1e685b7d7,True,0,ACCOUNTED
70ba7e6e-60c3-4e04-b4ec-2a572bddda68,ebc1282a359f,True,1,ACCOUNTED
908b8db9-97f0-494d-a325-29153c36d8d4,07164b0b3805,True,0,ACCOUNTED
99576adc-b35b-4c8a-a3b1-8408a29e8192,b6d8607f32b9,True,1,ACCOUNTED
a251131f-8c93-4c79-993f-3b2521503e0c,4ed639b38c94,True,0,ACCOUNTED
d137f9b2-a871-447c-8a0d-43bb9927413b,6e6ca1d340df,True,0,ACCOUNTED
d97261f7-b39f-4704-a5bc-2171af2f47ed,d153edd2abe9,True,1,ACCOUNTED
e800464b-a9a0-454d-9524-385965dd5faf,2d9d54a396fd,True,0,ACCOUNTED
f0f72cc4-f670-4825-a71d-02d23b45db1e,3cd8c489c04b,True,1,ACCOUNTED
f102797c-b3d7-4479-8e9e-cb55c50a9777,ceea77720cc2,True,0,ACCOUNTED
f44e14c5-a560-4fee-b739-33000d498714,e8d9fc31ec4e,True,1,ACCOUNTED
010a97d3-a255-4fd8-a610-fa81e819f64c,c8bb874c5a82,True,1,ACCOUNTED
090a2a30-449d-4d44-b174-6d916b2f8a49,3c669bbbe711,True,1,ACCOUNTED
4d740ed6-befa-4062-95fd-9590a7a32329,369aca1522a1,True,0,ACCOUNTED
4df8d7e7-a9d0-4259-9868-d5dfe343ce4b,7347d9d51ec5,True,1,ACCOUNTED
5bf03f85-6e9c-4e00-8faa-135881ff1c8d,b4945a7b731f,True,0,ACCOUNTED
5cc510d3-75c5-43b6-a8b4-2e5e47d3f207,217d609d1bf1,True,0,ACCOUNTED
7641a3eb-36a3-4098-ae14-c9824328cc6e,3b6fcde98cec,True,0,ACCOUNTED
78efe322-d385-4787-9280-8879e4f87af8,3a617e5c7535,True,0,ACCOUNTED
8afa8772-df80-4f62-9355-db8a39585ace,7e137e0276b9,True,0,ACCOUNTED
befbb401-114e-42c6-8ddb-8ad3ada37b8a,2aef0f747671,True,1,ACCOUNTED
e0172320-9e8f-4b53-991e-834af105cafc,dfcedec5b532,True,1,ACCOUNTED
e2a862e1-63b2-474b-b995-d8ef7fa9cbd4,bf9d1f7bf4f8,True,0,ACCOUNTED
2ef6c264-dc2f-466b-870f-95f9f1920024,016b43e41a72,True,0,ACCOUNTED
68828fc3-69cd-4d62-8963-3a5dd55893fa,014d48d07ffd,True,1,ACCOUNTED
78738c30-d707-49e7-8f6d-3a85afb9fbd6,823b8e5fe164,True,1,ACCOUNTED
95b91cc6-10eb-47b5-afc3-fe2c78636efb,af9ea446377c,True,0,ACCOUNTED
a3314608-660c-4492-88f2-db87b5073bf5,d6cd296275a0,True,1,ACCOUNTED
a4f1dd5a-35b0-4819-a98d-604504b627cd,074ae33b4783,True,1,ACCOUNTED
ac3cb67f-3383-4a54-9ea1-0d932480085c,4c381c3bc050,True,1,ACCOUNTED
e5b739ad-dfa2-45fe-93f2-984fe5bfb52f,47a553565ae8,True,0,ACCOUNTED
e7c08184-c912-49b1-8015-4d1f0f60c311,7d1508c79458,True,1,ACCOUNTED
ec86495c-4809-493b-9664-2110f399b8e7,1ae941252451,True,1,ACCOUNTED
ec909699-7c97-48ce-9df8-02d01ca272c4,9fa5f5e60c20,True,0,ACCOUNTED
ecc49e0e-721f-4c02-97d6-2addd248151a,089a0431ad91,True,0,ACCOUNTED
f2cecfe3-b42b-4245-a150-a59336dc73e5,5c0252aa273a,True,1,ACCOUNTED
04af41e0-082f-4f6c-a530-5973f35c0b8d,aabb4b039d80,True,1,ACCOUNTED
184fb9f0-dc9a-4931-8aae-5f1701e1ea3f,6b8fcc9d002d,True,0,ACCOUNTED
40230f2d-e948-4117-819f-fc1da38ee531,3c8d1caecf74,True,1,ACCOUNTED
4ca5a8a5-e96e-41a0-a4ca-489d69c3c343,a6cdc69706d2,True,0,ACCOUNTED
4d6e9ced-77ce-4e5a-8904-7621e4eaf7c6,beab05e2b0ec,True,0,ACCOUNTED
58b30421-212a-4c25-91e9-f3c04eed52c7,b4945a7b731f,True,0,ACCOUNTED
6120b294-a2d6-4db7-8414-112c2064ae94,de43bd8d8dbe,True,0,ACCOUNTED
7c6b0002-0bdd-4f32-9934-26d0490da6e5,618512c675b7,True,0,ACCOUNTED
97e4331e-f925-4909-8590-3d818f398c08,2503a742314c,True,1,ACCOUNTED
ab1f6581-dbb4-4238-bc29-23f56414c7c7,401ebf816b8d,True,1,ACCOUNTED
c937a010-63af-492f-9e33-79670c456840,9841d9398380,True,0,ACCOUNTED
d1558dd1-5739-43b5-853a-99dc02ee52ff,789c72e48fa5,True,0,ACCOUNTED
d72007a5-1020-4121-bccf-713b099faaf3,7664a65e599c,True,0,ACCOUNTED
da8778f4-c6bc-4530-8bb5-edf7c2151397,991ade82234e,True,0,ACCOUNTED
306f1901-39ca-4f9d-8208-03f47dbe2fe0,e8e51a234124,True,1,ACCOUNTED
382f46d9-4874-45f8-9a57-844af630ad59,6b8845a92d5f,True,1,ACCOUNTED
38e23711-f444-4249-a4f5-f66d65e47c4b,9d38b4fa77b4,True,0,ACCOUNTED
5596f20b-e540-4840-9ae6-46d008bb0149,351c8324cb7d,True,1,ACCOUNTED
637e27d1-8ede-4deb-9582-9886489ebf27,f66c0c2624fc,True,1,ACCOUNTED
69e33866-2b19-4e4a-bf8e-f708999a7541,ee177be6e631,True,0,ACCOUNTED
778c298e-ef7d-49b9-b849-a77963097d9a,7b6bf21401ae,True,0,ACCOUNTED
7b74991c-d405-4b10-b3e0-6dd24b98a22a,d31a39325679,True,0,ACCOUNTED
7d6f32cc-e7ee-4ffb-bf6b-b166e1860913,78b9a7cf8619,True,1,ACCOUNTED
88493fbb-a7a3-4753-9530-e96353fe06cc,576ba4d810a0,True,0,ACCOUNTED
bc733457-62fc-4019-8184-19b25e745356,8f647fd44b48,True,0,ACCOUNTED
c7e89bc8-b0df-4fac-ae3b-b18c9a0cfa4e,077ae6cdf3bf,True,1,ACCOUNTED
ea2fd172-11e1-4407-aac9-adf98b7af405,2b36b0713ff8,True,0,ACCOUNTED
175a3988-d6d1-486c-b789-93495960536c,064819ae49fa,True,1,ACCOUNTED
6a7993b4-eace-47e2-8ea6-66b014cc0b09,3cd8c489c04b,True,0,ACCOUNTED
a33c4bc3-ba14-454d-866a-d8135dff08e6,47055b4ec59a,True,0,ACCOUNTED
b85b08fc-41f7-44c3-b813-3ebdd67a3873,f734dd93dae1,True,1,ACCOUNTED
d4a351ed-a384-443b-a68d-538ddf34663d,74307a55daf8,True,1,ACCOUNTED
d697ec0b-afd6-49a1-9957-09feb47c2b44,78b9a7cf8619,True,0,ACCOUNTED
dd491feb-3012-4651-a956-344555d607ba,49f579c04db8,True,1,ACCOUNTED
de7bbfd9-4dfb-4d99-ad0a-a1ab19bb9884,beab05e2b0ec,True,1,ACCOUNTED
e54ab8c0-d44f-4603-938a-40915a13d32e,c3b292e8145d,True,0,ACCOUNTED
f24ed812-bf1c-4c13-bf14-ddbadebb543d,7843a17099d2,True,0,ACCOUNTED
231d0047-bce5-4095-a42c-9c2001ae8231,b494c5c475ba,True,0,ACCOUNTED
2613bf09-922f-4b7c-b9b3-cf1436ea588e,2ba08f277156,True,1,ACCOUNTED
48f281a4-3462-44f0-9f50-1870a4ea8148,4ad51c1d8c32,True,0,ACCOUNTED
598013ec-a2aa-4bce-a030-bcf69205221c,78f434e41aa7,True,1,ACCOUNTED
712e5ef2-4bd2-4fb1-9ca8-c7bdebe209fb,b190f718f7e2,True,0,ACCOUNTED
bf08daeb-e2a6-4df3-adf2-24a66a806306,01b7609ae546,True,0,ACCOUNTED
d5fb28d4-6dd7-49fd-b3c3-e0d4931ef142,01a0d7ad9cd3,True,0,ACCOUNTED
e846d6c4-8227-49a0-9b54-6c9a268c783b,ce971eacba7f,True,0,ACCOUNTED
f5a5be07-98a5-4933-b887-b960b1786372,1cf38fa44576,True,1,ACCOUNTED
1f493ed7-2f20-483d-baa4-58d4a068ab3a,9031159ae2b7,True,0,ACCOUNTED
45b8cc82-4365-4e3f-aded-6ca1655478b0,e8b9567f1668,True,0,ACCOUNTED
4bf51cab-6cb3-4afb-85bf-5035eef06c80,d94b99a91824,True,0,ACCOUNTED
736c40cf-72c3-4ad8-beb0-07f14087b2a2,c61b7f41edd1,True,0,ACCOUNTED
8f6d6303-2457-4fd3-8c9e-d11cd3e63055,27e753de6cbb,True,0,ACCOUNTED
9d04dcbc-0988-4aa1-97ef-29607e0ba335,f33360a7a6bd,True,0,ACCOUNTED
ac44ba36-d6fa-4730-b29a-0a89b6a86814,eb0f8841e1f1,True,0,ACCOUNTED
b54078c4-eb81-41f8-95bb-f9ada9abbcd9,5535cdf9ecb0,True,1,ACCOUNTED
d8c5d120-d4b5-47fd-9fff-dfd295f58838,addfc69e3aec,True,0,ACCOUNTED
dec53a00-a198-4a1d-a2d4-d645277cc70f,746d07c422a3,True,1,ACCOUNTED
e00bf8de-4ada-4035-bca5-7e4030ace0c7,0d5819c618bd,True,0,ACCOUNTED
e6469962-be57-4d32-ab73-77f1b6a8f6ee,2c05466eb127,True,0,ACCOUNTED
e67b0ff8-e4a9-46aa-923c-1c1223633509,aad38121b951,True,0,ACCOUNTED
f5eb2209-7f61-4338-beb2-0a29afe18092,5ff12f718e1f,True,1,ACCOUNTED
1584bacc-0738-41fa-aa15-f85da7b8e9f0,47055b4ec59a,True,1,ACCOUNTED
3bd434e2-f114-4cf8-b721-421431b1d084,16848e7bad2d,True,0,ACCOUNTED
49663937-bc7f-499b-9eea-ee7ae41b5aa5,82745e856c24,True,1,ACCOUNTED
5428b26f-3afa-4936-a4b0-ae7b8c20f833,f93a39609e3e,True,0,ACCOUNTED
5431509e-8a46-48fc-8fa0-932184d4a267,4a146df6a800,True,0,ACCOUNTED
6a831ce5-5a4d-43a1-ab14-7dc59f346d5f,bf74232be880,True,0,ACCOUNTED
7bd64fd6-e3ea-4b01-a0bd-5b6647973e4b,181c273e7d41,True,1,ACCOUNTED
97f66d8f-3840-4866-812b-02e732ba62a7,503017d1494f,True,0,ACCOUNTED
b449492f-e958-4576-8adc-21044c40c0dc,96c50907964b,True,0,ACCOUNTED
da2b9d1a-c744-457c-b58f-17a144f81284,60a19ff6ac9b,True,0,ACCOUNTED
e3a0b693-d136-4e76-bfa4-b534f5f06aef,94c1fb821ccb,True,1,ACCOUNTED
f65a94f4-f9ff-4124-816b-378490787252,c03c86a43468,True,0,ACCOUNTED
f7b174fc-205c-4699-8464-3838884f3446,240d45af785f,True,0,ACCOUNTED
192c9eed-4e35-47f0-adbc-b7a05de3277b,074ff7b44091,True,0,ACCOUNTED
372c9a34-d5ac-48fe-84db-13876c2bd21d,a0d87634f359,True,0,ACCOUNTED
3811f898-05af-482b-bfdd-9fe89ffb8fec,32f426826173,True,0,ACCOUNTED
61217905-1340-4e68-9bc7-ebdd74f58406,96959c06acc4,True,0,ACCOUNTED
7732d2d6-c7db-4f1d-a98f-08188489c220,b7f70b880355,True,0,ACCOUNTED
bd9f4a92-18da-4163-8e25-397a5ef07292,f310795ad14d,True,0,ACCOUNTED
c62f0269-2129-44b0-98c9-63dba213d276,398efad6bda3,True,0,ACCOUNTED
eceed985-17db-4bee-b3de-08d4a1e625d1,3a617e5c7535,True,0,ACCOUNTED
f21c09dc-999f-42dc-b68f-c45a503865af,6089878642e6,True,0,ACCOUNTED
0bcacd7a-a116-4224-90c4-ee028f75d1cb,110d18b0fdd4,True,0,ACCOUNTED
1269ac1f-35d2-49ec-8709-556f3dca81ce,abf69f9243dd,True,1,ACCOUNTED
604e1366-3b54-4341-b430-68e44e145c06,c2c1391981df,True,0,ACCOUNTED
7410d011-b27f-4fe3-9499-ff2f5988c703,b7defe1e10db,True,1,ACCOUNTED
93ba635f-9f98-45b3-8c9a-d90c9acf25d6,40fe12259ae0,True,1,ACCOUNTED
99fe6e08-0280-4666-8bc4-9752e5a59450,c7327daad708,True,0,ACCOUNTED
c2837a36-b285-4202-962a-47b946b52c26,84c86e5ac70b,True,1,ACCOUNTED
d0552555-5d0e-4084-a17f-0424d2962f5d,618bea30ec09,True,1,ACCOUNTED
d14ca541-a16c-425b-93ca-ffdf8425f12e,595af4035b7a,True,1,ACCOUNTED
d3f4ab31-f7af-49b1-a430-64e185b30ee4,f2c78d7363ab,True,0,ACCOUNTED
d5783d84-5243-41ec-b227-acb89d40abf6,abf69f9243dd,True,0,ACCOUNTED
f0541955-ef88-40cd-ab9a-7ae672600fad,1d818e49349d,True,0,ACCOUNTED
0ce84210-38a0-40fb-8cc4-4f9f08d3d343,d70d4ce81e29,True,1,ACCOUNTED
17278792-3f54-45d4-95e6-230db2785972,781bc27d4d81,True,0,ACCOUNTED
36381add-71d3-4361-b2eb-bd76a296d66e,3d72f0c1a934,True,1,ACCOUNTED
3af96d14-28f1-4bd4-87ab-cfce2816a4ac,5c5734c2b6af,True,1,ACCOUNTED
46e224f0-11c9-477c-abc2-22bbd4b26529,ddb46034c555,True,0,ACCOUNTED
652601be-cf2d-4e0f-808b-99a7cd84ed44,8587f018e1fc,True,0,ACCOUNTED
7bd2ff2b-fd20-4f09-a535-82ca13ef7e4d,9137b97001a2,True,1,ACCOUNTED
918cea92-3965-4a3b-8336-8840b52b76f9,d687db9158e6,True,0,ACCOUNTED
9366e06f-de94-4126-a94a-896fbf269c84,9657f36a108c,True,0,ACCOUNTED
08126cfb-ac02-4539-b0a9-341f79057b68,1d818e49349d,True,1,ACCOUNTED
11378c49-1387-4f7e-8457-b5822eb43241,e4a13c208675,True,1,ACCOUNTED
1da26724-b6e7-4257-be1b-2d960a553e8f,1d818e49349d,True,1,ACCOUNTED
34cacb9a-a8fa-45e4-ab77-2e5de2378b06,b5eac9010a31,True,0,ACCOUNTED
45b5997f-6624-4945-91b0-b2e6ea107ae1,d3c4c9257a12,True,1,ACCOUNTED
6515fec8-c40d-41e2-9550-155df6767670,078690558387,True,0,ACCOUNTED
6bafae74-4c7d-4386-b7d6-4748dd225def,78f434e41aa7,True,0,ACCOUNTED
797a4cc2-b30c-40f1-aadc-8ba3de501b99,ef65409ba557,True,0,ACCOUNTED
95315bf8-5efa-4480-abc0-50af95899de4,823b8e5fe164,True,1,ACCOUNTED
9dbd0974-d9eb-45b4-98b4-30d0c06e0af9,84c11a7ff072,True,0,ACCOUNTED
9fe5d3bd-19b5-4b77-b6ed-2750cc500cb5,8dd6da77b690,True,1,ACCOUNTED
bd5ac5fc-097e-44c8-a3ca-b598df378c5d,e4c32cbc0038,True,0,ACCOUNTED
cd20d14d-36a5-403b-adc9-b9e7e123cf58,3a617e5c7535,True,0,ACCOUNTED
d0892f39-6eb4-4277-ba88-b90e5b5a0b02,71edda46d3a4,True,1,ACCOUNTED
e5d082a7-cfff-49e6-995f-da97d8ca8fdf,a0273220210b,True,0,ACCOUNTED
f2c24000-06df-4690-9e88-270867993a7a,1dd7b830904e,True,0,ACCOUNTED
12d861b9-5914-4177-bb5c-5da08935d364,ff073b081084,True,0,ACCOUNTED
1f929630-8e04-4cc9-a267-f18d2d0c517a,66c396d98fa7,True,0,ACCOUNTED
24ca89e3-e783-4d46-bb91-b04b598d184a,84c11a7ff072,True,1,ACCOUNTED
4c6e8731-6a51-4592-b6fa-a9ae94538d6f,bb5f45e9bad2,True,0,ACCOUNTED
5762e073-6c12-47f6-a6f6-773052f0ef43,6307aef3f6a4,True,0,ACCOUNTED
5da46199-6375-437b-ae3a-fd451539069d,9137b97001a2,True,1,ACCOUNTED
5e06a7e3-0acb-44f3-9f9a-7b05423df716,bf49126605df,True,0,ACCOUNTED
64449251-ba87-4a10-bcab-e5d4f83470b3,300b972f3834,True,0,ACCOUNTED
68217559-f6e1-4ab3-89c7-01a6b6d7549c,0a4d5ec481e5,True,0,ACCOUNTED
9ee0418a-a8c5-4919-a9dc-1f3da534a16b,8743d681ed80,True,1,ACCOUNTED
bd006fc3-4634-4848-9a05-596e6d4f3744,aa0972164ba7,True,0,ACCOUNTED
be93d1d1-d98b-4ec8-8505-bad7d778770b,141dd357c778,True,1,ACCOUNTED
db065b56-4284-4aad-b6e7-1d8d3f92535d,24a34cee1b33,True,1,ACCOUNTED
12be5a01-c054-4153-9568-8dadc2a2d037,a33082c987b7,True,0,ACCOUNTED
2e7dfe54-648e-4ed7-8ca4-80b35575a838,c177652c3851,True,0,ACCOUNTED
38f93825-bb57-4af7-9795-224ef051a024,5b8b7deccc23,True,0,ACCOUNTED
4f95b1a1-9e31-433e-9f1c-2ba314fc798f,cc26cf7f1f02,True,1,ACCOUNTED
5febd270-6a08-4537-97ed-09d27a6e7e93,568e8b2f08f7,True,0,ACCOUNTED
6acc06a8-b6c2-413d-a559-ad497c4af3c7,73deaa11cbfe,True,0,ACCOUNTED
78cd5212-de65-4be7-8ca0-a3006a593d49,9ab0eb275c10,True,0,ACCOUNTED
9a973c3a-bd47-4310-a819-c6b1c9a42de8,9c49eee1845e,True,0,ACCOUNTED
c2167ff1-ea53-429d-94f1-aed98fb1eb78,b4b5d3a29c29,True,0,ACCOUNTED
d1ef5f30-8eb0-41b6-804a-4ad37f4c055a,c6381413219c,True,0,ACCOUNTED
dfe181f5-050f-4251-b4bf-e04b984dbc9e,ceea77720cc2,True,0,ACCOUNTED
e119fdec-c024-40e6-ac94-ec9040d73354,764060025f05,True,1,ACCOUNTED
ea659402-7b12-4184-9ed3-825ed9a6a927,929f7a742fe6,True,0,ACCOUNTED
09924361-de6d-4cfb-a5f8-ec18340a9525,7cbee166bd7a,True,1,ACCOUNTED
41205bce-8b98-4e48-a6b6-f2b68a6cb07f,2110069e0657,True,0,ACCOUNTED
4be3e659-a88b-4125-8c4c-d76fde9f871e,0f7c4bd0e907,True,0,ACCOUNTED
4cf3359b-b184-448d-9d1b-96764a8284cc,789c72e48fa5,True,1,ACCOUNTED
5937f02d-3408-4008-86a1-dfc073deaa79,9ebf1cb1621c,True,0,ACCOUNTED
66683bcf-7290-4b62-909b-378cb3bfad3a,f1c3807c6d83,True,0,ACCOUNTED
9864f5e7-b76a-46f6-a648-13970484ed35,a8367eb0a586,True,0,ACCOUNTED
ba13e49c-61ea-4dd0-bdee-00789f41a6ff,2648e06906f4,True,1,ACCOUNTED
c21f5f1b-9576-4e8c-bbe9-e3e0b9123325,d70d4ce81e29,True,0,ACCOUNTED
c90c91d9-8688-4e72-a77a-6f56b6372d7a,4d942343893d,True,0,ACCOUNTED
d0e73d6c-2249-4511-8f8d-9358040d44f9,d03e4b56e4a9,True,0,ACCOUNTED
01c15e1c-06f7-4669-bba3-c4d9cd16f90f,e4a13c208675,True,0,ACCOUNTED
05aab76a-c10e-49bb-a1ce-d80e199a29b2,bd8533deaf3c,True,1,ACCOUNTED
336d9ff9-5087-45f1-adab-d7282bbb7f3f,2c6ec090c1af,True,0,ACCOUNTED
3f9d18d9-8c55-4c18-8fdc-f27e544817c9,0a16d126b211,True,0,ACCOUNTED
46115908-bd46-4813-b9f2-cdd5a99bf837,130ed91ec4c0,True,0,ACCOUNTED
544539b9-d82a-49ea-87c2-37369b31cb33,84ce0074c31c,True,0,ACCOUNTED
7524f8d4-6dd8-4304-9148-15016b925206,41871a067303,True,0,ACCOUNTED
79d9240e-a2c9-4d7e-a4ba-25e17dd66d02,08cf04383ee6,True,0,ACCOUNTED
8b5b80e9-eee5-47a6-ad88-40b3444ccb70,6f9f311f3029,True,1,ACCOUNTED
8eb78015-f64e-44a5-ae37-d3b32fc46b96,dc9df79db7fd,True,0,ACCOUNTED
90ada2ae-2485-4735-9612-293c5d68084c,be3e18466271,True,1,ACCOUNTED
94ecef3b-e84e-4876-9809-e7f83ac50b5e,b55a9427e58c,True,1,ACCOUNTED
b2b118cd-91ea-41aa-87b9-19b6bef96236,ce12985785a8,True,1,ACCOUNTED
bc39088c-934d-427e-b4dc-16fa635e0e52,ea7c7761fa3d,True,0,ACCOUNTED
cc279ae3-29e3-4379-be37-6b3fa65018a4,369aca1522a1,True,1,ACCOUNTED
ebcef40c-b395-45fa-bbf7-414bbf5a7b09,d08a0a28d007,True,1,ACCOUNTED
ee939ef9-2f17-43a8-ad10-bb74395ae5db,9307bde91935,True,0,ACCOUNTED
00fd30f3-159b-4782-89b2-05a3f3e8e632,5b6909bd75f0,True,0,ACCOUNTED
0b509387-7355-43b5-9ba0-d81eae13ad22,a6524e1e598e,True,1,ACCOUNTED
169b5e3e-19a0-43cb-9fb9-0a7d9ff2656b,064819ae49fa,True,1,ACCOUNTED
1b7d3429-cbff-451e-87a9-5f876557d467,8697ac08b3dd,True,1,ACCOUNTED
240ddb9a-db23-4fea-ae17-ff8821030ee9,15918a8109bc,True,0,ACCOUNTED
2bf4a9c3-6afb-4f72-a7a4-97b6dad8f680,d0662873dcc9,True,0,ACCOUNTED
2d0129c1-f9b0-4129-9b73-e309c390f955,02744a87ca4c,True,0,ACCOUNTED
33fbc7f7-3806-4431-a842-e802314180d9,582e208d34f7,True,0,ACCOUNTED
590c8002-573f-4281-83aa-c70fa50b5532,bc3d19588676,True,0,ACCOUNTED
5cd38491-3b84-429c-8647-fb8a4b2b5e33,099153fa558a,True,0,ACCOUNTED
623acb90-27c9-47fa-bd73-a29a60465036,5f36f9f117c9,True,0,ACCOUNTED
64069488-42c2-428f-a95b-f3639fe7f2e2,09926d1c3c86,True,0,ACCOUNTED
8cc4e752-7fcf-4b21-90d8-8fe630d52f01,9c4988d19608,True,1,ACCOUNTED
8fc581ca-60c5-4d64-a2ec-16ebcf916582,1fd8474c69d3,True,1,ACCOUNTED
a34946a6-19b4-4575-b2a1-e7d7d73a28b1,faadd1e353c7,True,0,ACCOUNTED
b33caefe-bed3-448c-90ba-b804b3123f71,e5fc3cb5d705,True,0,ACCOUNTED
be9747d2-5e42-426b-ad09-0f38c4d82e68,8982adaab77e,True,1,ACCOUNTED
c6b9d243-e257-4de5-99dd-200aec5cb97d,66e2657f2668,True,0,ACCOUNTED
f68d7ca8-a378-4132-b046-7ca0f8178746,ceea77720cc2,True,0,ACCOUNTED
11c38136-c469-42d5-a945-8c60f652fd9f,e3b750cb6e5a,True,1,ACCOUNTED
2bd49a8a-9582-4c8c-9f49-791d38ff0cb8,d120dd0e949a,True,0,ACCOUNTED
32ab8eb4-23a3-451e-ac2a-a1007a2586c9,6566e5461f38,True,1,ACCOUNTED
36668468-464b-455f-bc85-63336bd2054c,cb80bb3d1473,True,0,ACCOUNTED
3fa12b02-0cdb-47ce-972c-729e9a62d587,5508e00a1cf4,True,0,ACCOUNTED
57ae5a75-a83f-460a-b9b5-bb3fe698d7d3,665bb7b05162,True,0,ACCOUNTED
6f84a30f-44db-48af-a096-2530b9d91dbf,286627c522d9,True,0,ACCOUNTED
7f96b67c-a6da-4191-8ee0-b5fa0b124ff1,a2fc9a0c9793,True,0,ACCOUNTED
ce1beb02-63af-4b0c-a81d-a8145c908957,5fa77e12a84d,True,0,ACCOUNTED
d4e3ffd7-19df-4977-86ab-981d80f81b3c,49f3f9a47142,True,1,ACCOUNTED
e1763b6b-3064-48b5-8c6f-558f69e79055,1b437315b8d5,True,0,ACCOUNTED
e1c3176c-8ea7-4e9f-9dc8-eccc2eee432d,c9a828051ada,True,0,ACCOUNTED
ef2c361a-5a4f-4def-a31c-90e26f755996,06c9391cdf7d,True,1,ACCOUNTED
f9fb136c-0ccc-432a-b1d5-40b5f4621369,f031b84fa1fb,True,0,ACCOUNTED
1983caa5-bf02-4e89-b62b-7fe4f947faf5,63fe1fd12e37,True,1,ACCOUNTED
40fd15ec-05c1-404d-b3d1-dee54a7a585d,b113444bab15,True,0,ACCOUNTED
455f04b6-cb6a-44aa-904a-d3af38158a53,28fa4a64202f,True,0,ACCOUNTED
6cbe1bb5-3fcc-4528-9eb0-a116b1fc9231,08cf04383ee6,True,0,ACCOUNTED
8014729c-6eea-4900-b001-5308a364a7cb,f3d7469f1a98,True,0,ACCOUNTED
9383083d-e736-465e-9d6d-e647762f70dc,044d75ae3b41,True,0,ACCOUNTED
a8fac086-983c-4774-85a1-a2ba5ede31f3,8654300909ed,True,0,ACCOUNTED
0ac53694-1003-43f9-b130-fd008e1394df,5f60b0c8d092,True,0,ACCOUNTED
11e5cc63-bdd2-4d1e-9261-d00bcce23c70,0f7c4bd0e907,True,0,ACCOUNTED
362c2e42-5254-45d5-9d6d-72c9d103385b,18e5b67e9681,True,0,ACCOUNTED
3e7456e2-5e36-4684-887d-c11931d3bb05,5535cdf9ecb0,True,0,ACCOUNTED
4119216f-002e-4eb8-a300-398097694a10,90bdec3ed58d,True,1,ACCOUNTED
457159e7-77d0-46f6-baad-67962f60c357,220497733297,True,1,ACCOUNTED
47b3f7cc-6c30-4fbe-aca8-4f59d8d4a9d9,b6719fb488f6,True,0,ACCOUNTED
4a958d25-3b28-45fc-bc4e-0a236fb23ae5,3fc80a9b3fd7,True,0,ACCOUNTED
5ae48b86-8485-41eb-a35d-eae42ac300b2,9bc1b3703282,True,0,ACCOUNTED
69248789-aba3-4342-943f-d20ea5f57826,ce5a5080bb2c,True,0,ACCOUNTED
88a65872-6c53-4bee-9b15-f2c45065d491,eb7dd8c6466c,True,1,ACCOUNTED
998d38e2-8b5e-4504-a088-f263495a00f6,132dd581c391,True,0,ACCOUNTED
b751a57a-3dc6-496f-929e-d23ebbdd86ef,0a4d5ec481e5,True,1,ACCOUNTED
dda00bab-a432-4f34-bfb7-d2d9eb3a9776,3b68c18db0e3,True,0,ACCOUNTED
e064d174-97cf-4193-9b31-45758f568232,499aa95fc8a1,True,0,ACCOUNTED
e881e0f5-94e7-4c88-91c9-9a39f6588df0,c455ba3db273,True,1,ACCOUNTED
0241db55-cbcc-471a-97c1-8fef3f4df2eb,f66c0c2624fc,True,0,ACCOUNTED
24c37a1d-f53a-4891-8eb2-bdd835714195,9f62dbcbb09c,True,0,ACCOUNTED
24d95431-5dc9-475a-963e-1d0f100a356a,79dcb92f0837,True,1,ACCOUNTED
3e57d40a-2e2f-4381-a070-ed90c4a207c3,489c38ba8bf9,True,1,ACCOUNTED
402fb3ef-739f-448d-880e-8ffd10992504,cf556d7e0d63,True,0,ACCOUNTED
40f105aa-9a0f-4318-a74c-eb41094646c0,63c48429af94,True,0,ACCOUNTED
4d572911-f361-44e3-8748-985f89b06f12,0c6463515e63,True,0,ACCOUNTED
4fd0433b-dcd9-4316-8d2e-df2959e11172,bffc54f94a3c,True,0,ACCOUNTED
5d819867-7a0f-4517-a3be-7bd279ff5956,1bcb1ad87a59,True,1,ACCOUNTED
605ae0dd-d11b-46a3-a2b2-36210d282eac,30fe2de781c4,True,0,ACCOUNTED
62a252d3-ee23-4e60-bd94-beaee86a2121,a9fcca6a4890,True,1,ACCOUNTED
c121addd-804e-4e9b-a419-4e7860e282a8,9fa5f5e60c20,True,1,ACCOUNTED
ecc30d14-b4e5-47cb-9503-4a12f0014ed7,078690558387,True,1,ACCOUNTED
0110aee8-99a8-4d53-b456-593c60f4a4d2,dc9df79db7fd,True,1,ACCOUNTED
0b71a670-920d-4278-b014-d7a5c5f35fc4,1da0e11e6180,True,1,ACCOUNTED
2015d866-1a6a-4854-9944-99583b5a2d81,b934366c5ca9,True,1,ACCOUNTED
3f320923-885b-4e80-9a70-12e880296373,b5e8b448052d,True,0,ACCOUNTED
6d66f7ed-06be-4a06-b1bf-edb78971632f,d26aaa70a884,True,0,ACCOUNTED
805a4a33-6d7d-42e5-9263-29c425879fd1,dcd16ad19c25,True,0,ACCOUNTED
ff6e887c-b959-428f-bd9c-a8bfb271247d,4c381c3bc050,True,0,ACCOUNTED
167628a2-6f5f-4a1f-9dfd-898fb74a71b9,2d725042e5c4,True,1,ACCOUNTED
1ad8a143-61d6-4109-9747-1d1c254b49cd,1da0e11e6180,True,0,ACCOUNTED
3032148a-0c74-4907-aca5-bf8ed7cd2667,72d5e7aa0e3c,True,0,ACCOUNTED
379a108f-f4dd-4240-8f57-5ea620ab4eb5,addfc69e3aec,True,1,ACCOUNTED
4000c70f-38fc-40d1-83e0-4e13fd907c9a,e958ec122165,True,1,ACCOUNTED
54753d13-10a8-49b4-88b7-64e9ae2868e4,19a004116137,True,0,ACCOUNTED
5cc3732f-1f48-4d86-90c4-d0bcd4a96116,ab492211a5c9,True,0,ACCOUNTED
62a0e443-4d7f-45e1-878a-847978e260c7,4d942343893d,True,1,ACCOUNTED
8393a900-f7c3-4559-a476-c22a865e3561,588006137b1b,True,0,ACCOUNTED
8652fbfb-fadd-40fb-93ed-d3b94ba77ffe,6bc2be14394d,True,0,ACCOUNTED
8e89a47c-f0ce-452d-9cfd-f76b3634925c,3a19e7e11655,True,0,ACCOUNTED
b2977884-40e5-4eb8-9c4d-2fefa5a3ed12,bb5f45e9bad2,True,1,ACCOUNTED
c4b7e400-da02-42ef-87f6-d55c3a8125c9,336355d392f4,True,0,ACCOUNTED
1874ef8b-25d0-490f-8e58-e6d9c2926679,b5e5ae542adf,True,1,ACCOUNTED
1faf98a1-20b6-42f1-be2d-afaf3bee3622,aaef55b8c5f0,True,1,ACCOUNTED
6c1c85d0-d33c-46e5-bef8-7eabb2d3a6a2,2648e06906f4,True,0,ACCOUNTED
afb3a071-f943-42d3-9b25-70239a96f155,4ed639b38c94,True,0,ACCOUNTED
b107e7d8-969e-4bd5-88a4-437b67ab275d,290d9cc8270b,True,1,ACCOUNTED
b68e432d-3516-45c2-94b1-49c08f0c8188,661ed637c6d5,True,0,ACCOUNTED
c97bc74e-a010-4316-88c4-f70c491fd895,6a632964a8f1,True,1,ACCOUNTED
debb63ca-06be-4cb2-ba22-fe0b03f8e9fa,b5e5ae542adf,True,0,ACCOUNTED
ffe0785c-5ba1-42f6-807e-40286be6cc47,b9590c9d7f48,True,0,ACCOUNTED
09dca6c3-ba5b-4a46-a4cf-84d5c3cd98df,af26e0863558,True,0,ACCOUNTED
29333a9f-7957-4b4b-be5d-bb7330c2b951,351c8324cb7d,True,0,ACCOUNTED
4ee825ca-86b6-4852-9b9a-e02703f46d8e,300b972f3834,True,1,ACCOUNTED
5446aed2-0222-465f-94b7-572a72731bbc,2ebadcba5739,True,0,ACCOUNTED
582be224-5352-47f5-9689-1ba4c98cdf3f,2fded5e60fdc,True,0,ACCOUNTED
71d15e2e-ac80-4eb3-a533-ff748a080bf3,e0e93f672cb2,True,0,ACCOUNTED
78e2f6bc-53c3-4bd4-98d8-fc918a843af9,a1214943545a,True,1,ACCOUNTED
a17a092a-308d-4be1-9745-4cc9dc8d69e0,d3ec1c3a6332,True,0,ACCOUNTED
aa420601-161f-419c-a64a-6ff4ef076526,b1450af21370,True,0,ACCOUNTED
bf2aee88-be8e-42d0-99ed-1c2cd73d5f82,f30d3bccefdb,True,0,ACCOUNTED
c4ccbb91-2a14-41f1-9aa1-9be79679c518,56d8d7c3fc32,True,0,ACCOUNTED
daf024e4-4c8f-481f-a4f0-4a2cba4d7576,ff98dbec43a1,True,0,ACCOUNTED
07c51b37-67b3-427b-b6c9-707dbe1c083a,6f9f311f3029,True,0,ACCOUNTED
1cb60171-22b6-46cd-9430-a1100dcf1ac5,283447acbda3,True,1,ACCOUNTED
2319f146-17d4-42e3-bfad-63f5a543f2db,fe786ecaade0,True,0,ACCOUNTED
2d674216-0f41-448a-a8aa-81201bbc9b4d,d5b238520160,True,0,ACCOUNTED
2d7aa2c4-397a-44b3-b751-592c0d0c7e73,61d71eac25b7,True,0,ACCOUNTED
a1ff70c7-ca4d-4d47-98a4-18743a7350ba,ada8114d492b,True,0,ACCOUNTED
ed577464-89ae-4054-91db-cf48bf745fa8,362c4f12511e,True,1,ACCOUNTED
f07d1c27-8438-4893-ac2e-27e25e6e9fca,8743d681ed80,True,0,ACCOUNTED
2a2e7467-a515-449b-b502-6e852d45cfc1,c045e0f44d49,True,0,ACCOUNTED
3a267111-e36c-44de-b30e-8f2aa406ae27,37bbd047cc3c,True,0,ACCOUNTED
404ef373-32f0-43a1-a421-77be58292b21,60a19ff6ac9b,True,0,ACCOUNTED
7391744e-0037-4513-8afe-163d7845f7d3,7d8622c1fd55,True,0,ACCOUNTED
7727e6c2-42d7-4796-a780-9bf0567a79ca,1dd7b830904e,True,1,ACCOUNTED
8598df48-b661-401d-865c-833604ac486e,8deb17cf7443,True,0,ACCOUNTED
8ec39a59-1ee5-4f95-928e-42f2adb641f0,2b79d83f649f,True,0,ACCOUNTED
91ff1d5d-688e-472b-ac26-ec8dc5be491e,90e74af8458f,True,0,ACCOUNTED
95b1fc3f-fb29-43a8-94db-bedb4267431a,a684ee23b131,True,0,ACCOUNTED
a91de970-04ed-421f-a1c3-0e03bef58749,2f94b45e00de,True,0,ACCOUNTED
ba4fff59-5c35-4b6f-a102-826b432523e9,59aa03e4659a,True,1,ACCOUNTED
c7d2cdd3-4479-4984-8c2e-ab4109cce4e1,1ae941252451,True,1,ACCOUNTED
cd7a8980-c9c2-4d1a-ae74-203826ab3f5e,db9dbc6359c1,True,0,ACCOUNTED
d5125885-a63a-45a2-a441-fbf26cc284cf,3a19e7e11655,True,0,ACCOUNTED
dd2bb1a2-6916-4690-8a3c-783d0be2c696,436eaf7a8e66,True,0,ACCOUNTED
dda20865-01c6-415f-b9a1-128da714ada3,9fa5f5e60c20,True,0,ACCOUNTED
e1cee189-b741-4f27-b543-20ec8a785d7b,55e0a04cea78,True,1,ACCOUNTED
0b440c4d-9646-4b09-9862-97c102098b57,c455ba3db273,True,0,ACCOUNTED
330f0887-cce2-44a0-b15c-70d048b4605e,1a6e377be658,True,0,ACCOUNTED
3528586d-156d-4742-8a50-1ef898dba89a,6b8e7d2e3684,True,1,ACCOUNTED
3a2b98cb-e06c-4733-8b00-e6410f033a7c,975159a2f24f,True,0,ACCOUNTED
3d9d2826-9d0a-414e-8f8f-7d588fe00d23,efbcdf4199b0,True,0,ACCOUNTED
5c80a317-8eee-4746-b29a-67976879923c,5607e59a5286,True,0,ACCOUNTED
6bc92756-d2d2-4d62-a2a5-479980a06d07,68be6cacba1a,True,0,ACCOUNTED
6e9a9874-482a-4ea7-abf0-1ba16356720b,3b68c18db0e3,True,1,ACCOUNTED
8a84dfc3-6779-4612-ad36-ddbdec3e712a,15918a8109bc,True,1,ACCOUNTED
8e56f21a-50b7-41f1-ba02-28376368edca,b614a02cee93,True,0,ACCOUNTED
a4107320-26bb-47ec-a37a-e63c0e1ab741,60591645fd04,True,1,ACCOUNTED
b58eb440-4477-4b2f-8eb4-95be20469f9f,a65439a9efda,True,1,ACCOUNTED
b8843595-8ab4-46a0-8c65-a8bf4bb5addb,6566e5461f38,True,1,ACCOUNTED
cc96183f-ee74-4dc8-af9f-0223185da0c9,bee845215b74,True,0,ACCOUNTED
de6a146b-ae26-482c-87d3-43033f74f1b5,004658660622,True,0,ACCOUNTED
e51f4a9c-bf71-46da-9aaf-26e2b2a1f03e,454b189fe341,True,1,ACCOUNTED
edf34e4b-056d-4ac3-902a-5205d38cfbb6,94f08bdcf290,True,1,ACCOUNTED
220043a8-e46d-453f-85b0-e553e81722bc,de6bc5836fb1,True,0,ACCOUNTED
2e6b55a6-ee5b-4e12-ace7-62a2fe160425,b269a6dd203b,True,1,ACCOUNTED
33de677d-f500-4547-914f-6cfb23b6ddb1,74c93ae7981e,True,0,ACCOUNTED
9f1207d3-e6ca-4724-b53f-b7bb557665b7,31aa768e2a51,True,1,ACCOUNTED
a8944c2a-ee83-49ef-b95a-c0df2427a22c,dd4b0b02beaf,True,0,ACCOUNTED
ad02d109-6fbb-4dd7-9fc8-bdbb6542c45a,29f67bec706a,True,1,ACCOUNTED
af80eca8-ef88-40df-b51a-4396a7b026b6,b06a58946060,True,1,ACCOUNTED
d0629089-f038-44b9-ad1e-9d77a94cc37b,ee177be6e631,True,0,ACCOUNTED
e74de32b-979d-4a0a-a769-de981061215f,50313bb70835,True,0,ACCOUNTED
f46b8683-4406-4435-874a-530d79dee7b3,8ae0170c4100,True,1,ACCOUNTED
2d327de0-67c0-42a8-b5b5-781c76831639,32fb2b601a3c,True,0,ACCOUNTED
764a3612-b838-46c9-af81-5885eb25c771,9c4988d19608,True,0,ACCOUNTED
7ab73c7b-e13d-447f-83ac-e636e6fb8280,290d9cc8270b,True,0,ACCOUNTED
7f6156b8-b4db-4ae8-a6f7-ea5072ae9aba,b2632b5e280f,True,0,ACCOUNTED
9b710ebd-e4ce-440e-b950-ec507cdfe926,4377e516ed96,True,1,ACCOUNTED
9f1e5c7f-a21e-42dd-974e-9f605e53f0d3,60a19ff6ac9b,True,1,ACCOUNTED
c375ba12-91c3-4df7-9352-2ff204a17ed8,7572225fbdec,True,0,ACCOUNTED
c45d31f5-ba86-48f6-b2db-3879dc48e185,4d99ded6e235,True,0,ACCOUNTED
e91618a3-37ea-42a2-a6e7-2ed81bfe3fa6,d731cf0d0201,True,1,ACCOUNTED
ee738b4e-26b6-4cff-86ea-d7a0f02e69aa,2a66bbc394dd,True,1,ACCOUNTED
38edb2c5-1c61-48b5-9b74-b4a1f712f5bb,65249aae878b,True,1,ACCOUNTED
3a2e6f51-fa77-488f-9890-9f770eb52793,aa48580f9c17,True,0,ACCOUNTED
58862bf8-bda8-4706-aae1-90c49c0b6c61,6281cf2f5e17,True,0,ACCOUNTED
588c9130-8e0e-4547-b313-47dbdb16574f,28aa42d05cc7,True,1,ACCOUNTED
5a91988b-7ad6-4e66-8595-306c195cd3e5,23014b934bcf,True,1,ACCOUNTED
8876f483-0ba1-4e6f-8eab-d7c429d1c2d5,35d2c27586e5,True,0,ACCOUNTED
895734cd-e938-4630-9b16-7630d861d271,ef65409ba557,True,0,ACCOUNTED
89cd0dc8-4a08-4d8c-8485-05b0996046fa,8cdfcbae2dcd,True,0,ACCOUNTED
9287d9ee-15d5-4dfd-866f-5ac2828fb586,2f04809ca172,True,0,ACCOUNTED
969181b0-e080-44a8-9b6a-fc88e683ee12,273a1b5df000,True,1,ACCOUNTED
96bd9a35-27e7-4bc2-9483-09f5e905ad7e,5faeb3da35f4,True,0,ACCOUNTED
a97a1bed-a54a-4e5a-8b00-e0ca7f49ced1,5f20d8e2bd1f,True,1,ACCOUNTED
d995868b-ff7b-4c4c-89cc-0f1f7a27b9d2,19a2fb375af9,True,0,ACCOUNTED
ec373fc2-1bbf-4f30-947a-83809578e3de,037ccf410cdd,True,1,ACCOUNTED
f60921d1-4463-4d42-a660-9f51536a4915,3192e2052a61,True,1,ACCOUNTED
268ee117-7091-4ae0-9cd8-298d014a1612,41871a067303,True,0,ACCOUNTED
4e798adc-7cd3-418f-9d46-f89c23d8aa45,61d71eac25b7,True,0,ACCOUNTED
58e531dd-043a-4475-85fd-1cdf2d3e30fa,d806dc66bbf5,True,1,ACCOUNTED
59434f8a-9cee-4840-9f0d-7b9be565b6cd,9d363c92b34d,True,0,ACCOUNTED
667c0ff4-e3c8-4dec-b370-dfadb58f2f31,6a734a422459,True,0,ACCOUNTED
6978ed40-ccf4-4892-8b88-12789d7730ae,130ed91ec4c0,True,0,ACCOUNTED
951f916c-b4c9-458a-9fc2-d46701cf9931,89ac354e410c,True,1,ACCOUNTED
bcef730e-ae90-4acb-b46c-12cd11e11934,d959ebd85736,True,0,ACCOUNTED
d1980451-2581-415a-89a2-5a38e68cd050,126b69c72d76,True,0,ACCOUNTED
e8340ea6-4d15-4db2-a94f-29beec9455ea,c045e0f44d49,True,0,ACCOUNTED
eae6dfbd-611e-4097-ba85-69fbe8d6c5d4,4ad51c1d8c32,True,0,ACCOUNTED
0c54624c-1cc8-4cb8-8306-edc8451a5426,9dc37a806780,True,0,ACCOUNTED
222062b7-12f1-4647-8c2e-8bb2235015af,3a24710dc465,True,0,ACCOUNTED
482b0338-70c1-4ea4-aada-42ec5e79465d,0f92a5fbb4c5,True,1,ACCOUNTED
489461c1-715c-4dab-b350-dd8a1d2c6ea7,f6b734dff9fd,True,0,ACCOUNTED
491cebb5-871a-49f7-a630-88194f7a9b24,665bb7b05162,True,1,ACCOUNTED
5a26011d-c83e-4e00-af8e-05d805838566,cdfd4cce0a90,True,0,ACCOUNTED
6749aed8-1ae9-4e14-ab14-7c3d4d0debc6,b4b869848fd1,True,0,ACCOUNTED
731de343-f8f8-4fa3-9ae5-60d92e01d3d7,ff997476d680,True,0,ACCOUNTED
7f7333f2-d516-42a9-9839-121edc62f294,655cadf7e5ff,True,1,ACCOUNTED
8078f55b-a84c-4e64-933c-aac3be414519,82dbe257807f,True,0,ACCOUNTED
a5f7ca5b-6963-4a19-9d3c-40e0bb5f3618,aad38121b951,True,1,ACCOUNTED
afe4b946-11a5-48eb-847d-fde2f0c361cd,d6cd296275a0,True,1,ACCOUNTED
ceb1b5de-9195-4424-b612-d32f43d28965,047b2f67a8ba,True,1,ACCOUNTED
e95dbc28-cd15-41a2-9492-d73dc360eea5,f93a39609e3e,True,0,ACCOUNTED
23cb9b25-7fa4-4551-9cce-ea41939dd3e3,cc31e664b406,True,1,ACCOUNTED
297955c4-1f30-4c6d-8872-7d23733f3fba,e2dc67182c1b,True,1,ACCOUNTED
33611dcd-9c70-4c50-b87c-951c14a2c59c,b17efe34673f,True,0,ACCOUNTED
3ff4c7c4-2899-4b50-a15f-4050c6ac7b32,8697ac08b3dd,True,0,ACCOUNTED
584c88f9-c84d-4042-b181-90231d5a7513,576ba4d810a0,True,1,ACCOUNTED
7b549eee-82e4-43e1-b7ba-069dce690d39,d03e4b56e4a9,True,0,ACCOUNTED
a5c46434-e1c2-406a-b39f-1fcd6ba03e24,b17efe34673f,True,1,ACCOUNTED
b97e82fc-8351-4d63-8df2-9754bbb90104,cdfd4cce0a90,True,1,ACCOUNTED
db9367d8-a555-405f-86a0-738a372663ef,dcd16ad19c25,True,0,ACCOUNTED
099a3a41-8311-4035-ab39-ba8031b0a7c6,69b0c45cf89a,True,0,ACCOUNTED
137ecd37-62c0-43aa-a66a-1b602d636994,14b82befac32,True,0,ACCOUNTED
40cb224c-f815-4d30-b904-b5521d04ba00,37180ad7ae97,True,1,ACCOUNTED
4107b688-d565-42e4-b638-a62774f62f3c,077ae6cdf3bf,True,0,ACCOUNTED
4876e23d-1940-4b06-83f9-f72b199772cf,2980e0861b4e,True,1,ACCOUNTED
95149a4c-8507-4d8c-bde3-a64f5fd60ef4,496067925268,True,1,ACCOUNTED
96676231-651e-4d83-915a-2b061fea3509,98e730b33f90,True,0,ACCOUNTED
ed036269-4590-4d54-bc61-4adf6892aed5,9dc37a806780,True,0,ACCOUNTED
