event_id,event_type,effective_year,district_name,parent_district,child_district,reason_code,reason_description
400d6263-6b00-41e7-abaa-4f7c8e8392db,SPLIT,1995,Muktsar,Faridkot,Muktsar,MISSING_LINEAGE,Event lacks documented district relationships in lineage.
5dadff71-f64a-495b-a3ec-9573beb44db6,SPLIT,1983,Kokrajhar,Goalpara,Kokrajhar,MISSING_LINEAGE,Event lacks documented district relationships in lineage.
7b549eee-82e4-43e1-b7ba-069dce690d39,SPLIT,1990,,Greater Bombay,,MISSING_LINEAGE,Event lacks documented district relationships in lineage.
848b366b-26b4-449c-b5f8-ba1270f2b40e,SPLIT,1987,Hardwar,,Hardwar,MISSING_LINEAGE,Event lacks documented district relationships in lineage.
99245661-93c0-49ab-a6f5-51a34e1cdc59,SPLIT,1991,,Rohtas,,MISSING_LINEAGE,Event lacks documented district relationships in lineage.
b30a352d-8541-4876-bd68-3911f1dfdce9,SPLIT,2004,Barpeta,,Barpeta,MISSING_LINEAGE,Event lacks documented district relationships in lineage.
c924ea3f-20a3-4d25-824f-dba4e19fe0fe,SPLIT,2022,,Kurnool,,MISSING_LINEAGE,Event lacks documented district relationships in lineage.
e1763b6b-3064-48b5-8c6f-558f69e79055,SPLIT,2022,,Chittoor,,MISSING_LINEAGE,Event lacks documented district relationships in lineage.
e1be6f42-fd1e-4b5c-b5c8-1194508c6ce6,SPLIT,1981,Kanpur Dehat,Kanpur,Kanpur Dehat,MISSING_LINEAGE,Event lacks documented district relationships in lineage.
f305d4b8-64c0-4e67-9574-ca95f96a435e,SPLIT,2018,Niwari,Tikamgarh,Niwari,MISSING_LINEAGE,Event lacks documented district relationships in lineage.
0f9be379-bc69-4765-bd3c-2364589d8c2e,SPLIT,1989,,North Arcot,,MISSING_LINEAGE,Event lacks documented district relationships in lineage.
27cc7433-7629-4c74-ac4a-dbc583496b1d,NEW_DISTRICT,2016,,,,MISSING_LINEAGE,Event lacks documented district relationships in lineage.
341c7196-ae0c-473b-803a-3277247790d8,NEW_DISTRICT,1981,Dumka,Santhal Parganas,Dumka,NO_SOURCE_GEOMETRY,Source district lacks physical geometry at event time.
35bb2d79-25ef-4b00-b2f3-24840fbd845d,SPLIT,2020,,Nagapattinam,,MISSING_LINEAGE,Event lacks documented district relationships in lineage.
4107b688-d565-42e4-b638-a62774f62f3c,SPLIT,1994,Pakaur,Sahibganj,Pakaur,MISSING_LINEAGE,Event lacks documented district relationships in lineage.
44a1a0d5-40ba-4340-9606-5d9952312de0,SPLIT,2012,,Tirap,,MISSING_LINEAGE,Event lacks documented district relationships in lineage.
95f8da4b-c44e-4e95-9837-dd506d44f844,SPLIT,1960,,Kangra,,MISSING_LINEAGE,Event lacks documented district relationships in lineage.
c8c0b7dd-a1a3-4b80-b226-a1e8e6ca648b,NEW_DISTRICT,1988,Mau,Azamgarh,Mau,NO_SOURCE_GEOMETRY,Source district lacks physical geometry at event time.
c937a010-63af-492f-9e33-79670c456840,SPLIT,1996,,Madurai,,MISSING_LINEAGE,Event lacks documented district relationships in lineage.
d1558dd1-5739-43b5-853a-99dc02ee52ff,SPLIT,2019,Khawzawl,Champhai,Khawzawl,MISSING_LINEAGE,Event lacks documented district relationships in lineage.
da8778f4-c6bc-4530-8bb5-edf7c2151397,SPLIT,1999,,Parbhani,,MISSING_LINEAGE,Event lacks documented district relationships in lineage.
0615b53c-a108-4335-a439-b3f7515a7614,NEW_DISTRICT,1966,Kulu,Kangra,Kulu,NO_SOURCE_GEOMETRY,Source district lacks physical geometry at event time.
0b440c4d-9646-4b09-9862-97c102098b57,SPLIT,1974,,Manipur Central,,MISSING_LINEAGE,Event lacks documented district relationships in lineage.
16063ddc-5dd0-4d33-b3a4-d92eb8dbe0cd,SPLIT,1982,,Morena,,MISSING_LINEAGE,Event lacks documented district relationships in lineage.
2e3d0a9e-8906-4d34-8624-e98bc4df0ef1,SPLIT,1994,Sheohar,Sitamarhi,Sheohar,MISSING_LINEAGE,Event lacks documented district relationships in lineage.
3febe5e7-c3ef-495a-8a90-3e5358dd88e5,SPLIT,1991,,Bhojpur,,MISSING_LINEAGE,Event lacks documented district relationships in lineage.
440e6086-4e3d-47d1-946d-d241dca55a14,SPLIT,2001,Jamtara,Dumka,Jamtara,MISSING_LINEAGE,Event lacks documented district relationships in lineage.
5c80a317-8eee-4746-b29a-67976879923c,SPLIT,1988,,Azamgarh,,MISSING_LINEAGE,Event lacks documented district relationships in lineage.
5d1e0ec0-6c8d-4872-a956-613795d87b74,SPLIT,2012,,West Tripura,,MISSING_LINEAGE,Event lacks documented district relationships in lineage.
6e9a9874-482a-4ea7-abf0-1ba16356720b,NEW_DISTRICT,1980,West Siang,Siang,West Siang,NO_INTERSECTION,Geometries exist but do not spatially intersect.
964662ec-35f2-46bf-a3d6-d0770ea6b089,NEW_DISTRICT,1992,Uttar Dinajpur,West Dinajpur,Uttar Dinajpur,NO_SOURCE_GEOMETRY,Source district lacks physical geometry at event time.
edf34e4b-056d-4ac3-902a-5205d38cfbb6,NEW_DISTRICT,1956,Baramulla,Jammu and Kashmir,Baramulla,NO_SOURCE_GEOMETRY,Source district lacks physical geometry at event time.
6501094d-ae4a-47ba-85da-8fa136a0d6fa,NEW_DISTRICT,2016,Mahabubabad,,Mahabubabad,MISSING_LINEAGE,Event lacks documented district relationships in lineage.
9887859d-7ce3-44ff-a1c6-156ebdb680f7,SPLIT,1997,Kannauj,Farrukhabad,Kannauj,MISSING_LINEAGE,Event lacks documented district relationships in lineage.
b1a89ee2-f50c-4725-b993-78248afd86b4,SPLIT,2017,Jhargram,Paschim Medinipur,Jhargram,MISSING_LINEAGE,Event lacks documented district relationships in lineage.
b89be0a0-dbe9-4938-9bb8-a99c539469a3,SPLIT,2019,,Champhai,,MISSING_LINEAGE,Event lacks documented district relationships in lineage.
c6b76829-dd10-4585-88cc-3fd8c1254182,SPLIT,1989,Kaithal,Kurukshetra,Kaithal,MISSING_LINEAGE,Event lacks documented district relationships in lineage.
dda00bab-a432-4f34-bfb7-d2d9eb3a9776,SPLIT,1989,,West Siang,,MISSING_LINEAGE,Event lacks documented district relationships in lineage.
eb411d0a-5cee-44fd-9c92-daf4233e11ca,SPLIT,2004,Kiphire,Tuensang,Kiphire,MISSING_LINEAGE,Event lacks documented district relationships in lineage.
fd087a7a-3c66-4fee-9f75-2ad4ab2555bd,SPLIT,2016,,Karimnagar,,MISSING_LINEAGE,Event lacks documented district relationships in lineage.
ffad69ef-d595-413b-aa9c-613f0cda7770,SPLIT,2020,,Barpeta,,MISSING_LINEAGE,Event lacks documented district relationships in lineage.
0e8cf764-b5e9-45b1-838c-83f760774456,SPLIT,1998,,Jabalpur,,MISSING_LINEAGE,Event lacks documented district relationships in lineage.
2d6ed94f-c939-48ed-a815-df2271d97627,SPLIT,1998,,Aizawl,,MISSING_LINEAGE,Event lacks documented district relationships in lineage.
36caf7c9-ea95-4f4b-9764-9023d674513e,NEW_DISTRICT,2016,Siddipet,,Siddipet,MISSING_LINEAGE,Event lacks documented district relationships in lineage.
3f320923-885b-4e80-9a70-12e880296373,SPLIT,1997,,Naga Hills,,MISSING_LINEAGE,Event lacks documented district relationships in lineage.
40109f59-04aa-44b8-bf90-3fbb5d85c5fb,SPLIT,2016,Suryapet,Nalgonda,Suryapet,MISSING_LINEAGE,Event lacks documented district relationships in lineage.
5acff2ac-ec5a-461c-b808-11df9d11da47,SPLIT,2016,,Thoubal,,MISSING_LINEAGE,Event lacks documented district relationships in lineage.
62ff4bfb-8ce4-4854-9268-1109416da383,NEW_DISTRICT,1997,West,Delhi,West,NO_TARGET_GEOMETRY,Target district lacks physical geometry at event time.
6f9c003a-2146-4ea3-bd31-cebdfaad6558,SPLIT,1993,Sonapur,Balangir,Sonapur,MISSING_LINEAGE,Event lacks documented district relationships in lineage.
7ecf4f79-5d09-406a-a623-bcac74cec751,SPLIT,2013,Gir Somnath,Sorath,Gir Somnath,MISSING_LINEAGE,Event lacks documented district relationships in lineage.
805a4a33-6d7d-42e5-9263-29c425879fd1,SPLIT,1997,,Bulandshahr,,MISSING_LINEAGE,Event lacks documented district relationships in lineage.
c23f08dd-708e-4029-b712-cd397b4f58ed,SPLIT,2016,Medchal Malkajgiri,Ranga Reddy,Medchal Malkajgiri,MISSING_LINEAGE,Event lacks documented district relationships in lineage.
d5fb28d4-6dd7-49fd-b3c3-e0d4931ef142,SPLIT,2007,,Perambalur,,MISSING_LINEAGE,Event lacks documented district relationships in lineage.
16c04ef6-6f8e-44f6-b2b5-3024a7859407,SPLIT,2012,Gomati,South Tripura,Gomati,MISSING_LINEAGE,Event lacks documented district relationships in lineage.
2ed0299f-33ff-4cf1-9434-9793b1de2c08,SPLIT,1983,,Sibsagar,,MISSING_LINEAGE,Event lacks documented district relationships in lineage.
33027270-400d-43bf-a372-d34b8087b111,SPLIT,1991,,Saharsa,,MISSING_LINEAGE,Event lacks documented district relationships in lineage.
74abfe69-4308-44fe-8018-7ddf1f6f76b1,SPLIT,1992,Mansa,Bathinda,Mansa,MISSING_LINEAGE,Event lacks documented district relationships in lineage.
e8cae023-e9a2-497a-bf00-b39941f16f05,SPLIT,2004,,Sonitpur,,MISSING_LINEAGE,Event lacks documented district relationships in lineage.
f1ef96ff-b879-494b-9c01-51ac9de099d1,NEW_DISTRICT,1981,Deoghar,Santhal Parganas,Deoghar,NO_SOURCE_GEOMETRY,Source district lacks physical geometry at event time.
4ccea326-cb28-4a50-9794-b8c2dfafd488,SPLIT,1989,Dhemaji,Lakhimpur,Dhemaji,MISSING_LINEAGE,Event lacks documented district relationships in lineage.
54ff2c22-1279-4d45-a73a-477f3118b1e1,SPLIT,1980,,Kozhikode,,MISSING_LINEAGE,Event lacks documented district relationships in lineage.
68142cb0-0267-4c3c-a38e-6e4341cb77d1,SPLIT,1988,,,,MISSING_LINEAGE,Event lacks documented district relationships in lineage.
68217559-f6e1-4ab3-89c7-01a6b6d7549c,SPLIT,1998,Harda,Hoshangabad,Harda,MISSING_LINEAGE,Event lacks documented district relationships in lineage.
818ba690-3322-4780-aaa9-905dd7f9e211,SPLIT,1991,Bokaro,,Bokaro,MISSING_LINEAGE,Event lacks documented district relationships in lineage.
98056949-feff-471f-818d-465a2d738426,NEW_DISTRICT,2007,Ariyalur,Tiruchchirappalli,Ariyalur,NO_INTERSECTION,Geometries exist but do not spatially intersect.
c378689d-2162-4cce-97e6-dcd4a3a6fa7c,SPLIT,1974,,Andaman and Nicobar Islands,,MISSING_LINEAGE,Event lacks documented district relationships in lineage.
d0629089-f038-44b9-ad1e-9d77a94cc37b,SPLIT,1979,,Baramula,,MISSING_LINEAGE,Event lacks documented district relationships in lineage.
588c9130-8e0e-4547-b313-47dbdb16574f,NEW_DISTRICT,2016,Suryapet,Nalgonda,Suryapet,NO_SOURCE_GEOMETRY,Source district lacks physical geometry at event time.
a29a2c5b-5db0-4088-a8c5-ac5b6a911fea,SPLIT,1998,Chitrakoot,Banda,Chitrakoot,MISSING_LINEAGE,Event lacks documented district relationships in lineage.
47f490b7-edfe-47e3-b79a-a88564962c03,SPLIT,1986,Bengaluru Rural,Bangalore,Bengaluru Rural,MISSING_LINEAGE,Event lacks documented district relationships in lineage.
83acd55e-4e6f-4c27-90ce-17c3fd524a23,SPLIT,2016,,Manipur North,,MISSING_LINEAGE,Event lacks documented district relationships in lineage.
ad921dd0-5f47-4355-b3ee-55dccec8f8de,SPLIT,2007,Ramgarh,Hazaribag,Ramgarh,NO_SOURCE_GEOMETRY,Source district lacks physical geometry at event time.
bd431289-c40f-4ae2-86b3-d86a75fdd0a3,SPLIT,1994,Jharsuguda,Sambalpur,Jharsuguda,MISSING_LINEAGE,Event lacks documented district relationships in lineage.
fc86fd22-c259-4bc0-bd5b-fd4b80fd11da,SPLIT,2016,Wanaparthy,Mahabubnagar,Wanaparthy,NO_SOURCE_GEOMETRY,Source district lacks physical geometry at event time.
2d674216-0f41-448a-a8aa-81201bbc9b4d,SPLIT,1972,Nalanda,Patna,Nalanda,MISSING_LINEAGE,Event lacks documented district relationships in lineage.
34a675cc-0ff9-4fba-98ae-bbf38a02f6b8,SPLIT,1956,Kanyakumari,Trivandrum,Kanyakumari,MISSING_LINEAGE,Event lacks documented district relationships in lineage.
34d8f324-97f7-40d1-b1b8-32312e116e43,SPLIT,2023,,Alwar,,MISSING_LINEAGE,Event lacks documented district relationships in lineage.
47264928-e1c1-4185-bf94-b77e44cca16c,SPLIT,1968,Punch,,Punch,MISSING_LINEAGE,Event lacks documented district relationships in lineage.
5d8aacb7-0b80-4da4-a7d5-b0a6e47e6d19,SPLIT,1989,,Cachar,,MISSING_LINEAGE,Event lacks documented district relationships in lineage.
6457f43a-44e8-4e2d-a79d-9ac9097eeb9a,SPLIT,2020,,Bilaspur,,MISSING_LINEAGE,Event lacks documented district relationships in lineage.
7410d011-b27f-4fe3-9499-ff2f5988c703,NEW_DISTRICT,1992,Dakshin Dinajpur,West Dinajpur,Dakshin Dinajpur,NO_SOURCE_GEOMETRY,Source district lacks physical geometry at event time.
7eec6112-d014-4c39-b81c-40901f381341,SPLIT,2010,,Sultanpur,,MISSING_LINEAGE,Event lacks documented district relationships in lineage.
829d0575-dd6e-409e-8425-8ef0bc77d573,SPLIT,1989,Bongaigaon,,Bongaigaon,MISSING_LINEAGE,Event lacks documented district relationships in lineage.
8a13f756-3a73-49c7-a161-299a7504ab18,SPLIT,2019,,Lunglei,,MISSING_LINEAGE,Event lacks documented district relationships in lineage.
ba1917d0-d852-475d-8ec5-3a0abfdb8471,SPLIT,1973,,Gaya,,MISSING_LINEAGE,Event lacks documented district relationships in lineage.
ed577464-89ae-4054-91db-cf48bf745fa8,NEW_DISTRICT,1992,South Garo Hills,West Garo Hills,South Garo Hills,NO_SOURCE_GEOMETRY,Source district lacks physical geometry at event time.
f0541955-ef88-40cd-ab9a-7ae672600fad,SPLIT,2016,Tengnoupal,Chandel,Tengnoupal,MISSING_LINEAGE,Event lacks documented district relationships in lineage.
f07d1c27-8438-4893-ac2e-27e25e6e9fca,SPLIT,1981,Jalna,Aurangabad,Jalna,MISSING_LINEAGE,Event lacks documented district relationships in lineage.
2771100e-5035-48cc-babd-73d52f0e5425,NEW_DISTRICT,2021,,Dimapur,,MISSING_LINEAGE,Event lacks documented district relationships in lineage.
3cd06bff-7efe-4ce4-9cbc-2d23c7752771,SPLIT,2011,,Surguja,,MISSING_LINEAGE,Event lacks documented district relationships in lineage.
3ed7c82d-63d4-4a14-828a-5cf328fee89e,NEW_DISTRICT,2022,,,,MISSING_LINEAGE,Event lacks documented district relationships in lineage.
ad4447dc-d962-48c9-9271-094ac97de81f,NEW_DISTRICT,1989,East Siang,West Siang,East Siang,NO_TARGET_GEOMETRY,Target district lacks physical geometry at event time.
d697ec0b-afd6-49a1-9957-09feb47c2b44,SPLIT,2022,,Vizianagaram,,MISSING_LINEAGE,Event lacks documented district relationships in lineage.
de6fc419-8ae7-40a4-93ca-5bed48ecf2bd,SPLIT,1997,Champhai,Aizawl,Champhai,MISSING_LINEAGE,Event lacks documented district relationships in lineage.
029b70dc-ef7e-45b7-8a28-f815036b0677,SPLIT,1972,,Rohtak,,MISSING_LINEAGE,Event lacks documented district relationships in lineage.
0971cd6b-f135-47f8-b914-ce14659a2d82,SPLIT,1981,,Saharsa,,MISSING_LINEAGE,Event lacks documented district relationships in lineage.
b2b118cd-91ea-41aa-87b9-19b6bef96236,SPLIT,1989,Firozabad,Mainpuri,Firozabad,NO_SOURCE_GEOMETRY,Source district lacks physical geometry at event time.
bcef730e-ae90-4acb-b46c-12cd11e11934,SPLIT,1987,Upper Subansiri,,Upper Subansiri,MISSING_LINEAGE,Event lacks documented district relationships in lineage.
010b7fd8-bc16-4959-bb0c-5ad3acba19e5,NEW_DISTRICT,2022,,Visakhapatnam,,MISSING_LINEAGE,Event lacks documented district relationships in lineage.
185f6f40-f576-4ee2-add8-55f6629312fc,SPLIT,2015,Hojai,Nowgong,Hojai,MISSING_LINEAGE,Event lacks documented district relationships in lineage.
7ab73c7b-e13d-447f-83ac-e636e6fb8280,SPLIT,1989,Sonbhadra,Mirzapur,Sonbhadra,MISSING_LINEAGE,Event lacks documented district relationships in lineage.
99d43ce7-9037-40b9-aad4-e9cab165baa2,SPLIT,1997,Porbandar,Sorath,Porbandar,MISSING_LINEAGE,Event lacks documented district relationships in lineage.
a5ab1912-76c2-450f-8404-d3e52cc9bacc,SPLIT,2003,,Guna,,MISSING_LINEAGE,Event lacks documented district relationships in lineage.
e6791a8f-ae76-48b0-bcd7-0c90527ed484,SPLIT,1997,,Raichur,,MISSING_LINEAGE,Event lacks documented district relationships in lineage.
ee738b4e-26b6-4cff-86ea-d7a0f02e69aa,SPLIT,1983,Sahibganj,Santhal Parganas,Sahibganj,NO_SOURCE_GEOMETRY,Source district lacks physical geometry at event time.
1fcc5483-e8cd-4c87-a8b5-4ed1e30a1586,NEW_DISTRICT,1997,Karauli,Sawai Madhopur,Karauli,NO_SOURCE_GEOMETRY,Source district lacks physical geometry at event time.
3032148a-0c74-4907-aca5-bf8ed7cd2667,SPLIT,2011,,Gurdaspur,,MISSING_LINEAGE,Event lacks documented district relationships in lineage.
4190cfec-24fa-4ed5-a05e-71d48cfc8a42,SPLIT,2016,Rajanna Sircilla,Karimnagar,Rajanna Sircilla,MISSING_LINEAGE,Event lacks documented district relationships in lineage.
658ed1fb-99c6-4600-af0e-bc9999d0b202,SPLIT,1972,,Bathinda,,MISSING_LINEAGE,Event lacks documented district relationships in lineage.
67cbde8a-9588-4ca1-a6bb-c95135c55869,SPLIT,1997,,Salem,,MISSING_LINEAGE,Event lacks documented district relationships in lineage.
69d695d1-8dde-4169-98f3-919e5b30964c,SPLIT,1987,,Sibsagar,,MISSING_LINEAGE,Event lacks documented district relationships in lineage.
7500acf1-2228-402a-a153-50cbca034b21,SPLIT,1983,,Goalpara,,MISSING_LINEAGE,Event lacks documented district relationships in lineage.
a268ef0a-b42c-49ba-b172-b213fe9dc5a9,SPLIT,1956,Udhampur,Jammu and Kashmir,Udhampur,NO_SOURCE_GEOMETRY,Source district lacks physical geometry at event time.
abc4cea8-3652-456e-a4af-0a028dfd2375,NEW_DISTRICT,1983,Kokrajhar,Goalpara,Kokrajhar,NO_INTERSECTION,Geometries exist but do not spatially intersect.
d960b4d3-b2ef-4cfb-a65e-a8a2fc04008e,SPLIT,1998,,Kolaba,,MISSING_LINEAGE,Event lacks documented district relationships in lineage.
101875e1-333d-4002-8843-0fdf209f8a5f,NEW_DISTRICT,2016,Mancherial,Adilabad,Mancherial,NO_SOURCE_GEOMETRY,Source district lacks physical geometry at event time.
1061e238-b641-4835-b5df-d1cd49946ff3,SPLIT,1997,Davanagere,Chitradurga,Davanagere,MISSING_LINEAGE,Event lacks documented district relationships in lineage.
2054b337-dac8-45f6-b6eb-b2f97dd08d9a,NEW_DISTRICT,1998,Barwani,West Nimar,Barwani,NO_SOURCE_GEOMETRY,Source district lacks physical geometry at event time.
371caae1-b09c-41b5-aca5-e3535100aa5a,NEW_DISTRICT,1969,Malappuram,,Malappuram,MISSING_LINEAGE,Event lacks documented district relationships in lineage.
3971ff56-73e3-4fb7-bd21-786dbd406a69,SPLIT,1989,,North Arcot,,MISSING_LINEAGE,Event lacks documented district relationships in lineage.
3ff3c8ef-7e22-47cc-990d-8df660e58821,SPLIT,2020,,Barpeta,,MISSING_LINEAGE,Event lacks documented district relationships in lineage.
43357cbe-9dda-4899-b25d-c082879896f3,SPLIT,2023,,,,MISSING_LINEAGE,Event lacks documented district relationships in lineage.
5209c254-6ece-467c-9d62-ed5280c6fde1,SPLIT,2001,Latehar,Palamu,Latehar,MISSING_LINEAGE,Event lacks documented district relationships in lineage.
7391744e-0037-4513-8afe-163d7845f7d3,SPLIT,2023,,Alwar,,MISSING_LINEAGE,Event lacks documented district relationships in lineage.
7727e6c2-42d7-4796-a780-9bf0567a79ca,NEW_DISTRICT,1972,Hamirpur,Kangra,Hamirpur,NO_INTERSECTION,Geometries exist but do not spatially intersect.
792e90a1-a354-4039-bf3d-3cbb46c42f87,SPLIT,2004,Longleng,Tuensang,Longleng,MISSING_LINEAGE,Event lacks documented district relationships in lineage.
7a488f09-e6a2-46fc-8cba-bf4262e7ba82,SPLIT,2023,,,,MISSING_LINEAGE,Event lacks documented district relationships in lineage.
8ec39a59-1ee5-4f95-928e-42f2adb641f0,SPLIT,1989,,Kurukshetra,,MISSING_LINEAGE,Event lacks documented district relationships in lineage.
918cea92-3965-4a3b-8336-8840b52b76f9,SPLIT,1986,,Gaya,,MISSING_LINEAGE,Event lacks documented district relationships in lineage.
95b1fc3f-fb29-43a8-94db-bedb4267431a,SPLIT,2012,,East Garo Hills,,MISSING_LINEAGE,Event lacks documented district relationships in lineage.
c157c743-b032-4f32-950b-eae6c31d7c98,NEW_DISTRICT,2022,,East Godavari,,MISSING_LINEAGE,Event lacks documented district relationships in lineage.
d4187a8c-487e-43bd-b8f4-e12eed34090e,SPLIT,1997,,Nagapattinam,,MISSING_LINEAGE,Event lacks documented district relationships in lineage.
e22b21e0-e21f-4309-93c3-190ba3eb9bdc,SPLIT,1993,Khordha,Puri,Khordha,MISSING_LINEAGE,Event lacks documented district relationships in lineage.
5a0c0a17-2b7a-4145-9b71-83ed8c14471f,SPLIT,1993,Nayagarh,Puri,Nayagarh,MISSING_LINEAGE,Event lacks documented district relationships in lineage.
64069488-42c2-428f-a95b-f3639fe7f2e2,SPLIT,2021,,East,,MISSING_LINEAGE,Event lacks documented district relationships in lineage.
77931594-1fd7-4220-849b-6786614242f5,SPLIT,1964,Gandhinagar,Mahesana,Gandhinagar,NO_INTERSECTION,Geometries exist but do not spatially intersect.
8d6be908-64bd-4a42-90a2-b74a6061a5c9,NEW_DISTRICT,1998,Korba,Bilaspur,Korba,NO_SOURCE_GEOMETRY,Source district lacks physical geometry at event time.
b593f6ad-f6a3-4568-8df8-eb9e1fd77afa,SPLIT,1979,,Ladakh,,MISSING_LINEAGE,Event lacks documented district relationships in lineage.
10838c1c-33af-4484-ba5e-216cd0bb25c6,SPLIT,1994,Hanumangarh,Ganganagar,Hanumangarh,MISSING_LINEAGE,Event lacks documented district relationships in lineage.
109e157f-9741-43b3-9fd4-86f978124e85,SPLIT,2022,,West Godavari,,MISSING_LINEAGE,Event lacks documented district relationships in lineage.
244b866d-0dff-4263-ab1c-60e30e4d076d,SPLIT,1956,Kathua,Jammu and Kashmir,Kathua,NO_SOURCE_GEOMETRY,Source district lacks physical geometry at event time.
2ef6c264-dc2f-466b-870f-95f9f1920024,SPLIT,2011,,Moradabad,,MISSING_LINEAGE,Event lacks documented district relationships in lineage.
6f84a30f-44db-48af-a096-2530b9d91dbf,SPLIT,1991,,,,MISSING_LINEAGE,Event lacks documented district relationships in lineage.
db9367d8-a555-405f-86a0-738a372663ef,SPLIT,1976,,Bulandshahr,,MISSING_LINEAGE,Event lacks documented district relationships in lineage.
e5b739ad-dfa2-45fe-93f2-984fe5bfb52f,NEW_DISTRICT,1991,Bokaro,,Bokaro,MISSING_LINEAGE,Event lacks documented district relationships in lineage.
29a0c1c2-05b5-45d9-a283-ccff1cba4077,SPLIT,2016,,Jorhat,,MISSING_LINEAGE,Event lacks documented district relationships in lineage.
3093c5e1-d30c-40b8-9bc4-ef71b68834b8,SPLIT,2007,Ramanagara,Bengaluru Rural,Ramanagara,MISSING_LINEAGE,Event lacks documented district relationships in lineage.
4d6e9ced-77ce-4e5a-8904-7621e4eaf7c6,NEW_DISTRICT,1957,Alleppey,,Alleppey,MISSING_LINEAGE,Event lacks documented district relationships in lineage.
4f2a5901-19f6-47a6-ac6f-e5ca2a231fef,NEW_DISTRICT,1997,Gautam Buddha Nagar,,Gautam Buddha Nagar,MISSING_LINEAGE,Event lacks documented district relationships in lineage.
5bfb361d-0a36-4e42-bded-05d9b50046c4,SPLIT,1994,Kodarma,Hazaribag,Kodarma,NO_SOURCE_GEOMETRY,Source district lacks physical geometry at event time.
6120b294-a2d6-4db7-8414-112c2064ae94,SPLIT,1997,,Nagapattinam,,MISSING_LINEAGE,Event lacks documented district relationships in lineage.
79167724-9d87-4428-aca0-c020cb96add1,SPLIT,1997,Auraiya,Etawah,Auraiya,MISSING_LINEAGE,Event lacks documented district relationships in lineage.
7f0b0df5-ce24-4bb0-a411-b451b835d714,SPLIT,2014,,Jalpaiguri,,MISSING_LINEAGE,Event lacks documented district relationships in lineage.
8014729c-6eea-4900-b001-5308a364a7cb,SPLIT,2011,Fazilka,Firozpur,Fazilka,MISSING_LINEAGE,Event lacks documented district relationships in lineage.
a8fac086-983c-4774-85a1-a2ba5ede31f3,NEW_DISTRICT,2021,,Dimapur,,MISSING_LINEAGE,Event lacks documented district relationships in lineage.
ac63f9e4-f679-45a1-995b-30ab4a1a9b7e,NEW_DISTRICT,1987,Lower Subansiri,,Lower Subansiri,MISSING_LINEAGE,Event lacks documented district relationships in lineage.
3528586d-156d-4742-8a50-1ef898dba89a,NEW_DISTRICT,2016,Medchal Malkajgiri,Ranga Reddy,Medchal Malkajgiri,NO_SOURCE_GEOMETRY,Source district lacks physical geometry at event time.
53f668e4-e240-4f88-aa58-fe1b5c80febe,SPLIT,2021,,Bellary,,MISSING_LINEAGE,Event lacks documented district relationships in lineage.
762e7b97-5ff6-41b8-910d-da342b4c0ee0,SPLIT,2016,,Khammam,,MISSING_LINEAGE,Event lacks documented district relationships in lineage.
78e77d53-dcca-4955-a06d-2ee5730bbb71,SPLIT,2016,Sangareddy,Medak,Sangareddy,MISSING_LINEAGE,Event lacks documented district relationships in lineage.
cd20d14d-36a5-403b-adc9-b9e7e123cf58,SPLIT,2015,Siang,West Siang,Siang,MISSING_LINEAGE,Event lacks documented district relationships in lineage.
da7bef8a-24ed-40bd-94c8-9d4d0a1f5bb0,SPLIT,1987,Changlang,Tirap,Changlang,MISSING_LINEAGE,Event lacks documented district relationships in lineage.
ecff683e-5f0a-49f8-a5d2-c4bcd374482b,SPLIT,2021,,East,,MISSING_LINEAGE,Event lacks documented district relationships in lineage.
15400476-0346-4bb8-b6bf-375d69290dc3,SPLIT,2023,,Sikar,,MISSING_LINEAGE,Event lacks documented district relationships in lineage.
3e7456e2-5e36-4684-887d-c11931d3bb05,SPLIT,2007,,Bengaluru Rural,,MISSING_LINEAGE,Event lacks documented district relationships in lineage.
3f55bdc3-7623-425b-ae2b-4144642f5747,SPLIT,1991,Garhwa,Palamu,Garhwa,MISSING_LINEAGE,Event lacks documented district relationships in lineage.
5a557b91-dfb4-4d85-b0b7-27dd839bc4e9,NEW_DISTRICT,1998,Dhamtari,Raipur,Dhamtari,NO_SOURCE_GEOMETRY,Source district lacks physical geometry at event time.
637e27d1-8ede-4deb-9582-9886489ebf27,NEW_DISTRICT,2001,Simdega,Gumla,Simdega,NO_INTERSECTION,Geometries exist but do not spatially intersect.
69cff992-dc5e-432b-8434-b93f280c9373,SPLIT,1994,,Varanasi,,MISSING_LINEAGE,Event lacks documented district relationships in lineage.
74f1f04c-bcec-4618-ac36-d6f75443a661,SPLIT,1958,,Kottayam,,MISSING_LINEAGE,Event lacks documented district relationships in lineage.
778c298e-ef7d-49b9-b849-a77963097d9a,SPLIT,2011,Pathankot,Gurdaspur,Pathankot,MISSING_LINEAGE,Event lacks documented district relationships in lineage.
9b96f0c9-7acd-4f48-8af1-59c58bdcb50f,SPLIT,2007,,Ranchi,,MISSING_LINEAGE,Event lacks documented district relationships in lineage.
b7472fa2-8b9e-4c8f-8f7d-936c1907793a,SPLIT,1992,,West Garo Hills,,MISSING_LINEAGE,Event lacks documented district relationships in lineage.
bc733457-62fc-4019-8184-19b25e745356,SPLIT,1991,Dausa,Jaipur,Dausa,MISSING_LINEAGE,Event lacks documented district relationships in lineage.
cf328dfe-4b6a-472c-815e-c4145cabe5e9,SPLIT,2022,,Nellore,,MISSING_LINEAGE,Event lacks documented district relationships in lineage.
d6200a85-6829-4480-b995-6cb31902f15b,SPLIT,2019,Kallakurichi,Viluppuram,Kallakurichi,MISSING_LINEAGE,Event lacks documented district relationships in lineage.
e064d174-97cf-4193-9b31-45758f568232,SPLIT,2016,Bhadradri Kothagudem,Khammam,Bhadradri Kothagudem,MISSING_LINEAGE,Event lacks documented district relationships in lineage.
2015d866-1a6a-4854-9944-99583b5a2d81,NEW_DISTRICT,2016,Nirmal,Adilabad,Nirmal,NO_SOURCE_GEOMETRY,Source district lacks physical geometry at event time.
3e92238c-cff7-4d14-8c3f-0754ca3926a2,SPLIT,2023,,Nagaur,,MISSING_LINEAGE,Event lacks documented district relationships in lineage.
435d3122-5b8c-41f1-8d87-881f1ea414aa,SPLIT,1992,,Patiala,,MISSING_LINEAGE,Event lacks documented district relationships in lineage.
d47b69fa-c7ab-4c53-9763-6f69b6203766,NEW_DISTRICT,2016,Kumuram Bheem,Adilabad,Kumuram Bheem,NO_SOURCE_GEOMETRY,Source district lacks physical geometry at event time.
e846d6c4-8227-49a0-9b54-6c9a268c783b,SPLIT,2012,,Surguja,,MISSING_LINEAGE,Event lacks documented district relationships in lineage.
ff6e887c-b959-428f-bd9c-a8bfb271247d,SPLIT,2006,Reasi,Udhampur,Reasi,MISSING_LINEAGE,Event lacks documented district relationships in lineage.
14364838-1057-4f6c-851b-51c86f216901,SPLIT,2012,,South West,,MISSING_LINEAGE,Event lacks documented district relationships in lineage.
6c1c85d0-d33c-46e5-bef8-7eabb2d3a6a2,SPLIT,1994,Sheikhpura,Munger,Sheikhpura,MISSING_LINEAGE,Event lacks documented district relationships in lineage.
85a3c612-4551-4a10-82a3-0ed0bbc8810a,SPLIT,1998,,Bilaspur,,MISSING_LINEAGE,Event lacks documented district relationships in lineage.
89e59207-8c24-4423-9e7b-b4795b177337,SPLIT,1981,Dumka,Santhal Parganas,Dumka,NO_SOURCE_GEOMETRY,Source district lacks physical geometry at event time.
e21b434e-3fdb-4452-b8fe-818493c5f000,NEW_DISTRICT,1968,Rajauri,,Rajauri,MISSING_LINEAGE,Event lacks documented district relationships in lineage.
0fbacdf7-ceaf-4c70-9557-068b0f7b6ec9,SPLIT,2014,Alipurduar,Jalpaiguri,Alipurduar,MISSING_LINEAGE,Event lacks documented district relationships in lineage.
10ad8586-0c4b-4973-b820-283218834f06,SPLIT,1998,,Banda,,MISSING_LINEAGE,Event lacks documented district relationships in lineage.
213dac28-bdcd-4728-a2c9-7ebc3869fc60,NEW_DISTRICT,2013,Morbi,,Morbi,MISSING_LINEAGE,Event lacks documented district relationships in lineage.
565b2b50-44f3-4189-99ba-725df12ab2cd,SPLIT,1993,,Balasore,,MISSING_LINEAGE,Event lacks documented district relationships in lineage.
5bd785d4-da82-4108-8bbd-174fd6f94102,SPLIT,2003,,Kamrup,,MISSING_LINEAGE,Event lacks documented district relationships in lineage.
b1ec38d1-20de-44ba-bf8d-46c456af33fb,SPLIT,1981,Kanpur-nagar,Kanpur,Kanpur-nagar,MISSING_LINEAGE,Event lacks documented district relationships in lineage.
ca80deb0-03e4-44a2-8660-43dccc7641fa,SPLIT,1997,Fatehabad,Hisar,Fatehabad,MISSING_LINEAGE,Event lacks documented district relationships in lineage.
dc325f99-0756-4bb5-9b0e-59e471361d0f,SPLIT,1975,Sirsa,Hisar,Sirsa,MISSING_LINEAGE,Event lacks documented district relationships in lineage.
e3bae7c0-4233-491d-9deb-25193eb5b82f,NEW_DISTRICT,2021,,Naga Hills,,MISSING_LINEAGE,Event lacks documented district relationships in lineage.
edc36787-9465-46e5-b75d-ee7d0865ba11,SPLIT,1989,,Mainpuri,,MISSING_LINEAGE,Event lacks documented district relationships in lineage.
02cd6089-51cd-43d0-9c64-a967f6d14876,SPLIT,2015,Biswanath,Sonitpur,Biswanath,MISSING_LINEAGE,Event lacks documented district relationships in lineage.
37609cda-55b7-4be3-a0ba-549dc5d09f05,SPLIT,2019,,Lunglei,,MISSING_LINEAGE,Event lacks documented district relationships in lineage.
639c1a17-be2b-4c6d-a2cf-36b298b39721,SPLIT,1994,Kushinagar,Deoria,Kushinagar,MISSING_LINEAGE,Event lacks documented district relationships in lineage.
66683bcf-7290-4b62-909b-378cb3bfad3a,SPLIT,1991,,Thanjavur,,MISSING_LINEAGE,Event lacks documented district relationships in lineage.
8876f483-0ba1-4e6f-8eab-d7c429d1c2d5,NEW_DISTRICT,2019,,Vellore,,MISSING_LINEAGE,Event lacks documented district relationships in lineage.
cb1742da-d2b6-4a9b-855b-19c5d40812fc,NEW_DISTRICT,2012,,North Tripura,,MISSING_LINEAGE,Event lacks documented district relationships in lineage.
dc1ec3de-de22-46ba-81f7-90399134a3f4,NEW_DISTRICT,2020,Gaurela-pendra-marwahi,Bilaspur,Gaurela-pendra-marwahi,NO_SOURCE_GEOMETRY,Source district lacks physical geometry at event time.
fac7263d-3634-4124-80ab-47d5b6c97795,SPLIT,1989,Tawang,West Kameng,Tawang,MISSING_LINEAGE,Event lacks documented district relationships in lineage.
192c9eed-4e35-47f0-adbc-b7a05de3277b,SPLIT,2022,,East Godavari,,MISSING_LINEAGE,Event lacks documented district relationships in lineage.
441a2429-56eb-4d02-ac5d-e8221f98dfc1,NEW_DISTRICT,1985,Dindigul Anna,Madurai,Dindigul Anna,NO_TARGET_GEOMETRY,Target district lacks physical geometry at event time.
4f37734f-4cbb-48a6-bc49-967847dab68b,SPLIT,1982,,Idukki,,MISSING_LINEAGE,Event lacks documented district relationships in lineage.
582be224-5352-47f5-9689-1ba4c98cdf3f,SPLIT,2011,,Budaun,,MISSING_LINEAGE,Event lacks documented district relationships in lineage.
61217905-1340-4e68-9bc7-ebdd74f58406,SPLIT,1997,Navsari,Valsad,Navsari,MISSING_LINEAGE,Event lacks documented district relationships in lineage.
679cf4a9-f7c1-458a-9651-7d320d20ea0d,NEW_DISTRICT,1972,Chhimtuipui,,Chhimtuipui,MISSING_LINEAGE,Event lacks documented district relationships in lineage.
7732d2d6-c7db-4f1d-a98f-08188489c220,SPLIT,2013,,Surendranagar,,MISSING_LINEAGE,Event lacks documented district relationships in lineage.
baffbecd-946b-45f8-b64d-e5a507d39d0a,SPLIT,2007,,Bastar,,MISSING_LINEAGE,Event lacks documented district relationships in lineage.
dd01e377-8bb0-4e96-86d4-d5636393b0c0,NEW_DISTRICT,2018,Lepa Rada,Lower Siang,Lepa Rada,NO_SOURCE_GEOMETRY,Source district lacks physical geometry at event time.
df464bef-ba47-4145-a444-ebaadfcda4a8,SPLIT,1993,,Cuttack,,MISSING_LINEAGE,Event lacks documented district relationships in lineage.
ec48ce6a-3b44-423d-bf58-69e4259c07bd,SPLIT,1997,Kaushambi,Allahabad,Kaushambi,MISSING_LINEAGE,Event lacks documented district relationships in lineage.
48a812b1-0633-495d-9458-05f9abfea779,SPLIT,2016,,Nizamabad,,MISSING_LINEAGE,Event lacks documented district relationships in lineage.
4934b3f5-156f-4c91-852c-f5f768891c63,NEW_DISTRICT,1992,Fatehgarh Sahib,Hoshiarpur,Fatehgarh Sahib,NO_INTERSECTION,Geometries exist but do not spatially intersect.
4bb09585-bdac-4579-97a9-a32e3d944ba5,SPLIT,2019,,Vellore,,MISSING_LINEAGE,Event lacks documented district relationships in lineage.
6e213d3a-f420-45fa-b314-443f1512d5d4,SPLIT,1966,Valsad,Surat,Valsad,MISSING_LINEAGE,Event lacks documented district relationships in lineage.
a1ff70c7-ca4d-4d47-98a4-18743a7350ba,SPLIT,2001,Lower Dibang Valley,Dibang Valley,Lower Dibang Valley,MISSING_LINEAGE,Event lacks documented district relationships in lineage.
ab0d18d1-dc72-48de-aa24-66694e1ba056,SPLIT,1997,Gadag,Dharwad,Gadag,MISSING_LINEAGE,Event lacks documented district relationships in lineage.
d166799c-8c31-4f8a-8077-d31ecc6dd0e9,SPLIT,2023,,Jaipur,,MISSING_LINEAGE,Event lacks documented district relationships in lineage.
04c1734d-f090-4535-81c8-a5bd38e42035,SPLIT,1987,,Tirap,,MISSING_LINEAGE,Event lacks documented district relationships in lineage.
7650137b-57b7-43e6-818c-cea21ff9b2ef,SPLIT,1960,,Tehri Garhwal,,MISSING_LINEAGE,Event lacks documented district relationships in lineage.
be2b3b82-da4f-445e-a1e7-359a0071e852,SPLIT,1991,,Dhanbad,,MISSING_LINEAGE,Event lacks documented district relationships in lineage.
c0546caa-414c-4194-bbae-689362bad9b4,NEW_DISTRICT,2016,Yadadri Bhuvanagiri,Nalgonda,Yadadri Bhuvanagiri,NO_SOURCE_GEOMETRY,Source district lacks physical geometry at event time.
e861228e-b890-4912-a330-f7fb299a4227,SPLIT,2012,,East,,MISSING_LINEAGE,Event lacks documented district relationships in lineage.
0c159886-6d3a-4135-b0cd-d8765ac2f5bc,SPLIT,1973,Rajnandgaon,Durg,Rajnandgaon,MISSING_LINEAGE,Event lacks documented district relationships in lineage.
46115908-bd46-4813-b9f2-cdd5a99bf837,SPLIT,1989,,Ambala,,MISSING_LINEAGE,Event lacks documented district relationships in lineage.
65725bc7-906d-4fb9-96c3-d035b8be7a01,SPLIT,2008,,Etah,,MISSING_LINEAGE,Event lacks documented district relationships in lineage.
79d9240e-a2c9-4d7e-a4ba-25e17dd66d02,SPLIT,1980,Dibang Valley,Lohit,Dibang Valley,MISSING_LINEAGE,Event lacks documented district relationships in lineage.
80b1b52b-56ae-4d57-9f93-8c7b4f4eab34,SPLIT,2010,,Raebareli,,MISSING_LINEAGE,Event lacks documented district relationships in lineage.
cad89170-fc17-4191-8ae1-4763ec902a5e,NEW_DISTRICT,2014,Namsai,Lohit,Namsai,NO_INTERSECTION,Geometries exist but do not spatially intersect.
eb364376-675c-4d9f-b9f1-da2fcfaaeb3f,SPLIT,2008,,Gurgaon,,MISSING_LINEAGE,Event lacks documented district relationships in lineage.
ee939ef9-2f17-43a8-ad10-bb74395ae5db,SPLIT,2017,Kalimpong,Darjiling,Kalimpong,MISSING_LINEAGE,Event lacks documented district relationships in lineage.
f3593a63-89fe-4656-bf0b-bb5a1796152d,SPLIT,1992,,Lower Subansiri,,MISSING_LINEAGE,Event lacks documented district relationships in lineage.
1cd9069e-c16e-41bf-955f-22f7d599cf99,NEW_DISTRICT,1974,,Andaman and Nicobar Islands,,MISSING_LINEAGE,Event lacks documented district relationships in lineage.
2142d8ac-21b3-4c0b-bf62-a3f46f1dc203,SPLIT,1960,,Almora,,MISSING_LINEAGE,Event lacks documented district relationships in lineage.
216704d8-1894-4b66-af4d-bb54e0e00f6b,NEW_DISTRICT,1957,Cannanore,,Cannanore,MISSING_LINEAGE,Event lacks documented district relationships in lineage.
38f93825-bb57-4af7-9795-224ef051a024,SPLIT,1960,Pithoragarh,Almora,Pithoragarh,MISSING_LINEAGE,Event lacks documented district relationships in lineage.
59c0ebfd-dd48-425f-987a-70f6448ba177,SPLIT,1989,Hailakandi,Cachar,Hailakandi,MISSING_LINEAGE,Event lacks documented district relationships in lineage.
67d80f13-1647-4ee9-84ac-ca0f16ee864e,SPLIT,1997,Baghpat,Meerut,Baghpat,MISSING_LINEAGE,Event lacks documented district relationships in lineage.
a85f9dd0-6c30-4c42-b562-4ee6356464da,SPLIT,1973,,Karnal,,MISSING_LINEAGE,Event lacks documented district relationships in lineage.
ac81a85e-8023-4527-aed4-6a5cf320e1fe,SPLIT,2016,Siddipet,Karimnagar,Siddipet,NO_SOURCE_GEOMETRY,Source district lacks physical geometry at event time.
adfed07f-6b8c-44fd-a297-3d525af6d359,NEW_DISTRICT,1989,Firozabad,,Firozabad,MISSING_LINEAGE,Event lacks documented district relationships in lineage.
ded82ccb-daa2-4249-b063-5ab46d6b11e8,SPLIT,2006,Tarn Taran,Amritsar,Tarn Taran,MISSING_LINEAGE,Event lacks documented district relationships in lineage.
f0a29bfa-4a71-4c13-a159-afae6058cee3,SPLIT,1966,,Kangra,,MISSING_LINEAGE,Event lacks documented district relationships in lineage.
363094ba-a37d-4507-b694-afb3c1bcde25,SPLIT,1960,,Mahasu,,MISSING_LINEAGE,Event lacks documented district relationships in lineage.
5cc3732f-1f48-4d86-90c4-d0bcd4a96116,SPLIT,1991,Buxar,Bhojpur,Buxar,MISSING_LINEAGE,Event lacks documented district relationships in lineage.
60304913-f813-4e77-8cb8-322307509d90,SPLIT,1953,Khammam,Warangal,Khammam,MISSING_LINEAGE,Event lacks documented district relationships in lineage.
8c42c5f4-dc3e-477c-a32b-baffb71e7f0b,NEW_DISTRICT,2016,Peddapalli,Karimnagar,Peddapalli,NO_SOURCE_GEOMETRY,Source district lacks physical geometry at event time.
9d04dcbc-0988-4aa1-97ef-29607e0ba335,SPLIT,2003,,Jhabua,,MISSING_LINEAGE,Event lacks documented district relationships in lineage.
b156d368-4bd3-4e95-8599-bbdd40f7781d,NEW_DISTRICT,1993,Sonapur,Balasore,Sonapur,NO_INTERSECTION,Geometries exist but do not spatially intersect.
fbb10e75-9b47-4ce9-83f4-04e665e1e9ca,SPLIT,2012,Gariyaband,Raipur,Gariyaband,MISSING_LINEAGE,Event lacks documented district relationships in lineage.
2748cdde-96cc-4bc1-a640-e9181d6f7f96,SPLIT,1972,Vaishali,Muzaffarpur,Vaishali,MISSING_LINEAGE,Event lacks documented district relationships in lineage.
3a267111-e36c-44de-b30e-8f2aa406ae27,SPLIT,1995,,Jullundur,,MISSING_LINEAGE,Event lacks documented district relationships in lineage.
466bf67d-da5b-4a3a-a345-519fc2f1b766,NEW_DISTRICT,1956,,Jammu and Kashmir,,MISSING_LINEAGE,Event lacks documented district relationships in lineage.
652601be-cf2d-4e0f-808b-99a7cd84ed44,SPLIT,2014,Namsai,Lohit,Namsai,MISSING_LINEAGE,Event lacks documented district relationships in lineage.
894a3ac5-0dae-4a65-b824-6ff8b2672b50,NEW_DISTRICT,1998,Dantewada,Bastar,Dantewada,NO_SOURCE_GEOMETRY,Source district lacks physical geometry at event time.
c376ba7b-b43f-4658-8e3d-ae133a859646,NEW_DISTRICT,1988,Siddharthnagar,Basti,Siddharthnagar,NO_SOURCE_GEOMETRY,Source district lacks physical geometry at event time.
00fd30f3-159b-4782-89b2-05a3f3e8e632,SPLIT,1973,Mon,Tuensang,Mon,MISSING_LINEAGE,Event lacks documented district relationships in lineage.
010a97d3-a255-4fd8-a610-fa81e819f64c,NEW_DISTRICT,1956,Ladakh,Jammu and Kashmir,Ladakh,NO_SOURCE_GEOMETRY,Source district lacks physical geometry at event time.
0b509387-7355-43b5-9ba0-d81eae13ad22,NEW_DISTRICT,1997,North,Delhi,North,NO_TARGET_GEOMETRY,Target district lacks physical geometry at event time.
240ddb9a-db23-4fea-ae17-ff8821030ee9,SPLIT,1993,Anugul,Dhenkanal,Anugul,MISSING_LINEAGE,Event lacks documented district relationships in lineage.
2a569b6d-eb34-4713-932d-25aaafe150ba,SPLIT,2016,Noney,Manipur West,Noney,MISSING_LINEAGE,Event lacks documented district relationships in lineage.
8078f55b-a84c-4e64-933c-aac3be414519,SPLIT,1992,,East Khasi Hills,,MISSING_LINEAGE,Event lacks documented district relationships in lineage.
a34946a6-19b4-4575-b2a1-e7d7d73a28b1,NEW_DISTRICT,1997,Thiruvallur,,Thiruvallur,MISSING_LINEAGE,Event lacks documented district relationships in lineage.
afe4b946-11a5-48eb-847d-fde2f0c361cd,NEW_DISTRICT,1983,Imphal,Manipur Central,Imphal,NO_INTERSECTION,Geometries exist but do not spatially intersect.
bc002874-3f31-4bf1-a190-8c55f596211b,NEW_DISTRICT,2022,,East Godavari,,MISSING_LINEAGE,Event lacks documented district relationships in lineage.
caee3e28-8614-4d11-8812-65c5dd9d1372,SPLIT,1972,Bhiwani,Hisar,Bhiwani,MISSING_LINEAGE,Event lacks documented district relationships in lineage.
552c57fc-62d6-458a-b8c5-17225c8330d8,NEW_DISTRICT,1993,,Koraput,,MISSING_LINEAGE,Event lacks documented district relationships in lineage.
712d3eea-b4e0-479a-80ad-dd885086c6b7,NEW_DISTRICT,1997,Champawat,Pithoragarh,Champawat,NO_SOURCE_GEOMETRY,Source district lacks physical geometry at event time.
95b91cc6-10eb-47b5-afc3-fe2c78636efb,NEW_DISTRICT,1985,,Ramanathapuram,,MISSING_LINEAGE,Event lacks documented district relationships in lineage.
b6533711-237f-4fdd-8c9c-f2ff1e65057e,SPLIT,2023,,Bharatpur,,MISSING_LINEAGE,Event lacks documented district relationships in lineage.
e1c61940-a1ee-4d04-853e-d6f83df63160,SPLIT,2015,,Kurung Kumey,,MISSING_LINEAGE,Event lacks documented district relationships in lineage.
ec909699-7c97-48ce-9df8-02d01ca272c4,SPLIT,2004,,Barpeta,,MISSING_LINEAGE,Event lacks documented district relationships in lineage.
099a3a41-8311-4035-ab39-ba8031b0a7c6,SPLIT,1983,Jorhat,Sibsagar,Jorhat,MISSING_LINEAGE,Event lacks documented district relationships in lineage.
1e446766-a638-40b2-b004-636104a2ff10,SPLIT,1991,,Udaipur,,MISSING_LINEAGE,Event lacks documented district relationships in lineage.
250864af-ff79-4ef8-834c-2af32629f4f9,SPLIT,2020,Gaurela-pendra-marwahi,Bilaspur,Gaurela-pendra-marwahi,MISSING_LINEAGE,Event lacks documented district relationships in lineage.
251a597d-a7da-4e95-9eec-60dec842f7f9,SPLIT,2013,,Panch Mahals,,MISSING_LINEAGE,Event lacks documented district relationships in lineage.
64e6c5e7-4376-4a6f-8561-cc1ac2c508c4,SPLIT,2019,,,,MISSING_LINEAGE,Event lacks documented district relationships in lineage.
754f9688-809f-4283-9ca0-91e748342ec9,SPLIT,2023,,Jalore,,MISSING_LINEAGE,Event lacks documented district relationships in lineage.
c53dcb64-5c5c-4944-b082-06bd861501e4,SPLIT,2019,Narayanpet,Mahabubnagar,Narayanpet,NO_SOURCE_GEOMETRY,Source district lacks physical geometry at event time.
e81a56ee-abf8-4515-88d3-ca18bb76569b,SPLIT,2018,Shi Yomi,West Siang,Shi Yomi,MISSING_LINEAGE,Event lacks documented district relationships in lineage.
ec57aef8-c51f-4ad1-8882-0d75f7b3ac9a,SPLIT,1964,,Mahesana,,MISSING_LINEAGE,Event lacks documented district relationships in lineage.
001b4f47-1e20-4917-98f6-b25a7138951c,NEW_DISTRICT,2022,,Guntur,,MISSING_LINEAGE,Event lacks documented district relationships in lineage.
0b064fac-c400-4023-b045-5c3e1e5f3b29,SPLIT,2004,,Naga Hills,,MISSING_LINEAGE,Event lacks documented district relationships in lineage.
1426f5bc-9d52-42a6-aeb3-f1ffa13b100f,SPLIT,2022,,Srikakulam,,MISSING_LINEAGE,Event lacks documented district relationships in lineage.
45690733-4782-4bcc-9835-086319c7cab9,SPLIT,1989,,Lakhimpur,,MISSING_LINEAGE,Event lacks documented district relationships in lineage.
47ee0c88-38cc-41b7-b7a6-c3dfe3ef6f05,SPLIT,1973,,Mokokchung,,MISSING_LINEAGE,Event lacks documented district relationships in lineage.
5f9d355b-bb16-403f-ba23-0231f0064bbd,SPLIT,2022,,East Godavari,,MISSING_LINEAGE,Event lacks documented district relationships in lineage.
6f67caab-1cce-4a45-aad7-0dd8d8219865,SPLIT,2003,Singrauli,Sidhi,Singrauli,MISSING_LINEAGE,Event lacks documented district relationships in lineage.
cc96183f-ee74-4dc8-af9f-0223185da0c9,NEW_DISTRICT,1982,Pathanamthitta,,Pathanamthitta,MISSING_LINEAGE,Event lacks documented district relationships in lineage.
d0e20f52-5729-438d-9a6b-210affe3f1ee,SPLIT,2012,,North East,,MISSING_LINEAGE,Event lacks documented district relationships in lineage.
eb9379a9-781a-41d6-a92c-24b036ed0650,SPLIT,1997,,Basti,,MISSING_LINEAGE,Event lacks documented district relationships in lineage.
0ad75e94-a14b-467d-820b-a25c432e4e5b,SPLIT,1997,Bageshwar,Almora,Bageshwar,MISSING_LINEAGE,Event lacks documented district relationships in lineage.
0f0ddbab-792c-4904-8b82-81d4eec82ab1,NEW_DISTRICT,2008,,Etah,,MISSING_LINEAGE,Event lacks documented district relationships in lineage.
38e23711-f444-4249-a4f5-f66d65e47c4b,SPLIT,1979,,Visakhapatnam,,MISSING_LINEAGE,Event lacks documented district relationships in lineage.
8637da1c-cd35-491a-af53-37aedcd97709,SPLIT,1997,,Kheda,,MISSING_LINEAGE,Event lacks documented district relationships in lineage.
c019f07e-4a2b-448a-a935-9d9279d7c3b0,NEW_DISTRICT,1989,Bongaigaon,Goalpara,Bongaigaon,NO_INTERSECTION,Geometries exist but do not spatially intersect.
e0cf5dc5-144c-4e03-948b-6d560a934b1e,NEW_DISTRICT,1997,Bageshwar,Almora,Bageshwar,NO_SOURCE_GEOMETRY,Source district lacks physical geometry at event time.
33adabb7-0206-4f06-af83-20a58470aa05,SPLIT,1998,Kanker,Bastar,Kanker,MISSING_LINEAGE,Event lacks documented district relationships in lineage.
3f70c3cf-a409-4bc5-a9fd-7bd59ad56a06,SPLIT,2004,,Barpeta,,MISSING_LINEAGE,Event lacks documented district relationships in lineage.
4d63c4a4-e42e-4e5c-8cf9-cfbe11bf7b37,SPLIT,1994,Upper Siang,East Siang,Upper Siang,MISSING_LINEAGE,Event lacks documented district relationships in lineage.
5aae53d3-2827-4489-a574-5b51c7d3b9b0,SPLIT,1994,,East Siang,,MISSING_LINEAGE,Event lacks documented district relationships in lineage.
5ed46932-200a-4d2c-9844-1c04b3617d55,SPLIT,1978,,Hyderabad,,MISSING_LINEAGE,Event lacks documented district relationships in lineage.
9a4f00f7-d4d0-4456-8dee-b0a06d517eaa,SPLIT,2016,,Medak,,MISSING_LINEAGE,Event lacks documented district relationships in lineage.
a6b5d506-1f60-477e-af22-56455b003d62,NEW_DISTRICT,1995,Mahoba,Lalitpur,Mahoba,NO_INTERSECTION,Geometries exist but do not spatially intersect.
c895ec68-54be-4fca-9ce3-c112d7e32dff,SPLIT,1997,,Varanasi,,MISSING_LINEAGE,Event lacks documented district relationships in lineage.
e8c78cbc-e8f4-4b57-bc11-53bbb0a7b1ee,SPLIT,2006,,,,MISSING_LINEAGE,Event lacks documented district relationships in lineage.
f99a5980-751b-4228-adef-491e07139db1,NEW_DISTRICT,2021,,West,,MISSING_LINEAGE,Event lacks documented district relationships in lineage.
0271f61f-a9fe-43da-80e2-50c0b02ec05d,NEW_DISTRICT,1992,Papum Pare,Lower Subansiri,Papum Pare,NO_SOURCE_GEOMETRY,Source district lacks physical geometry at event time.
5428b26f-3afa-4936-a4b0-ae7b8c20f833,SPLIT,2020,,Barpeta,,MISSING_LINEAGE,Event lacks documented district relationships in lineage.
6a831ce5-5a4d-43a1-ab14-7dc59f346d5f,SPLIT,1986,,Bangalore,,MISSING_LINEAGE,Event lacks documented district relationships in lineage.
78e935ae-3ab3-45ae-96fb-70dc9176242c,SPLIT,2001,Arwal,Jehanabad,Arwal,MISSING_LINEAGE,Event lacks documented district relationships in lineage.
d5eff0cb-ff9d-4a66-b5ca-787f2a6ddacb,NEW_DISTRICT,1998,Janjgir - Champa,Bilaspur,Janjgir - Champa,NO_SOURCE_GEOMETRY,Source district lacks physical geometry at event time.
ed9d9736-93d5-47e4-9028-724e53812f8a,SPLIT,2019,,Aizawl,,MISSING_LINEAGE,Event lacks documented district relationships in lineage.
ee3cea57-3910-48b9-a09a-38e2e91dda8c,SPLIT,1995,,North Tripura,,MISSING_LINEAGE,Event lacks documented district relationships in lineage.
f65a94f4-f9ff-4124-816b-378490787252,SPLIT,1986,,Tirunelveli,,MISSING_LINEAGE,Event lacks documented district relationships in lineage.
1f929630-8e04-4cc9-a267-f18d2d0c517a,SPLIT,2023,,Barmer,,MISSING_LINEAGE,Event lacks documented district relationships in lineage.
5762e073-6c12-47f6-a6f6-773052f0ef43,SPLIT,1953,,Warangal,,MISSING_LINEAGE,Event lacks documented district relationships in lineage.
5e06a7e3-0acb-44f3-9f9a-7b05423df716,NEW_DISTRICT,2022,,West Godavari,,MISSING_LINEAGE,Event lacks documented district relationships in lineage.
706c7dc1-3d47-4244-a4cc-0488f9a56010,SPLIT,1960,Kinnaur,Mahasu,Kinnaur,MISSING_LINEAGE,Event lacks documented district relationships in lineage.
8e1c5f5e-ee37-4c65-8121-f58f2909f82d,SPLIT,1997,Thiruvallur,,Thiruvallur,MISSING_LINEAGE,Event lacks documented district relationships in lineage.
a8944c2a-ee83-49ef-b95a-c0df2427a22c,SPLIT,2007,,Surat,,MISSING_LINEAGE,Event lacks documented district relationships in lineage.
c85dbaff-0607-404c-96e4-0f2f26811191,SPLIT,2007,,Dantewada,,MISSING_LINEAGE,Event lacks documented district relationships in lineage.
df68e4ff-9a0d-45c0-8f03-138e50b22b2b,NEW_DISTRICT,1993,Rayagada,Koraput,Rayagada,MISSING_LINEAGE,Event lacks documented district relationships in lineage.
e9801f6e-0552-47ed-a5bf-971783393482,SPLIT,2006,Samba,Jammu,Samba,MISSING_LINEAGE,Event lacks documented district relationships in lineage.
3a2e6f51-fa77-488f-9890-9f770eb52793,SPLIT,2015,,Nowgong,,MISSING_LINEAGE,Event lacks documented district relationships in lineage.
67d1edb6-d6ef-411a-bb4a-a2db05491c92,NEW_DISTRICT,2012,Mungeli,Bilaspur,Mungeli,NO_SOURCE_GEOMETRY,Source district lacks physical geometry at event time.
91420061-858d-4ddb-a204-58f796671f4a,SPLIT,1997,Namakkal,Salem,Namakkal,MISSING_LINEAGE,Event lacks documented district relationships in lineage.
9b52c649-4c9c-48c7-8549-95e991f16a18,SPLIT,2012,,Bilaspur,,MISSING_LINEAGE,Event lacks documented district relationships in lineage.
a2faa7d4-0cdf-45cc-b410-4df034a7c7d4,SPLIT,1998,,Hoshangabad,,MISSING_LINEAGE,Event lacks documented district relationships in lineage.
daf29bd4-4acd-499a-ab5d-13753c0bf866,SPLIT,1980,,Siang,,MISSING_LINEAGE,Event lacks documented district relationships in lineage.
f2b85cf3-4425-4bb4-9091-1ff56f10b623,SPLIT,2005,Mewat,Faridabad,Mewat,MISSING_LINEAGE,Event lacks documented district relationships in lineage.
f3bf8f76-3f54-48ba-9dff-5bf82227de3c,SPLIT,1994,Lakhisarai,Munger,Lakhisarai,MISSING_LINEAGE,Event lacks documented district relationships in lineage.
f877e647-7707-4cc0-ae30-38bf9fa7c5a5,SPLIT,1998,,Dhule,,MISSING_LINEAGE,Event lacks documented district relationships in lineage.
fad8a1e2-41ae-4d2c-9aa1-d9abc82f5b10,SPLIT,2006,,Doda,,MISSING_LINEAGE,Event lacks documented district relationships in lineage.
479bd657-df2b-4395-8dc0-c602a84d10da,SPLIT,2003,Alirajpur,Jhabua,Alirajpur,MISSING_LINEAGE,Event lacks documented district relationships in lineage.
71d15e2e-ac80-4eb3-a533-ff748a080bf3,SPLIT,1987,South Goa,Diu,South Goa,MISSING_LINEAGE,Event lacks documented district relationships in lineage.
a638752a-f852-48e5-95c3-46efce0a4ccf,SPLIT,1980,East Kameng,Kamle,East Kameng,NO_INTERSECTION,Geometries exist but do not spatially intersect.
aa420601-161f-419c-a64a-6ff4ef076526,SPLIT,2013,,Sabar Kantha,,MISSING_LINEAGE,Event lacks documented district relationships in lineage.
daf024e4-4c8f-481f-a4f0-4a2cba4d7576,SPLIT,2001,,Lower Subansiri,,MISSING_LINEAGE,Event lacks documented district relationships in lineage.
ee8bfbda-3841-49c2-a80b-4d5fd1c2b64f,SPLIT,1970,Ongole,Nellore,Ongole,MISSING_LINEAGE,Event lacks documented district relationships in lineage.
f21c09dc-999f-42dc-b68f-c45a503865af,SPLIT,2014,,Thane,,MISSING_LINEAGE,Event lacks documented district relationships in lineage.
22a86e3d-8452-412d-9221-8947733fb9a3,SPLIT,1982,,Osmanabad,,MISSING_LINEAGE,Event lacks documented district relationships in lineage.
38a254cb-eb90-4bec-a329-d003a3334f27,SPLIT,2022,,Srikakulam,,MISSING_LINEAGE,Event lacks documented district relationships in lineage.
62877773-acab-45f6-a195-a14046282bda,SPLIT,2019,Mulugu,Khammam,Mulugu,NO_SOURCE_GEOMETRY,Source district lacks physical geometry at event time.
99fe6e08-0280-4666-8bc4-9752e5a59450,SPLIT,1997,,Hisar,,MISSING_LINEAGE,Event lacks documented district relationships in lineage.
9f3804ac-8465-47ea-aad4-e28c2b1bd5ef,SPLIT,2008,Palwal,Gurgaon,Palwal,MISSING_LINEAGE,Event lacks documented district relationships in lineage.
f38d5351-9b5f-4edf-8ef1-e20c727106fe,SPLIT,1989,,Karnal,,MISSING_LINEAGE,Event lacks documented district relationships in lineage.
0241db55-cbcc-471a-97c1-8fef3f4df2eb,SPLIT,2001,Simdega,Gumla,Simdega,MISSING_LINEAGE,Event lacks documented district relationships in lineage.
24c37a1d-f53a-4891-8eb2-bdd835714195,SPLIT,2018,,Tikamgarh,,MISSING_LINEAGE,Event lacks documented district relationships in lineage.
2db81a55-4f59-4556-ae6f-17c17c785892,SPLIT,1992,Ri Bhoi,East Khasi Hills,Ri Bhoi,MISSING_LINEAGE,Event lacks documented district relationships in lineage.
35fc46e6-c781-4a37-a03c-c9d7723a787f,SPLIT,1956,,Chhindwara,,MISSING_LINEAGE,Event lacks documented district relationships in lineage.
402fb3ef-739f-448d-880e-8ffd10992504,SPLIT,1989,Bongaigaon,Goalpara,Bongaigaon,MISSING_LINEAGE,Event lacks documented district relationships in lineage.
58f72654-8b51-4161-8583-5d86a1ba6d61,SPLIT,1994,,Sambalpur,,MISSING_LINEAGE,Event lacks documented district relationships in lineage.
773c2ceb-c3f0-4fb4-a54f-cf0840b2f9bc,SPLIT,1957,Alleppey,Kottayam,Alleppey,NO_SOURCE_GEOMETRY,Source district lacks physical geometry at event time.
7d22524f-7aaf-4f9f-8d0c-6dd94c9e5e9e,SPLIT,2012,South East,South,South East,MISSING_LINEAGE,Event lacks documented district relationships in lineage.
a386376f-7d42-4d79-8401-10d2431a0018,SPLIT,2021,,Dimapur,,MISSING_LINEAGE,Event lacks documented district relationships in lineage.
bb8142ae-a83f-4536-8c7c-78296ed4a042,SPLIT,2022,,,,MISSING_LINEAGE,Event lacks documented district relationships in lineage.
c5f524a5-0847-40a1-a809-b5c9ae3f7952,NEW_DISTRICT,1997,Namakkal,Salem,Namakkal,NO_SOURCE_GEOMETRY,Source district lacks physical geometry at event time.
e54ab8c0-d44f-4603-938a-40915a13d32e,SPLIT,1995,Moga,Faridkot,Moga,MISSING_LINEAGE,Event lacks documented district relationships in lineage.
e772a5d0-df9e-47a3-805e-8b22cc88332d,SPLIT,1995,Udham Singh Nagar,Nainital,Udham Singh Nagar,MISSING_LINEAGE,Event lacks documented district relationships in lineage.
53a35d76-ef6e-469e-bc31-0b1ec6944f2c,SPLIT,1994,Sant Ravidas Nagar,Varanasi,Sant Ravidas Nagar,MISSING_LINEAGE,Event lacks documented district relationships in lineage.
54317bcd-8f2d-48f9-9dba-73aaa95974e6,SPLIT,2012,,North Tripura,,MISSING_LINEAGE,Event lacks documented district relationships in lineage.
76567dba-bb1c-468d-81fe-aacac590a052,SPLIT,1992,Papum Pare,Lower Subansiri,Papum Pare,MISSING_LINEAGE,Event lacks documented district relationships in lineage.
7fc83f01-8d40-422c-a30e-1f7e7bffc7a5,SPLIT,2016,,Warangal,,MISSING_LINEAGE,Event lacks documented district relationships in lineage.
86c552b8-5179-4edd-ae16-b20f502a5ad0,SPLIT,2013,,Halar,,MISSING_LINEAGE,Event lacks documented district relationships in lineage.
90ada2ae-2485-4735-9612-293c5d68084c,SPLIT,1956,Jammu,Jammu and Kashmir,Jammu,NO_SOURCE_GEOMETRY,Source district lacks physical geometry at event time.
aefc08e8-7278-4711-be12-62022eea3b10,SPLIT,1998,Dindori,Mandla,Dindori,MISSING_LINEAGE,Event lacks documented district relationships in lineage.
cd9db67c-d572-4eaa-a90c-df1e1a9323b1,SPLIT,1997,,Farrukhabad,,MISSING_LINEAGE,Event lacks documented district relationships in lineage.
f102797c-b3d7-4479-8e9e-cb55c50a9777,SPLIT,1997,,Sorath,,MISSING_LINEAGE,Event lacks documented district relationships in lineage.
2d327de0-67c0-42a8-b5b5-781c76831639,SPLIT,1997,,Bahraich,,MISSING_LINEAGE,Event lacks documented district relationships in lineage.
3ffe1771-be25-4bfd-b3a9-57f1fb682233,SPLIT,2004,,Darrang,,MISSING_LINEAGE,Event lacks documented district relationships in lineage.
55da71cf-1d51-4942-b0c4-36c92302cfa0,SPLIT,2017,,Tuensang,,MISSING_LINEAGE,Event lacks documented district relationships in lineage.
884f5c63-ae48-43cc-86d4-33e2a3714fa7,SPLIT,2013,Agar Malwa,Shajapur,Agar Malwa,MISSING_LINEAGE,Event lacks documented district relationships in lineage.
b793006b-9e89-47fe-9e43-c733d8745b2f,NEW_DISTRICT,1997,South,Delhi,South,NO_TARGET_GEOMETRY,Target district lacks physical geometry at event time.
c285ee1b-d90c-49c4-b5f7-c4a48b4fb825,SPLIT,2007,Khunti,Ranchi,Khunti,MISSING_LINEAGE,Event lacks documented district relationships in lineage.
dc01bec1-1586-4407-879b-e172501a25c2,SPLIT,1989,Firozabad,Agra,Firozabad,NO_SOURCE_GEOMETRY,Source district lacks physical geometry at event time.
e9139c3d-e904-48fe-b638-dce34b5ef126,SPLIT,2023,,Sawai Madhopur,,MISSING_LINEAGE,Event lacks documented district relationships in lineage.
f5e8dbe2-97b6-4771-bb22-66c98f5c3a7e,SPLIT,1979,,Gurgaon,,MISSING_LINEAGE,Event lacks documented district relationships in lineage.
f661d2b3-7961-4284-b069-322af413286e,SPLIT,1995,,Lalitpur,,MISSING_LINEAGE,Event lacks documented district relationships in lineage.
326861d1-5f71-4d4f-89ba-e1b397b2cdf7,SPLIT,1998,,Mandla,,MISSING_LINEAGE,Event lacks documented district relationships in lineage.
41d25d9b-6292-485b-8f22-8531e0d850a8,SPLIT,1997,Sant Kabir Nagar,Basti,Sant Kabir Nagar,MISSING_LINEAGE,Event lacks documented district relationships in lineage.
4bf51cab-6cb3-4afb-85bf-5035eef06c80,SPLIT,2022,,West Godavari,,MISSING_LINEAGE,Event lacks documented district relationships in lineage.
54753d13-10a8-49b4-88b7-64e9ae2868e4,SPLIT,2006,Barnala,Sangrur,Barnala,MISSING_LINEAGE,Event lacks documented district relationships in lineage.
6704d309-33f4-4cde-be30-c118f5eb4144,SPLIT,1984,Kasaragod,Cannanore,Kasaragod,MISSING_LINEAGE,Event lacks documented district relationships in lineage.
6be6d897-b94e-404e-a344-d9325344cce8,NEW_DISTRICT,1987,North Goa,Diu,North Goa,NO_TARGET_GEOMETRY,Target district lacks physical geometry at event time.
7f51b5f1-3e10-4c54-997f-aca079e55afe,SPLIT,2016,Kakching,Thoubal,Kakching,MISSING_LINEAGE,Event lacks documented district relationships in lineage.
a74622c7-199b-4771-b150-4009791ee4d3,NEW_DISTRICT,2021,,Sangrur,,MISSING_LINEAGE,Event lacks documented district relationships in lineage.
b54078c4-eb81-41f8-95bb-f9ada9abbcd9,NEW_DISTRICT,1986,Bengaluru Rural,Bangalore,Bengaluru Rural,NO_SOURCE_GEOMETRY,Source district lacks physical geometry at event time.
b82b944c-821a-4982-89cb-1c27421a95bf,SPLIT,2012,North,North West,North,MISSING_LINEAGE,Event lacks documented district relationships in lineage.
d405bed1-dcaf-407a-a1a4-bbe72e0b3cd1,NEW_DISTRICT,1993,Viluppuram,South Arcot,Viluppuram,NO_SOURCE_GEOMETRY,Source district lacks physical geometry at event time.
dbfd1e67-f5d2-4659-8baa-ca71243af7b6,SPLIT,2016,Kumuram Bheem,Adilabad,Kumuram Bheem,MISSING_LINEAGE,Event lacks documented district relationships in lineage.
e00bf8de-4ada-4035-bca5-7e4030ace0c7,SPLIT,1956,Damoh,Sagar,Damoh,MISSING_LINEAGE,Event lacks documented district relationships in lineage.
e1b94570-8f69-48d3-b078-53ed9bb49591,SPLIT,1956,Srinagar,Jammu and Kashmir,Srinagar,NO_SOURCE_GEOMETRY,Source district lacks physical geometry at event time.
8598df48-b661-401d-865c-833604ac486e,NEW_DISTRICT,2011,,Muzaffarnagar,,MISSING_LINEAGE,Event lacks documented district relationships in lineage.
8b6c9d57-1d0e-4e85-98a4-bc7447cb8d69,SPLIT,1994,,Sahibganj,,MISSING_LINEAGE,Event lacks documented district relationships in lineage.
8f131114-36dc-4ec5-b969-be23cf94d8f5,NEW_DISTRICT,1998,Koriya,Surguja,Koriya,NO_SOURCE_GEOMETRY,Source district lacks physical geometry at event time.
0c54624c-1cc8-4cb8-8306-edc8451a5426,NEW_DISTRICT,1958,Ernakulam,,Ernakulam,MISSING_LINEAGE,Event lacks documented district relationships in lineage.
4365457f-d963-4f6c-8632-d271f625ea42,SPLIT,1997,Anand,Kheda,Anand,MISSING_LINEAGE,Event lacks documented district relationships in lineage.
78efe322-d385-4787-9280-8879e4f87af8,NEW_DISTRICT,2015,Siang,,Siang,MISSING_LINEAGE,Event lacks documented district relationships in lineage.
83517e3f-ce13-4d5f-862b-8f312865c0a8,SPLIT,2006,,Sangrur,,MISSING_LINEAGE,Event lacks documented district relationships in lineage.
f3e16ad1-b85b-46c8-a4e0-2466810a6d29,SPLIT,1997,Kancheepuram,,Kancheepuram,MISSING_LINEAGE,Event lacks documented district relationships in lineage.
0ff9eb50-e72f-4abc-8769-0196e4e23490,NEW_DISTRICT,2016,Kamareddy,Nizamabad,Kamareddy,NO_SOURCE_GEOMETRY,Source district lacks physical geometry at event time.
2271eaa9-2124-4e7c-896c-7b92162fa1ca,SPLIT,1979,Periyar,Coimbatore,Periyar,MISSING_LINEAGE,Event lacks documented district relationships in lineage.
36668468-464b-455f-bc85-63336bd2054c,SPLIT,1957,Mokokchung,Tuensang,Mokokchung,MISSING_LINEAGE,Event lacks documented district relationships in lineage.
474f1589-af74-4e96-aea8-d4e8b65b739e,NEW_DISTRICT,1987,South Goa,Diu,South Goa,NO_TARGET_GEOMETRY,Target district lacks physical geometry at event time.
4eff639d-9b0f-46b1-90a0-6253a1d77112,SPLIT,1956,East Nimar,Nimar,East Nimar,NO_SOURCE_GEOMETRY,Source district lacks physical geometry at event time.
f9bf7907-a78d-40cd-8ef6-c259c8adf081,NEW_DISTRICT,2021,,Bellary,,MISSING_LINEAGE,Event lacks documented district relationships in lineage.
25eb8098-a769-4a80-86a9-d0061337dcf7,NEW_DISTRICT,1970,Ongole,Nellore,Ongole,NO_TARGET_GEOMETRY,Target district lacks physical geometry at event time.
2fa62794-4333-45d1-9c43-b975103a26f9,SPLIT,2016,Peddapalli,Karimnagar,Peddapalli,MISSING_LINEAGE,Event lacks documented district relationships in lineage.
5d997bad-38d1-41e6-be8f-fcc331848b81,SPLIT,1995,Nawanshahr,Jullundur,Nawanshahr,MISSING_LINEAGE,Event lacks documented district relationships in lineage.
868140fa-a374-4835-a9cc-2fe91022eb38,SPLIT,1997,,Bijapur,,MISSING_LINEAGE,Event lacks documented district relationships in lineage.
b6c0ca4f-8ecc-4666-a61c-85539eab5b27,SPLIT,1972,,Kangra,,MISSING_LINEAGE,Event lacks documented district relationships in lineage.
d0be964c-9184-475b-b398-b0b7dc190a48,SPLIT,1972,Bhopal,Sehore,Bhopal,MISSING_LINEAGE,Event lacks documented district relationships in lineage.
d72007a5-1020-4121-bccf-713b099faaf3,SPLIT,1973,Phek,Naga Hills,Phek,MISSING_LINEAGE,Event lacks documented district relationships in lineage.
4e83cc20-0e51-4d7d-829c-c263a9298cf5,SPLIT,1972,,Kottayam,,MISSING_LINEAGE,Event lacks documented district relationships in lineage.
600bb778-73bd-4163-a33d-c917afceb309,SPLIT,2020,,Barpeta,,MISSING_LINEAGE,Event lacks documented district relationships in lineage.
6bafae74-4c7d-4386-b7d6-4748dd225def,SPLIT,2012,,North Tripura,,MISSING_LINEAGE,Event lacks documented district relationships in lineage.
7760fc76-ba71-4c04-8247-bf2daeda6033,SPLIT,2019,,Vellore,,MISSING_LINEAGE,Event lacks documented district relationships in lineage.
95315bf8-5efa-4480-abc0-50af95899de4,SPLIT,1983,Godda,Santhal Parganas,Godda,NO_SOURCE_GEOMETRY,Source district lacks physical geometry at event time.
bab7809e-2fc0-486d-9d74-96474e6a4dbe,SPLIT,1999,Gondiya,Bhandara,Gondiya,MISSING_LINEAGE,Event lacks documented district relationships in lineage.
db56cd8b-6c9e-40a4-a754-febc35b1c262,SPLIT,1998,,Surguja,,MISSING_LINEAGE,Event lacks documented district relationships in lineage.
dbc3434f-84ed-48e2-99a2-113fe059db97,NEW_DISTRICT,1960,,Kangra,,MISSING_LINEAGE,Event lacks documented district relationships in lineage.
ed009853-d5a5-495c-83c4-98a5d01a6354,SPLIT,2021,,Dimapur,,MISSING_LINEAGE,Event lacks documented district relationships in lineage.
1c57d946-6ca3-4257-89c2-0292c0d09754,SPLIT,1973,,Durg,,MISSING_LINEAGE,Event lacks documented district relationships in lineage.
25ac03b7-b02f-49d2-b95e-cb18e2679430,NEW_DISTRICT,1995,Dhalai,North Tripura,Dhalai,NO_SOURCE_GEOMETRY,Source district lacks physical geometry at event time.
2fb2e740-dd23-4368-86f7-b86616d575c6,SPLIT,2023,,Ajmer,,MISSING_LINEAGE,Event lacks documented district relationships in lineage.
3d9b35b1-c928-4693-9341-628249cfba6e,SPLIT,2017,,Paschim Medinipur,,MISSING_LINEAGE,Event lacks documented district relationships in lineage.
521119dd-cd13-41f9-a8ac-ca475edd569a,SPLIT,1956,,Trivandrum,,MISSING_LINEAGE,Event lacks documented district relationships in lineage.
6dd8b6e3-9f7a-4781-8ddb-ae7ff1334149,SPLIT,1961,Daman,,Daman,MISSING_LINEAGE,Event lacks documented district relationships in lineage.
7422fa70-4883-47c8-9033-f035021c7d9b,SPLIT,2017,,Upper Subansiri,,MISSING_LINEAGE,Event lacks documented district relationships in lineage.
88493fbb-a7a3-4753-9530-e96353fe06cc,SPLIT,1980,,Cannanore,,MISSING_LINEAGE,Event lacks documented district relationships in lineage.
96264202-71ea-40f5-81b8-23cd37e2720c,SPLIT,1993,Cuddalore,South Arcot,Cuddalore,NO_SOURCE_GEOMETRY,Source district lacks physical geometry at event time.
9a5bd530-899d-46ee-9989-41876c2d0a7f,SPLIT,1997,,,,MISSING_LINEAGE,Event lacks documented district relationships in lineage.
b456ed55-2871-46c6-91cf-33a51eea366c,SPLIT,1994,,Ganganagar,,MISSING_LINEAGE,Event lacks documented district relationships in lineage.
cb1c59e1-28b2-4fe4-a941-493f6171fb94,SPLIT,1997,North,Delhi,North,NO_TARGET_GEOMETRY,Target district lacks physical geometry at event time.
268b7f95-41fb-409b-b5ef-6bfbad6d2b8a,SPLIT,1983,,Cachar,,MISSING_LINEAGE,Event lacks documented district relationships in lineage.
4c8d3125-3bfa-4286-ae08-92efa90950d0,SPLIT,2012,Baloda Bazar,Raipur,Baloda Bazar,MISSING_LINEAGE,Event lacks documented district relationships in lineage.
790b93fc-2a86-4725-8424-f60ff18487e6,SPLIT,2007,Tapi,Surat,Tapi,MISSING_LINEAGE,Event lacks documented district relationships in lineage.
c8755bfb-91b9-49a9-ad61-ef4009fc9f10,SPLIT,2016,Charkhi Dadri,Bhiwani,Charkhi Dadri,MISSING_LINEAGE,Event lacks documented district relationships in lineage.
fdaaf342-b1a0-4939-8d8a-9f4799f9b11a,SPLIT,1997,Patan,Mahesana,Patan,NO_SOURCE_GEOMETRY,Source district lacks physical geometry at event time.
404e274e-f244-430c-988b-1ca05920ca54,NEW_DISTRICT,1993,Cuddalore,South Arcot,Cuddalore,NO_SOURCE_GEOMETRY,Source district lacks physical geometry at event time.
5acd6040-f1a2-4b39-94ec-b89d5bc809c4,SPLIT,2009,Yadgir,Gulbarga,Yadgir,MISSING_LINEAGE,Event lacks documented district relationships in lineage.
98b19ded-e03d-4fb2-8590-feea34e2dcff,SPLIT,2012,Longding,Tirap,Longding,MISSING_LINEAGE,Event lacks documented district relationships in lineage.
9b2e96a6-b07a-4b3a-af4d-dbcf18998b7a,SPLIT,2016,Warangal Urban,Warangal,Warangal Urban,MISSING_LINEAGE,Event lacks documented district relationships in lineage.
b107e7d8-969e-4bd5-88a4-437b67ab275d,NEW_DISTRICT,1989,Sonbhadra,Mirzapur,Sonbhadra,NO_SOURCE_GEOMETRY,Source district lacks physical geometry at event time.
c509b69c-bea4-405f-a9c6-5570b3dbe6af,SPLIT,2012,,North West,,MISSING_LINEAGE,Event lacks documented district relationships in lineage.
debb63ca-06be-4cb2-ba22-fe0b03f8e9fa,SPLIT,1956,Narsimhapur,Hoshangabad,Narsimhapur,MISSING_LINEAGE,Event lacks documented district relationships in lineage.
ffe0785c-5ba1-42f6-807e-40286be6cc47,SPLIT,1997,Jyotiba Phule Nagar,Moradabad,Jyotiba Phule Nagar,MISSING_LINEAGE,Event lacks documented district relationships in lineage.
02426a43-405f-4db0-b68f-ef5e75b9c7f9,SPLIT,1972,,Muzaffarpur,,MISSING_LINEAGE,Event lacks documented district relationships in lineage.
2108058f-13ce-41ea-8b62-b3908d23310a,SPLIT,2016,Vikarabad,Ranga Reddy,Vikarabad,MISSING_LINEAGE,Event lacks documented district relationships in lineage.
24af0a4b-37cb-401e-8365-b0b69f43baa5,SPLIT,1979,Kupwara,Baramula,Kupwara,MISSING_LINEAGE,Event lacks documented district relationships in lineage.
64449251-ba87-4a10-bcab-e5d4f83470b3,SPLIT,1982,Gadchiroli,Chanda,Gadchiroli,MISSING_LINEAGE,Event lacks documented district relationships in lineage.
6fd4e763-d4fd-4ac6-bb54-f14279d15c79,SPLIT,2015,,East Siang,,MISSING_LINEAGE,Event lacks documented district relationships in lineage.
79b05c0b-469f-4384-9c06-32e8e0bfa670,SPLIT,1997,,Almora,,MISSING_LINEAGE,Event lacks documented district relationships in lineage.
8360c33b-8282-4fac-9300-c59a1270f231,SPLIT,1973,Aurangabad,Gaya,Aurangabad,MISSING_LINEAGE,Event lacks documented district relationships in lineage.
981427d0-6f93-43c5-9c7c-2f587afb0a70,SPLIT,2021,,Bellary,,MISSING_LINEAGE,Event lacks documented district relationships in lineage.
9ee0418a-a8c5-4919-a9dc-1f3da534a16b,NEW_DISTRICT,1981,Jalna,Aurangabad,Jalna,NO_SOURCE_GEOMETRY,Source district lacks physical geometry at event time.
a44d1dd0-6ca2-446d-9fd1-b4d3f04b1afe,SPLIT,2009,,Erode,,MISSING_LINEAGE,Event lacks documented district relationships in lineage.
af80eca8-ef88-40df-b51a-4396a7b026b6,NEW_DISTRICT,1997,Gadag,Dharwad,Gadag,NO_INTERSECTION,Geometries exist but do not spatially intersect.
b4d03807-ff3d-4722-aa85-20757f438c38,NEW_DISTRICT,2004,Anjaw,Lohit,Anjaw,NO_INTERSECTION,Geometries exist but do not spatially intersect.
bd006fc3-4634-4848-9a05-596e6d4f3744,SPLIT,2003,,Sidhi,,MISSING_LINEAGE,Event lacks documented district relationships in lineage.
f7101c20-be70-4ad8-b6d1-ec014a7874fb,SPLIT,2007,Narayanpur,Bastar,Narayanpur,MISSING_LINEAGE,Event lacks documented district relationships in lineage.
3f229326-7600-4562-97f9-9b23f001cf58,SPLIT,2006,Bandipore,Baramula,Bandipore,MISSING_LINEAGE,Event lacks documented district relationships in lineage.
4be3e659-a88b-4125-8c4c-d76fde9f871e,NEW_DISTRICT,2006,South Andaman,,South Andaman,MISSING_LINEAGE,Event lacks documented district relationships in lineage.
54a5545c-efbb-4492-84a1-4b9cb40e17af,NEW_DISTRICT,1972,Lunglei,,Lunglei,MISSING_LINEAGE,Event lacks documented district relationships in lineage.
58862bf8-bda8-4706-aae1-90c49c0b6c61,SPLIT,2022,,Krishna,,MISSING_LINEAGE,Event lacks documented district relationships in lineage.
5b18c5e3-a1d9-4c58-a78e-2cd3db65f705,SPLIT,2019,,Mahabubnagar,,MISSING_LINEAGE,Event lacks documented district relationships in lineage.
6c0f1493-615a-463c-98c5-6b8988116a55,SPLIT,2004,,,,MISSING_LINEAGE,Event lacks documented district relationships in lineage.
79af7e08-a65a-46b0-b259-ede708dacdc2,SPLIT,2003,Burhanpur,East Nimar,Burhanpur,MISSING_LINEAGE,Event lacks documented district relationships in lineage.
7b04c5ae-4a2d-4629-a5b8-bcaf7abf0df0,SPLIT,1985,,Madurai,,MISSING_LINEAGE,Event lacks documented district relationships in lineage.
d0e73d6c-2249-4511-8f8d-9358040d44f9,NEW_DISTRICT,1990,,Greater Bombay,,MISSING_LINEAGE,Event lacks documented district relationships in lineage.
d995868b-ff7b-4c4c-89cc-0f1f7a27b9d2,SPLIT,1997,,Mahesana,,MISSING_LINEAGE,Event lacks documented district relationships in lineage.
07c6c190-c97b-4720-bdf9-c1c3fed2965e,SPLIT,2012,Balrampur,Surguja,Balrampur,MISSING_LINEAGE,Event lacks documented district relationships in lineage.
2216e2a8-4dd6-4fa2-a42f-cd68fc129a0e,SPLIT,1979,Faridabad,Gurgaon,Faridabad,MISSING_LINEAGE,Event lacks documented district relationships in lineage.
29333a9f-7957-4b4b-be5d-bb7330c2b951,SPLIT,1997,Chandauli,Varanasi,Chandauli,MISSING_LINEAGE,Event lacks documented district relationships in lineage.
38fb61e9-3c4a-4d5f-9b5e-c410035b2f49,SPLIT,2004,,Lohit,,MISSING_LINEAGE,Event lacks documented district relationships in lineage.
56771df5-2db6-4a9e-9b74-fbbabb4bcb99,NEW_DISTRICT,1989,,North Arcot,,MISSING_LINEAGE,Event lacks documented district relationships in lineage.
65b2619f-be3b-4564-a536-b6d355908294,SPLIT,2017,,East Siang,,MISSING_LINEAGE,Event lacks documented district relationships in lineage.
88262dd2-e0f7-4058-93d2-e05979f73e08,SPLIT,1991,Supaul,Saharsa,Supaul,MISSING_LINEAGE,Event lacks documented district relationships in lineage.
d1d2c275-6c65-46c2-8baf-2a88222a3b8d,NEW_DISTRICT,1966,Valsad,Surat,Valsad,NO_TARGET_GEOMETRY,Target district lacks physical geometry at event time.
eceed985-17db-4bee-b3de-08d4a1e625d1,SPLIT,2015,Siang,East Siang,Siang,MISSING_LINEAGE,Event lacks documented district relationships in lineage.
05bbbd6d-38ea-483c-a8b6-ba9f8a0dca8c,NEW_DISTRICT,2020,,Nagapattinam,,MISSING_LINEAGE,Event lacks documented district relationships in lineage.
0bcacd7a-a116-4224-90c4-ee028f75d1cb,SPLIT,1991,Rajsamand,Udaipur,Rajsamand,MISSING_LINEAGE,Event lacks documented district relationships in lineage.
2319f146-17d4-42e3-bfad-63f5a543f2db,SPLIT,1972,Madhubani,Darbhanga,Madhubani,MISSING_LINEAGE,Event lacks documented district relationships in lineage.
604e1366-3b54-4341-b430-68e44e145c06,SPLIT,2003,Kamrup Metropolitan,Kamrup,Kamrup Metropolitan,MISSING_LINEAGE,Event lacks documented district relationships in lineage.
93ba635f-9f98-45b3-8c9a-d90c9acf25d6,SPLIT,1997,South,Delhi,South,NO_TARGET_GEOMETRY,Target district lacks physical geometry at event time.
99a04927-0f98-4b22-8f59-c84e923c5288,SPLIT,1990,,Purnia,,MISSING_LINEAGE,Event lacks documented district relationships in lineage.
9b5fa074-24ff-4acb-b79c-be90509f9235,SPLIT,1997,,Aligarh,,MISSING_LINEAGE,Event lacks documented district relationships in lineage.
a0eb050e-5fb1-4c81-a5ac-4621f5281e40,SPLIT,1992,,Koraput,,MISSING_LINEAGE,Event lacks documented district relationships in lineage.
aef76f53-c36a-4769-87a0-a3ea43c1c835,SPLIT,1991,Kaimur (bhabua),Rohtas,Kaimur (bhabua),MISSING_LINEAGE,Event lacks documented district relationships in lineage.
b4d87243-88ff-4013-bfb0-8009bbc05409,SPLIT,2016,Medak,Warangal,Medak,NO_INTERSECTION,Geometries exist but do not spatially intersect.
d289a1ff-2330-4841-9678-b3300ff862d9,SPLIT,1991,Chatra,Hazaribag,Chatra,NO_SOURCE_GEOMETRY,Source district lacks physical geometry at event time.
4fd0433b-dcd9-4316-8d2e-df2959e11172,SPLIT,1993,,Dhenkanal,,MISSING_LINEAGE,Event lacks documented district relationships in lineage.
648a19f0-6488-48a2-ba2d-dc40f4f1f46a,SPLIT,2022,,Guntur,,MISSING_LINEAGE,Event lacks documented district relationships in lineage.
66683c77-128b-4a44-81c2-8e723c5f6538,SPLIT,1998,,Mysore,,MISSING_LINEAGE,Event lacks documented district relationships in lineage.
6f2b32ae-763e-4884-ae8f-eca422539116,SPLIT,1974,Lalitpur,Jhansi,Lalitpur,MISSING_LINEAGE,Event lacks documented district relationships in lineage.
c7a26a5b-e69d-4277-b892-cb9587df3311,SPLIT,1979,Badgam,Srinagar,Badgam,MISSING_LINEAGE,Event lacks documented district relationships in lineage.
dee85d98-7b49-497d-ad99-199b2181c767,SPLIT,2022,,Visakhapatnam,,MISSING_LINEAGE,Event lacks documented district relationships in lineage.
06821f2f-ea96-45fc-b88e-17993bd3cf3f,SPLIT,2012,,South,,MISSING_LINEAGE,Event lacks documented district relationships in lineage.
258d7e9f-97e3-476a-89a4-d404018a54eb,SPLIT,1974,,Thanjavur,,MISSING_LINEAGE,Event lacks documented district relationships in lineage.
2ba62588-b6ec-4699-b8d4-94300dba92ab,SPLIT,1973,Gopalganj,Saran,Gopalganj,MISSING_LINEAGE,Event lacks documented district relationships in lineage.
6978ed40-ccf4-4892-8b88-12789d7730ae,SPLIT,1995,,Ambala,,MISSING_LINEAGE,Event lacks documented district relationships in lineage.
268f6500-074a-4328-9750-e19b21ee4d31,SPLIT,1973,Siwan,Saran,Siwan,MISSING_LINEAGE,Event lacks documented district relationships in lineage.
2e7dfe54-648e-4ed7-8ca4-80b35575a838,SPLIT,1991,,Bhagalpur,,MISSING_LINEAGE,Event lacks documented district relationships in lineage.
30040bb8-5804-4d28-8bfc-3823ab330fe4,NEW_DISTRICT,2018,,East Kameng,,MISSING_LINEAGE,Event lacks documented district relationships in lineage.
5c1ee99e-d77f-4e72-9b13-6ae2101c8212,SPLIT,2015,,Dhubri,,MISSING_LINEAGE,Event lacks documented district relationships in lineage.
5c7ecfa6-b175-4c68-976f-fd0a41c5a1d8,SPLIT,1995,Panchkula,Ambala,Panchkula,MISSING_LINEAGE,Event lacks documented district relationships in lineage.
5febd270-6a08-4537-97ed-09d27a6e7e93,SPLIT,1983,,Darrang,,MISSING_LINEAGE,Event lacks documented district relationships in lineage.
65c4280f-8f1b-47a5-af5d-c03ae6172849,SPLIT,1972,Chhimtuipui,,Chhimtuipui,MISSING_LINEAGE,Event lacks documented district relationships in lineage.
ea991ea5-2e0d-4242-9236-ebebb5665d14,SPLIT,2019,Tenkasi,Tirunelveli,Tenkasi,MISSING_LINEAGE,Event lacks documented district relationships in lineage.
2819a0c8-bbfa-4328-a7cf-7e538e249d31,NEW_DISTRICT,1980,East Kameng,Kamle,East Kameng,NO_INTERSECTION,Geometries exist but do not spatially intersect.
45b8cc82-4365-4e3f-aded-6ca1655478b0,SPLIT,1966,Kulu,Kangra,Kulu,MISSING_LINEAGE,Event lacks documented district relationships in lineage.
585f494a-09a0-4df0-bc5c-56a0d4e32db6,SPLIT,1973,,Naga Hills,,MISSING_LINEAGE,Event lacks documented district relationships in lineage.
736c40cf-72c3-4ad8-beb0-07f14087b2a2,SPLIT,1997,Jhajjar,Rohtak,Jhajjar,MISSING_LINEAGE,Event lacks documented district relationships in lineage.
932b6514-3620-44e2-894d-ff8b6085c1a0,SPLIT,1956,Doda,Jammu and Kashmir,Doda,NO_SOURCE_GEOMETRY,Source district lacks physical geometry at event time.
b0eb3bad-efba-4e78-b141-31729cb1f64a,SPLIT,1970,,Nellore,,MISSING_LINEAGE,Event lacks documented district relationships in lineage.
f6d25112-4a56-4ebe-8388-d876f93012ec,SPLIT,1998,,Raipur,,MISSING_LINEAGE,Event lacks documented district relationships in lineage.
17278792-3f54-45d4-95e6-230db2785972,SPLIT,1992,,Bathinda,,MISSING_LINEAGE,Event lacks documented district relationships in lineage.
9693a14f-f8b8-4ef9-92a0-97ce23cffb2a,SPLIT,1966,,Surat,,MISSING_LINEAGE,Event lacks documented district relationships in lineage.
ac201052-38d2-48c2-ad0d-38c074247128,SPLIT,2006,,Udhampur,,MISSING_LINEAGE,Event lacks documented district relationships in lineage.
dda20865-01c6-415f-b9a1-128da714ada3,SPLIT,1983,Barpeta,Kamrup,Barpeta,MISSING_LINEAGE,Event lacks documented district relationships in lineage.
26492435-cf86-4e5f-ae07-4f5fd26620b5,SPLIT,1993,Jagatsinghapur,Cuttack,Jagatsinghapur,MISSING_LINEAGE,Event lacks documented district relationships in lineage.
623acb90-27c9-47fa-bd73-a29a60465036,SPLIT,1991,Jamui,Munger,Jamui,MISSING_LINEAGE,Event lacks documented district relationships in lineage.
b9dc2bc1-b59b-474f-baf1-9a5d973abe1f,NEW_DISTRICT,1970,South Tripura,Tripura,South Tripura,MISSING_LINEAGE,Event lacks documented district relationships in lineage.
f922f19a-7e0a-4c4a-8c36-b0d3d0506bd2,SPLIT,1985,,Kamrup,,MISSING_LINEAGE,Event lacks documented district relationships in lineage.
36de6dcd-efe5-44cc-ad05-4ac25a6f7eef,NEW_DISTRICT,1972,Aizawl,,Aizawl,MISSING_LINEAGE,Event lacks documented district relationships in lineage.
389e4cc0-06ef-4328-a4c1-4917722e70d7,SPLIT,2021,,Sangrur,,MISSING_LINEAGE,Event lacks documented district relationships in lineage.
40a4b4e4-e827-42aa-a963-4258e7ce67d8,NEW_DISTRICT,2016,Jangaon,,Jangaon,MISSING_LINEAGE,Event lacks documented district relationships in lineage.
4dc450cb-cde8-4222-9d11-7c2e1b7ee2b7,NEW_DISTRICT,2019,Mulugu,,Mulugu,MISSING_LINEAGE,Event lacks documented district relationships in lineage.
69a8830c-fb01-4272-af19-84515e329959,SPLIT,2016,,Karimnagar,,MISSING_LINEAGE,Event lacks documented district relationships in lineage.
813ffff7-7d92-42f8-a5ae-1fc2ec9c66c3,SPLIT,2006,Kishtwar,Doda,Kishtwar,MISSING_LINEAGE,Event lacks documented district relationships in lineage.
a3314608-660c-4492-88f2-db87b5073bf5,SPLIT,1983,Imphal,Manipur Central,Imphal,NO_INTERSECTION,Geometries exist but do not spatially intersect.
e2037173-b792-4461-a961-02db3669e1de,SPLIT,2007,,Kolar,,MISSING_LINEAGE,Event lacks documented district relationships in lineage.
eaada6b7-a9e9-4aee-9b6e-e837f8a08892,SPLIT,1997,,Gonda,,MISSING_LINEAGE,Event lacks documented district relationships in lineage.
ecc49e0e-721f-4c02-97d6-2addd248151a,SPLIT,1992,Malkangiri,Koraput,Malkangiri,MISSING_LINEAGE,Event lacks documented district relationships in lineage.
0585ef2a-050d-4878-8ec8-23abda9c4d40,NEW_DISTRICT,1987,Changlang,Tirap,Changlang,NO_SOURCE_GEOMETRY,Source district lacks physical geometry at event time.
1240e309-fc1d-46a5-b2fa-5aaeb9124ca9,SPLIT,1982,,Alleppey,,MISSING_LINEAGE,Event lacks documented district relationships in lineage.
4c024a57-e32a-43cb-9db7-74864e9fb20c,SPLIT,1998,Janjgir - Champa,Bilaspur,Janjgir - Champa,MISSING_LINEAGE,Event lacks documented district relationships in lineage.
6cbe1bb5-3fcc-4528-9eb0-a116b1fc9231,SPLIT,2001,,Dibang Valley,,MISSING_LINEAGE,Event lacks documented district relationships in lineage.
8e17e354-52bd-4bd8-b855-4182ef7fb961,SPLIT,1997,,Panch Mahals,,MISSING_LINEAGE,Event lacks documented district relationships in lineage.
96676231-651e-4d83-915a-2b061fea3509,SPLIT,2016,,Adilabad,,MISSING_LINEAGE,Event lacks documented district relationships in lineage.
c8b74a4b-f9ed-428b-bf90-b54bbd27e4f5,SPLIT,1997,,Moradabad,,MISSING_LINEAGE,Event lacks documented district relationships in lineage.
ed036269-4590-4d54-bc61-4adf6892aed5,SPLIT,1972,,Ernakulam,,MISSING_LINEAGE,Event lacks documented district relationships in lineage.
11378c49-1387-4f7e-8457-b5822eb43241,NEW_DISTRICT,2008,Pratapgarh,Chittaurgarh,Pratapgarh,NO_TARGET_GEOMETRY,Target district lacks physical geometry at event time.
3d9d2826-9d0a-414e-8f8f-7d588fe00d23,SPLIT,2016,Pherzawl,Manipur South,Pherzawl,MISSING_LINEAGE,Event lacks documented district relationships in lineage.
797a4cc2-b30c-40f1-aadc-8ba3de501b99,SPLIT,2022,,,,MISSING_LINEAGE,Event lacks documented district relationships in lineage.
8e56f21a-50b7-41f1-ba02-28376368edca,SPLIT,1998,Washim,Akola,Washim,MISSING_LINEAGE,Event lacks documented district relationships in lineage.
95975ba5-97eb-4f4a-b239-aa522c75e3dd,SPLIT,2021,,Dimapur,,MISSING_LINEAGE,Event lacks documented district relationships in lineage.
d4b983b8-7912-440b-a224-04a38aad406b,SPLIT,1989,,,,MISSING_LINEAGE,Event lacks documented district relationships in lineage.
da2f1571-3fbe-4785-b5ab-c2bf88cd9f24,SPLIT,2016,Jangaon,Nalgonda,Jangaon,NO_SOURCE_GEOMETRY,Source district lacks physical geometry at event time.
068bbd76-ca45-4289-8de9-401677229cbf,SPLIT,1979,,Srinagar,,MISSING_LINEAGE,Event lacks documented district relationships in lineage.
089f4409-b14d-4cdb-89dc-78819baa9a33,SPLIT,1973,Purnia,Purnea,Purnia,NO_INTERSECTION,Geometries exist but do not spatially intersect.
1c7f06c4-e853-4cda-a9b8-ce7601a872b7,SPLIT,2023,,Jaipur,,MISSING_LINEAGE,Event lacks documented district relationships in lineage.
362c2e42-5254-45d5-9d6d-72c9d103385b,SPLIT,1956,,Sagar,,MISSING_LINEAGE,Event lacks documented district relationships in lineage.
68cfed1d-68b7-4c53-9181-02fa683ff263,SPLIT,1991,Banka,Bhagalpur,Banka,MISSING_LINEAGE,Event lacks documented district relationships in lineage.
74da71b2-a6b5-4698-b94d-194ebb3767ba,SPLIT,1997,Balrampur,Gonda,Balrampur,MISSING_LINEAGE,Event lacks documented district relationships in lineage.
8f97db52-3c41-41c3-bee7-66a16e964f13,SPLIT,1956,Baramulla,Jammu and Kashmir,Baramulla,NO_SOURCE_GEOMETRY,Source district lacks physical geometry at event time.
c890b71c-192c-461a-949e-c96066f9f6fc,NEW_DISTRICT,2012,Sukma,Dantewada,Sukma,NO_SOURCE_GEOMETRY,Source district lacks physical geometry at event time.
ea2fd172-11e1-4407-aac9-adf98b7af405,NEW_DISTRICT,1961,Daman,,Daman,MISSING_LINEAGE,Event lacks documented district relationships in lineage.
283ad4c4-6869-43a9-90c6-5507232ac01f,SPLIT,1976,Dibrugarh,Lakhimpur,Dibrugarh,MISSING_LINEAGE,Event lacks documented district relationships in lineage.
48f281a4-3462-44f0-9f50-1870a4ea8148,SPLIT,2013,,Halar,,MISSING_LINEAGE,Event lacks documented district relationships in lineage.
60c4b296-b783-4602-b520-fa6f79d7cf0d,SPLIT,1975,,Hisar,,MISSING_LINEAGE,Event lacks documented district relationships in lineage.
67cad0c3-eb18-4683-8ea7-2d93613948fa,SPLIT,2012,South West Khasi Hills,West Khasi Hills,South West Khasi Hills,MISSING_LINEAGE,Event lacks documented district relationships in lineage.
712e5ef2-4bd2-4fb1-9ca8-c7bdebe209fb,SPLIT,2023,,Ajmer,,MISSING_LINEAGE,Event lacks documented district relationships in lineage.
ab54f6ba-7fb7-4bdd-ada3-a82bc3dbef4b,SPLIT,1997,Koppal,Raichur,Koppal,MISSING_LINEAGE,Event lacks documented district relationships in lineage.
ade8e0b0-46bc-4c1c-aa65-a17b24e71142,SPLIT,1989,,Nowgong,,MISSING_LINEAGE,Event lacks documented district relationships in lineage.
28dde404-cff8-41ea-8848-efa6a1080382,SPLIT,1995,Mahoba,Lalitpur,Mahoba,MISSING_LINEAGE,Event lacks documented district relationships in lineage.
91f6ca80-b2d1-4b92-a0da-c95ea4ba7255,SPLIT,1980,West Siang,Siang,West Siang,MISSING_LINEAGE,Event lacks documented district relationships in lineage.
b5e24260-e276-47cd-97a1-b2ab3b78fb89,NEW_DISTRICT,2020,,Barpeta,,MISSING_LINEAGE,Event lacks documented district relationships in lineage.
da4f7fc3-b10f-40d2-b4f5-b00152823c37,SPLIT,1997,,Allahabad,,MISSING_LINEAGE,Event lacks documented district relationships in lineage.
dc90f197-e97f-4be0-b67d-89e8559c0fcc,NEW_DISTRICT,1994,Upper Siang,East Siang,Upper Siang,NO_SOURCE_GEOMETRY,Source district lacks physical geometry at event time.
e0d9216c-424a-4094-8e89-2c62c36bd41a,NEW_DISTRICT,2022,,,,MISSING_LINEAGE,Event lacks documented district relationships in lineage.
f7b174fc-205c-4699-8464-3838884f3446,SPLIT,1957,,Quilon,,MISSING_LINEAGE,Event lacks documented district relationships in lineage.
116466c9-78fb-400d-9402-de3ae17a3088,NEW_DISTRICT,2016,Sangareddy,Medak,Sangareddy,NO_SOURCE_GEOMETRY,Source district lacks physical geometry at event time.
12d861b9-5914-4177-bb5c-5da08935d364,SPLIT,2022,,Vizianagaram,,MISSING_LINEAGE,Event lacks documented district relationships in lineage.
33de677d-f500-4547-914f-6cfb23b6ddb1,SPLIT,1978,,Hyderabad,,MISSING_LINEAGE,Event lacks documented district relationships in lineage.
c004e142-a8c7-418a-8ce1-3af758f13553,NEW_DISTRICT,1982,Shajapur,Morena,Shajapur,NO_INTERSECTION,Geometries exist but do not spatially intersect.
c0249205-a3ec-4947-be91-5b40547c9208,SPLIT,1997,West,Delhi,West,NO_TARGET_GEOMETRY,Target district lacks physical geometry at event time.
ec7ae81b-d6b8-4372-9900-ae0215945bd5,SPLIT,2023,,Jalore,,MISSING_LINEAGE,Event lacks documented district relationships in lineage.
f7d38b76-9d60-46ce-9741-8e3581e11915,SPLIT,1996,Theni,Madurai,Theni,MISSING_LINEAGE,Event lacks documented district relationships in lineage.
090cd293-9588-4266-a8e8-4187f57e0dd0,NEW_DISTRICT,1991,Chatra,Hazaribag,Chatra,NO_SOURCE_GEOMETRY,Source district lacks physical geometry at event time.
14a8385b-33b0-4eaa-9c35-3784fec1d69e,SPLIT,2022,,,,MISSING_LINEAGE,Event lacks documented district relationships in lineage.
1b848d42-0a71-4cf3-a615-5ef31de0be76,SPLIT,2003,,Shahdol,,MISSING_LINEAGE,Event lacks documented district relationships in lineage.
26f4ac0f-f907-4cdd-8020-597d4f7bc935,SPLIT,2023,,Udaipur,,MISSING_LINEAGE,Event lacks documented district relationships in lineage.
5a91988b-7ad6-4e66-8595-306c195cd3e5,NEW_DISTRICT,2012,Balrampur,Surguja,Balrampur,NO_INTERSECTION,Geometries exist but do not spatially intersect.
8fad2a26-c1d8-4525-8290-7a711490629f,NEW_DISTRICT,1956,Doda,Jammu and Kashmir,Doda,NO_SOURCE_GEOMETRY,Source district lacks physical geometry at event time.
95284113-292a-47c9-be39-60565654c244,NEW_DISTRICT,2021,,East,,MISSING_LINEAGE,Event lacks documented district relationships in lineage.
0022f420-a92f-43f6-ab84-be7419e53e73,NEW_DISTRICT,1954,,Balipara Frontier Tract,,MISSING_LINEAGE,Event lacks documented district relationships in lineage.
09dca6c3-ba5b-4a46-a4cf-84d5c3cd98df,SPLIT,1998,,Shahdol,,MISSING_LINEAGE,Event lacks documented district relationships in lineage.
118f6407-0d82-4eb9-8113-3189ce0ff00f,SPLIT,1999,,Bhandara,,MISSING_LINEAGE,Event lacks documented district relationships in lineage.
28249b42-17b4-4a10-b034-11d075116dd1,NEW_DISTRICT,2007,Ramgarh,Hazaribag,Ramgarh,NO_SOURCE_GEOMETRY,Source district lacks physical geometry at event time.
3617c5ef-b4b7-4005-801a-4339e7a9e606,SPLIT,2023,,Jaipur,,MISSING_LINEAGE,Event lacks documented district relationships in lineage.
372c9a34-d5ac-48fe-84db-13876c2bd21d,SPLIT,2022,,Guntur,,MISSING_LINEAGE,Event lacks documented district relationships in lineage.
3811f898-05af-482b-bfdd-9fe89ffb8fec,SPLIT,2023,,Jodhpur,,MISSING_LINEAGE,Event lacks documented district relationships in lineage.
4016faf6-4f77-487a-8899-84bc6e989774,SPLIT,2023,,Jodhpur,,MISSING_LINEAGE,Event lacks documented district relationships in lineage.
41e64655-48ce-4e6d-b222-02f4f3a37a9b,SPLIT,1979,Pulwama,Srinagar,Pulwama,MISSING_LINEAGE,Event lacks documented district relationships in lineage.
69676f49-fdb8-4979-af2d-38c0a21af0f1,SPLIT,1981,,Ratnagiri,,MISSING_LINEAGE,Event lacks documented district relationships in lineage.
7e4abbfc-ee2e-4b2b-9c47-6bdb987c70ac,SPLIT,2006,Ganderbal,Baramula,Ganderbal,MISSING_LINEAGE,Event lacks documented district relationships in lineage.
81d7beb2-cbab-4396-bc5b-0d01c3525512,SPLIT,2017,,Darjiling,,MISSING_LINEAGE,Event lacks documented district relationships in lineage.
8e7dc66c-87c4-480f-8fd9-42049938fece,SPLIT,2003,,East Nimar,,MISSING_LINEAGE,Event lacks documented district relationships in lineage.
bd9f4a92-18da-4163-8e25-397a5ef07292,SPLIT,1972,Aizawl,,Aizawl,MISSING_LINEAGE,Event lacks documented district relationships in lineage.
de7fabe4-8334-4d85-9ca8-254aa32fcade,SPLIT,1972,Hazaribag,Hazaribagh,Hazaribag,NO_INTERSECTION,Geometries exist but do not spatially intersect.
07c51b37-67b3-427b-b6c9-707dbe1c083a,SPLIT,2013,Chhota Udepur,Vadodara,Chhota Udepur,MISSING_LINEAGE,Event lacks documented district relationships in lineage.
41a91c34-32c5-4eec-a17c-ae3a6a4c7449,SPLIT,2012,Khowai,West Tripura,Khowai,MISSING_LINEAGE,Event lacks documented district relationships in lineage.
6b99547c-c367-47a8-82e8-65a6b2531627,NEW_DISTRICT,1987,Upper Subansiri,,Upper Subansiri,MISSING_LINEAGE,Event lacks documented district relationships in lineage.
879b7571-2401-4f91-b3a4-7a872689f5de,SPLIT,2021,,West,,MISSING_LINEAGE,Event lacks documented district relationships in lineage.
a20d2d11-33b9-4baa-89dd-bbb49b197656,SPLIT,1998,Umaria,Shahdol,Umaria,MISSING_LINEAGE,Event lacks documented district relationships in lineage.
bffa9ec5-5a04-4127-83d7-3a83d332ba58,SPLIT,1992,Dakshin Dinajpur,West Dinajpur,Dakshin Dinajpur,NO_SOURCE_GEOMETRY,Source district lacks physical geometry at event time.
c1056f69-1359-4387-9005-01ca18b8be51,SPLIT,1986,Jehanabad,Gaya,Jehanabad,MISSING_LINEAGE,Event lacks documented district relationships in lineage.
cd7bd567-5ea3-4175-aebb-44f5df587322,SPLIT,1978,Rangareddy,Hyderabad,Rangareddy,MISSING_LINEAGE,Event lacks documented district relationships in lineage.
d0552555-5d0e-4084-a17f-0424d2962f5d,NEW_DISTRICT,1973,Rajnandgaon,Durg,Rajnandgaon,NO_INTERSECTION,Geometries exist but do not spatially intersect.
d5783d84-5243-41ec-b227-acb89d40abf6,SPLIT,2016,,Imphal East,,MISSING_LINEAGE,Event lacks documented district relationships in lineage.
fa787d5f-b21c-4731-a76d-6ce94a98ca62,SPLIT,2022,,Visakhapatnam,,MISSING_LINEAGE,Event lacks documented district relationships in lineage.
5867ba3e-2ee5-48ad-b161-4f9dd52c4af9,SPLIT,2016,Nagarkurnool,Mahabubnagar,Nagarkurnool,NO_SOURCE_GEOMETRY,Source district lacks physical geometry at event time.
64fb619a-8772-43f4-8988-936fdda18c41,SPLIT,1981,,Munger,,MISSING_LINEAGE,Event lacks documented district relationships in lineage.
77091c2a-093f-40b8-b9b0-2923bcf71302,SPLIT,2001,,Dumka,,MISSING_LINEAGE,Event lacks documented district relationships in lineage.
7f6624b5-dc2f-47c9-a319-da83d99d69d8,SPLIT,1989,,Gorakhpur,,MISSING_LINEAGE,Event lacks documented district relationships in lineage.
81b56032-3c37-4bca-9266-f6a17b5d2289,SPLIT,1972,,Darbhanga,,MISSING_LINEAGE,Event lacks documented district relationships in lineage.
903d0671-2a7b-461e-8697-9c93f63fa524,SPLIT,2023,,Nagaur,,MISSING_LINEAGE,Event lacks documented district relationships in lineage.
93546f46-ee32-473f-ab1d-f918c893286e,SPLIT,2022,,Chittoor,,MISSING_LINEAGE,Event lacks documented district relationships in lineage.
c1082167-a5a0-4dd0-8a05-e2b14b804853,SPLIT,2015,Kra Daadi,Kurung Kumey,Kra Daadi,MISSING_LINEAGE,Event lacks documented district relationships in lineage.
c7d7da70-585f-43ee-8618-9c28407b6998,SPLIT,2022,,Visakhapatnam,,MISSING_LINEAGE,Event lacks documented district relationships in lineage.
dc172576-4c93-4562-b398-486bfdd168b0,SPLIT,1956,West Nimar,Nimar,West Nimar,NO_SOURCE_GEOMETRY,Source district lacks physical geometry at event time.
f24ed812-bf1c-4c13-bf14-ddbadebb543d,SPLIT,1974,,Andaman and Nicobar Islands,,MISSING_LINEAGE,Event lacks documented district relationships in lineage.
3a0566bc-d42b-4aae-b502-7a9805b57f1a,SPLIT,1994,Debagarh,Sambalpur,Debagarh,MISSING_LINEAGE,Event lacks documented district relationships in lineage.
6770c43b-d5a7-4cec-b54c-de5b963878c2,SPLIT,2016,,Bhiwani,,MISSING_LINEAGE,Event lacks documented district relationships in lineage.
77e8d694-3279-4f05-85d0-0ff61166575e,SPLIT,2023,,Jaipur,,MISSING_LINEAGE,Event lacks documented district relationships in lineage.
c9a2789b-d744-4949-a86a-7f26e6e21f96,SPLIT,2012,,Bastar,,MISSING_LINEAGE,Event lacks documented district relationships in lineage.
88c64a0c-860f-4602-bab7-5723b03c2ab4,SPLIT,1979,Kargil,Ladakh,Kargil,MISSING_LINEAGE,Event lacks documented district relationships in lineage.
c375ba12-91c3-4df7-9352-2ff204a17ed8,NEW_DISTRICT,2013,Botad,,Botad,MISSING_LINEAGE,Event lacks documented district relationships in lineage.
dfe14e43-1f5c-4f8b-8035-014eeeb04a17,NEW_DISTRICT,1956,East Nimar,Nimar,East Nimar,NO_SOURCE_GEOMETRY,Source district lacks physical geometry at event time.
8030e10c-d555-431d-acc8-b609cb4072e7,SPLIT,1989,,Mirzapur,,MISSING_LINEAGE,Event lacks documented district relationships in lineage.
8652fbfb-fadd-40fb-93ed-d3b94ba77ffe,NEW_DISTRICT,1983,,Goalpara,,MISSING_LINEAGE,Event lacks documented district relationships in lineage.
e440395c-8556-49c4-b457-8e0c25b5e29e,SPLIT,1999,Hingoli,Parbhani,Hingoli,MISSING_LINEAGE,Event lacks documented district relationships in lineage.
e6469962-be57-4d32-ab73-77f1b6a8f6ee,SPLIT,2011,,Firozpur,,MISSING_LINEAGE,Event lacks documented district relationships in lineage.
e67b0ff8-e4a9-46aa-923c-1c1223633509,SPLIT,2016,Majuli,Jorhat,Majuli,MISSING_LINEAGE,Event lacks documented district relationships in lineage.
684a4331-cdf3-4ae5-80bb-61e832c979d8,SPLIT,1997,,Bharuch,,MISSING_LINEAGE,Event lacks documented district relationships in lineage.
91ff1d5d-688e-472b-ac26-ec8dc5be491e,SPLIT,2003,Ashoknagar,Guna,Ashoknagar,MISSING_LINEAGE,Event lacks documented district relationships in lineage.
a91de970-04ed-421f-a1c3-0e03bef58749,SPLIT,1987,North Goa,Diu,North Goa,MISSING_LINEAGE,Event lacks documented district relationships in lineage.
b3fcd793-922e-4e06-99d5-e32faa66ef0b,SPLIT,2006,,Pulwama,,MISSING_LINEAGE,Event lacks documented district relationships in lineage.
cac824a5-b1f4-4be6-9ec3-480b5abd1eec,SPLIT,2011,,Ghaziabad,,MISSING_LINEAGE,Event lacks documented district relationships in lineage.
dbc69178-fc91-4796-a845-edaf342dfd87,SPLIT,1997,Dohad,Panch Mahals,Dohad,MISSING_LINEAGE,Event lacks documented district relationships in lineage.
1e44f04c-7faf-454f-a1f6-40e026e9a2c3,SPLIT,1985,,Kamrup,,MISSING_LINEAGE,Event lacks documented district relationships in lineage.
222062b7-12f1-4647-8c2e-8bb2235015af,SPLIT,1990,Mumbai,Greater Bombay,Mumbai,MISSING_LINEAGE,Event lacks documented district relationships in lineage.
3ff8efc3-ef04-4576-86b4-8c605b547589,SPLIT,1989,,Mahendragarh,,MISSING_LINEAGE,Event lacks documented district relationships in lineage.
5a26011d-c83e-4e00-af8e-05d805838566,NEW_DISTRICT,1972,Idukki,,Idukki,MISSING_LINEAGE,Event lacks documented district relationships in lineage.
7699150c-ebc6-4c75-9c8e-9f65c9d5f527,SPLIT,2018,,East Kameng,,MISSING_LINEAGE,Event lacks documented district relationships in lineage.
a5ea9ea8-d3f3-4686-9144-396c794b7b7e,SPLIT,1960,Uttar Kashi,Tehri Garhwal,Uttar Kashi,MISSING_LINEAGE,Event lacks documented district relationships in lineage.
e2a862e1-63b2-474b-b995-d8ef7fa9cbd4,SPLIT,1998,Serchhip,Aizawl,Serchhip,MISSING_LINEAGE,Event lacks documented district relationships in lineage.
48845d8a-0953-4740-8592-900b36a839c9,SPLIT,2013,,Central Saurashtra,,MISSING_LINEAGE,Event lacks documented district relationships in lineage.
4c024612-3d01-43a3-87be-9b87f1c826b8,SPLIT,2009,Tiruppur,Erode,Tiruppur,NO_SOURCE_GEOMETRY,Source district lacks physical geometry at event time.
631f8b7f-7fb9-444d-a56b-2ad7203af8f2,SPLIT,1981,,Aurangabad,,MISSING_LINEAGE,Event lacks documented district relationships in lineage.
9c9e7a94-f4e0-4129-a379-b0d7f5fd3bef,SPLIT,1995,,Hoshiarpur,,MISSING_LINEAGE,Event lacks documented district relationships in lineage.
e2ea4cc1-7fbb-47c0-bcdd-8246cdd3c515,SPLIT,2011,,Muzaffarnagar,,MISSING_LINEAGE,Event lacks documented district relationships in lineage.
f1ea122b-6fc1-4a78-a401-14d026217618,SPLIT,2004,Udalguri,Darrang,Udalguri,MISSING_LINEAGE,Event lacks documented district relationships in lineage.
f764eb39-0691-4444-8c3b-b64955b753c5,SPLIT,1990,Araria,Purnia,Araria,MISSING_LINEAGE,Event lacks documented district relationships in lineage.
1a1b6542-3b48-4bbb-ad35-2d967d1b443d,SPLIT,1997,,Chamoli,,MISSING_LINEAGE,Event lacks documented district relationships in lineage.
1d8b60e0-d3e1-4253-9476-7c4308e0bae9,SPLIT,2018,,East Kameng,,MISSING_LINEAGE,Event lacks documented district relationships in lineage.
58b30421-212a-4c25-91e9-f3c04eed52c7,SPLIT,2004,,Tuensang,,MISSING_LINEAGE,Event lacks documented district relationships in lineage.
7ed9fe58-9eaa-4285-b606-9f49f94b9ebe,NEW_DISTRICT,1956,Kathua,Jammu and Kashmir,Kathua,NO_SOURCE_GEOMETRY,Source district lacks physical geometry at event time.
9383083d-e736-465e-9d6d-e647762f70dc,SPLIT,2012,Kondagaon,Bastar,Kondagaon,MISSING_LINEAGE,Event lacks documented district relationships in lineage.
97e4331e-f925-4909-8590-3d818f398c08,NEW_DISTRICT,1992,Ri Bhoi,East Khasi Hills,Ri Bhoi,NO_SOURCE_GEOMETRY,Source district lacks physical geometry at event time.
a25229f3-5d76-486d-934e-b781948fc1a7,SPLIT,2016,Yadadri Bhuvanagiri,Nalgonda,Yadadri Bhuvanagiri,MISSING_LINEAGE,Event lacks documented district relationships in lineage.
d3243590-d339-4c0d-bf59-07c899b20e46,SPLIT,1997,,Dharwad,,MISSING_LINEAGE,Event lacks documented district relationships in lineage.
e10fa354-77c2-405d-9df5-9493b5e9ddaa,SPLIT,1991,Nagapattinam,Thanjavur,Nagapattinam,MISSING_LINEAGE,Event lacks documented district relationships in lineage.
3a2b98cb-e06c-4733-8b00-e6410f033a7c,SPLIT,1972,,Sehore,,MISSING_LINEAGE,Event lacks documented district relationships in lineage.
3b2c3d5c-5d49-40fc-80ba-7dccdc9d8a3d,SPLIT,2012,,Dantewada,,MISSING_LINEAGE,Event lacks documented district relationships in lineage.
4ce17bec-827c-4399-a6ac-2a783e52bcc9,NEW_DISTRICT,1995,Dhalai,North Tripura,Dhalai,MISSING_LINEAGE,Event lacks documented district relationships in lineage.
5fce86e9-74ac-40d9-bc47-65be9d95bec2,SPLIT,1998,Kawardha,Rajnandgaon,Kawardha,MISSING_LINEAGE,Event lacks documented district relationships in lineage.
8699f88d-ed7c-415c-bedd-e0f8e9c68d71,NEW_DISTRICT,1970,North Tripura,Tripura,North Tripura,MISSING_LINEAGE,Event lacks documented district relationships in lineage.
9dbd0974-d9eb-45b4-98b4-30d0c06e0af9,SPLIT,1960,Chamoli,Garhwal,Chamoli,MISSING_LINEAGE,Event lacks documented district relationships in lineage.
ff8d634d-5ef5-497a-89d6-f963ea32a9aa,NEW_DISTRICT,2009,Yadgir,Gulbarga,Yadgir,NO_INTERSECTION,Geometries exist but do not spatially intersect.
11e5cc63-bdd2-4d1e-9261-d00bcce23c70,SPLIT,2006,South Andaman,,South Andaman,MISSING_LINEAGE,Event lacks documented district relationships in lineage.
32f083c1-5d41-4b73-8ef2-ebe77a3da77f,SPLIT,1998,Jashpur,Kolaba,Jashpur,MISSING_LINEAGE,Event lacks documented district relationships in lineage.
69248789-aba3-4342-943f-d20ea5f57826,SPLIT,2016,,Ranga Reddy,,MISSING_LINEAGE,Event lacks documented district relationships in lineage.
7b74991c-d405-4b10-b3e0-6dd24b98a22a,SPLIT,1989,,Dibrugarh,,MISSING_LINEAGE,Event lacks documented district relationships in lineage.
888a52c7-1548-4102-b0c3-bae467224010,NEW_DISTRICT,2012,West Jaintia Hills,East Jaintia Hills,West Jaintia Hills,NO_SOURCE_GEOMETRY,Source district lacks physical geometry at event time.
9f747e6f-8a9a-4b53-b3e1-431810e69cfa,SPLIT,1981,Deoghar,Santhal Parganas,Deoghar,NO_SOURCE_GEOMETRY,Source district lacks physical geometry at event time.
0b71a670-920d-4278-b014-d7a5c5f35fc4,SPLIT,2017,Kamle,Upper Subansiri,Kamle,NO_INTERSECTION,Geometries exist but do not spatially intersect.
231d0047-bce5-4095-a42c-9c2001ae8231,SPLIT,1998,,West Nimar,,MISSING_LINEAGE,Event lacks documented district relationships in lineage.
2913dab2-950c-495b-8d0f-9242b43acc2e,SPLIT,1998,Katni,Jabalpur,Katni,MISSING_LINEAGE,Event lacks documented district relationships in lineage.
36f6dcc5-9291-4d8a-9ece-17d2c1c30d4c,SPLIT,1972,Giridih,Hazaribagh,Giridih,MISSING_LINEAGE,Event lacks documented district relationships in lineage.
3c5fa904-8c55-4c58-a937-e6b274382b88,SPLIT,2001,,Gumla,,MISSING_LINEAGE,Event lacks documented district relationships in lineage.
6aba09f3-2536-4718-97ac-a7030cfb6ce6,SPLIT,2016,Jogulamba Gadwal,Mahabubnagar,Jogulamba Gadwal,NO_SOURCE_GEOMETRY,Source district lacks physical geometry at event time.
7e3d78c4-f6bd-4ce8-8a13-77aafc0439b5,NEW_DISTRICT,1980,West Kameng,Kamle,West Kameng,NO_INTERSECTION,Geometries exist but do not spatially intersect.
8729cc37-ecc4-4118-9cf0-c5f04424c344,SPLIT,2001,Saraikela-kharsawan,Pashchimi Singhbhum,Saraikela-kharsawan,MISSING_LINEAGE,Event lacks documented district relationships in lineage.
9c7d1ac2-ad98-44df-9953-5332e9684b39,SPLIT,1980,West Kameng,Kamle,West Kameng,NO_INTERSECTION,Geometries exist but do not spatially intersect.
fa01bb13-515b-4d8e-9bc6-fbe940dc6c77,SPLIT,2023,,Sawai Madhopur,,MISSING_LINEAGE,Event lacks documented district relationships in lineage.
2d5cee81-237a-4383-b11f-cc913d615618,NEW_DISTRICT,1974,,Andaman and Nicobar Islands,,MISSING_LINEAGE,Event lacks documented district relationships in lineage.
862dacb9-b22c-464e-802e-f429b4d55324,NEW_DISTRICT,1980,Wayanad,,Wayanad,MISSING_LINEAGE,Event lacks documented district relationships in lineage.
93a620e8-0ed9-4d2f-b7e5-7929024dbb81,SPLIT,2016,,Mahabubnagar,,MISSING_LINEAGE,Event lacks documented district relationships in lineage.
97f66d8f-3840-4866-812b-02e732ba62a7,SPLIT,1993,,Balangir,,MISSING_LINEAGE,Event lacks documented district relationships in lineage.
9fd0970d-55a3-41aa-b700-38bec2f0b762,SPLIT,1998,Kolasib,Aizawl,Kolasib,MISSING_LINEAGE,Event lacks documented district relationships in lineage.
b449492f-e958-4576-8adc-21044c40c0dc,SPLIT,1997,Karauli,Sawai Madhopur,Karauli,MISSING_LINEAGE,Event lacks documented district relationships in lineage.
b8ac3175-6978-478c-86ed-75c3ce981a36,SPLIT,2016,,Nalgonda,,MISSING_LINEAGE,Event lacks documented district relationships in lineage.
e299667a-dae1-4c0c-9d4b-d6ed2ba8c9dc,SPLIT,1973,Nawada,Gaya,Nawada,MISSING_LINEAGE,Event lacks documented district relationships in lineage.
feebf22d-8f3d-4c33-96a4-a6fb8e52d152,SPLIT,2006,,Ropar,,MISSING_LINEAGE,Event lacks documented district relationships in lineage.
514470f7-ab66-495c-98e5-28ade8b8e4f3,SPLIT,2016,Medak,Karimnagar,Medak,NO_SOURCE_GEOMETRY,Source district lacks physical geometry at event time.
51bb6a04-3815-4dbc-8ecd-01abbc43b3a4,SPLIT,1954,,Balipara Frontier Tract,,MISSING_LINEAGE,Event lacks documented district relationships in lineage.
61edfa13-4c15-4925-b948-8dfb1d99c303,SPLIT,1982,,Bharatpur,,MISSING_LINEAGE,Event lacks documented district relationships in lineage.
be93d1d1-d98b-4ec8-8505-bad7d778770b,NEW_DISTRICT,1997,Rudraprayag,Chamoli,Rudraprayag,NO_SOURCE_GEOMETRY,Source district lacks physical geometry at event time.
da35f9fd-69ea-4edb-9449-b9e268fb94bc,SPLIT,2012,,West Khasi Hills,,MISSING_LINEAGE,Event lacks documented district relationships in lineage.
ebaf7f90-cda8-48c9-81bc-74c8a1627545,SPLIT,2016,,Manipur South,,MISSING_LINEAGE,Event lacks documented district relationships in lineage.
09924361-de6d-4cfb-a5f8-ec18340a9525,NEW_DISTRICT,2016,Rajanna Sircilla,Karimnagar,Rajanna Sircilla,NO_SOURCE_GEOMETRY,Source district lacks physical geometry at event time.
44258886-c003-46ab-916e-ff8965129137,SPLIT,2016,Jagitial,Karimnagar,Jagitial,NO_SOURCE_GEOMETRY,Source district lacks physical geometry at event time.
5937f02d-3408-4008-86a1-dfc073deaa79,NEW_DISTRICT,2011,,Ghaziabad,,MISSING_LINEAGE,Event lacks documented district relationships in lineage.
65bb7c5f-54f1-4f47-9295-abfde02b892d,SPLIT,1989,Maharajganj,Gorakhpur,Maharajganj,MISSING_LINEAGE,Event lacks documented district relationships in lineage.
78fbe6e6-0339-48a1-b0f2-676ad915c51e,SPLIT,2023,,Udaipur,,MISSING_LINEAGE,Event lacks documented district relationships in lineage.
93b1d8a8-2a0c-49f3-bc76-7d518a27da20,SPLIT,2016,,Manipur West,,MISSING_LINEAGE,Event lacks documented district relationships in lineage.
af47b02f-a31b-4de5-9e12-37c3e2a4ed37,SPLIT,1987,South Goa,Diu,South Goa,NO_TARGET_GEOMETRY,Target district lacks physical geometry at event time.
07600426-793b-4f51-9864-292e8c8c1634,SPLIT,1998,,Mandsaur,,MISSING_LINEAGE,Event lacks documented district relationships in lineage.
2ef25821-5642-40d8-96d0-d6b8a715ea07,NEW_DISTRICT,1994,Kodarma,Hazaribag,Kodarma,NO_SOURCE_GEOMETRY,Source district lacks physical geometry at event time.
9757369b-6383-4681-b39b-28d5ba09c18e,SPLIT,2009,,Coimbatore,,MISSING_LINEAGE,Event lacks documented district relationships in lineage.
98e00dfd-2184-41bf-ad64-c291921ffc3a,SPLIT,1997,,Sawai Madhopur,,MISSING_LINEAGE,Event lacks documented district relationships in lineage.
bf2aee88-be8e-42d0-99ed-1c2cd73d5f82,NEW_DISTRICT,2003,,Shahdol,,MISSING_LINEAGE,Event lacks documented district relationships in lineage.
c8f69520-688a-4298-9116-0e4f2d94c621,SPLIT,2016,Nirmal,Adilabad,Nirmal,MISSING_LINEAGE,Event lacks documented district relationships in lineage.
f269f1a0-d589-40e4-914e-96e4f390cfd8,SPLIT,1998,Neemuch,Mandsaur,Neemuch,MISSING_LINEAGE,Event lacks documented district relationships in lineage.
2d7aa2c4-397a-44b3-b751-592c0d0c7e73,SPLIT,2022,,Vizianagaram,,MISSING_LINEAGE,Event lacks documented district relationships in lineage.
3365d923-eab4-4440-ae0b-aa109a76fc0c,SPLIT,2021,,West Khasi Hills,,MISSING_LINEAGE,Event lacks documented district relationships in lineage.
3624bb0b-856d-40f0-8109-5b9151700fd8,SPLIT,1998,,Akola,,MISSING_LINEAGE,Event lacks documented district relationships in lineage.
378a1820-fb97-4325-bcbc-d748bbec9e17,SPLIT,2018,,West Siang,,MISSING_LINEAGE,Event lacks documented district relationships in lineage.
be62b96f-8a86-4baa-bed6-a19817ee4a8f,NEW_DISTRICT,1983,Sahibganj,Santhal Parganas,Sahibganj,NO_SOURCE_GEOMETRY,Source district lacks physical geometry at event time.
2a3d4f4d-2792-49a6-9d12-26a1e6c373b2,SPLIT,1958,Ernakulam,Kottayam,Ernakulam,NO_SOURCE_GEOMETRY,Source district lacks physical geometry at event time.
449aa272-760e-4495-9364-d995ecc09410,SPLIT,1997,Narmada,Bharuch,Narmada,MISSING_LINEAGE,Event lacks documented district relationships in lineage.
501f2a1e-d3f6-484d-825b-ddbb5c326fde,SPLIT,2023,,Bhilwara,,MISSING_LINEAGE,Event lacks documented district relationships in lineage.
605ae0dd-d11b-46a3-a2b2-36210d282eac,SPLIT,1998,,Rajnandgaon,,MISSING_LINEAGE,Event lacks documented district relationships in lineage.
750c146f-2cb4-4e63-b439-e3093a5ae65b,SPLIT,2015,,Sonitpur,,MISSING_LINEAGE,Event lacks documented district relationships in lineage.
75e13506-fe7f-4737-9b85-668699bf4bb8,SPLIT,1972,,Simla,,MISSING_LINEAGE,Event lacks documented district relationships in lineage.
d1f6110e-47f0-4e6b-ac3c-a6c032b4cca5,SPLIT,1998,Mamit,Aizawl,Mamit,MISSING_LINEAGE,Event lacks documented district relationships in lineage.
02617eb3-e659-4a95-89bf-7b6abb75b754,SPLIT,1991,,Jaipur,,MISSING_LINEAGE,Event lacks documented district relationships in lineage.
268ee117-7091-4ae0-9cd8-298d014a1612,SPLIT,2004,Chirang,,Chirang,MISSING_LINEAGE,Event lacks documented district relationships in lineage.
336d9ff9-5087-45f1-adab-d7282bbb7f3f,SPLIT,1979,Kargil,Ladakh,Kargil,MISSING_LINEAGE,Event lacks documented district relationships in lineage.
567925b2-39be-42c0-b2aa-e73f017255bd,SPLIT,1972,Lunglei,,Lunglei,MISSING_LINEAGE,Event lacks documented district relationships in lineage.
7402a8ea-65f1-42be-8193-51faf0ab07fe,SPLIT,2012,Bemetara,Durg,Bemetara,MISSING_LINEAGE,Event lacks documented district relationships in lineage.
98af9fdb-8aea-4d0d-995a-c85eab4f0f6a,SPLIT,1958,,Trichur,,MISSING_LINEAGE,Event lacks documented district relationships in lineage.
d1980451-2581-415a-89a2-5a38e68cd050,SPLIT,1972,,Patna,,MISSING_LINEAGE,Event lacks documented district relationships in lineage.
e8340ea6-4d15-4db2-a94f-29beec9455ea,NEW_DISTRICT,1961,Diu,,Diu,MISSING_LINEAGE,Event lacks documented district relationships in lineage.
1f03778e-a60b-4cb0-83a3-58a1d82dae17,SPLIT,1993,Kendrapara,Cuttack,Kendrapara,MISSING_LINEAGE,Event lacks documented district relationships in lineage.
43ef7352-40a4-4285-bdd4-0000c5a3b809,SPLIT,1989,,Agra,,MISSING_LINEAGE,Event lacks documented district relationships in lineage.
7f6156b8-b4db-4ae8-a6f7-ea5072ae9aba,SPLIT,1954,,Balipara Frontier Tract,,MISSING_LINEAGE,Event lacks documented district relationships in lineage.
92e0094b-393c-42b3-8d2c-9692bde00ecc,SPLIT,1998,Korba,Bilaspur,Korba,MISSING_LINEAGE,Event lacks documented district relationships in lineage.
a17d9fb3-3f9c-4f80-81de-7a9df5514ecb,SPLIT,2022,,East Godavari,,MISSING_LINEAGE,Event lacks documented district relationships in lineage.
a4e205a1-61e9-41d2-a77a-7ce27b36485e,SPLIT,2004,,Bongaigaon,,MISSING_LINEAGE,Event lacks documented district relationships in lineage.
df083c5d-d57d-4811-9f90-acd90c06ac65,SPLIT,2023,,Bhilwara,,MISSING_LINEAGE,Event lacks documented district relationships in lineage.
ed63a7f4-931c-489d-bd97-e2d7f0e4cfad,NEW_DISTRICT,1956,Srinagar,Jammu and Kashmir,Srinagar,NO_SOURCE_GEOMETRY,Source district lacks physical geometry at event time.
00f07bb3-21fa-4456-820c-128f80d764ae,SPLIT,1953,Khammam,Warangal,Khammam,MISSING_LINEAGE,Event lacks documented district relationships in lineage.
1ad8a143-61d6-4109-9747-1d1c254b49cd,NEW_DISTRICT,2017,Kamle,,Kamle,MISSING_LINEAGE,Event lacks documented district relationships in lineage.
31044f0e-507d-4424-9787-eb2d38148363,NEW_DISTRICT,1961,Dadra and Nagar Haveli,,Dadra and Nagar Haveli,MISSING_LINEAGE,Event lacks documented district relationships in lineage.
3cc208cb-e64b-4159-bc9e-fc3c502848ef,SPLIT,2019,,Kancheepuram,,MISSING_LINEAGE,Event lacks documented district relationships in lineage.
56255e30-9403-450b-abc8-63079b8aa889,NEW_DISTRICT,1997,Thiruvarur,,Thiruvarur,MISSING_LINEAGE,Event lacks documented district relationships in lineage.
8e89a47c-f0ce-452d-9cfd-f76b3634925c,NEW_DISTRICT,2015,,Dhubri,,MISSING_LINEAGE,Event lacks documented district relationships in lineage.
a6254cf4-6064-442d-a7ba-7b97bbd89728,NEW_DISTRICT,2021,,West Khasi Hills,,MISSING_LINEAGE,Event lacks documented district relationships in lineage.
ac44ba36-d6fa-4730-b29a-0a89b6a86814,SPLIT,1998,Dantewada,Bastar,Dantewada,MISSING_LINEAGE,Event lacks documented district relationships in lineage.
d15ed765-11c1-4bf8-a3e3-4b2d2fe0fa64,SPLIT,1992,Uttar Dinajpur,West Dinajpur,Uttar Dinajpur,NO_SOURCE_GEOMETRY,Source district lacks physical geometry at event time.
d4083c81-446c-4364-96a1-8b668304d7e0,SPLIT,1965,,Salem,,MISSING_LINEAGE,Event lacks documented district relationships in lineage.
d9fd71c0-359f-4918-993c-6e071d0aa0bd,SPLIT,1972,Samastipur,Darbhanga,Samastipur,MISSING_LINEAGE,Event lacks documented district relationships in lineage.
e656d09c-a2f3-447e-81c6-895f6f16180c,SPLIT,2016,Kamareddy,Nizamabad,Kamareddy,MISSING_LINEAGE,Event lacks documented district relationships in lineage.
0add88ea-b4f2-418b-a228-dc650b58d9be,SPLIT,2016,Mancherial,Adilabad,Mancherial,MISSING_LINEAGE,Event lacks documented district relationships in lineage.
30774841-7f1e-4821-8fe4-ee8a3c21f3f1,SPLIT,2013,Aravalli,Sabar Kantha,Aravalli,MISSING_LINEAGE,Event lacks documented district relationships in lineage.
38d23b27-17d2-4048-a6ae-008fda371be5,SPLIT,1998,Mahasamund,Raipur,Mahasamund,MISSING_LINEAGE,Event lacks documented district relationships in lineage.
404ef373-32f0-43a1-a421-77be58292b21,SPLIT,2018,,Lower Siang,,MISSING_LINEAGE,Event lacks documented district relationships in lineage.
736ba40a-dbc0-4306-b463-8cdcb5d09f82,SPLIT,2009,,Gulbarga,,MISSING_LINEAGE,Event lacks documented district relationships in lineage.
773a5862-9358-43bc-8033-5d60244e5665,NEW_DISTRICT,1957,Mokokchung,Tuensang,Mokokchung,NO_SOURCE_GEOMETRY,Source district lacks physical geometry at event time.
8c44c6ff-1eb4-4f39-bc88-1b1f2bc380e9,SPLIT,2007,Ariyalur,Perambalur,Ariyalur,NO_SOURCE_GEOMETRY,Source district lacks physical geometry at event time.
9366e06f-de94-4126-a94a-896fbf269c84,SPLIT,2011,Surajpur,Surguja,Surajpur,MISSING_LINEAGE,Event lacks documented district relationships in lineage.
9dc80b24-7f56-4265-a16e-e5b7f1609f46,NEW_DISTRICT,2004,Barpeta,,Barpeta,MISSING_LINEAGE,Event lacks documented district relationships in lineage.
a9d083aa-a3c8-4c69-81e5-5552b5fdc61d,SPLIT,1974,,Jhansi,,MISSING_LINEAGE,Event lacks documented district relationships in lineage.
d5125885-a63a-45a2-a441-fbf26cc284cf,SPLIT,2015,,Dhubri,,MISSING_LINEAGE,Event lacks documented district relationships in lineage.
33fbc7f7-3806-4431-a842-e802314180d9,SPLIT,1981,Sindhudurg,Ratnagiri,Sindhudurg,MISSING_LINEAGE,Event lacks documented district relationships in lineage.
427ac992-33fc-4b84-9f9e-853a55ef9a76,SPLIT,1993,Nuapada,Kalahandi,Nuapada,MISSING_LINEAGE,Event lacks documented district relationships in lineage.
489461c1-715c-4dab-b350-dd8a1d2c6ea7,SPLIT,1957,,Kottayam,,MISSING_LINEAGE,Event lacks documented district relationships in lineage.
731de343-f8f8-4fa3-9ae5-60d92e01d3d7,SPLIT,2021,,Naga Hills,,MISSING_LINEAGE,Event lacks documented district relationships in lineage.
80a87e56-78a6-4857-8546-6db36d3e37f4,SPLIT,2015,,Mikir Hills,,MISSING_LINEAGE,Event lacks documented district relationships in lineage.
8cc4e752-7fcf-4b21-90d8-8fe630d52f01,NEW_DISTRICT,1987,Golaghat,Sibsagar,Golaghat,NO_INTERSECTION,Geometries exist but do not spatially intersect.
9bfef0fe-5e0c-4750-a9f0-a15879e2deee,SPLIT,1981,Madhepura,Saharsa,Madhepura,MISSING_LINEAGE,Event lacks documented district relationships in lineage.
c40cafb2-2ec0-4882-9906-ddbd903f8588,SPLIT,2019,,Tirunelveli,,MISSING_LINEAGE,Event lacks documented district relationships in lineage.
cf8cc53b-e06e-421c-98d6-53032c022ba9,SPLIT,1953,,Warangal,,MISSING_LINEAGE,Event lacks documented district relationships in lineage.
d1caa0fa-beab-473a-a426-3f5ab61ce786,SPLIT,2017,,Lower Subansiri,,MISSING_LINEAGE,Event lacks documented district relationships in lineage.
d3bff707-d836-420b-aef0-6eef115861e5,SPLIT,1998,Koriya,Surguja,Koriya,MISSING_LINEAGE,Event lacks documented district relationships in lineage.
d92963ea-7d86-4c68-8d06-c7fe4fefef44,SPLIT,2022,,Chittoor,,MISSING_LINEAGE,Event lacks documented district relationships in lineage.
e95dbc28-cd15-41a2-9492-d73dc360eea5,NEW_DISTRICT,2020,,Barpeta,,MISSING_LINEAGE,Event lacks documented district relationships in lineage.
13a8ad42-5534-42eb-b270-72b7372c1090,SPLIT,1991,,Kota,,MISSING_LINEAGE,Event lacks documented district relationships in lineage.
1d468113-3453-44ab-ad26-5084dc45dabb,SPLIT,1982,Latur,Osmanabad,Latur,MISSING_LINEAGE,Event lacks documented district relationships in lineage.
33611dcd-9c70-4c50-b87c-951c14a2c59c,SPLIT,1997,,Ghaziabad,,MISSING_LINEAGE,Event lacks documented district relationships in lineage.
439f0ac2-23fc-412d-94f9-f4cf19ac981f,SPLIT,1987,North Goa,Diu,North Goa,NO_TARGET_GEOMETRY,Target district lacks physical geometry at event time.
4d102134-8e97-4d97-b6e9-da2ca78788a6,NEW_DISTRICT,1956,Damoh,Sagar,Damoh,NO_INTERSECTION,Geometries exist but do not spatially intersect.
5687e441-0615-4e9f-b165-c08e75e4f320,SPLIT,1988,Hardwar,,Hardwar,MISSING_LINEAGE,Event lacks documented district relationships in lineage.
8219aa6c-6d3b-43c9-9215-0defacfbd06e,SPLIT,1997,Shrawasti,Bahraich,Shrawasti,MISSING_LINEAGE,Event lacks documented district relationships in lineage.
184fb9f0-dc9a-4931-8aae-5f1701e1ea3f,NEW_DISTRICT,2007,Dantewada,,Dantewada,MISSING_LINEAGE,Event lacks documented district relationships in lineage.
363e2cec-7bd7-4869-b898-8f486e2cf899,NEW_DISTRICT,2016,Jagtial,Karimnagar,Jagtial,NO_SOURCE_GEOMETRY,Source district lacks physical geometry at event time.
40fd15ec-05c1-404d-b3d1-dee54a7a585d,NEW_DISTRICT,1997,Udupi,,Udupi,MISSING_LINEAGE,Event lacks documented district relationships in lineage.
bfb82e32-e16f-41c2-a60d-e8bce6369dc3,SPLIT,2019,Ranipet,Vellore,Ranipet,MISSING_LINEAGE,Event lacks documented district relationships in lineage.
e41cc13c-f80e-42b1-9c21-b10f075028c7,SPLIT,1997,,Thanjavur,,MISSING_LINEAGE,Event lacks documented district relationships in lineage.
3d6fb073-1533-45f2-b062-54897a000018,NEW_DISTRICT,1973,Aurangabad,Gaya,Aurangabad,NO_INTERSECTION,Geometries exist but do not spatially intersect.
6515fec8-c40d-41e2-9550-155df6767670,SPLIT,1983,Karimganj,Cachar,Karimganj,MISSING_LINEAGE,Event lacks documented district relationships in lineage.
95648408-b565-4437-ba20-d93e355fbd71,SPLIT,1989,,Goalpara,,MISSING_LINEAGE,Event lacks documented district relationships in lineage.
cda74b70-1b64-4b00-8cd4-1a17bc33e8b6,NEW_DISTRICT,1998,Mahasamund,Raipur,Mahasamund,NO_SOURCE_GEOMETRY,Source district lacks physical geometry at event time.
d416755b-a9df-4967-9aef-a2fba0379ab3,NEW_DISTRICT,2019,,Lunglei,,MISSING_LINEAGE,Event lacks documented district relationships in lineage.
d7ce07ae-e7c9-4457-b42d-d0a4182ef00c,SPLIT,1997,,Rohtak,,MISSING_LINEAGE,Event lacks documented district relationships in lineage.
e5d082a7-cfff-49e6-995f-da97d8ca8fdf,SPLIT,1998,Barwani,West Nimar,Barwani,MISSING_LINEAGE,Event lacks documented district relationships in lineage.
eeda5bbc-fba3-4343-b0ed-2c6e0cc99825,SPLIT,1965,Dharmapuri,Salem,Dharmapuri,MISSING_LINEAGE,Event lacks documented district relationships in lineage.
f13f1a45-ecfb-41cb-9aaa-a1ab727daab8,NEW_DISTRICT,1996,Theni,Madurai,Theni,NO_SOURCE_GEOMETRY,Source district lacks physical geometry at event time.
f167b196-afe7-41d7-be0b-0245542eced3,SPLIT,1960,,Garhwal,,MISSING_LINEAGE,Event lacks documented district relationships in lineage.
f2c24000-06df-4690-9e88-270867993a7a,SPLIT,1972,Hamirpur,Kangra,Hamirpur,MISSING_LINEAGE,Event lacks documented district relationships in lineage.
fe522fbc-33c7-4eaf-ad36-42a3c64e442f,SPLIT,2016,Kamjong,Manipur East,Kamjong,MISSING_LINEAGE,Event lacks documented district relationships in lineage.
0ac53694-1003-43f9-b130-fd008e1394df,SPLIT,2012,Mungeli,Bilaspur,Mungeli,MISSING_LINEAGE,Event lacks documented district relationships in lineage.
2fcf25e2-684e-4248-a7d6-09fc985c04bc,SPLIT,2001,,Palamu,,MISSING_LINEAGE,Event lacks documented district relationships in lineage.
4a958d25-3b28-45fc-bc4e-0a236fb23ae5,SPLIT,2001,,Pashchimi Singhbhum,,MISSING_LINEAGE,Event lacks documented district relationships in lineage.
998d38e2-8b5e-4504-a088-f263495a00f6,SPLIT,1991,,Hazaribag,,MISSING_LINEAGE,Event lacks documented district relationships in lineage.
b3a80fb6-0f0c-48a9-bd48-c29fab94a485,NEW_DISTRICT,1997,Kancheepuram,,Kancheepuram,MISSING_LINEAGE,Event lacks documented district relationships in lineage.
d7bee9e7-4f8d-4414-9a86-4cfa2ceab8bd,SPLIT,1987,,,,MISSING_LINEAGE,Event lacks documented district relationships in lineage.
123781cf-36c7-45c2-b716-4d55980ce69d,NEW_DISTRICT,1956,Udhampur,Jammu and Kashmir,Udhampur,NO_SOURCE_GEOMETRY,Source district lacks physical geometry at event time.
6d66f7ed-06be-4a06-b1bf-edb78971632f,SPLIT,2016,Kangpokpi,Manipur North,Kangpokpi,MISSING_LINEAGE,Event lacks documented district relationships in lineage.
833e6add-ea1c-48bc-b906-d174d897a487,SPLIT,1956,,Hoshangabad,,MISSING_LINEAGE,Event lacks documented district relationships in lineage.
9c536b7b-5589-4f32-a7ed-2a42bd9e61ab,SPLIT,1993,,Kalahandi,,MISSING_LINEAGE,Event lacks documented district relationships in lineage.
a39b6151-85b3-40c7-9a88-2e8e79bccdd2,SPLIT,1982,,Quilon,,MISSING_LINEAGE,Event lacks documented district relationships in lineage.
cc78c592-1cf5-4815-81bd-757127bd8abf,SPLIT,2006,Ramban,Doda,Ramban,MISSING_LINEAGE,Event lacks documented district relationships in lineage.
e5b6561e-5667-4738-90be-bab1b119f8ff,SPLIT,2012,,Raipur,,MISSING_LINEAGE,Event lacks documented district relationships in lineage.
0c6f5af7-4864-4f6f-ab43-4a238fcd36f0,SPLIT,1984,,Cannanore,,MISSING_LINEAGE,Event lacks documented district relationships in lineage.
6b292c16-7f74-4457-a691-a7b218a8ff3d,SPLIT,2016,,Chandel,,MISSING_LINEAGE,Event lacks documented district relationships in lineage.
8ced1dfc-a08d-46ea-b03c-2fa46972dafd,SPLIT,1985,Dindigul Anna,Madurai,Dindigul Anna,MISSING_LINEAGE,Event lacks documented district relationships in lineage.
a95e5ae4-7317-4519-9f48-c0f8c35da321,SPLIT,1960,,Kangra,,MISSING_LINEAGE,Event lacks documented district relationships in lineage.
abecba6f-00df-4c8c-a91b-44a1c1fe50ca,SPLIT,1982,,Chanda,,MISSING_LINEAGE,Event lacks documented district relationships in lineage.
b84d8a3e-ca16-4422-a158-b8d5bfb6fcaa,SPLIT,1998,Nandurbar,Dhule,Nandurbar,MISSING_LINEAGE,Event lacks documented district relationships in lineage.
e7765e07-edfb-40e0-8a9e-a04dafc1564d,SPLIT,2019,Saitual,Aizawl,Saitual,MISSING_LINEAGE,Event lacks documented district relationships in lineage.
073f6657-8245-4773-897c-51c868d87e52,SPLIT,2004,Krishnagiri,Dharmapuri,Krishnagiri,MISSING_LINEAGE,Event lacks documented district relationships in lineage.
094b5618-692d-42f3-95af-11a67cf687dd,SPLIT,1991,,Palamu,,MISSING_LINEAGE,Event lacks documented district relationships in lineage.
2cf2cea3-f130-45fe-b50b-f5de5d110f4f,SPLIT,1969,,Palghat,,MISSING_LINEAGE,Event lacks documented district relationships in lineage.
2d4eb6c1-ed37-4abe-874d-ac52903f3fac,SPLIT,2013,Devbhumi Dwarka,Halar,Devbhumi Dwarka,MISSING_LINEAGE,Event lacks documented district relationships in lineage.
4c6e8731-6a51-4592-b6fa-a9ae94538d6f,SPLIT,2016,Jiribam,Imphal East,Jiribam,MISSING_LINEAGE,Event lacks documented district relationships in lineage.
aaa7acd8-fbe0-48f9-921d-5e47ff11a742,SPLIT,2021,,West Khasi Hills,,MISSING_LINEAGE,Event lacks documented district relationships in lineage.
e0a4261d-b551-4c83-9416-d1ffd712c7e7,SPLIT,2006,Sahibzada Ajit Singh Nagar,Ropar,Sahibzada Ajit Singh Nagar,MISSING_LINEAGE,Event lacks documented district relationships in lineage.
e74de32b-979d-4a0a-a769-de981061215f,NEW_DISTRICT,2011,,,,MISSING_LINEAGE,Event lacks documented district relationships in lineage.
e86c210c-0329-4e75-81a6-4a1df7cbc7b1,SPLIT,2004,,,,MISSING_LINEAGE,Event lacks documented district relationships in lineage.
f44a91fa-d296-4eaf-9df6-b8e9e47d4102,SPLIT,2021,,Naga Hills,,MISSING_LINEAGE,Event lacks documented district relationships in lineage.
38140216-7804-495b-890e-09c5ce06dfe1,SPLIT,2014,Palghar,Thane,Palghar,MISSING_LINEAGE,Event lacks documented district relationships in lineage.
41205bce-8b98-4e48-a6b6-f2b68a6cb07f,SPLIT,1981,Khagaria,Munger,Khagaria,MISSING_LINEAGE,Event lacks documented district relationships in lineage.
74237540-ca0b-4dfd-9a18-3e0d0f7ae8bf,SPLIT,1993,Jajapur,Cuttack,Jajapur,MISSING_LINEAGE,Event lacks documented district relationships in lineage.
9864f5e7-b76a-46f6-a648-13970484ed35,SPLIT,1983,Sonitpur,Darrang,Sonitpur,MISSING_LINEAGE,Event lacks documented district relationships in lineage.
c21f5f1b-9576-4e8c-bbe9-e3e0b9123325,SPLIT,1997,Bagalkot,Bijapur,Bagalkot,MISSING_LINEAGE,Event lacks documented district relationships in lineage.
c90c91d9-8688-4e72-a77a-6f56b6372d7a,SPLIT,2019,,Viluppuram,,MISSING_LINEAGE,Event lacks documented district relationships in lineage.
f52d3d60-1c9c-4b92-b6d3-9411270652bb,SPLIT,2012,Sukma,Dantewada,Sukma,MISSING_LINEAGE,Event lacks documented district relationships in lineage.
06c0d543-b6fc-402a-9269-29f73641345d,SPLIT,1983,,Kamrup,,MISSING_LINEAGE,Event lacks documented district relationships in lineage.
52559a6d-eab5-4d66-a7e9-cec61b54f418,SPLIT,2021,,Tuensang,,MISSING_LINEAGE,Event lacks documented district relationships in lineage.
5446aed2-0222-465f-94b7-572a72731bbc,SPLIT,1990,Kishanganj,Purnia,Kishanganj,MISSING_LINEAGE,Event lacks documented district relationships in lineage.
5e625307-c768-40f5-ade1-99d15935e89b,NEW_DISTRICT,1979,Vizianagaram,,Vizianagaram,MISSING_LINEAGE,Event lacks documented district relationships in lineage.
965285ed-d104-4762-88c7-74ff5705d7cf,SPLIT,1997,,Thanjavur,,MISSING_LINEAGE,Event lacks documented district relationships in lineage.
c4ccbb91-2a14-41f1-9aa1-9be79679c518,SPLIT,2023,,Jodhpur,,MISSING_LINEAGE,Event lacks documented district relationships in lineage.
e43fe736-27da-49bf-b5ed-d20e81da6269,SPLIT,1983,Lohardaga,Ranchi,Lohardaga,MISSING_LINEAGE,Event lacks documented district relationships in lineage.
29dbc72c-3da4-4319-be4d-7e2645452847,SPLIT,1974,Pudukkottai,Tiruchirapalli,Pudukkottai,MISSING_LINEAGE,Event lacks documented district relationships in lineage.
19210377-4e13-4373-a0f2-65d1a4488d6c,SPLIT,1989,Rewari,Mahendragarh,Rewari,MISSING_LINEAGE,Event lacks documented district relationships in lineage.
20c8ace7-3c07-4213-a4e9-a77b1dc8f1ef,SPLIT,2004,Barpeta,Kamrup,Barpeta,MISSING_LINEAGE,Event lacks documented district relationships in lineage.
32e67423-82e9-40a7-ad78-afca4c17cee4,SPLIT,1957,,Tuensang,,MISSING_LINEAGE,Event lacks documented district relationships in lineage.
4d572911-f361-44e3-8748-985f89b06f12,SPLIT,1979,,Coimbatore,,MISSING_LINEAGE,Event lacks documented district relationships in lineage.
79d13b9a-3163-4244-b26f-4285e769cde2,SPLIT,2018,Lepa Rada,Lower Siang,Lepa Rada,MISSING_LINEAGE,Event lacks documented district relationships in lineage.
a9eee4a4-a17f-4cc0-8d49-2a6320fcb882,SPLIT,1997,Hathras,Aligarh,Hathras,MISSING_LINEAGE,Event lacks documented district relationships in lineage.
01c15e1c-06f7-4669-bba3-c4d9cd16f90f,SPLIT,2008,Pratapgarh,Chittaurgarh,Pratapgarh,MISSING_LINEAGE,Event lacks documented district relationships in lineage.
05aab76a-c10e-49bb-a1ce-d80e199a29b2,SPLIT,2007,Hazaribagh,Hazaribag,Hazaribagh,NO_SOURCE_GEOMETRY,Source district lacks physical geometry at event time.
18526e7c-8c7a-47c0-8673-909aff139a35,SPLIT,1998,Chamarajanagar,Mysore,Chamarajanagar,MISSING_LINEAGE,Event lacks documented district relationships in lineage.
23a3200b-2fc7-422d-adbb-746472d38470,SPLIT,1989,Panipat,Karnal,Panipat,MISSING_LINEAGE,Event lacks documented district relationships in lineage.
33be14e9-fc2f-4486-8008-32e153b16761,SPLIT,1997,,Pithoragarh,,MISSING_LINEAGE,Event lacks documented district relationships in lineage.
544539b9-d82a-49ea-87c2-37369b31cb33,NEW_DISTRICT,2022,,,,MISSING_LINEAGE,Event lacks documented district relationships in lineage.
59434f8a-9cee-4840-9f0d-7b9be565b6cd,SPLIT,1985,Kamarajar,Ramanathapuram,Kamarajar,MISSING_LINEAGE,Event lacks documented district relationships in lineage.
667c0ff4-e3c8-4dec-b370-dfadb58f2f31,SPLIT,1972,Una,Kangra,Una,MISSING_LINEAGE,Event lacks documented district relationships in lineage.
6fb62fe9-94df-4d15-984e-520af05c9e7c,SPLIT,1989,Marigaon,Nowgong,Marigaon,MISSING_LINEAGE,Event lacks documented district relationships in lineage.
bc39088c-934d-427e-b4dc-16fa635e0e52,SPLIT,2007,Chikkaballapura,Kolar,Chikkaballapura,MISSING_LINEAGE,Event lacks documented district relationships in lineage.
d137f9b2-a871-447c-8a0d-43bb9927413b,SPLIT,1995,,Faridkot,,MISSING_LINEAGE,Event lacks documented district relationships in lineage.
e5be50ff-ab8d-4fd1-adbf-f1ad084e36bb,SPLIT,2006,,Jammu,,MISSING_LINEAGE,Event lacks documented district relationships in lineage.
ffb25d8a-ca3b-4c19-acd5-74c8117557df,SPLIT,1982,Shajapur,Morena,Shajapur,MISSING_LINEAGE,Event lacks documented district relationships in lineage.
0cdca7d0-0c22-40aa-9b75-1dfae314cd0d,NEW_DISTRICT,2017,,Tuensang,,MISSING_LINEAGE,Event lacks documented district relationships in lineage.
78cd5212-de65-4be7-8ca0-a3006a593d49,SPLIT,2012,,South Tripura,,MISSING_LINEAGE,Event lacks documented district relationships in lineage.
d1ef5f30-8eb0-41b6-804a-4ad37f4c055a,NEW_DISTRICT,2000,Patan,Mahesana,Patan,MISSING_LINEAGE,Event lacks documented district relationships in lineage.
ea659402-7b12-4184-9ed3-825ed9a6a927,SPLIT,2023,,Sikar,,MISSING_LINEAGE,Event lacks documented district relationships in lineage.
f642ff2a-4296-44c2-9e5a-bc3ab2603db7,SPLIT,2022,,Guntur,,MISSING_LINEAGE,Event lacks documented district relationships in lineage.
1f493ed7-2f20-483d-baa4-58d4a068ab3a,SPLIT,2001,Kurung Kumey,Lower Subansiri,Kurung Kumey,MISSING_LINEAGE,Event lacks documented district relationships in lineage.
1fb3e2c9-713a-4bc2-b871-374f78e7b50d,NEW_DISTRICT,1964,Gandhinagar,,Gandhinagar,MISSING_LINEAGE,Event lacks documented district relationships in lineage.
4cf57b69-24ad-42a0-a126-299ab121e7f4,SPLIT,2022,,East Godavari,,MISSING_LINEAGE,Event lacks documented district relationships in lineage.
5a226355-b406-4cf2-97b3-8b008fae6fbf,SPLIT,2017,Kamle,Lower Subansiri,Kamle,NO_INTERSECTION,Geometries exist but do not spatially intersect.
62a0e443-4d7f-45e1-878a-847978e260c7,SPLIT,1993,Viluppuram,South Arcot,Viluppuram,NO_SOURCE_GEOMETRY,Source district lacks physical geometry at event time.
8723ab13-19c0-4a7d-bff3-b805ba4fc66f,SPLIT,1997,Udupi,,Udupi,MISSING_LINEAGE,Event lacks documented district relationships in lineage.
a015a9c8-c519-415f-8fc3-6944fd77d429,SPLIT,1966,Chandigarh,Ambala,Chandigarh,MISSING_LINEAGE,Event lacks documented district relationships in lineage.
a64606c2-425b-46ab-b582-012423033fe0,SPLIT,1983,,Ranchi,,MISSING_LINEAGE,Event lacks documented district relationships in lineage.
b0a162fa-d19d-4d81-9ea2-5a307f4428fa,SPLIT,1989,East Siang,West Siang,East Siang,MISSING_LINEAGE,Event lacks documented district relationships in lineage.
d8c5d120-d4b5-47fd-9fff-dfd295f58838,NEW_DISTRICT,2013,Mahisagar,,Mahisagar,MISSING_LINEAGE,Event lacks documented district relationships in lineage.
f88fe988-85d5-42c2-8d18-9d688f2e2262,SPLIT,2013,,Kheda,,MISSING_LINEAGE,Event lacks documented district relationships in lineage.
846933a2-9a56-4aeb-95c2-aeb23dc41060,SPLIT,2015,,Sivasagar,,MISSING_LINEAGE,Event lacks documented district relationships in lineage.
fa27f429-c320-4184-8bf1-0150411362ed,NEW_DISTRICT,1978,Rangareddy,Hyderabad,Rangareddy,MISSING_LINEAGE,Event lacks documented district relationships in lineage.
26fc7e8e-10ca-47df-aa0b-97cd72c2c14d,NEW_DISTRICT,1956,West Nimar,Nimar,West Nimar,NO_SOURCE_GEOMETRY,Source district lacks physical geometry at event time.
6684730f-5a4b-4183-9a71-823df83c2482,SPLIT,1986,Chidambaranar,Tirunelveli,Chidambaranar,MISSING_LINEAGE,Event lacks documented district relationships in lineage.
9cfee1e0-a12a-4781-9e04-0243dffba016,SPLIT,1980,,Lohit,,MISSING_LINEAGE,Event lacks documented district relationships in lineage.
f3c1b6c2-fe73-400e-b5f6-072ccf453676,NEW_DISTRICT,1954,,Balipara Frontier Tract,,MISSING_LINEAGE,Event lacks documented district relationships in lineage.
f68d7ca8-a378-4132-b046-7ca0f8178746,SPLIT,2013,,Sorath,,MISSING_LINEAGE,Event lacks documented district relationships in lineage.
0a2928b3-9b6b-450a-b9c3-b71472e1d830,SPLIT,1982,Dhaulpur,Bharatpur,Dhaulpur,MISSING_LINEAGE,Event lacks documented district relationships in lineage.
1317f72e-85e8-452a-ab53-b2fd73a8cc57,SPLIT,2006,Kulgam,Pulwama,Kulgam,MISSING_LINEAGE,Event lacks documented district relationships in lineage.
21168c65-c7f0-4d93-8386-079fdbf319bf,SPLIT,1997,Rudraprayag,Chamoli,Rudraprayag,MISSING_LINEAGE,Event lacks documented district relationships in lineage.
2bd49a8a-9582-4c8c-9f49-791d38ff0cb8,SPLIT,2023,,Ajmer,,MISSING_LINEAGE,Event lacks documented district relationships in lineage.
3214dd06-45da-45c5-ab96-efda82ff7b54,SPLIT,1972,Sitamarhi,Muzaffarpur,Sitamarhi,MISSING_LINEAGE,Event lacks documented district relationships in lineage.
3ff4c7c4-2899-4b50-a15f-4050c6ac7b32,SPLIT,2012,,New Delhi,,MISSING_LINEAGE,Event lacks documented district relationships in lineage.
53b84933-4c83-4ef4-b896-448c5e73e81e,SPLIT,1956,Anantnag,Jammu and Kashmir,Anantnag,NO_SOURCE_GEOMETRY,Source district lacks physical geometry at event time.
57fb5dca-0043-4974-8a74-fbff467fe4e0,NEW_DISTRICT,2022,,Kurnool,,MISSING_LINEAGE,Event lacks documented district relationships in lineage.
5a0bb03a-aa97-44ac-b476-d4c7c2e40551,NEW_DISTRICT,2010,Amethi,,Amethi,MISSING_LINEAGE,Event lacks documented district relationships in lineage.
78738c30-d707-49e7-8f6d-3a85afb9fbd6,NEW_DISTRICT,1983,Godda,Santhal Parganas,Godda,NO_SOURCE_GEOMETRY,Source district lacks physical geometry at event time.
7f96b67c-a6da-4191-8ee0-b5fa0b124ff1,NEW_DISTRICT,2006,,,,MISSING_LINEAGE,Event lacks documented district relationships in lineage.
e6a2476e-6692-48af-b06c-230652351c11,SPLIT,2017,,West Siang,,MISSING_LINEAGE,Event lacks documented district relationships in lineage.
04af41e0-082f-4f6c-a530-5973f35c0b8d,SPLIT,2016,Siddipet,Medak,Siddipet,NO_SOURCE_GEOMETRY,Source district lacks physical geometry at event time.
137ecd37-62c0-43aa-a66a-1b602d636994,SPLIT,2015,Charaideo,Sivasagar,Charaideo,MISSING_LINEAGE,Event lacks documented district relationships in lineage.
4ca5a8a5-e96e-41a0-a4ca-489d69c3c343,SPLIT,2017,,Burdwan,,MISSING_LINEAGE,Event lacks documented district relationships in lineage.
7c6b0002-0bdd-4f32-9934-26d0490da6e5,SPLIT,1998,,Bastar,,MISSING_LINEAGE,Event lacks documented district relationships in lineage.
832e688b-7207-4f56-851b-c12e1faee6c8,SPLIT,1983,,Goalpara,,MISSING_LINEAGE,Event lacks documented district relationships in lineage.
edae3afd-0b67-4d5d-af82-ad094567fade,SPLIT,2013,,Shajapur,,MISSING_LINEAGE,Event lacks documented district relationships in lineage.
0f54f041-8bbf-44ed-bc90-337c5d71c2ea,SPLIT,1995,Dhalai,North Tripura,Dhalai,MISSING_LINEAGE,Event lacks documented district relationships in lineage.
11e198e8-cbdc-4faa-834b-7320bbea442b,SPLIT,1995,,Faizabad,,MISSING_LINEAGE,Event lacks documented district relationships in lineage.
35d2859c-1a5f-4178-ba0f-447ec695a155,SPLIT,1994,,Deoria,,MISSING_LINEAGE,Event lacks documented district relationships in lineage.
527c3d19-6d72-4e5c-80e5-fd419fcf721f,SPLIT,2020,,Nagapattinam,,MISSING_LINEAGE,Event lacks documented district relationships in lineage.
6bc92756-d2d2-4d62-a2a5-479980a06d07,SPLIT,2023,,Bharatpur,,MISSING_LINEAGE,Event lacks documented district relationships in lineage.
8e10bbbc-b55d-45be-a241-891b784cb071,SPLIT,2004,,Dharmapuri,,MISSING_LINEAGE,Event lacks documented district relationships in lineage.
b50e6452-8af0-4a95-89fe-da14af358fd6,SPLIT,1993,,Puri,,MISSING_LINEAGE,Event lacks documented district relationships in lineage.
c982e7b2-2976-47e6-95aa-e65341962095,SPLIT,1997,,Meerut,,MISSING_LINEAGE,Event lacks documented district relationships in lineage.
d9424ffd-dc8d-4e1b-b97e-700417a918eb,SPLIT,1956,,Jammu and Kashmir,,MISSING_LINEAGE,Event lacks documented district relationships in lineage.
de6a146b-ae26-482c-87d3-43033f74f1b5,SPLIT,2015,West Karbi Anglong,Mikir Hills,West Karbi Anglong,MISSING_LINEAGE,Event lacks documented district relationships in lineage.
f596d28b-f658-4f26-897f-36e756d0b884,SPLIT,1979,,Ladakh,,MISSING_LINEAGE,Event lacks documented district relationships in lineage.
20654473-f8fd-4cac-8d7d-dbfa672fc712,NEW_DISTRICT,1989,North Arcot,,North Arcot,MISSING_LINEAGE,Event lacks documented district relationships in lineage.
2d96c4e4-197c-474b-9667-691ece1738c4,NEW_DISTRICT,1984,Kasaragod,Cannanore,Kasaragod,NO_SOURCE_GEOMETRY,Source district lacks physical geometry at event time.
47b3f7cc-6c30-4fbe-aca8-4f59d8d4a9d9,SPLIT,2021,,West,,MISSING_LINEAGE,Event lacks documented district relationships in lineage.
5032cea0-9932-45a3-8379-77d90f08602e,SPLIT,2003,,Shahdol,,MISSING_LINEAGE,Event lacks documented district relationships in lineage.
5941fc41-29dd-4915-b3f9-2a0c6de882d6,NEW_DISTRICT,1956,Jammu,Jammu and Kashmir,Jammu,NO_SOURCE_GEOMETRY,Source district lacks physical geometry at event time.
5ae48b86-8485-41eb-a35d-eae42ac300b2,SPLIT,1994,,Sambalpur,,MISSING_LINEAGE,Event lacks documented district relationships in lineage.
69e33866-2b19-4e4a-bf8e-f708999a7541,SPLIT,2006,,Baramula,,MISSING_LINEAGE,Event lacks documented district relationships in lineage.
a978a046-99bf-4476-b397-22ec3eef37fd,SPLIT,1956,Ladakh,Jammu and Kashmir,Ladakh,NO_SOURCE_GEOMETRY,Source district lacks physical geometry at event time.
ab773a22-e0c7-4e3a-bd34-7c346c759fb0,SPLIT,2012,,Durg,,MISSING_LINEAGE,Event lacks documented district relationships in lineage.
bb1e4033-cddd-4ec9-adc5-85e8b3ba23d8,SPLIT,1987,Lower Subansiri,,Lower Subansiri,MISSING_LINEAGE,Event lacks documented district relationships in lineage.
c74d8665-6264-4d95-8328-49e8356753bf,SPLIT,2022,,Nellore,,MISSING_LINEAGE,Event lacks documented district relationships in lineage.
da0781f4-670e-467f-958f-8bfafe8d853a,SPLIT,1997,,Chitradurga,,MISSING_LINEAGE,Event lacks documented district relationships in lineage.
f8eef427-11fd-4832-8ff9-5fb0ea2989c8,NEW_DISTRICT,1956,Anantnag,Jammu and Kashmir,Anantnag,NO_SOURCE_GEOMETRY,Source district lacks physical geometry at event time.
21f5c67c-ab8a-40d2-a23f-4dee99de5e9a,NEW_DISTRICT,2017,,Burdwan,,MISSING_LINEAGE,Event lacks documented district relationships in lineage.
36de962d-2afb-43ed-a7a6-686f42772938,SPLIT,1997,Champawat,Pithoragarh,Champawat,MISSING_LINEAGE,Event lacks documented district relationships in lineage.
5117542b-8615-40ba-8d62-875963d86cd2,SPLIT,1995,,Faridkot,,MISSING_LINEAGE,Event lacks documented district relationships in lineage.
73dfdae2-6bd9-4b67-970c-54292e743ff7,SPLIT,2021,,Sangrur,,MISSING_LINEAGE,Event lacks documented district relationships in lineage.
12285a8c-16ad-4415-85d5-0f66c139cea5,SPLIT,1994,,Sitamarhi,,MISSING_LINEAGE,Event lacks documented district relationships in lineage.
1ef05969-428e-42b4-9598-5cfafd994032,NEW_DISTRICT,2009,Tiruppur,,Tiruppur,MISSING_LINEAGE,Event lacks documented district relationships in lineage.
ac97c6ac-2547-43d7-8253-3a424ebff2cf,SPLIT,1972,Sonipat,Rohtak,Sonipat,MISSING_LINEAGE,Event lacks documented district relationships in lineage.
da2b9d1a-c744-457c-b58f-17a144f81284,NEW_DISTRICT,2017,Lower Siang,,Lower Siang,MISSING_LINEAGE,Event lacks documented district relationships in lineage.
e75c01a8-e9a1-47d1-99f6-ebc67d59d031,SPLIT,2013,,Gohilwad,,MISSING_LINEAGE,Event lacks documented district relationships in lineage.
06f2add2-617c-4513-a87c-0262e7941a82,NEW_DISTRICT,2012,Shahdara,,Shahdara,MISSING_LINEAGE,Event lacks documented district relationships in lineage.
220043a8-e46d-453f-85b0-e553e81722bc,SPLIT,1988,Siddharthnagar,Basti,Siddharthnagar,MISSING_LINEAGE,Event lacks documented district relationships in lineage.
74b5a3f7-0749-41dc-864e-84786be34eca,SPLIT,2013,,Ahmedabad,,MISSING_LINEAGE,Event lacks documented district relationships in lineage.
8d5d465c-49f9-4c61-b853-4931014b30f8,SPLIT,1992,South Garo Hills,West Garo Hills,South Garo Hills,MISSING_LINEAGE,Event lacks documented district relationships in lineage.
a7fea005-d996-42b7-bcb9-cb6e8eade2b0,SPLIT,1988,,Basti,,MISSING_LINEAGE,Event lacks documented district relationships in lineage.
c92c5513-f102-4e4b-a44e-e691a3705c4d,NEW_DISTRICT,1998,Kanker,Bastar,Kanker,NO_SOURCE_GEOMETRY,Source district lacks physical geometry at event time.
cb1920c5-7fef-4aac-b00d-74b0d6d1937f,SPLIT,2023,,Barmer,,MISSING_LINEAGE,Event lacks documented district relationships in lineage.
f46b8683-4406-4435-874a-530d79dee7b3,NEW_DISTRICT,1989,Maharajganj,Gorakhpur,Maharajganj,NO_SOURCE_GEOMETRY,Source district lacks physical geometry at event time.
fb829baf-9f66-433d-b9c8-d224652f081d,SPLIT,1995,,Nainital,,MISSING_LINEAGE,Event lacks documented district relationships in lineage.
423f196f-f924-4751-b6fc-d24f4fcb3b95,SPLIT,1972,,Hisar,,MISSING_LINEAGE,Event lacks documented district relationships in lineage.
89cd0dc8-4a08-4d8c-8485-05b0996046fa,SPLIT,1968,Rajauri,,Rajauri,MISSING_LINEAGE,Event lacks documented district relationships in lineage.
9287d9ee-15d5-4dfd-866f-5ac2828fb586,SPLIT,1983,Gumla,Ranchi,Gumla,MISSING_LINEAGE,Event lacks documented district relationships in lineage.
c78f812e-64d4-462d-a9fd-5cf5636f2fdc,SPLIT,1989,,West Kameng,,MISSING_LINEAGE,Event lacks documented district relationships in lineage.
cb313e7a-c5ff-4895-b708-38d66dfbce16,SPLIT,1976,,Lakhimpur,,MISSING_LINEAGE,Event lacks documented district relationships in lineage.
301f19a0-5a6e-4d76-a581-4a0284194f5f,SPLIT,1979,,Srikakulam,,MISSING_LINEAGE,Event lacks documented district relationships in lineage.
38f08d63-0771-4b93-9ae3-620971a6a6c5,SPLIT,2019,Chengalpattu,Kancheepuram,Chengalpattu,MISSING_LINEAGE,Event lacks documented district relationships in lineage.
6f5fecbb-56f5-43ba-89a5-189c4d23609a,SPLIT,2004,,Kamrup,,MISSING_LINEAGE,Event lacks documented district relationships in lineage.
1ce29893-3b8d-4ebf-816d-67201d636c64,NEW_DISTRICT,1992,Mansa,Bathinda,Mansa,NO_SOURCE_GEOMETRY,Source district lacks physical geometry at event time.
1cef362e-4187-4076-a84d-155f5464f015,SPLIT,2008,,Chittaurgarh,,MISSING_LINEAGE,Event lacks documented district relationships in lineage.
30c3ddc4-529f-4622-9d2c-c34dd420c584,NEW_DISTRICT,1976,Ghaziabad,,Ghaziabad,MISSING_LINEAGE,Event lacks documented district relationships in lineage.
3a53b186-c491-41a5-9673-61ba040818d0,SPLIT,1997,Haveri,Dharwad,Haveri,MISSING_LINEAGE,Event lacks documented district relationships in lineage.
3afd721c-42a6-4efd-b1d1-05f21fa6a0c1,SPLIT,1973,Kurukshetra,Karnal,Kurukshetra,MISSING_LINEAGE,Event lacks documented district relationships in lineage.
abf25537-52de-429c-a8cb-1e2300c19e5c,SPLIT,1995,,Tiruchchirappalli,,MISSING_LINEAGE,Event lacks documented district relationships in lineage.
22931999-da4c-4b44-9802-66156d33c0b3,SPLIT,1988,Mau,Azamgarh,Mau,MISSING_LINEAGE,Event lacks documented district relationships in lineage.
22d8cc12-de9e-4580-9ca9-a8bcf1073124,SPLIT,1994,,Munger,,MISSING_LINEAGE,Event lacks documented district relationships in lineage.
3ebc0d46-c946-4330-9b7c-635e8c14ba2a,SPLIT,1992,,Koraput,,MISSING_LINEAGE,Event lacks documented district relationships in lineage.
6a7993b4-eace-47e2-8ea6-66b014cc0b09,SPLIT,2012,Sipahijala,West Tripura,Sipahijala,MISSING_LINEAGE,Event lacks documented district relationships in lineage.
961aedd4-ca30-4512-bc2e-3d038cbd3490,SPLIT,1973,Wokha,Mokokchung,Wokha,MISSING_LINEAGE,Event lacks documented district relationships in lineage.
9edd8541-000e-4184-bbfe-a416a0312940,SPLIT,2015,,West Siang,,MISSING_LINEAGE,Event lacks documented district relationships in lineage.
a33c4bc3-ba14-454d-866a-d8135dff08e6,SPLIT,1991,Baran,Kota,Baran,MISSING_LINEAGE,Event lacks documented district relationships in lineage.
c8952077-97aa-4898-b7b0-69e45207a201,SPLIT,1985,,Ramanathapuram,,MISSING_LINEAGE,Event lacks documented district relationships in lineage.
d2d2b179-638e-47e5-8a36-96c257fbbc03,SPLIT,1985,,Ramanathapuram,,MISSING_LINEAGE,Event lacks documented district relationships in lineage.
dae500e1-2c34-46cd-aeb5-e2a2bad2f8de,SPLIT,2005,,Faridabad,,MISSING_LINEAGE,Event lacks documented district relationships in lineage.
f051efa4-4c6b-49cb-a929-92f9113ef458,SPLIT,1973,Zunheboto,Mokokchung,Zunheboto,MISSING_LINEAGE,Event lacks documented district relationships in lineage.
1f8ffebe-049e-45f2-a5c4-3fda2d4fe2d3,SPLIT,1997,,Valsad,,MISSING_LINEAGE,Event lacks documented district relationships in lineage.
4e798adc-7cd3-418f-9d46-f89c23d8aa45,NEW_DISTRICT,2022,,,,MISSING_LINEAGE,Event lacks documented district relationships in lineage.
5610806f-66c5-4233-9a6d-2010c06d8cb8,SPLIT,1989,Yamunanagar,Ambala,Yamunanagar,MISSING_LINEAGE,Event lacks documented district relationships in lineage.
7524f8d4-6dd8-4304-9148-15016b925206,NEW_DISTRICT,2004,Chirang,,Chirang,MISSING_LINEAGE,Event lacks documented district relationships in lineage.
7c9e85e2-8ca0-4f3d-9275-af5562316450,NEW_DISTRICT,2022,,Guntur,,MISSING_LINEAGE,Event lacks documented district relationships in lineage.
8eb78015-f64e-44a5-ae37-d3b32fc46b96,SPLIT,1969,,Kozhikode,,MISSING_LINEAGE,Event lacks documented district relationships in lineage.
a251131f-8c93-4c79-993f-3b2521503e0c,SPLIT,2016,,Manipur East,,MISSING_LINEAGE,Event lacks documented district relationships in lineage.
abf2ecaf-7f6e-4b5e-bd9f-db043cbd855f,SPLIT,1956,Seoni,Chhindwara,Seoni,MISSING_LINEAGE,Event lacks documented district relationships in lineage.
4ab765cb-9e98-4b2a-ae0d-3c3a4fe72732,SPLIT,1973,,Saran,,MISSING_LINEAGE,Event lacks documented district relationships in lineage.
6acc06a8-b6c2-413d-a559-ad497c4af3c7,NEW_DISTRICT,1988,Hardwar,,Hardwar,MISSING_LINEAGE,Event lacks documented district relationships in lineage.
764a3612-b838-46c9-af81-5885eb25c771,SPLIT,1987,Golaghat,Sibsagar,Golaghat,MISSING_LINEAGE,Event lacks documented district relationships in lineage.
82f0ae9f-a480-442b-8a62-2db1a27b39c8,NEW_DISTRICT,2022,,,,MISSING_LINEAGE,Event lacks documented district relationships in lineage.
9b01942a-20af-417d-8f47-087065b11fe8,NEW_DISTRICT,2022,,Krishna,,MISSING_LINEAGE,Event lacks documented district relationships in lineage.
c45d31f5-ba86-48f6-b2db-3879dc48e185,SPLIT,2006,,Amritsar,,MISSING_LINEAGE,Event lacks documented district relationships in lineage.
ffbe5263-07e1-4d66-a2ee-acf6012ec723,SPLIT,2004,Anjaw,Lohit,Anjaw,MISSING_LINEAGE,Event lacks documented district relationships in lineage.
07f4de91-4b08-4313-8d25-490d83e9a6ba,SPLIT,1995,Ambedkar Nagar,Faizabad,Ambedkar Nagar,MISSING_LINEAGE,Event lacks documented district relationships in lineage.
21c5ae07-488e-4d9e-8833-ddfc738dc2fd,SPLIT,2016,Mahabubabad,Khammam,Mahabubabad,NO_SOURCE_GEOMETRY,Source district lacks physical geometry at event time.
2a4d382b-3c7d-421b-a90f-475f2122c420,NEW_DISTRICT,2016,Bhadradri Kothagudem,Khammam,Bhadradri Kothagudem,NO_SOURCE_GEOMETRY,Source district lacks physical geometry at event time.
8064bb55-f8f7-4ec9-acba-d04186fc0d4b,SPLIT,2001,,Jehanabad,,MISSING_LINEAGE,Event lacks documented district relationships in lineage.
a38e121a-a1fc-4e9b-8756-2149826604f3,NEW_DISTRICT,2013,Aravalli,Sabar Kantha,Aravalli,NO_INTERSECTION,Geometries exist but do not spatially intersect.
a85d2cac-ca9e-4ab3-b03b-c834c9a0548b,SPLIT,2022,,East Godavari,,MISSING_LINEAGE,Event lacks documented district relationships in lineage.
c4b7e400-da02-42ef-87f6-d55c3a8125c9,SPLIT,1966,,Ambala,,MISSING_LINEAGE,Event lacks documented district relationships in lineage.
e9635696-79d7-4f40-a91e-57ba3f854861,NEW_DISTRICT,2006,Kulgam,,Kulgam,MISSING_LINEAGE,Event lacks documented district relationships in lineage.
edbd8911-6932-45ef-95cb-a337e31a4fcb,SPLIT,2022,,Krishna,,MISSING_LINEAGE,Event lacks documented district relationships in lineage.
ffe24948-ce5c-4c17-b760-a93a76f55282,SPLIT,2012,Balod,Durg,Balod,MISSING_LINEAGE,Event lacks documented district relationships in lineage.
2a2e7467-a515-449b-b502-6e852d45cfc1,SPLIT,1961,Diu,,Diu,MISSING_LINEAGE,Event lacks documented district relationships in lineage.
2dc9dea2-cc7b-4197-b113-9a74466e581f,SPLIT,2004,Peren,Naga Hills,Peren,MISSING_LINEAGE,Event lacks documented district relationships in lineage.
44212bcc-ec3e-4d50-a645-35a9d3fdd772,NEW_DISTRICT,1998,Kawardha,Rajnandgaon,Kawardha,NO_SOURCE_GEOMETRY,Source district lacks physical geometry at event time.
465516b2-691c-472c-b63f-b3725de6a398,NEW_DISTRICT,2016,Vikarabad,Ranga Reddy,Vikarabad,NO_SOURCE_GEOMETRY,Source district lacks physical geometry at event time.
5bbec809-15c8-49eb-9c40-39c1b6f86bf9,SPLIT,2012,North Garo Hills,East Garo Hills,North Garo Hills,MISSING_LINEAGE,Event lacks documented district relationships in lineage.
4d740ed6-befa-4062-95fd-9590a7a32329,SPLIT,1989,Tinsukia,Dibrugarh,Tinsukia,MISSING_LINEAGE,Event lacks documented district relationships in lineage.
590c8002-573f-4281-83aa-c70fa50b5532,SPLIT,2022,,,,MISSING_LINEAGE,Event lacks documented district relationships in lineage.
5bf03f85-6e9c-4e00-8faa-135881ff1c8d,SPLIT,1973,,Tuensang,,MISSING_LINEAGE,Event lacks documented district relationships in lineage.
6749aed8-1ae9-4e14-ab14-7c3d4d0debc6,SPLIT,1997,,Etawah,,MISSING_LINEAGE,Event lacks documented district relationships in lineage.
7641a3eb-36a3-4098-ae14-c9824328cc6e,SPLIT,1997,Dimapur,Naga Hills,Dimapur,MISSING_LINEAGE,Event lacks documented district relationships in lineage.
bd94ec90-d0cc-459a-81ed-1cb515324c54,SPLIT,2006,Shupiyan,Pulwama,Shupiyan,MISSING_LINEAGE,Event lacks documented district relationships in lineage.
c506a507-92f1-41dc-901a-7a40ea8bcf00,SPLIT,2013,,Vadodara,,MISSING_LINEAGE,Event lacks documented district relationships in lineage.
c6b9d243-e257-4de5-99dd-200aec5cb97d,SPLIT,2014,,Lohit,,MISSING_LINEAGE,Event lacks documented district relationships in lineage.
fc194506-db3d-4125-a108-7cdd3075358a,SPLIT,1998,Dhamtari,Raipur,Dhamtari,MISSING_LINEAGE,Event lacks documented district relationships in lineage.
