district_id,district_name,state,parent_district,child_district,event_type,effective_year,source,confidence_score
dd2d53d2e895,Andaman,Andaman and Nicobar Islands,Andaman And Nicobar Islands,Andaman,NEW_DISTRICT,1974,1grK3qO2fTYxLo1Eo4byTIz00gyd5fBhd.csv,1.0
7843a17099d2,Nicobar,Andaman and Nicobar Islands,Andaman And Nicobar Islands,Nicobar,NEW_DISTRICT,1974,1grK3qO2fTYxLo1Eo4byTIz00gyd5fBhd.csv,1.0
a2fc9a0c9793,North & Middle Andaman,Andaman and Nicobar Islands,Andamans,North & Middle Andaman,NEW_DISTRICT,2006,1grK3qO2fTYxLo1Eo4byTIz00gyd5fBhd.csv,1.0
0f7c4bd0e907,South Andaman,Andaman and Nicobar Islands,Andamans,South Andaman,NEW_DISTRICT,2006,1grK3qO2fTYxLo1Eo4byTIz00gyd5fBhd.csv,1.0
b4e883dc5a1e,Ongole,Andhra Pradesh,Nellore,Ongole,NEW_DISTRICT,1970,1grK3qO2fTYxLo1Eo4byTIz00gyd5fBhd.csv,1.0
78b9a7cf8619,Vizianagaram,Andhra Pradesh,Visakhapatnam And Srikakulam,Vizianagaram,NEW_DISTRICT,1979,1grK3qO2fTYxLo1Eo4byTIz00gyd5fBhd.csv,1.0
ff073b081084,Alluri Sitharama Raju,Andhra Pradesh,"East Godavari, Visakhapatnam, Vizianagaram.",Alluri Sitharama Raju,NEW_DISTRICT,2022,1grK3qO2fTYxLo1Eo4byTIz00gyd5fBhd.csv,1.0
b6a98698a54b,Anakapalli,Andhra Pradesh,Visakhapatnam,Anakapalli,NEW_DISTRICT,2022,1grK3qO2fTYxLo1Eo4byTIz00gyd5fBhd.csv,1.0
84ce0074c31c,Annamayya,Andhra Pradesh,"Chittoor, Ysr",Annamayya,NEW_DISTRICT,2022,1grK3qO2fTYxLo1Eo4byTIz00gyd5fBhd.csv,1.0
55cfdfe4f742,Bapatla,Andhra Pradesh,Guntur,Bapatla,NEW_DISTRICT,2022,1grK3qO2fTYxLo1Eo4byTIz00gyd5fBhd.csv,1.0
f9705eed08f8,Dr. B. R. Ambedkar Konaseema,Andhra Pradesh,East Godavari,Dr. B. R. Ambedkar Konaseema,NEW_DISTRICT,2022,1grK3qO2fTYxLo1Eo4byTIz00gyd5fBhd.csv,1.0
bf49126605df,Eluru,Andhra Pradesh,West Godavari,Eluru,NEW_DISTRICT,2022,1grK3qO2fTYxLo1Eo4byTIz00gyd5fBhd.csv,1.0
4a3fec1f4f42,Kakinada,Andhra Pradesh,East Godavari,Kakinada,NEW_DISTRICT,2022,1grK3qO2fTYxLo1Eo4byTIz00gyd5fBhd.csv,1.0
6dc1f6c10e2a,Nandyal,Andhra Pradesh,Kurnool,Nandyal,NEW_DISTRICT,2022,1grK3qO2fTYxLo1Eo4byTIz00gyd5fBhd.csv,1.0
b4fcf5c36482,Ntr,Andhra Pradesh,Krishna,Ntr,NEW_DISTRICT,2022,1grK3qO2fTYxLo1Eo4byTIz00gyd5fBhd.csv,1.0
a0d87634f359,Palnadu,Andhra Pradesh,Guntur,Palnadu,NEW_DISTRICT,2022,1grK3qO2fTYxLo1Eo4byTIz00gyd5fBhd.csv,1.0
61d71eac25b7,Parvathipuram Manyam,Andhra Pradesh,"Srikakulam, Vizianagaram.",Parvathipuram Manyam,NEW_DISTRICT,2022,1grK3qO2fTYxLo1Eo4byTIz00gyd5fBhd.csv,1.0
1d36c7e57619,Sri Sathya Sai,Andhra Pradesh,Anantapuramu,Sri Sathya Sai,NEW_DISTRICT,2022,1grK3qO2fTYxLo1Eo4byTIz00gyd5fBhd.csv,1.0
a60bb91e61c3,Tirupati,Andhra Pradesh,"Chittoor, Nellore",Tirupati,NEW_DISTRICT,2022,1grK3qO2fTYxLo1Eo4byTIz00gyd5fBhd.csv,1.0
b2632b5e280f,Kameng Frontier Division,Arunachal Pradesh,Balipara Frontier Tract,Kameng Frontier Division,NEW_DISTRICT,1954,1grK3qO2fTYxLo1Eo4byTIz00gyd5fBhd.csv,1.0
5a581798da11,Subansiri Frontier Division,Arunachal Pradesh,Balipara Frontier Tract,Subansiri Frontier Division,NEW_DISTRICT,1954,1grK3qO2fTYxLo1Eo4byTIz00gyd5fBhd.csv,1.0
08cf04383ee6,Dibang Valley,Arunachal Pradesh,Lohit,Dibang Valley,NEW_DISTRICT,1980,1grK3qO2fTYxLo1Eo4byTIz00gyd5fBhd.csv,1.0
d2d6149fc192,East Kameng,Arunachal Pradesh,Kameng,East Kameng,NEW_DISTRICT,1980,1grK3qO2fTYxLo1Eo4byTIz00gyd5fBhd.csv,1.0
270f9ba7e1d9,West Kameng,Arunachal Pradesh,Kameng,West Kameng,NEW_DISTRICT,1980,1grK3qO2fTYxLo1Eo4byTIz00gyd5fBhd.csv,1.0
3b68c18db0e3,West Siang,Arunachal Pradesh,Siang,West Siang,NEW_DISTRICT,1980,1grK3qO2fTYxLo1Eo4byTIz00gyd5fBhd.csv,1.0
c1ce8ff8705b,Changlang,Arunachal Pradesh,Tirap,Changlang,NEW_DISTRICT,1987,1grK3qO2fTYxLo1Eo4byTIz00gyd5fBhd.csv,1.0
ff98dbec43a1,Lower Subansiri,Arunachal Pradesh,Subansiri,Lower Subansiri,NEW_DISTRICT,1987,1grK3qO2fTYxLo1Eo4byTIz00gyd5fBhd.csv,1.0
d959ebd85736,Upper Subansiri,Arunachal Pradesh,Subansiri,Upper Subansiri,NEW_DISTRICT,1987,1grK3qO2fTYxLo1Eo4byTIz00gyd5fBhd.csv,1.0
b717212b7701,East Siang,Arunachal Pradesh,West Siang,East Siang,NEW_DISTRICT,1989,1grK3qO2fTYxLo1Eo4byTIz00gyd5fBhd.csv,1.0
5ff12f718e1f,Tawang,Arunachal Pradesh,West Kameng,Tawang,NEW_DISTRICT,1989,1grK3qO2fTYxLo1Eo4byTIz00gyd5fBhd.csv,1.0
20fec8578abc,Papum Pare,Arunachal Pradesh,Lower Subansiri,Papum Pare,NEW_DISTRICT,1992,1grK3qO2fTYxLo1Eo4byTIz00gyd5fBhd.csv,1.0
f934e7341368,Upper Siang,Arunachal Pradesh,East Siang,Upper Siang,NEW_DISTRICT,1994,1grK3qO2fTYxLo1Eo4byTIz00gyd5fBhd.csv,1.0
9031159ae2b7,Kurung Kumey,Arunachal Pradesh,Lower Subansiri,Kurung Kumey,NEW_DISTRICT,2001,1grK3qO2fTYxLo1Eo4byTIz00gyd5fBhd.csv,1.0
ada8114d492b,Lower Dibang Valley,Arunachal Pradesh,Dibang Valley,Lower Dibang Valley,NEW_DISTRICT,2001,1grK3qO2fTYxLo1Eo4byTIz00gyd5fBhd.csv,1.0
01be0ecb71ed,Anjaw,Arunachal Pradesh,Lohit,Anjaw,NEW_DISTRICT,2004,1grK3qO2fTYxLo1Eo4byTIz00gyd5fBhd.csv,1.0
8365875ed892,Longding,Arunachal Pradesh,Tirap,Longding,NEW_DISTRICT,2012,1grK3qO2fTYxLo1Eo4byTIz00gyd5fBhd.csv,1.0
8587f018e1fc,Namsai,Arunachal Pradesh,Lohit,Namsai,NEW_DISTRICT,2014,1grK3qO2fTYxLo1Eo4byTIz00gyd5fBhd.csv,1.0
31c4ec2485c2,Kra Daadi,Arunachal Pradesh,Kurung Kumey,Kra Daadi,NEW_DISTRICT,2015,1grK3qO2fTYxLo1Eo4byTIz00gyd5fBhd.csv,1.0
3a617e5c7535,Siang,Arunachal Pradesh,"East Siang, West Siang",Siang,NEW_DISTRICT,2015,1grK3qO2fTYxLo1Eo4byTIz00gyd5fBhd.csv,1.0
1da0e11e6180,Kamle,Arunachal Pradesh,"Lower Subansiri, Upper Subansiri",Kamle,NEW_DISTRICT,2017,1grK3qO2fTYxLo1Eo4byTIz00gyd5fBhd.csv,1.0
60a19ff6ac9b,Lower Siang,Arunachal Pradesh,"East Siang, West Siang",Lower Siang,NEW_DISTRICT,2017,1grK3qO2fTYxLo1Eo4byTIz00gyd5fBhd.csv,1.0
621e1159b396,Lepa-Rada,Arunachal Pradesh,Lower Siang,Lepa-Rada,NEW_DISTRICT,2018,1grK3qO2fTYxLo1Eo4byTIz00gyd5fBhd.csv,1.0
cbc80b195901,Pakke-Kesang,Arunachal Pradesh,East Kameng,Pakke-Kesang,NEW_DISTRICT,2018,1grK3qO2fTYxLo1Eo4byTIz00gyd5fBhd.csv,1.0
5f4f5432b146,Shi-Yomi,Arunachal Pradesh,West Siang,Shi-Yomi,NEW_DISTRICT,2018,1grK3qO2fTYxLo1Eo4byTIz00gyd5fBhd.csv,1.0
6a632964a8f1,Mikir Hills,Assam,United Mikir And North Cachar Hills,Mikir Hills,NEW_DISTRICT,1970,1grK3qO2fTYxLo1Eo4byTIz00gyd5fBhd.csv,1.0
6486bc501703,North Cachar Hills,Assam,United Mikir And North Cachar Hills,North Cachar Hills,NEW_DISTRICT,1970,1grK3qO2fTYxLo1Eo4byTIz00gyd5fBhd.csv,1.0
d31a39325679,Dibrugarh,Assam,Lakhimpur,Dibrugarh,NEW_DISTRICT,1976,1grK3qO2fTYxLo1Eo4byTIz00gyd5fBhd.csv,1.0
9fa5f5e60c20,Barpeta,Assam,Kamrup,Barpeta,NEW_DISTRICT,1983,1grK3qO2fTYxLo1Eo4byTIz00gyd5fBhd.csv,1.0
6bc2be14394d,Dhuburi,Assam,Goalpara,Dhuburi,NEW_DISTRICT,1983,1grK3qO2fTYxLo1Eo4byTIz00gyd5fBhd.csv,1.0
69b0c45cf89a,Jorhat,Assam,Sibsagar,Jorhat,NEW_DISTRICT,1983,1grK3qO2fTYxLo1Eo4byTIz00gyd5fBhd.csv,1.0
078690558387,Karimganj,Assam,Cachar,Karimganj,NEW_DISTRICT,1983,1grK3qO2fTYxLo1Eo4byTIz00gyd5fBhd.csv,1.0
0e4b4f825872,Kokrajhar,Assam,Goalpara,Kokrajhar,NEW_DISTRICT,1983,1grK3qO2fTYxLo1Eo4byTIz00gyd5fBhd.csv,1.0
a8367eb0a586,Sonitpur,Assam,Darrang,Sonitpur,NEW_DISTRICT,1983,1grK3qO2fTYxLo1Eo4byTIz00gyd5fBhd.csv,1.0
2b01de86a08a,Nalbari,Assam,Kamrup,Nalbari,NEW_DISTRICT,1985,1grK3qO2fTYxLo1Eo4byTIz00gyd5fBhd.csv,1.0
9c4988d19608,Golaghat,Assam,Sibsagar,Golaghat,NEW_DISTRICT,1987,1grK3qO2fTYxLo1Eo4byTIz00gyd5fBhd.csv,1.0
cf556d7e0d63,Bongaigaon,Assam,Goalpara,Bongaigaon,NEW_DISTRICT,1989,1grK3qO2fTYxLo1Eo4byTIz00gyd5fBhd.csv,1.0
c89f53c94fd1,Dhemaji,Assam,Lakhimpur,Dhemaji,NEW_DISTRICT,1989,1grK3qO2fTYxLo1Eo4byTIz00gyd5fBhd.csv,1.0
469feed58f5f,Hailakandi,Assam,Cachar,Hailakandi,NEW_DISTRICT,1989,1grK3qO2fTYxLo1Eo4byTIz00gyd5fBhd.csv,1.0
7eee269287a6,Marigaon,Assam,Nagaon,Marigaon,NEW_DISTRICT,1989,1grK3qO2fTYxLo1Eo4byTIz00gyd5fBhd.csv,1.0
369aca1522a1,Tinsukia,Assam,Dibrugarh,Tinsukia,NEW_DISTRICT,1989,1grK3qO2fTYxLo1Eo4byTIz00gyd5fBhd.csv,1.0
c2c1391981df,Kamrup Metropolitan,Assam,Kamrup,Kamrup Metropolitan,NEW_DISTRICT,2003,1grK3qO2fTYxLo1Eo4byTIz00gyd5fBhd.csv,1.0
ea4a7ab83d21,Baksa,Assam,"Nalbari, Barpeta, Kamrup, And Darrang",Baksa,NEW_DISTRICT,2004,1grK3qO2fTYxLo1Eo4byTIz00gyd5fBhd.csv,1.0
41871a067303,Chirang,Assam,Bongaigaon And Kokrajhar,Chirang,NEW_DISTRICT,2004,1grK3qO2fTYxLo1Eo4byTIz00gyd5fBhd.csv,1.0
2ce24b2e7b68,Udalguri,Assam,Darrang,Udalguri,NEW_DISTRICT,2004,1grK3qO2fTYxLo1Eo4byTIz00gyd5fBhd.csv,1.0
5f20d8e2bd1f,Biswanath,Assam,Sonitpur,Biswanath,NEW_DISTRICT,2015,1grK3qO2fTYxLo1Eo4byTIz00gyd5fBhd.csv,1.0
14b82befac32,Charaideo,Assam,Sivasagar,Charaideo,NEW_DISTRICT,2015,1grK3qO2fTYxLo1Eo4byTIz00gyd5fBhd.csv,1.0
91a7322f8c5b,Hojai,Assam,Nagaon,Hojai,NEW_DISTRICT,2015,1grK3qO2fTYxLo1Eo4byTIz00gyd5fBhd.csv,1.0
3a19e7e11655,South Salmara-Mankachar,Assam,Dhubri,South Salmara-Mankachar,NEW_DISTRICT,2015,1grK3qO2fTYxLo1Eo4byTIz00gyd5fBhd.csv,1.0
004658660622,West Karbi Anglong,Assam,Karbi Anglong,West Karbi Anglong,NEW_DISTRICT,2015,1grK3qO2fTYxLo1Eo4byTIz00gyd5fBhd.csv,1.0
aad38121b951,Majuli,Assam,Jorhat,Majuli,NEW_DISTRICT,2016,1grK3qO2fTYxLo1Eo4byTIz00gyd5fBhd.csv,1.0
af2e7c233f68,Bajali,Assam,Barpeta,Bajali,NEW_DISTRICT,2020,1grK3qO2fTYxLo1Eo4byTIz00gyd5fBhd.csv,1.0
f93a39609e3e,Tamulpur,Assam,Baksa,Tamulpur,NEW_DISTRICT,2020,1grK3qO2fTYxLo1Eo4byTIz00gyd5fBhd.csv,1.0
f7f0f21d769b,Begusarai,Bihar,Monghyr,Begusarai,NEW_DISTRICT,1972,1grK3qO2fTYxLo1Eo4byTIz00gyd5fBhd.csv,1.0
89ac354e410c,Bhojpur,Bihar,Shahabad,Bhojpur,NEW_DISTRICT,1972,1grK3qO2fTYxLo1Eo4byTIz00gyd5fBhd.csv,1.0
fe786ecaade0,Madhubani,Bihar,Darbhanga,Madhubani,NEW_DISTRICT,1972,1grK3qO2fTYxLo1Eo4byTIz00gyd5fBhd.csv,1.0
d5b238520160,Nalanda,Bihar,Patna,Nalanda,NEW_DISTRICT,1972,1grK3qO2fTYxLo1Eo4byTIz00gyd5fBhd.csv,1.0
047b2f67a8ba,Rohtas,Bihar,Shahabad,Rohtas,NEW_DISTRICT,1972,1grK3qO2fTYxLo1Eo4byTIz00gyd5fBhd.csv,1.0
9c440fbafeb8,Samastipur,Bihar,Darbhanga,Samastipur,NEW_DISTRICT,1972,1grK3qO2fTYxLo1Eo4byTIz00gyd5fBhd.csv,1.0
0d6807df0661,Sitamarhi,Bihar,Muzaffarpur,Sitamarhi,NEW_DISTRICT,1972,1grK3qO2fTYxLo1Eo4byTIz00gyd5fBhd.csv,1.0
83a6fe743aa4,Vaishali,Bihar,Muzaffarpur,Vaishali,NEW_DISTRICT,1972,1grK3qO2fTYxLo1Eo4byTIz00gyd5fBhd.csv,1.0
0990d01df831,Aurangabad,Bihar,Gaya,Aurangabad,NEW_DISTRICT,1973,1grK3qO2fTYxLo1Eo4byTIz00gyd5fBhd.csv,1.0
7d1508c79458,Gopalganj,Bihar,Saran,Gopalganj,NEW_DISTRICT,1973,1grK3qO2fTYxLo1Eo4byTIz00gyd5fBhd.csv,1.0
3c669bbbe711,Katihar,Bihar,Purnea,Katihar,NEW_DISTRICT,1973,1grK3qO2fTYxLo1Eo4byTIz00gyd5fBhd.csv,1.0
3192e2052a61,Nawada,Bihar,Gaya,Nawada,NEW_DISTRICT,1973,1grK3qO2fTYxLo1Eo4byTIz00gyd5fBhd.csv,1.0
2d725042e5c4,Siwan,Bihar,Saran,Siwan,NEW_DISTRICT,1973,1grK3qO2fTYxLo1Eo4byTIz00gyd5fBhd.csv,1.0
037ccf410cdd,Pashchim Champaran,Bihar,Champaran,Pashchim Champaran,NEW_DISTRICT,1977,1grK3qO2fTYxLo1Eo4byTIz00gyd5fBhd.csv,1.0
5c5734c2b6af,Purba Champaran,Bihar,Champaran,Purba Champaran,NEW_DISTRICT,1977,1grK3qO2fTYxLo1Eo4byTIz00gyd5fBhd.csv,1.0
2110069e0657,Khagaria,Bihar,Munger,Khagaria,NEW_DISTRICT,1981,1grK3qO2fTYxLo1Eo4byTIz00gyd5fBhd.csv,1.0
82a838aa5f88,Madhepura,Bihar,Saharsa,Madhepura,NEW_DISTRICT,1981,1grK3qO2fTYxLo1Eo4byTIz00gyd5fBhd.csv,1.0
60591645fd04,Jehanabad,Bihar,Gaya,Jehanabad,NEW_DISTRICT,1986,1grK3qO2fTYxLo1Eo4byTIz00gyd5fBhd.csv,1.0
91cc98481b31,Araria,Bihar,Purnia,Araria,NEW_DISTRICT,1990,1grK3qO2fTYxLo1Eo4byTIz00gyd5fBhd.csv,1.0
2ebadcba5739,Kishanganj,Bihar,Purnia,Kishanganj,NEW_DISTRICT,1990,1grK3qO2fTYxLo1Eo4byTIz00gyd5fBhd.csv,1.0
e2dc67182c1b,Banka,Bihar,Bhagalpur,Banka,NEW_DISTRICT,1991,1grK3qO2fTYxLo1Eo4byTIz00gyd5fBhd.csv,1.0
ab492211a5c9,Buxar,Bihar,Bhojpur,Buxar,NEW_DISTRICT,1991,1grK3qO2fTYxLo1Eo4byTIz00gyd5fBhd.csv,1.0
5f36f9f117c9,Jamui,Bihar,Munger,Jamui,NEW_DISTRICT,1991,1grK3qO2fTYxLo1Eo4byTIz00gyd5fBhd.csv,1.0
512946131ff9,Kaimur (Bhabua),Bihar,Rohtas,Kaimur (Bhabua),NEW_DISTRICT,1991,1grK3qO2fTYxLo1Eo4byTIz00gyd5fBhd.csv,1.0
1945868960d1,Supaul,Bihar,Saharsa,Supaul,NEW_DISTRICT,1991,1grK3qO2fTYxLo1Eo4byTIz00gyd5fBhd.csv,1.0
e4217653930c,Lakhisarai,Bihar,Munger,Lakhisarai,NEW_DISTRICT,1994,1grK3qO2fTYxLo1Eo4byTIz00gyd5fBhd.csv,1.0
2648e06906f4,Sheikhpura,Bihar,Munger,Sheikhpura,NEW_DISTRICT,1994,1grK3qO2fTYxLo1Eo4byTIz00gyd5fBhd.csv,1.0
d08a0a28d007,Sheohar,Bihar,Sitamarhi,Sheohar,NEW_DISTRICT,1994,1grK3qO2fTYxLo1Eo4byTIz00gyd5fBhd.csv,1.0
2527039ccfa3,Arwal,Bihar,Jehanabad,Arwal,NEW_DISTRICT,2001,1grK3qO2fTYxLo1Eo4byTIz00gyd5fBhd.csv,1.0
6c32e09d7888,Chandigarh,Chandigarh,Ambala,Chandigarh,NEW_DISTRICT,1966,1grK3qO2fTYxLo1Eo4byTIz00gyd5fBhd.csv,1.0
618bea30ec09,Raj Nandgaon,Chhattisgarh,Durg,Raj Nandgaon,NEW_DISTRICT,1973,1grK3qO2fTYxLo1Eo4byTIz00gyd5fBhd.csv,1.0
eb0f8841e1f1,Dantewada,Chhattisgarh,Bastar,Dantewada,NEW_DISTRICT,1998,1grK3qO2fTYxLo1Eo4byTIz00gyd5fBhd.csv,1.0
37ed38738a9f,Dhamtari,Chhattisgarh,Raipur,Dhamtari,NEW_DISTRICT,1998,1grK3qO2fTYxLo1Eo4byTIz00gyd5fBhd.csv,1.0
d0e00268271c,Janjgir-Champa,Chhattisgarh,Bilaspur,Janjgir-Champa,NEW_DISTRICT,1998,1grK3qO2fTYxLo1Eo4byTIz00gyd5fBhd.csv,1.0
a1214943545a,Jashpur,Chhattisgarh,Raigarh,Jashpur,NEW_DISTRICT,1998,1grK3qO2fTYxLo1Eo4byTIz00gyd5fBhd.csv,1.0
51a31307dc66,Kanker,Chhattisgarh,Bastar,Kanker,NEW_DISTRICT,1998,1grK3qO2fTYxLo1Eo4byTIz00gyd5fBhd.csv,1.0
b9777299f934,Kawardha,Chhattisgarh,Raj Nandgaon,Kawardha,NEW_DISTRICT,1998,1grK3qO2fTYxLo1Eo4byTIz00gyd5fBhd.csv,1.0
b3eaec8e8852,Korba,Chhattisgarh,Bilaspur,Korba,NEW_DISTRICT,1998,1grK3qO2fTYxLo1Eo4byTIz00gyd5fBhd.csv,1.0
ddf40182139a,Koriya,Chhattisgarh,Surguja,Koriya,NEW_DISTRICT,1998,1grK3qO2fTYxLo1Eo4byTIz00gyd5fBhd.csv,1.0
61acc0349d03,Mahasamund,Chhattisgarh,Raipur,Mahasamund,NEW_DISTRICT,1998,1grK3qO2fTYxLo1Eo4byTIz00gyd5fBhd.csv,1.0
47d8ff3aed0e,Bijapur,Chhattisgarh,Dantewada,Bijapur,NEW_DISTRICT,2007,1grK3qO2fTYxLo1Eo4byTIz00gyd5fBhd.csv,1.0
6b8fcc9d002d,Dakshin Bastar Dantewada,Chhattisgarh,Dantewada,Dakshin Bastar Dantewada,NEW_DISTRICT,2007,1grK3qO2fTYxLo1Eo4byTIz00gyd5fBhd.csv,1.0
b9088f5a5113,Narayanpur,Chhattisgarh,Bastar,Narayanpur,NEW_DISTRICT,2007,1grK3qO2fTYxLo1Eo4byTIz00gyd5fBhd.csv,1.0
9657f36a108c,Surajpur,Chhattisgarh,Surguja,Surajpur,NEW_DISTRICT,2011,1grK3qO2fTYxLo1Eo4byTIz00gyd5fBhd.csv,1.0
e936ba0c7d35,Balod,Chhattisgarh,Durg,Balod,NEW_DISTRICT,2012,1grK3qO2fTYxLo1Eo4byTIz00gyd5fBhd.csv,1.0
e8b4d0626482,Baloda Bazar,Chhattisgarh,Raipur,Baloda Bazar,NEW_DISTRICT,2012,1grK3qO2fTYxLo1Eo4byTIz00gyd5fBhd.csv,1.0
23014b934bcf,Balrampur,Chhattisgarh,Surguja,Balrampur,NEW_DISTRICT,2012,1grK3qO2fTYxLo1Eo4byTIz00gyd5fBhd.csv,1.0
61f785434b52,Bemetara,Chhattisgarh,Durg,Bemetara,NEW_DISTRICT,2012,1grK3qO2fTYxLo1Eo4byTIz00gyd5fBhd.csv,1.0
b86cbee1f5dd,Gariyaband,Chhattisgarh,Raipur,Gariyaband,NEW_DISTRICT,2012,1grK3qO2fTYxLo1Eo4byTIz00gyd5fBhd.csv,1.0
044d75ae3b41,Kondagaon,Chhattisgarh,Bastar,Kondagaon,NEW_DISTRICT,2012,1grK3qO2fTYxLo1Eo4byTIz00gyd5fBhd.csv,1.0
5f60b0c8d092,Mungeli,Chhattisgarh,Bilaspur,Mungeli,NEW_DISTRICT,2012,1grK3qO2fTYxLo1Eo4byTIz00gyd5fBhd.csv,1.0
8b132638fc47,Sukma,Chhattisgarh,Dakshin Bastar Dantewada,Sukma,NEW_DISTRICT,2012,1grK3qO2fTYxLo1Eo4byTIz00gyd5fBhd.csv,1.0
3bece99c1c38,Gaurela-Pendra-Marwahi,Chhattisgarh,Bilaspur,Gaurela-Pendra-Marwahi,NEW_DISTRICT,2020,1grK3qO2fTYxLo1Eo4byTIz00gyd5fBhd.csv,1.0
9535dcb1cbdf,Dadra And Nagar Haveli,Dadra and Nagar Haveli,Portuguese Colonial Territory,Dadra And Nagar Haveli,NEW_DISTRICT,1961,1grK3qO2fTYxLo1Eo4byTIz00gyd5fBhd.csv,1.0
2b36b0713ff8,Daman,Daman and Diu,Portuguese Colonial Territory,Daman,NEW_DISTRICT,1961,1grK3qO2fTYxLo1Eo4byTIz00gyd5fBhd.csv,1.0
c045e0f44d49,Diu,Daman and Diu,Portuguese Colonial Territory,Diu,NEW_DISTRICT,1961,1grK3qO2fTYxLo1Eo4byTIz00gyd5fBhd.csv,1.0
e8d9fc31ec4e,Central,Delhi,Delhi,Central,NEW_DISTRICT,1997,1grK3qO2fTYxLo1Eo4byTIz00gyd5fBhd.csv,1.0
127865f1f4a8,East,Delhi,Delhi,East,NEW_DISTRICT,1997,1grK3qO2fTYxLo1Eo4byTIz00gyd5fBhd.csv,1.0
8697ac08b3dd,New Delhi,Delhi,Delhi,New Delhi,NEW_DISTRICT,1997,1grK3qO2fTYxLo1Eo4byTIz00gyd5fBhd.csv,1.0
a6524e1e598e,North,Delhi,Delhi,North,NEW_DISTRICT,1997,1grK3qO2fTYxLo1Eo4byTIz00gyd5fBhd.csv,1.0
decfb084f11a,North East,Delhi,Delhi,North East,NEW_DISTRICT,1997,1grK3qO2fTYxLo1Eo4byTIz00gyd5fBhd.csv,1.0
1cc5c5352fcb,North West,Delhi,Delhi,North West,NEW_DISTRICT,1997,1grK3qO2fTYxLo1Eo4byTIz00gyd5fBhd.csv,1.0
40fe12259ae0,South,Delhi,Delhi,South,NEW_DISTRICT,1997,1grK3qO2fTYxLo1Eo4byTIz00gyd5fBhd.csv,1.0
cda20afa4d4a,South West,Delhi,Delhi,South West,NEW_DISTRICT,1997,1grK3qO2fTYxLo1Eo4byTIz00gyd5fBhd.csv,1.0
6c88f6db9be8,West,Delhi,Delhi,West,NEW_DISTRICT,1997,1grK3qO2fTYxLo1Eo4byTIz00gyd5fBhd.csv,1.0
a6524e1e598e,North,Delhi,North-West,North,NEW_DISTRICT,2012,1grK3qO2fTYxLo1Eo4byTIz00gyd5fBhd.csv,1.0
4c7b1cf46066,Shahdara,Delhi,East And North-East,Shahdara,NEW_DISTRICT,2012,1grK3qO2fTYxLo1Eo4byTIz00gyd5fBhd.csv,1.0
37e09a804b92,South East,Delhi,South,South East,NEW_DISTRICT,2012,1grK3qO2fTYxLo1Eo4byTIz00gyd5fBhd.csv,1.0
2f94b45e00de,North Goa,Goa,Goa,North Goa,NEW_DISTRICT,1987,1grK3qO2fTYxLo1Eo4byTIz00gyd5fBhd.csv,1.0
e0e93f672cb2,South Goa,Goa,Goa,South Goa,NEW_DISTRICT,1987,1grK3qO2fTYxLo1Eo4byTIz00gyd5fBhd.csv,1.0
0438a8c45b0c,Gandhinagar,Gujarat,Ahmedabad And Mehsana,Gandhinagar,NEW_DISTRICT,1964,1grK3qO2fTYxLo1Eo4byTIz00gyd5fBhd.csv,1.0
a688df1e3a6c,Valsad,Gujarat,Surat,Valsad,NEW_DISTRICT,1966,1grK3qO2fTYxLo1Eo4byTIz00gyd5fBhd.csv,1.0
a5a2a2b9c756,Anand,Gujarat,Kheda,Anand,NEW_DISTRICT,1997,1grK3qO2fTYxLo1Eo4byTIz00gyd5fBhd.csv,1.0
533d61222537,Dohad,Gujarat,Panch Mahals,Dohad,NEW_DISTRICT,1997,1grK3qO2fTYxLo1Eo4byTIz00gyd5fBhd.csv,1.0
92b48d77b1d2,Narmada,Gujarat,Bharuch,Narmada,NEW_DISTRICT,1997,1grK3qO2fTYxLo1Eo4byTIz00gyd5fBhd.csv,1.0
96959c06acc4,Navsari,Gujarat,Valsad,Navsari,NEW_DISTRICT,1997,1grK3qO2fTYxLo1Eo4byTIz00gyd5fBhd.csv,1.0
3c8d1caecf74,Porbandar,Gujarat,Junagadh,Porbandar,NEW_DISTRICT,1997,1grK3qO2fTYxLo1Eo4byTIz00gyd5fBhd.csv,1.0
c6381413219c,Patan,Gujarat,Mahesana,Patan,NEW_DISTRICT,2000,1grK3qO2fTYxLo1Eo4byTIz00gyd5fBhd.csv,1.0
f9639033e5ec,Tapi,Gujarat,Surat,Tapi,NEW_DISTRICT,2007,1grK3qO2fTYxLo1Eo4byTIz00gyd5fBhd.csv,1.0
988f66880d90,Aravalli,Gujarat,Sabar Kantha,Aravalli,NEW_DISTRICT,2013,1grK3qO2fTYxLo1Eo4byTIz00gyd5fBhd.csv,1.0
7572225fbdec,Botad,Gujarat,"Ahmadabad, Bhavnagar",Botad,NEW_DISTRICT,2013,1grK3qO2fTYxLo1Eo4byTIz00gyd5fBhd.csv,1.0
6f9f311f3029,Chhota Udepur,Gujarat,Vadodara,Chhota Udepur,NEW_DISTRICT,2013,1grK3qO2fTYxLo1Eo4byTIz00gyd5fBhd.csv,1.0
454b189fe341,Devbhumi Dwarka,Gujarat,Jamnagar,Devbhumi Dwarka,NEW_DISTRICT,2013,1grK3qO2fTYxLo1Eo4byTIz00gyd5fBhd.csv,1.0
416fb84b8a83,Gir Somnath,Gujarat,Junagarh,Gir Somnath,NEW_DISTRICT,2013,1grK3qO2fTYxLo1Eo4byTIz00gyd5fBhd.csv,1.0
addfc69e3aec,Mahisagar,Gujarat,"Panch Mahals, Kheda",Mahisagar,NEW_DISTRICT,2013,1grK3qO2fTYxLo1Eo4byTIz00gyd5fBhd.csv,1.0
94c1fb821ccb,Morbi,Gujarat,"Rajkot, Surendranagar, Jamnagar",Morbi,NEW_DISTRICT,2013,1grK3qO2fTYxLo1Eo4byTIz00gyd5fBhd.csv,1.0
f6a1e685b7d7,Bhiwani,Haryana,Hisar,Bhiwani,NEW_DISTRICT,1972,1grK3qO2fTYxLo1Eo4byTIz00gyd5fBhd.csv,1.0
3e65d0d761d7,Sonipat,Haryana,Rohtak,Sonipat,NEW_DISTRICT,1972,1grK3qO2fTYxLo1Eo4byTIz00gyd5fBhd.csv,1.0
2b79d83f649f,Kurukshetra,Haryana,Karnal,Kurukshetra,NEW_DISTRICT,1973,1grK3qO2fTYxLo1Eo4byTIz00gyd5fBhd.csv,1.0
cc31e664b406,Sirsa,Haryana,Hisar,Sirsa,NEW_DISTRICT,1975,1grK3qO2fTYxLo1Eo4byTIz00gyd5fBhd.csv,1.0
2aae565430aa,Faridabad,Haryana,Gurgaon,Faridabad,NEW_DISTRICT,1979,1grK3qO2fTYxLo1Eo4byTIz00gyd5fBhd.csv,1.0
014d48d07ffd,Kaithal,Haryana,Kurukshetra,Kaithal,NEW_DISTRICT,1989,1grK3qO2fTYxLo1Eo4byTIz00gyd5fBhd.csv,1.0
665d9e0ab531,Panipat,Haryana,Karnal,Panipat,NEW_DISTRICT,1989,1grK3qO2fTYxLo1Eo4byTIz00gyd5fBhd.csv,1.0
b59df392d868,Rewari,Haryana,Mahendragarh,Rewari,NEW_DISTRICT,1989,1grK3qO2fTYxLo1Eo4byTIz00gyd5fBhd.csv,1.0
5d64670cadd6,Yamunanagar,Haryana,Ambala,Yamunanagar,NEW_DISTRICT,1989,1grK3qO2fTYxLo1Eo4byTIz00gyd5fBhd.csv,1.0
aaef55b8c5f0,Panchkula,Haryana,Ambala,Panchkula,NEW_DISTRICT,1995,1grK3qO2fTYxLo1Eo4byTIz00gyd5fBhd.csv,1.0
ec01e5fb46ef,Fatehabad,Haryana,Hisar,Fatehabad,NEW_DISTRICT,1997,1grK3qO2fTYxLo1Eo4byTIz00gyd5fBhd.csv,1.0
c61b7f41edd1,Jhajjar,Haryana,Rohtak,Jhajjar,NEW_DISTRICT,1997,1grK3qO2fTYxLo1Eo4byTIz00gyd5fBhd.csv,1.0
79d9c9e83f24,Mewat,Haryana,Faridabad,Mewat,NEW_DISTRICT,2005,1grK3qO2fTYxLo1Eo4byTIz00gyd5fBhd.csv,1.0
fc1d7a8ed043,Palwal,Haryana,Gurgaon,Palwal,NEW_DISTRICT,2008,1grK3qO2fTYxLo1Eo4byTIz00gyd5fBhd.csv,1.0
48b449fbe2dd,Charkhi Dadri,Haryana,Bhiwani,Charkhi Dadri,NEW_DISTRICT,2016,1grK3qO2fTYxLo1Eo4byTIz00gyd5fBhd.csv,1.0
3d21abc7b0c9,Kinnaur,Himachal Pradesh,Mahasu,Kinnaur,NEW_DISTRICT,1960,1grK3qO2fTYxLo1Eo4byTIz00gyd5fBhd.csv,1.0
27300b07aef0,Lahaul And Spiti,Himachal Pradesh,Kangra,Lahaul And Spiti,NEW_DISTRICT,1960,1grK3qO2fTYxLo1Eo4byTIz00gyd5fBhd.csv,1.0
e8b9567f1668,Kulu,Himachal Pradesh,Kangra,Kulu,NEW_DISTRICT,1966,1grK3qO2fTYxLo1Eo4byTIz00gyd5fBhd.csv,1.0
1dd7b830904e,Hamirpur,Himachal Pradesh,Kangra,Hamirpur,NEW_DISTRICT,1972,1grK3qO2fTYxLo1Eo4byTIz00gyd5fBhd.csv,1.0
496067925268,Solan,Himachal Pradesh,Simla,Solan,NEW_DISTRICT,1972,1grK3qO2fTYxLo1Eo4byTIz00gyd5fBhd.csv,1.0
6a734a422459,Una,Himachal Pradesh,Kangra,Una,NEW_DISTRICT,1972,1grK3qO2fTYxLo1Eo4byTIz00gyd5fBhd.csv,1.0
f6cb3f61f5b9,Anantnag,Jammu and Kashmir,Jammu And Kashmir,Anantnag,NEW_DISTRICT,1956,1grK3qO2fTYxLo1Eo4byTIz00gyd5fBhd.csv,1.0
94f08bdcf290,Baramulla,Jammu and Kashmir,Jammu And Kashmir,Baramulla,NEW_DISTRICT,1956,1grK3qO2fTYxLo1Eo4byTIz00gyd5fBhd.csv,1.0
b17881eb4671,Doda,Jammu and Kashmir,Jammu And Kashmir,Doda,NEW_DISTRICT,1956,1grK3qO2fTYxLo1Eo4byTIz00gyd5fBhd.csv,1.0
be3e18466271,Jammu,Jammu and Kashmir,Jammu And Kashmir,Jammu,NEW_DISTRICT,1956,1grK3qO2fTYxLo1Eo4byTIz00gyd5fBhd.csv,1.0
4e5f6be99ac7,Kathua,Jammu and Kashmir,Jammu And Kashmir,Kathua,NEW_DISTRICT,1956,1grK3qO2fTYxLo1Eo4byTIz00gyd5fBhd.csv,1.0
c8bb874c5a82,Ladakh,Jammu and Kashmir,Jammu And Kashmir,Ladakh,NEW_DISTRICT,1956,1grK3qO2fTYxLo1Eo4byTIz00gyd5fBhd.csv,1.0
411e1aaa1d8d,Poonch,Jammu and Kashmir,Jammu And Kashmir,Poonch,NEW_DISTRICT,1956,1grK3qO2fTYxLo1Eo4byTIz00gyd5fBhd.csv,1.0
95ec2f91aa31,Srinagar,Jammu and Kashmir,Jammu And Kashmir,Srinagar,NEW_DISTRICT,1956,1grK3qO2fTYxLo1Eo4byTIz00gyd5fBhd.csv,1.0
84c883d07e3f,Udhampur,Jammu and Kashmir,Jammu And Kashmir,Udhampur,NEW_DISTRICT,1956,1grK3qO2fTYxLo1Eo4byTIz00gyd5fBhd.csv,1.0
8cdfcbae2dcd,Rajauri,Jammu and Kashmir,Poonch,Rajauri,NEW_DISTRICT,1968,1grK3qO2fTYxLo1Eo4byTIz00gyd5fBhd.csv,1.0
84c86e5ac70b,Badgam,Jammu and Kashmir,Srinagar,Badgam,NEW_DISTRICT,1979,1grK3qO2fTYxLo1Eo4byTIz00gyd5fBhd.csv,1.0
1c74ea44d097,Kupwara,Jammu and Kashmir,Baramula,Kupwara,NEW_DISTRICT,1979,1grK3qO2fTYxLo1Eo4byTIz00gyd5fBhd.csv,1.0
eb7dd8c6466c,Pulwama,Jammu and Kashmir,Srinagar,Pulwama,NEW_DISTRICT,1979,1grK3qO2fTYxLo1Eo4byTIz00gyd5fBhd.csv,1.0
ddd081149913,Bandipore,Jammu and Kashmir,Baramula,Bandipore,NEW_DISTRICT,2006,1grK3qO2fTYxLo1Eo4byTIz00gyd5fBhd.csv,1.0
b571cabaf465,Ganderbal,Jammu and Kashmir,Baramula,Ganderbal,NEW_DISTRICT,2006,1grK3qO2fTYxLo1Eo4byTIz00gyd5fBhd.csv,1.0
03f21630b049,Kishtwar,Jammu and Kashmir,Doda,Kishtwar,NEW_DISTRICT,2006,1grK3qO2fTYxLo1Eo4byTIz00gyd5fBhd.csv,1.0
489c38ba8bf9,Kulgam,Jammu and Kashmir,Anantnag And Pulwama,Kulgam,NEW_DISTRICT,2006,1grK3qO2fTYxLo1Eo4byTIz00gyd5fBhd.csv,1.0
6fe6f43d3018,Ramban,Jammu and Kashmir,Doda,Ramban,NEW_DISTRICT,2006,1grK3qO2fTYxLo1Eo4byTIz00gyd5fBhd.csv,1.0
4c381c3bc050,Reasi,Jammu and Kashmir,Udhampur,Reasi,NEW_DISTRICT,2006,1grK3qO2fTYxLo1Eo4byTIz00gyd5fBhd.csv,1.0
3d148b9b2bcd,Samba,Jammu and Kashmir,Jammu,Samba,NEW_DISTRICT,2006,1grK3qO2fTYxLo1Eo4byTIz00gyd5fBhd.csv,1.0
b94f20367e07,Shupiyan,Jammu and Kashmir,Pulwama,Shupiyan,NEW_DISTRICT,2006,1grK3qO2fTYxLo1Eo4byTIz00gyd5fBhd.csv,1.0
68abfd94b978,Giridih,Jharkhand,Hazaribagh,Giridih,NEW_DISTRICT,1972,1grK3qO2fTYxLo1Eo4byTIz00gyd5fBhd.csv,1.0
e5c3b619a610,Deoghar,Jharkhand,Santhal Pargana,Deoghar,NEW_DISTRICT,1981,1grK3qO2fTYxLo1Eo4byTIz00gyd5fBhd.csv,1.0
4a71caeeeb3d,Dumka,Jharkhand,Santhal Pargana,Dumka,NEW_DISTRICT,1981,1grK3qO2fTYxLo1Eo4byTIz00gyd5fBhd.csv,1.0
823b8e5fe164,Godda,Jharkhand,Santhal Pargana,Godda,NEW_DISTRICT,1983,1grK3qO2fTYxLo1Eo4byTIz00gyd5fBhd.csv,1.0
2f04809ca172,Gumla,Jharkhand,Ranchi,Gumla,NEW_DISTRICT,1983,1grK3qO2fTYxLo1Eo4byTIz00gyd5fBhd.csv,1.0
c7dd5ecb0d39,Lohardaga,Jharkhand,Ranchi,Lohardaga,NEW_DISTRICT,1983,1grK3qO2fTYxLo1Eo4byTIz00gyd5fBhd.csv,1.0
2a66bbc394dd,Sahibganj,Jharkhand,Santhal Pargana,Sahibganj,NEW_DISTRICT,1983,1grK3qO2fTYxLo1Eo4byTIz00gyd5fBhd.csv,1.0
3fc80a9b3fd7,Pashchimi Singhbhum,Jharkhand,Singhbhum,Pashchimi Singhbhum,NEW_DISTRICT,1990,1grK3qO2fTYxLo1Eo4byTIz00gyd5fBhd.csv,1.0
a9fcca6a4890,Purbi Singhbhum,Jharkhand,Singhbhum,Purbi Singhbhum,NEW_DISTRICT,1990,1grK3qO2fTYxLo1Eo4byTIz00gyd5fBhd.csv,1.0
47a553565ae8,Bokaro,Jharkhand,"Giridh, Dhanbad",Bokaro,NEW_DISTRICT,1991,1grK3qO2fTYxLo1Eo4byTIz00gyd5fBhd.csv,1.0
767a8717faaa,Chatra,Jharkhand,Hazaribag,Chatra,NEW_DISTRICT,1991,1grK3qO2fTYxLo1Eo4byTIz00gyd5fBhd.csv,1.0
e3b750cb6e5a,Garhwa,Jharkhand,Palamu,Garhwa,NEW_DISTRICT,1991,1grK3qO2fTYxLo1Eo4byTIz00gyd5fBhd.csv,1.0
85638e76b475,Kodarma,Jharkhand,Hazaribag,Kodarma,NEW_DISTRICT,1994,1grK3qO2fTYxLo1Eo4byTIz00gyd5fBhd.csv,1.0
077ae6cdf3bf,Pakaur,Jharkhand,Sahibganj,Pakaur,NEW_DISTRICT,1994,1grK3qO2fTYxLo1Eo4byTIz00gyd5fBhd.csv,1.0
0291e9c14e69,Jamtara,Jharkhand,Dumka,Jamtara,NEW_DISTRICT,2001,1grK3qO2fTYxLo1Eo4byTIz00gyd5fBhd.csv,1.0
cc26cf7f1f02,Latehar,Jharkhand,Palamu,Latehar,NEW_DISTRICT,2001,1grK3qO2fTYxLo1Eo4byTIz00gyd5fBhd.csv,1.0
39db47f62b7b,Saraikela-Kharsawan,Jharkhand,Pashchimi Singhbhum,Saraikela-Kharsawan,NEW_DISTRICT,2001,1grK3qO2fTYxLo1Eo4byTIz00gyd5fBhd.csv,1.0
f66c0c2624fc,Simdega,Jharkhand,Gumla,Simdega,NEW_DISTRICT,2001,1grK3qO2fTYxLo1Eo4byTIz00gyd5fBhd.csv,1.0
9afe310d904a,Khunti,Jharkhand,Ranchi,Khunti,NEW_DISTRICT,2007,1grK3qO2fTYxLo1Eo4byTIz00gyd5fBhd.csv,1.0
649fd8762ecb,Ramgarh,Jharkhand,Hazaribag,Ramgarh,NEW_DISTRICT,2007,1grK3qO2fTYxLo1Eo4byTIz00gyd5fBhd.csv,1.0
5535cdf9ecb0,Bengaluru Rural,Karnataka,Bangalore,Bengaluru Rural,NEW_DISTRICT,1986,1grK3qO2fTYxLo1Eo4byTIz00gyd5fBhd.csv,1.0
d70d4ce81e29,Bagalkot,Karnataka,Bijapur,Bagalkot,NEW_DISTRICT,1997,1grK3qO2fTYxLo1Eo4byTIz00gyd5fBhd.csv,1.0
29f67bec706a,Davanagere,Karnataka,Chitradurga,Davanagere,NEW_DISTRICT,1997,1grK3qO2fTYxLo1Eo4byTIz00gyd5fBhd.csv,1.0
b06a58946060,Gadag,Karnataka,Dharwad,Gadag,NEW_DISTRICT,1997,1grK3qO2fTYxLo1Eo4byTIz00gyd5fBhd.csv,1.0
ba7cf7679cb7,Haveri,Karnataka,Dharwad,Haveri,NEW_DISTRICT,1997,1grK3qO2fTYxLo1Eo4byTIz00gyd5fBhd.csv,1.0
82745e856c24,Koppal,Karnataka,Raichur,Koppal,NEW_DISTRICT,1997,1grK3qO2fTYxLo1Eo4byTIz00gyd5fBhd.csv,1.0
b113444bab15,Udupi,Karnataka,Dakshina Kannad,Udupi,NEW_DISTRICT,1997,1grK3qO2fTYxLo1Eo4byTIz00gyd5fBhd.csv,1.0
63fe1fd12e37,Chamarajanagar,Karnataka,Mysore,Chamarajanagar,NEW_DISTRICT,1998,1grK3qO2fTYxLo1Eo4byTIz00gyd5fBhd.csv,1.0
ea7c7761fa3d,Chikkaballapura,Karnataka,Kolar,Chikkaballapura,NEW_DISTRICT,2007,1grK3qO2fTYxLo1Eo4byTIz00gyd5fBhd.csv,1.0
161b67386292,Ramanagara,Karnataka,Bengaluru Rural,Ramanagara,NEW_DISTRICT,2007,1grK3qO2fTYxLo1Eo4byTIz00gyd5fBhd.csv,1.0
3a3e7ee343a7,Yadgir,Karnataka,Gulbarga,Yadgir,NEW_DISTRICT,2009,1grK3qO2fTYxLo1Eo4byTIz00gyd5fBhd.csv,1.0
d59ffeaa80da,Vijayanagara,Karnataka,Ballari,Vijayanagara,NEW_DISTRICT,2021,1grK3qO2fTYxLo1Eo4byTIz00gyd5fBhd.csv,1.0
beab05e2b0ec,Alleppey,Kerala,Quilon And Kottayam,Alleppey,NEW_DISTRICT,1957,1grK3qO2fTYxLo1Eo4byTIz00gyd5fBhd.csv,1.0
576ba4d810a0,Cannanore,Kerala,Malabar And South Kanara,Cannanore,NEW_DISTRICT,1957,1grK3qO2fTYxLo1Eo4byTIz00gyd5fBhd.csv,1.0
dc9df79db7fd,Kozhikode,Kerala,Malabar,Kozhikode,NEW_DISTRICT,1957,1grK3qO2fTYxLo1Eo4byTIz00gyd5fBhd.csv,1.0
e8e51a234124,Palghat,Kerala,Malabar,Palghat,NEW_DISTRICT,1957,1grK3qO2fTYxLo1Eo4byTIz00gyd5fBhd.csv,1.0
9dc37a806780,Ernakulam,Kerala,Kottayam And Trichur,Ernakulam,NEW_DISTRICT,1958,1grK3qO2fTYxLo1Eo4byTIz00gyd5fBhd.csv,1.0
9137b97001a2,Malappuram,Kerala,Kozhikode And Palghat,Malappuram,NEW_DISTRICT,1969,1grK3qO2fTYxLo1Eo4byTIz00gyd5fBhd.csv,1.0
cdfd4cce0a90,Idukki,Kerala,Kottayam And Ernakulam,Idukki,NEW_DISTRICT,1972,1grK3qO2fTYxLo1Eo4byTIz00gyd5fBhd.csv,1.0
1cf38fa44576,Wayanad,Kerala,Cannanore And Kozhikode,Wayanad,NEW_DISTRICT,1980,1grK3qO2fTYxLo1Eo4byTIz00gyd5fBhd.csv,1.0
bee845215b74,Pathanamthitta,Kerala,"Quilon, Alappuzha And Idukki",Pathanamthitta,NEW_DISTRICT,1982,1grK3qO2fTYxLo1Eo4byTIz00gyd5fBhd.csv,1.0
54adaaa9f271,Kasaragod,Kerala,Cannanore,Kasaragod,NEW_DISTRICT,1984,1grK3qO2fTYxLo1Eo4byTIz00gyd5fBhd.csv,1.0
2c6ec090c1af,Kargil,Ladakh,Ladakh,Kargil,NEW_DISTRICT,1979,1grK3qO2fTYxLo1Eo4byTIz00gyd5fBhd.csv,1.0
b5e5ae542adf,Narsimhapur,Madhya Pradesh,Hoshangabad,Narsimhapur,NEW_DISTRICT,1952,1grK3qO2fTYxLo1Eo4byTIz00gyd5fBhd.csv,1.0
0d5819c618bd,Damoh,Madhya Pradesh,Sagar,Damoh,NEW_DISTRICT,1956,1grK3qO2fTYxLo1Eo4byTIz00gyd5fBhd.csv,1.0
7914cccd8778,East Nimar,Madhya Pradesh,Nimar,East Nimar,NEW_DISTRICT,1956,1grK3qO2fTYxLo1Eo4byTIz00gyd5fBhd.csv,1.0
76c7c8a784ee,Seoni,Madhya Pradesh,Chhindwara,Seoni,NEW_DISTRICT,1956,1grK3qO2fTYxLo1Eo4byTIz00gyd5fBhd.csv,1.0
b494c5c475ba,West Nimar,Madhya Pradesh,Nimar,West Nimar,NEW_DISTRICT,1956,1grK3qO2fTYxLo1Eo4byTIz00gyd5fBhd.csv,1.0
36644fbd6cc6,Bhopal,Madhya Pradesh,Sehore,Bhopal,NEW_DISTRICT,1972,1grK3qO2fTYxLo1Eo4byTIz00gyd5fBhd.csv,1.0
aa60646d2eed,Sheopur,Madhya Pradesh,Morena,Sheopur,NEW_DISTRICT,1982,1grK3qO2fTYxLo1Eo4byTIz00gyd5fBhd.csv,1.0
a0273220210b,Barwani,Madhya Pradesh,West Nimar,Barwani,NEW_DISTRICT,1998,1grK3qO2fTYxLo1Eo4byTIz00gyd5fBhd.csv,1.0
213f1cf526f2,Dindori,Madhya Pradesh,Mandla,Dindori,NEW_DISTRICT,1998,1grK3qO2fTYxLo1Eo4byTIz00gyd5fBhd.csv,1.0
0a4d5ec481e5,Harda,Madhya Pradesh,Hoshangabad,Harda,NEW_DISTRICT,1998,1grK3qO2fTYxLo1Eo4byTIz00gyd5fBhd.csv,1.0
9cdbd0cd8569,Katni,Madhya Pradesh,Jabalpur,Katni,NEW_DISTRICT,1998,1grK3qO2fTYxLo1Eo4byTIz00gyd5fBhd.csv,1.0
3b7736b4d4fb,Neemuch,Madhya Pradesh,Mandsaur,Neemuch,NEW_DISTRICT,1998,1grK3qO2fTYxLo1Eo4byTIz00gyd5fBhd.csv,1.0
59aa03e4659a,Umaria,Madhya Pradesh,Shahdol,Umaria,NEW_DISTRICT,1998,1grK3qO2fTYxLo1Eo4byTIz00gyd5fBhd.csv,1.0
746d07c422a3,Alirajpur,Madhya Pradesh,Jhabua,Alirajpur,NEW_DISTRICT,2003,1grK3qO2fTYxLo1Eo4byTIz00gyd5fBhd.csv,1.0
f30d3bccefdb,Annupur,Madhya Pradesh,Shahdol,Annupur,NEW_DISTRICT,2003,1grK3qO2fTYxLo1Eo4byTIz00gyd5fBhd.csv,1.0
90e74af8458f,Ashoknagar,Madhya Pradesh,Guna,Ashoknagar,NEW_DISTRICT,2003,1grK3qO2fTYxLo1Eo4byTIz00gyd5fBhd.csv,1.0
10b9f9a20914,Burhanpur,Madhya Pradesh,East Nimar,Burhanpur,NEW_DISTRICT,2003,1grK3qO2fTYxLo1Eo4byTIz00gyd5fBhd.csv,1.0
4e09931783f2,Singrauli,Madhya Pradesh,Sidhi,Singrauli,NEW_DISTRICT,2003,1grK3qO2fTYxLo1Eo4byTIz00gyd5fBhd.csv,1.0
36284880220f,Agar-Malwa,Madhya Pradesh,Shajapur,Agar-Malwa,NEW_DISTRICT,2013,1grK3qO2fTYxLo1Eo4byTIz00gyd5fBhd.csv,1.0
2dde5892aaa3,Niwari,Madhya Pradesh,Tikamgarh,Niwari,NEW_DISTRICT,2018,1grK3qO2fTYxLo1Eo4byTIz00gyd5fBhd.csv,1.0
8743d681ed80,Jalna,Maharashtra,Aurangabad,Jalna,NEW_DISTRICT,1981,1grK3qO2fTYxLo1Eo4byTIz00gyd5fBhd.csv,1.0
582e208d34f7,Sindhudurg,Maharashtra,Ratnagiri,Sindhudurg,NEW_DISTRICT,1981,1grK3qO2fTYxLo1Eo4byTIz00gyd5fBhd.csv,1.0
300b972f3834,Gadchiroli,Maharashtra,Chandrapur,Gadchiroli,NEW_DISTRICT,1982,1grK3qO2fTYxLo1Eo4byTIz00gyd5fBhd.csv,1.0
15225eb7398b,Latur,Maharashtra,Osmanabad,Latur,NEW_DISTRICT,1982,1grK3qO2fTYxLo1Eo4byTIz00gyd5fBhd.csv,1.0
3a24710dc465,Mumbai,Maharashtra,Greater Bombay,Mumbai,NEW_DISTRICT,1990,1grK3qO2fTYxLo1Eo4byTIz00gyd5fBhd.csv,1.0
d03e4b56e4a9,Mumbai (Suburban),Maharashtra,Greater Bombay,Mumbai (Suburban),NEW_DISTRICT,1990,1grK3qO2fTYxLo1Eo4byTIz00gyd5fBhd.csv,1.0
ab940194425d,Nandurbar,Maharashtra,Dhule,Nandurbar,NEW_DISTRICT,1998,1grK3qO2fTYxLo1Eo4byTIz00gyd5fBhd.csv,1.0
b614a02cee93,Washim,Maharashtra,Akola,Washim,NEW_DISTRICT,1998,1grK3qO2fTYxLo1Eo4byTIz00gyd5fBhd.csv,1.0
4e293d2d5551,Gondiya,Maharashtra,Bhandara,Gondiya,NEW_DISTRICT,1999,1grK3qO2fTYxLo1Eo4byTIz00gyd5fBhd.csv,1.0
a08a9842f83e,Hingoli,Maharashtra,Parbhani,Hingoli,NEW_DISTRICT,1999,1grK3qO2fTYxLo1Eo4byTIz00gyd5fBhd.csv,1.0
66934645a79a,Palghar,Maharashtra,Thane,Palghar,NEW_DISTRICT,2014,1grK3qO2fTYxLo1Eo4byTIz00gyd5fBhd.csv,1.0
c455ba3db273,Manipur Central,Manipur,Manipur,Manipur Central,NEW_DISTRICT,1969,1grK3qO2fTYxLo1Eo4byTIz00gyd5fBhd.csv,1.0
a248b3011c2b,Manipur East,Manipur,Manipur,Manipur East,NEW_DISTRICT,1969,1grK3qO2fTYxLo1Eo4byTIz00gyd5fBhd.csv,1.0
887e305b6ffa,Manipur North,Manipur,Manipur,Manipur North,NEW_DISTRICT,1969,1grK3qO2fTYxLo1Eo4byTIz00gyd5fBhd.csv,1.0
b77758319ab8,Manipur South,Manipur,Manipur,Manipur South,NEW_DISTRICT,1969,1grK3qO2fTYxLo1Eo4byTIz00gyd5fBhd.csv,1.0
4b574d9b34ec,Manipur West,Manipur,Manipur,Manipur West,NEW_DISTRICT,1969,1grK3qO2fTYxLo1Eo4byTIz00gyd5fBhd.csv,1.0
1d818e49349d,Tengnoupal,Manipur,Manipur Central,Tengnoupal,NEW_DISTRICT,1974,1grK3qO2fTYxLo1Eo4byTIz00gyd5fBhd.csv,1.0
d3c4c9257a12,Bishnupur,Manipur,Manipur Central,Bishnupur,NEW_DISTRICT,1983,1grK3qO2fTYxLo1Eo4byTIz00gyd5fBhd.csv,1.0
d6cd296275a0,Imphal,Manipur,Manipur Central,Imphal,NEW_DISTRICT,1983,1grK3qO2fTYxLo1Eo4byTIz00gyd5fBhd.csv,1.0
401ebf816b8d,Thoubal,Manipur,Manipur Central,Thoubal,NEW_DISTRICT,1983,1grK3qO2fTYxLo1Eo4byTIz00gyd5fBhd.csv,1.0
abf69f9243dd,Imphal East,Manipur,Imphal,Imphal East,NEW_DISTRICT,1997,1grK3qO2fTYxLo1Eo4byTIz00gyd5fBhd.csv,1.0
74307a55daf8,Imphal West,Manipur,Imphal,Imphal West,NEW_DISTRICT,1997,1grK3qO2fTYxLo1Eo4byTIz00gyd5fBhd.csv,1.0
bb5f45e9bad2,Jiribam,Manipur,Imphal East,Jiribam,NEW_DISTRICT,2016,1grK3qO2fTYxLo1Eo4byTIz00gyd5fBhd.csv,1.0
65249aae878b,Kakching,Manipur,Thoubal,Kakching,NEW_DISTRICT,2016,1grK3qO2fTYxLo1Eo4byTIz00gyd5fBhd.csv,1.0
871d708befea,Kamjong,Manipur,Ukhrul,Kamjong,NEW_DISTRICT,2016,1grK3qO2fTYxLo1Eo4byTIz00gyd5fBhd.csv,1.0
d26aaa70a884,Kangpokpi,Manipur,Senapati,Kangpokpi,NEW_DISTRICT,2016,1grK3qO2fTYxLo1Eo4byTIz00gyd5fBhd.csv,1.0
b982f900cd53,Noney,Manipur,Tamenglong,Noney,NEW_DISTRICT,2016,1grK3qO2fTYxLo1Eo4byTIz00gyd5fBhd.csv,1.0
efbcdf4199b0,Pherzawl,Manipur,Churachandpur,Pherzawl,NEW_DISTRICT,2016,1grK3qO2fTYxLo1Eo4byTIz00gyd5fBhd.csv,1.0
1d818e49349d,Tengnoupal,Manipur,Chandel,Tengnoupal,NEW_DISTRICT,2016,1grK3qO2fTYxLo1Eo4byTIz00gyd5fBhd.csv,1.0
a684ee23b131,East Garo Hills,Meghalaya,Garo Hills,East Garo Hills,NEW_DISTRICT,1976,1grK3qO2fTYxLo1Eo4byTIz00gyd5fBhd.csv,1.0
82dbe257807f,East Khasi Hills,Meghalaya,United Khasi And Jaintia Hills,East Khasi Hills,NEW_DISTRICT,1976,1grK3qO2fTYxLo1Eo4byTIz00gyd5fBhd.csv,1.0
e2fed61148b7,Jaintia Hills,Meghalaya,United Khasi And Jaintia Hills,Jaintia Hills,NEW_DISTRICT,1976,1grK3qO2fTYxLo1Eo4byTIz00gyd5fBhd.csv,1.0
2f4d25c94f24,West Garo Hills,Meghalaya,Garo Hills,West Garo Hills,NEW_DISTRICT,1976,1grK3qO2fTYxLo1Eo4byTIz00gyd5fBhd.csv,1.0
283447acbda3,West Khasi Hills,Meghalaya,United Khasi And Jaintia Hills,West Khasi Hills,NEW_DISTRICT,1976,1grK3qO2fTYxLo1Eo4byTIz00gyd5fBhd.csv,1.0
2503a742314c,Ri Bhoi,Meghalaya,East Khasi Hills,Ri Bhoi,NEW_DISTRICT,1992,1grK3qO2fTYxLo1Eo4byTIz00gyd5fBhd.csv,1.0
362c4f12511e,South Garo Hills,Meghalaya,West Garo Hills,South Garo Hills,NEW_DISTRICT,1992,1grK3qO2fTYxLo1Eo4byTIz00gyd5fBhd.csv,1.0
a65439a9efda,North Garo Hills,Meghalaya,East Garo Hills,North Garo Hills,NEW_DISTRICT,2012,1grK3qO2fTYxLo1Eo4byTIz00gyd5fBhd.csv,1.0
b602b1af3c02,South West Khasi Hills,Meghalaya,West Khasi Hills,South West Khasi Hills,NEW_DISTRICT,2012,1grK3qO2fTYxLo1Eo4byTIz00gyd5fBhd.csv,1.0
97d5f2bacfbe,West Jaintia Hills,Meghalaya,East Jaintia Hills,West Jaintia Hills,NEW_DISTRICT,2012,1grK3qO2fTYxLo1Eo4byTIz00gyd5fBhd.csv,1.0
186ab7576367,Eastern West Khasi Hills,Meghalaya,West Khasi Hills,Eastern West Khasi Hills,NEW_DISTRICT,2021,1grK3qO2fTYxLo1Eo4byTIz00gyd5fBhd.csv,1.0
f310795ad14d,Aizawl,Mizoram,Mizoram,Aizawl,NEW_DISTRICT,1972,1grK3qO2fTYxLo1Eo4byTIz00gyd5fBhd.csv,1.0
2bb7ef120537,Chhimtuipui,Mizoram,Mizoram,Chhimtuipui,NEW_DISTRICT,1972,1grK3qO2fTYxLo1Eo4byTIz00gyd5fBhd.csv,1.0
e201c752f1f3,Lunglei,Mizoram,Mizoram,Lunglei,NEW_DISTRICT,1972,1grK3qO2fTYxLo1Eo4byTIz00gyd5fBhd.csv,1.0
1f643244d4a0,Champhai,Mizoram,Aizawl,Champhai,NEW_DISTRICT,1997,1grK3qO2fTYxLo1Eo4byTIz00gyd5fBhd.csv,1.0
a56da6eb6505,Kolasib,Mizoram,Aizawl,Kolasib,NEW_DISTRICT,1998,1grK3qO2fTYxLo1Eo4byTIz00gyd5fBhd.csv,1.0
8dd6da77b690,Lawngtlai,Mizoram,Chhimtuipui,Lawngtlai,NEW_DISTRICT,1998,1grK3qO2fTYxLo1Eo4byTIz00gyd5fBhd.csv,1.0
acb5efb5824b,Mamit,Mizoram,Aizawl,Mamit,NEW_DISTRICT,1998,1grK3qO2fTYxLo1Eo4byTIz00gyd5fBhd.csv,1.0
273a1b5df000,Saiha,Mizoram,Chhimtuipui,Saiha,NEW_DISTRICT,1998,1grK3qO2fTYxLo1Eo4byTIz00gyd5fBhd.csv,1.0
bf9d1f7bf4f8,Serchhip,Mizoram,Aizawl,Serchhip,NEW_DISTRICT,1998,1grK3qO2fTYxLo1Eo4byTIz00gyd5fBhd.csv,1.0
fb14b1fac409,Hnathial,Mizoram,Lunglei,Hnathial,NEW_DISTRICT,2019,1grK3qO2fTYxLo1Eo4byTIz00gyd5fBhd.csv,1.0
789c72e48fa5,Khawzawl,Mizoram,Champhai,Khawzawl,NEW_DISTRICT,2019,1grK3qO2fTYxLo1Eo4byTIz00gyd5fBhd.csv,1.0
4edb90dd8b5d,Saitual,Mizoram,Aizawl,Saitual,NEW_DISTRICT,2019,1grK3qO2fTYxLo1Eo4byTIz00gyd5fBhd.csv,1.0
cb80bb3d1473,Mokokchung,Nagaland,Tuensang,Mokokchung,NEW_DISTRICT,1957,1grK3qO2fTYxLo1Eo4byTIz00gyd5fBhd.csv,1.0
7664a65e599c,Phek,Nagaland,Kohima,Phek,NEW_DISTRICT,1973,1grK3qO2fTYxLo1Eo4byTIz00gyd5fBhd.csv,1.0
5b6909bd75f0,Mon,Nagaland,Tuensang,Mon,NEW_DISTRICT,1973,1grK3qO2fTYxLo1Eo4byTIz00gyd5fBhd.csv,1.0
2980e0861b4e,Wokha,Nagaland,Mokokchung,Wokha,NEW_DISTRICT,1973,1grK3qO2fTYxLo1Eo4byTIz00gyd5fBhd.csv,1.0
cf87104b3060,Zunheboto,Nagaland,Mokokchung,Zunheboto,NEW_DISTRICT,1973,1grK3qO2fTYxLo1Eo4byTIz00gyd5fBhd.csv,1.0
3b6fcde98cec,Dimapur,Nagaland,Kohima,Dimapur,NEW_DISTRICT,1997,1grK3qO2fTYxLo1Eo4byTIz00gyd5fBhd.csv,1.0
e19fde9f0aa9,Kiphire,Nagaland,Tuensang,Kiphire,NEW_DISTRICT,2004,1grK3qO2fTYxLo1Eo4byTIz00gyd5fBhd.csv,1.0
8982adaab77e,Longleng,Nagaland,Tuensang,Longleng,NEW_DISTRICT,2004,1grK3qO2fTYxLo1Eo4byTIz00gyd5fBhd.csv,1.0
ae1b04317d0a,Peren,Nagaland,Kohima,Peren,NEW_DISTRICT,2004,1grK3qO2fTYxLo1Eo4byTIz00gyd5fBhd.csv,1.0
56dab2fa4965,Noklak,Nagaland,Tuensang,Noklak,NEW_DISTRICT,2017,1grK3qO2fTYxLo1Eo4byTIz00gyd5fBhd.csv,1.0
b6ec7ede8e82,Chumoukedima,Nagaland,Dimapur,Chumoukedima,NEW_DISTRICT,2021,1grK3qO2fTYxLo1Eo4byTIz00gyd5fBhd.csv,1.0
8654300909ed,Niuland,Nagaland,Dimapur,Niuland,NEW_DISTRICT,2021,1grK3qO2fTYxLo1Eo4byTIz00gyd5fBhd.csv,1.0
ff997476d680,Tseminyü,Nagaland,Kohima,Tseminyü,NEW_DISTRICT,2021,1grK3qO2fTYxLo1Eo4byTIz00gyd5fBhd.csv,1.0
089a0431ad91,Malkangiri,Odisha,Koraput,Malkangiri,NEW_DISTRICT,1992,1grK3qO2fTYxLo1Eo4byTIz00gyd5fBhd.csv,1.0
15918a8109bc,Anugul,Odisha,Dhenkanal,Anugul,NEW_DISTRICT,1993,1grK3qO2fTYxLo1Eo4byTIz00gyd5fBhd.csv,1.0
7e5b5a459ae3,Baudh,Odisha,Phulabani,Baudh,NEW_DISTRICT,1993,1grK3qO2fTYxLo1Eo4byTIz00gyd5fBhd.csv,1.0
6f64d529d25a,Jagatsinghapur,Odisha,Cuttack,Jagatsinghapur,NEW_DISTRICT,1993,1grK3qO2fTYxLo1Eo4byTIz00gyd5fBhd.csv,1.0
3d72f0c1a934,Jajapur,Odisha,Cuttack,Jajapur,NEW_DISTRICT,1993,1grK3qO2fTYxLo1Eo4byTIz00gyd5fBhd.csv,1.0
75bf2c23ea1f,Kandhamal,Odisha,Phulabani,Kandhamal,NEW_DISTRICT,1993,1grK3qO2fTYxLo1Eo4byTIz00gyd5fBhd.csv,1.0
5c98b79c80b2,Kendrapara,Odisha,Cuttack,Kendrapara,NEW_DISTRICT,1993,1grK3qO2fTYxLo1Eo4byTIz00gyd5fBhd.csv,1.0
21b32133fc69,Khordha,Odisha,Puri,Khordha,NEW_DISTRICT,1993,1grK3qO2fTYxLo1Eo4byTIz00gyd5fBhd.csv,1.0
99f55794dad1,Nabrangapur,Odisha,Koraput,Nabrangapur,NEW_DISTRICT,1993,1grK3qO2fTYxLo1Eo4byTIz00gyd5fBhd.csv,1.0
d153edd2abe9,Nayagarh,Odisha,Puri,Nayagarh,NEW_DISTRICT,1993,1grK3qO2fTYxLo1Eo4byTIz00gyd5fBhd.csv,1.0
2ba08f277156,Nuapada,Odisha,Kalahandi,Nuapada,NEW_DISTRICT,1993,1grK3qO2fTYxLo1Eo4byTIz00gyd5fBhd.csv,1.0
31aa768e2a51,Rayagada,Odisha,Koraput,Rayagada,NEW_DISTRICT,1993,1grK3qO2fTYxLo1Eo4byTIz00gyd5fBhd.csv,1.0
d724cec02ab7,Sonapur,Odisha,Balangir,Sonapur,NEW_DISTRICT,1993,1grK3qO2fTYxLo1Eo4byTIz00gyd5fBhd.csv,1.0
d724cec02ab7,Sonapur,Odisha,Baleshwar,Sonapur,NEW_DISTRICT,1993,1grK3qO2fTYxLo1Eo4byTIz00gyd5fBhd.csv,1.0
074ae33b4783,Bargarh,Odisha,Sambalpur,Bargarh,NEW_DISTRICT,1994,1grK3qO2fTYxLo1Eo4byTIz00gyd5fBhd.csv,1.0
49f579c04db8,Debagarh,Odisha,Sambalpur,Debagarh,NEW_DISTRICT,1994,1grK3qO2fTYxLo1Eo4byTIz00gyd5fBhd.csv,1.0
23d21c6a2c08,Jharsuguda,Odisha,Sambalpur,Jharsuguda,NEW_DISTRICT,1994,1grK3qO2fTYxLo1Eo4byTIz00gyd5fBhd.csv,1.0
b6d17423793d,Ropar,Punjab,Ambala,Ropar,NEW_DISTRICT,1966,1grK3qO2fTYxLo1Eo4byTIz00gyd5fBhd.csv,1.0
6e6ca1d340df,Faridkot,Punjab,Bathinda,Faridkot,NEW_DISTRICT,1972,1grK3qO2fTYxLo1Eo4byTIz00gyd5fBhd.csv,1.0
d0e8d9028635,Fatehgarh Sahib,Punjab,Hoshiarpur,Fatehgarh Sahib,NEW_DISTRICT,1992,1grK3qO2fTYxLo1Eo4byTIz00gyd5fBhd.csv,1.0
e7c7d9513ef8,Mansa,Punjab,Bathinda,Mansa,NEW_DISTRICT,1992,1grK3qO2fTYxLo1Eo4byTIz00gyd5fBhd.csv,1.0
c3b292e8145d,Moga,Punjab,Faridkot,Moga,NEW_DISTRICT,1995,1grK3qO2fTYxLo1Eo4byTIz00gyd5fBhd.csv,1.0
5686266f24ce,Muktsar,Punjab,Faridkot,Muktsar,NEW_DISTRICT,1995,1grK3qO2fTYxLo1Eo4byTIz00gyd5fBhd.csv,1.0
220497733297,Nawanshahr,Punjab,Jalandhar,Nawanshahr,NEW_DISTRICT,1995,1grK3qO2fTYxLo1Eo4byTIz00gyd5fBhd.csv,1.0
19a004116137,Barnala,Punjab,Sangrur,Barnala,NEW_DISTRICT,2006,1grK3qO2fTYxLo1Eo4byTIz00gyd5fBhd.csv,1.0
8a8bcea18434,Sahibzada Ajit Singh Nagar,Punjab,Rupnagar,Sahibzada Ajit Singh Nagar,NEW_DISTRICT,2006,1grK3qO2fTYxLo1Eo4byTIz00gyd5fBhd.csv,1.0
f734dd93dae1,Tarn Taran,Punjab,Amritsar,Tarn Taran,NEW_DISTRICT,2006,1grK3qO2fTYxLo1Eo4byTIz00gyd5fBhd.csv,1.0
f3d7469f1a98,Fazilka,Punjab,Firozpur,Fazilka,NEW_DISTRICT,2011,1grK3qO2fTYxLo1Eo4byTIz00gyd5fBhd.csv,1.0
7b6bf21401ae,Pathankot,Punjab,Gurdaspur,Pathankot,NEW_DISTRICT,2011,1grK3qO2fTYxLo1Eo4byTIz00gyd5fBhd.csv,1.0
d35606168a2a,Malerkotla,Punjab,Sangrur,Malerkotla,NEW_DISTRICT,2021,1grK3qO2fTYxLo1Eo4byTIz00gyd5fBhd.csv,1.0
d806dc66bbf5,Dhaulpur,Rajasthan,Bharatpur,Dhaulpur,NEW_DISTRICT,1982,1grK3qO2fTYxLo1Eo4byTIz00gyd5fBhd.csv,1.0
47055b4ec59a,Baran,Rajasthan,Kota,Baran,NEW_DISTRICT,1991,1grK3qO2fTYxLo1Eo4byTIz00gyd5fBhd.csv,1.0
8f647fd44b48,Dausa,Rajasthan,Jaipur,Dausa,NEW_DISTRICT,1991,1grK3qO2fTYxLo1Eo4byTIz00gyd5fBhd.csv,1.0
110d18b0fdd4,Rajsamand,Rajasthan,Udaipur,Rajsamand,NEW_DISTRICT,1991,1grK3qO2fTYxLo1Eo4byTIz00gyd5fBhd.csv,1.0
7486c11ad94a,Hanumangarh,Rajasthan,Ganganagar,Hanumangarh,NEW_DISTRICT,1994,1grK3qO2fTYxLo1Eo4byTIz00gyd5fBhd.csv,1.0
96c50907964b,Karauli,Rajasthan,Sawai Madhopur,Karauli,NEW_DISTRICT,1997,1grK3qO2fTYxLo1Eo4byTIz00gyd5fBhd.csv,1.0
e4a13c208675,Pratapgarh,Rajasthan,Chittaurgarh,Pratapgarh,NEW_DISTRICT,2008,1grK3qO2fTYxLo1Eo4byTIz00gyd5fBhd.csv,1.0
134383ac1366,East District,Sikkim,Sikkim,East District,NEW_DISTRICT,1973,1grK3qO2fTYxLo1Eo4byTIz00gyd5fBhd.csv,1.0
817b7df6e0f9,North District,Sikkim,Sikkim,North District,NEW_DISTRICT,1973,1grK3qO2fTYxLo1Eo4byTIz00gyd5fBhd.csv,1.0
a2503ef0b36e,South District,Sikkim,Sikkim,South District,NEW_DISTRICT,1973,1grK3qO2fTYxLo1Eo4byTIz00gyd5fBhd.csv,1.0
6566e5461f38,West District,Sikkim,Sikkim,West District,NEW_DISTRICT,1973,1grK3qO2fTYxLo1Eo4byTIz00gyd5fBhd.csv,1.0
11f9ea81428b,Pakyong,Sikkim,East,Pakyong,NEW_DISTRICT,2021,1grK3qO2fTYxLo1Eo4byTIz00gyd5fBhd.csv,1.0
b6719fb488f6,Soreng,Sikkim,West,Soreng,NEW_DISTRICT,2021,1grK3qO2fTYxLo1Eo4byTIz00gyd5fBhd.csv,1.0
71012ed126c3,Kanyakumari,Tamil Nadu,Trivandrum,Kanyakumari,NEW_DISTRICT,1956,1grK3qO2fTYxLo1Eo4byTIz00gyd5fBhd.csv,1.0
63f15c5045c0,Dharmapuri,Tamil Nadu,Salem,Dharmapuri,NEW_DISTRICT,1965,1grK3qO2fTYxLo1Eo4byTIz00gyd5fBhd.csv,1.0
24a34cee1b33,Pudukkottai,Tamil Nadu,Tiruchirapalli,Pudukkottai,NEW_DISTRICT,1974,1grK3qO2fTYxLo1Eo4byTIz00gyd5fBhd.csv,1.0
ac1bee1260c9,Periyar,Tamil Nadu,Coimbatore,Periyar,NEW_DISTRICT,1979,1grK3qO2fTYxLo1Eo4byTIz00gyd5fBhd.csv,1.0
0f7907e15ed6,Dindigul Anna,Tamil Nadu,Madurai,Dindigul Anna,NEW_DISTRICT,1985,1grK3qO2fTYxLo1Eo4byTIz00gyd5fBhd.csv,1.0
9d363c92b34d,Kamarajar,Tamil Nadu,Ramanathapuram,Kamarajar,NEW_DISTRICT,1985,1grK3qO2fTYxLo1Eo4byTIz00gyd5fBhd.csv,1.0
af9ea446377c,Pasumpon Muthuramalinga Thevar,Tamil Nadu,Ramanathapuram,Pasumpon Muthuramalinga Thevar,NEW_DISTRICT,1985,1grK3qO2fTYxLo1Eo4byTIz00gyd5fBhd.csv,1.0
c2fe3b0375b7,Chidambaranar,Tamil Nadu,Tirunelveli,Chidambaranar,NEW_DISTRICT,1986,1grK3qO2fTYxLo1Eo4byTIz00gyd5fBhd.csv,1.0
5d829792b11a,North Arcot Ambedkar,Tamil Nadu,North Arcot,North Arcot Ambedkar,NEW_DISTRICT,1989,1grK3qO2fTYxLo1Eo4byTIz00gyd5fBhd.csv,1.0
b4faf6964e59,Tiruvannamalai Sambuvarayar,Tamil Nadu,North Arcot,Tiruvannamalai Sambuvarayar,NEW_DISTRICT,1989,1grK3qO2fTYxLo1Eo4byTIz00gyd5fBhd.csv,1.0
90c5cc3fc088,Nagapattinam,Tamil Nadu,Thanjavur,Nagapattinam,NEW_DISTRICT,1991,1grK3qO2fTYxLo1Eo4byTIz00gyd5fBhd.csv,1.0
c3688fbecf77,Cuddalore,Tamil Nadu,South Arcot,Cuddalore,NEW_DISTRICT,1993,1grK3qO2fTYxLo1Eo4byTIz00gyd5fBhd.csv,1.0
4d942343893d,Viluppuram,Tamil Nadu,South Arcot,Viluppuram,NEW_DISTRICT,1993,1grK3qO2fTYxLo1Eo4byTIz00gyd5fBhd.csv,1.0
1ae941252451,Karur,Tamil Nadu,Tiruchchirappalli,Karur,NEW_DISTRICT,1995,1grK3qO2fTYxLo1Eo4byTIz00gyd5fBhd.csv,1.0
01a0d7ad9cd3,Perambalur,Tamil Nadu,Tiruchchirappalli,Perambalur,NEW_DISTRICT,1995,1grK3qO2fTYxLo1Eo4byTIz00gyd5fBhd.csv,1.0
9c3e87b57c45,Theni,Tamil Nadu,Madurai,Theni,NEW_DISTRICT,1996,1grK3qO2fTYxLo1Eo4byTIz00gyd5fBhd.csv,1.0
3eb72fa794b5,Kancheepuram,Tamil Nadu,Chengalpattu Mgr,Kancheepuram,NEW_DISTRICT,1997,1grK3qO2fTYxLo1Eo4byTIz00gyd5fBhd.csv,1.0
df5cd5a0599e,Namakkal,Tamil Nadu,Salem,Namakkal,NEW_DISTRICT,1997,1grK3qO2fTYxLo1Eo4byTIz00gyd5fBhd.csv,1.0
faadd1e353c7,Thiruvallur,Tamil Nadu,Chengalpattu Mgr,Thiruvallur,NEW_DISTRICT,1997,1grK3qO2fTYxLo1Eo4byTIz00gyd5fBhd.csv,1.0
06b5faec6d87,Thiruvarur,Tamil Nadu,Thanjavur And Nagapattinam,Thiruvarur,NEW_DISTRICT,1997,1grK3qO2fTYxLo1Eo4byTIz00gyd5fBhd.csv,1.0
95e5cfb3bd80,Ariyalur,Tamil Nadu,Tiruchchirappalli,Ariyalur,NEW_DISTRICT,2007,1grK3qO2fTYxLo1Eo4byTIz00gyd5fBhd.csv,1.0
ebc1282a359f,Krishnagiri,Tamil Nadu,Dharmapuri,Krishnagiri,NEW_DISTRICT,2004,1grK3qO2fTYxLo1Eo4byTIz00gyd5fBhd.csv,1.0
64e8083c1942,Tiruppur,Tamil Nadu,"Erode, Coimbatore",Tiruppur,NEW_DISTRICT,2009,1grK3qO2fTYxLo1Eo4byTIz00gyd5fBhd.csv,1.0
665bb7b05162,Chengalpattu,Tamil Nadu,Kancheepuram,Chengalpattu,NEW_DISTRICT,2019,1grK3qO2fTYxLo1Eo4byTIz00gyd5fBhd.csv,1.0
71edda46d3a4,Kallakurichi,Tamil Nadu,Viluppuram,Kallakurichi,NEW_DISTRICT,2019,1grK3qO2fTYxLo1Eo4byTIz00gyd5fBhd.csv,1.0
655cadf7e5ff,Ranipet,Tamil Nadu,Vellore,Ranipet,NEW_DISTRICT,2019,1grK3qO2fTYxLo1Eo4byTIz00gyd5fBhd.csv,1.0
4377e516ed96,Tenkasi,Tamil Nadu,Tirunelveli,Tenkasi,NEW_DISTRICT,2019,1grK3qO2fTYxLo1Eo4byTIz00gyd5fBhd.csv,1.0
35d2c27586e5,Tirupattur,Tamil Nadu,Vellore,Tirupattur,NEW_DISTRICT,2019,1grK3qO2fTYxLo1Eo4byTIz00gyd5fBhd.csv,1.0
63b6477755fc,Mayiladuthurai,Tamil Nadu,Nagapattinam,Mayiladuthurai,NEW_DISTRICT,2020,1grK3qO2fTYxLo1Eo4byTIz00gyd5fBhd.csv,1.0
ed0f2c50eb37,Khammam,Telangana,Warangal,Khammam,NEW_DISTRICT,1953,1grK3qO2fTYxLo1Eo4byTIz00gyd5fBhd.csv,1.0
e958ec122165,Rangareddy,Telangana,Hyderabad,Rangareddy,NEW_DISTRICT,1978,1grK3qO2fTYxLo1Eo4byTIz00gyd5fBhd.csv,1.0
e958ec122165,Rangareddy,Telangana,Hyderabad,Rangareddy,NEW_DISTRICT,1978,1grK3qO2fTYxLo1Eo4byTIz00gyd5fBhd.csv,1.0
499aa95fc8a1,Bhadradri Kothagudem,Telangana,Khammam,Bhadradri Kothagudem,NEW_DISTRICT,2016,1grK3qO2fTYxLo1Eo4byTIz00gyd5fBhd.csv,1.0
918d1fa69b04,Jagtial,Telangana,Karimnagar,Jagtial,NEW_DISTRICT,2016,1grK3qO2fTYxLo1Eo4byTIz00gyd5fBhd.csv,1.0
311c8bceeb8e,Jangaon,Telangana,Nalgonda And Warangal,Jangaon,NEW_DISTRICT,2016,1grK3qO2fTYxLo1Eo4byTIz00gyd5fBhd.csv,1.0
83931637e12e,Jayashankar Bhupalpally,Telangana,Khammam And Warangal,Jayashankar Bhupalpally,NEW_DISTRICT,2016,1grK3qO2fTYxLo1Eo4byTIz00gyd5fBhd.csv,1.0
8d50521b95bd,Jogulamba Gadwal,Telangana,Mahbubnagar,Jogulamba Gadwal,NEW_DISTRICT,2016,1grK3qO2fTYxLo1Eo4byTIz00gyd5fBhd.csv,1.0
04d4da5baaa9,Kamareddy,Telangana,Nizamabad,Kamareddy,NEW_DISTRICT,2016,1grK3qO2fTYxLo1Eo4byTIz00gyd5fBhd.csv,1.0
b13482297e41,Kumuram Bheem,Telangana,Adilabad,Kumuram Bheem,NEW_DISTRICT,2016,1grK3qO2fTYxLo1Eo4byTIz00gyd5fBhd.csv,1.0
90bdec3ed58d,Mahabubabad,Telangana,Khammam And Warangal,Mahabubabad,NEW_DISTRICT,2016,1grK3qO2fTYxLo1Eo4byTIz00gyd5fBhd.csv,1.0
7fdb204d2e60,Mancherial,Telangana,Adilabad,Mancherial,NEW_DISTRICT,2016,1grK3qO2fTYxLo1Eo4byTIz00gyd5fBhd.csv,1.0
6b8e7d2e3684,Medchal–Malkajgiri,Telangana,Ranga Reddy,Medchal–Malkajgiri,NEW_DISTRICT,2016,1grK3qO2fTYxLo1Eo4byTIz00gyd5fBhd.csv,1.0
2451209dbeb3,Nagarkurnool,Telangana,Mahbubnagar,Nagarkurnool,NEW_DISTRICT,2016,1grK3qO2fTYxLo1Eo4byTIz00gyd5fBhd.csv,1.0
b934366c5ca9,Nirmal,Telangana,Adilabad,Nirmal,NEW_DISTRICT,2016,1grK3qO2fTYxLo1Eo4byTIz00gyd5fBhd.csv,1.0
53d577f04699,Peddapalli,Telangana,Karimnagar,Peddapalli,NEW_DISTRICT,2016,1grK3qO2fTYxLo1Eo4byTIz00gyd5fBhd.csv,1.0
7cbee166bd7a,Rajanna Sircilla,Telangana,Karimnagar,Rajanna Sircilla,NEW_DISTRICT,2016,1grK3qO2fTYxLo1Eo4byTIz00gyd5fBhd.csv,1.0
e63dfceea59b,Sangareddy,Telangana,Medak,Sangareddy,NEW_DISTRICT,2016,1grK3qO2fTYxLo1Eo4byTIz00gyd5fBhd.csv,1.0
aabb4b039d80,Siddipet,Telangana,Medak And Karimnagar,Siddipet,NEW_DISTRICT,2016,1grK3qO2fTYxLo1Eo4byTIz00gyd5fBhd.csv,1.0
28aa42d05cc7,Suryapet,Telangana,Nalgonda,Suryapet,NEW_DISTRICT,2016,1grK3qO2fTYxLo1Eo4byTIz00gyd5fBhd.csv,1.0
fe9afdf6bd28,Vikarabad,Telangana,Ranga Reddy,Vikarabad,NEW_DISTRICT,2016,1grK3qO2fTYxLo1Eo4byTIz00gyd5fBhd.csv,1.0
b9fb129cc9e2,Wanaparthy,Telangana,Mahbubnagar,Wanaparthy,NEW_DISTRICT,2016,1grK3qO2fTYxLo1Eo4byTIz00gyd5fBhd.csv,1.0
764060025f05,Warangal Urban,Telangana,Warangal,Warangal Urban,NEW_DISTRICT,2016,1grK3qO2fTYxLo1Eo4byTIz00gyd5fBhd.csv,1.0
1705bd075474,Yadadri Bhuvanagiri,Telangana,Nalgonda,Yadadri Bhuvanagiri,NEW_DISTRICT,2016,1grK3qO2fTYxLo1Eo4byTIz00gyd5fBhd.csv,1.0
d42acaff34cf,Mulugu,Telangana,Warangal And Khammam,Mulugu,NEW_DISTRICT,2019,1grK3qO2fTYxLo1Eo4byTIz00gyd5fBhd.csv,1.0
d731cf0d0201,Narayanpet,Telangana,Mahbubnagar,Narayanpet,NEW_DISTRICT,2019,1grK3qO2fTYxLo1Eo4byTIz00gyd5fBhd.csv,1.0
78f434e41aa7,North Tripura,Tripura,Tripura,North Tripura,NEW_DISTRICT,1970,1grK3qO2fTYxLo1Eo4byTIz00gyd5fBhd.csv,1.0
78f434e41aa7,North Tripura,Tripura,Tripura,North Tripura,NEW_DISTRICT,1970,1grK3qO2fTYxLo1Eo4byTIz00gyd5fBhd.csv,1.0
9ab0eb275c10,South Tripura,Tripura,Tripura,South Tripura,NEW_DISTRICT,1970,1grK3qO2fTYxLo1Eo4byTIz00gyd5fBhd.csv,1.0
9ab0eb275c10,South Tripura,Tripura,Tripura,South Tripura,NEW_DISTRICT,1970,1grK3qO2fTYxLo1Eo4byTIz00gyd5fBhd.csv,1.0
7ec92d25630b,West Tripura,Tripura,Tripura,West Tripura,NEW_DISTRICT,1970,1grK3qO2fTYxLo1Eo4byTIz00gyd5fBhd.csv,1.0
b2bcfe774805,Dhalai,Tripura,North Tripura,Dhalai,NEW_DISTRICT,1995,1grK3qO2fTYxLo1Eo4byTIz00gyd5fBhd.csv,1.0
b2bcfe774805,Dhalai,Tripura,North Tripura,Dhalai,NEW_DISTRICT,1995,1grK3qO2fTYxLo1Eo4byTIz00gyd5fBhd.csv,1.0
30174acca206,Gomati,Tripura,South Tripura,Gomati,NEW_DISTRICT,2012,1grK3qO2fTYxLo1Eo4byTIz00gyd5fBhd.csv,1.0
0f92a5fbb4c5,Khowai,Tripura,West Tripura,Khowai,NEW_DISTRICT,2012,1grK3qO2fTYxLo1Eo4byTIz00gyd5fBhd.csv,1.0
3cd8c489c04b,Sipahijala,Tripura,West Tripura,Sipahijala,NEW_DISTRICT,2012,1grK3qO2fTYxLo1Eo4byTIz00gyd5fBhd.csv,1.0
006d2fe12df8,Unakoti,Tripura,North Tripura,Unakoti,NEW_DISTRICT,2012,1grK3qO2fTYxLo1Eo4byTIz00gyd5fBhd.csv,1.0
181c273e7d41,Lalitpur,Uttar Pradesh,Jhansi,Lalitpur,NEW_DISTRICT,1974,1grK3qO2fTYxLo1Eo4byTIz00gyd5fBhd.csv,1.0
b17efe34673f,Ghaziabad,Uttar Pradesh,Parts Of Meerut And Bulandshahr,Ghaziabad,NEW_DISTRICT,1976,1grK3qO2fTYxLo1Eo4byTIz00gyd5fBhd.csv,1.0
b269a6dd203b,Kanpur Dehat,Uttar Pradesh,Kanpur,Kanpur Dehat,NEW_DISTRICT,1981,1grK3qO2fTYxLo1Eo4byTIz00gyd5fBhd.csv,1.0
9fe7d0eab9eb,Kanpur Nagar,Uttar Pradesh,Kanpur,Kanpur Nagar,NEW_DISTRICT,1981,1grK3qO2fTYxLo1Eo4byTIz00gyd5fBhd.csv,1.0
73deaa11cbfe,Hardwar,Uttar Pradesh,Sahranpur,Hardwar,NEW_DISTRICT,1988,1grK3qO2fTYxLo1Eo4byTIz00gyd5fBhd.csv,1.0
7e8c1bc3333d,Mau,Uttar Pradesh,Azamgarh,Mau,NEW_DISTRICT,1988,1grK3qO2fTYxLo1Eo4byTIz00gyd5fBhd.csv,1.0
de6bc5836fb1,Siddharthnagar,Uttar Pradesh,Basti,Siddharthnagar,NEW_DISTRICT,1988,1grK3qO2fTYxLo1Eo4byTIz00gyd5fBhd.csv,1.0
ce12985785a8,Firozabad,Uttar Pradesh,Mainpuri And Agra,Firozabad,NEW_DISTRICT,1989,1grK3qO2fTYxLo1Eo4byTIz00gyd5fBhd.csv,1.0
8ae0170c4100,Maharajganj,Uttar Pradesh,Gorakhpur,Maharajganj,NEW_DISTRICT,1989,1grK3qO2fTYxLo1Eo4byTIz00gyd5fBhd.csv,1.0
290d9cc8270b,Sonbhadra,Uttar Pradesh,Mirzapur,Sonbhadra,NEW_DISTRICT,1989,1grK3qO2fTYxLo1Eo4byTIz00gyd5fBhd.csv,1.0
c13cb04df863,Kushinagar,Uttar Pradesh,Deoria,Kushinagar,NEW_DISTRICT,1994,1grK3qO2fTYxLo1Eo4byTIz00gyd5fBhd.csv,1.0
d955ef6b79d0,Sant Ravidas Nagar,Uttar Pradesh,Varanasi,Sant Ravidas Nagar,NEW_DISTRICT,1994,1grK3qO2fTYxLo1Eo4byTIz00gyd5fBhd.csv,1.0
44798eff1f9e,Ambedkar Nagar,Uttar Pradesh,Faizabad,Ambedkar Nagar,NEW_DISTRICT,1995,1grK3qO2fTYxLo1Eo4byTIz00gyd5fBhd.csv,1.0
f8280a0931dd,Mahoba,Uttar Pradesh,Lalitpur,Mahoba,NEW_DISTRICT,1995,1grK3qO2fTYxLo1Eo4byTIz00gyd5fBhd.csv,1.0
6b8845a92d5f,Auraiya,Uttar Pradesh,Etawah,Auraiya,NEW_DISTRICT,1997,1grK3qO2fTYxLo1Eo4byTIz00gyd5fBhd.csv,1.0
1fd8474c69d3,Baghpat,Uttar Pradesh,Meerut,Baghpat,NEW_DISTRICT,1997,1grK3qO2fTYxLo1Eo4byTIz00gyd5fBhd.csv,1.0
f0e994541d4c,Balrampur,Uttar Pradesh,Gonda,Balrampur,NEW_DISTRICT,1997,1grK3qO2fTYxLo1Eo4byTIz00gyd5fBhd.csv,1.0
351c8324cb7d,Chandauli,Uttar Pradesh,Varanasi,Chandauli,NEW_DISTRICT,1997,1grK3qO2fTYxLo1Eo4byTIz00gyd5fBhd.csv,1.0
b55a9427e58c,Gautam Buddha Nagar,Uttar Pradesh,Bulandshahr And Ghaziabad,Gautam Buddha Nagar,NEW_DISTRICT,1997,1grK3qO2fTYxLo1Eo4byTIz00gyd5fBhd.csv,1.0
ea0e371c4768,Hathras,Uttar Pradesh,Aligarh,Hathras,NEW_DISTRICT,1997,1grK3qO2fTYxLo1Eo4byTIz00gyd5fBhd.csv,1.0
b9590c9d7f48,Jyotiba Phule Nagar,Uttar Pradesh,Moradabad,Jyotiba Phule Nagar,NEW_DISTRICT,1997,1grK3qO2fTYxLo1Eo4byTIz00gyd5fBhd.csv,1.0
f9a485717cf4,Kannauj,Uttar Pradesh,Farrukhabad,Kannauj,NEW_DISTRICT,1997,1grK3qO2fTYxLo1Eo4byTIz00gyd5fBhd.csv,1.0
5a5c467ee150,Kaushambi,Uttar Pradesh,Allahabad,Kaushambi,NEW_DISTRICT,1997,1grK3qO2fTYxLo1Eo4byTIz00gyd5fBhd.csv,1.0
49f3f9a47142,Sant Kabir Nagar,Uttar Pradesh,Basti,Sant Kabir Nagar,NEW_DISTRICT,1997,1grK3qO2fTYxLo1Eo4byTIz00gyd5fBhd.csv,1.0
2aef0f747671,Shrawasti,Uttar Pradesh,Bahraich,Shrawasti,NEW_DISTRICT,1997,1grK3qO2fTYxLo1Eo4byTIz00gyd5fBhd.csv,1.0
b6d8607f32b9,Chitrakoot,Uttar Pradesh,Banda,Chitrakoot,NEW_DISTRICT,1998,1grK3qO2fTYxLo1Eo4byTIz00gyd5fBhd.csv,1.0
f4ba249a229f,Kanshiram Nagar/Kasganj,Uttar Pradesh,Etah,Kanshiram Nagar/Kasganj,NEW_DISTRICT,2008,1grK3qO2fTYxLo1Eo4byTIz00gyd5fBhd.csv,1.0
7347d9d51ec5,Amethi,Uttar Pradesh,Sultanpur And Raebareli,Amethi,NEW_DISTRICT,2010,1grK3qO2fTYxLo1Eo4byTIz00gyd5fBhd.csv,1.0
50313bb70835,Bhimnagar/Sambhal,Uttar Pradesh,Moradabad And Badaun,Bhimnagar/Sambhal,NEW_DISTRICT,2011,1grK3qO2fTYxLo1Eo4byTIz00gyd5fBhd.csv,1.0
9ebf1cb1621c,Panchsheel Nagar/Hapur,Uttar Pradesh,Ghaziabad,Panchsheel Nagar/Hapur,NEW_DISTRICT,2011,1grK3qO2fTYxLo1Eo4byTIz00gyd5fBhd.csv,1.0
8deb17cf7443,Prabuddhanagar/Shamli,Uttar Pradesh,Muzaffarnagar,Prabuddhanagar/Shamli,NEW_DISTRICT,2011,1grK3qO2fTYxLo1Eo4byTIz00gyd5fBhd.csv,1.0
84c11a7ff072,Chamoli,Uttarakhand,Garhwal,Chamoli,NEW_DISTRICT,1960,1grK3qO2fTYxLo1Eo4byTIz00gyd5fBhd.csv,1.0
5b8b7deccc23,Pithoragarh,Uttarakhand,Almora,Pithoragarh,NEW_DISTRICT,1960,1grK3qO2fTYxLo1Eo4byTIz00gyd5fBhd.csv,1.0
4521f53c05e5,Uttar Kashi,Uttarakhand,Tehri Garhwal,Uttar Kashi,NEW_DISTRICT,1960,1grK3qO2fTYxLo1Eo4byTIz00gyd5fBhd.csv,1.0
dfcedec5b532,Hardwar,Uttarakhand,Saharanpur,Hardwar,NEW_DISTRICT,1988,1grK3qO2fTYxLo1Eo4byTIz00gyd5fBhd.csv,1.0
1bcb1ad87a59,Udham Singh Nagar,Uttarakhand,Nainital,Udham Singh Nagar,NEW_DISTRICT,1995,1grK3qO2fTYxLo1Eo4byTIz00gyd5fBhd.csv,1.0
4f15d8ea7741,Bageshwar,Uttarakhand,Almora,Bageshwar,NEW_DISTRICT,1997,1grK3qO2fTYxLo1Eo4byTIz00gyd5fBhd.csv,1.0
83a6cbe0a671,Champawat,Uttarakhand,Pithoragarh,Champawat,NEW_DISTRICT,1997,1grK3qO2fTYxLo1Eo4byTIz00gyd5fBhd.csv,1.0
141dd357c778,Rudraprayag,Uttarakhand,Chamoli,Rudraprayag,NEW_DISTRICT,1997,1grK3qO2fTYxLo1Eo4byTIz00gyd5fBhd.csv,1.0
79dcb92f0837,North Twenty Four Parganas,West Bengal,Twenty Four Parganas,North Twenty Four Parganas,NEW_DISTRICT,1981,1grK3qO2fTYxLo1Eo4byTIz00gyd5fBhd.csv,1.0
595af4035b7a,South Twenty Four Parganas,West Bengal,Twenty Four Parganas,South Twenty Four Parganas,NEW_DISTRICT,1981,1grK3qO2fTYxLo1Eo4byTIz00gyd5fBhd.csv,1.0
b7defe1e10db,Dakshin Dinajpur,West Bengal,West Dinajpur,Dakshin Dinajpur,NEW_DISTRICT,1992,1grK3qO2fTYxLo1Eo4byTIz00gyd5fBhd.csv,1.0
2f58b8e20198,Uttar Dinajpur,West Bengal,West Dinajpur,Uttar Dinajpur,NEW_DISTRICT,1992,1grK3qO2fTYxLo1Eo4byTIz00gyd5fBhd.csv,1.0
55e0a04cea78,Paschim Medinipur,West Bengal,Medinipur,Paschim Medinipur,NEW_DISTRICT,2002,1grK3qO2fTYxLo1Eo4byTIz00gyd5fBhd.csv,1.0
0ccf63a35e14,Purba Medinipur,West Bengal,Medinipur,Purba Medinipur,NEW_DISTRICT,2002,1grK3qO2fTYxLo1Eo4byTIz00gyd5fBhd.csv,1.0
9058669ed917,Alipurduar,West Bengal,Jalpaiguri,Alipurduar,NEW_DISTRICT,2014,1grK3qO2fTYxLo1Eo4byTIz00gyd5fBhd.csv,1.0
1f8e15b6fd2c,Jhargram,West Bengal,Paschim Medinipur,Jhargram,NEW_DISTRICT,2017,1grK3qO2fTYxLo1Eo4byTIz00gyd5fBhd.csv,1.0
9307bde91935,Kalimpong,West Bengal,Darjiling,Kalimpong,NEW_DISTRICT,2017,1grK3qO2fTYxLo1Eo4byTIz00gyd5fBhd.csv,1.0
a6cdc69706d2,Pashchim Barddhaman,West Bengal,Barddhaman,Pashchim Barddhaman,NEW_DISTRICT,2017,1grK3qO2fTYxLo1Eo4byTIz00gyd5fBhd.csv,1.0
84db65100cb1,Purba Barddhaman,West Bengal,Barddhaman,Purba Barddhaman,NEW_DISTRICT,2017,1grK3qO2fTYxLo1Eo4byTIz00gyd5fBhd.csv,1.0
37861216027d,Prakasam,Andhra Pradesh,Ongole,Prakasam,RENAME,1971,1leFw9XprN5ltCnKyfgkAQK5aJsS8Avow.csv,1.0
9d12d298538b,Sri Potti Sriramulu,Andhra Pradesh,Nellore,Sri Potti Sriramulu,RENAME,2001,1leFw9XprN5ltCnKyfgkAQK5aJsS8Avow.csv,1.0
ef65409ba557,Ysr,Andhra Pradesh,Cudappah,Ysr,RENAME,2001,1leFw9XprN5ltCnKyfgkAQK5aJsS8Avow.csv,1.0
d1561827142d,Siang Frontier Division,Arunachal Pradesh,Abor Hills,Siang Frontier Division,RENAME,1951,1leFw9XprN5ltCnKyfgkAQK5aJsS8Avow.csv,1.0
686b309df462,Lohit Frontier Division,Arunachal Pradesh,Mishmi Hills,Lohit Frontier Division,RENAME,1951,1leFw9XprN5ltCnKyfgkAQK5aJsS8Avow.csv,1.0
6fb99b896e3f,Tirap Frontier Division,Arunachal Pradesh,Tirap Frontier Tract,Tirap Frontier Division,RENAME,1951,1leFw9XprN5ltCnKyfgkAQK5aJsS8Avow.csv,1.0
d735c92df7f8,Kameng,Arunachal Pradesh,Kameng Frontier,Kameng,RENAME,1961,1leFw9XprN5ltCnKyfgkAQK5aJsS8Avow.csv,1.0
2a477a4fd6f3,Subansiri,Arunachal Pradesh,Subansiri Frontier,Subansiri,RENAME,1961,1leFw9XprN5ltCnKyfgkAQK5aJsS8Avow.csv,1.0
3a617e5c7535,Siang,Arunachal Pradesh,Siang Frontier Division,Siang,RENAME,1961,1leFw9XprN5ltCnKyfgkAQK5aJsS8Avow.csv,1.0
a81385c4fd55,Tirap,Arunachal Pradesh,Tirap Frontier Division,Tirap,RENAME,1961,1leFw9XprN5ltCnKyfgkAQK5aJsS8Avow.csv,1.0
66e2657f2668,Lohit,Arunachal Pradesh,Lohit Frontier Division,Lohit,RENAME,1961,1leFw9XprN5ltCnKyfgkAQK5aJsS8Avow.csv,1.0
38d00acb3eb1,Karbi Anglong,Assam,Mikir Hills,Karbi Anglong,RENAME,1971,1leFw9XprN5ltCnKyfgkAQK5aJsS8Avow.csv,1.0
aa48580f9c17,Nagaon,Assam,Nowgong,Nagaon,RENAME,1971,1leFw9XprN5ltCnKyfgkAQK5aJsS8Avow.csv,1.0
d0662873dcc9,Dima Hasao,Assam,North Cachar Hills,Dima Hasao,RENAME,2001,1leFw9XprN5ltCnKyfgkAQK5aJsS8Avow.csv,1.0
ea4a7ab83d21,Baksa,Assam,Barpeta,Baksa,RENAME,2001,1leFw9XprN5ltCnKyfgkAQK5aJsS8Avow.csv,1.0
4a146df6a800,Munger,Bihar,Monghyr,Munger,RENAME,1971,1leFw9XprN5ltCnKyfgkAQK5aJsS8Avow.csv,1.0
6b8fcc9d002d,Dakshin Bastar Dantewada,Chhattisgarh,Dantewada,Dakshin Bastar Dantewada,RENAME,2001,1leFw9XprN5ltCnKyfgkAQK5aJsS8Avow.csv,1.0
546496a5ba93,Uttar Bastar Kanker,Chhattisgarh,Kanker,Uttar Bastar Kanker,RENAME,2001,1leFw9XprN5ltCnKyfgkAQK5aJsS8Avow.csv,1.0
db9dbc6359c1,Kabeerdham,Chhattisgarh,Kawardha,Kabeerdham,RENAME,2001,1leFw9XprN5ltCnKyfgkAQK5aJsS8Avow.csv,1.0
b7f70b880355,Surendranagar,Gujarat,Zalawad,Surendranagar,RENAME,1951,1leFw9XprN5ltCnKyfgkAQK5aJsS8Avow.csv,1.0
4b163d0411b1,Rajkot,Gujarat,Central Saurashtra,Rajkot,RENAME,1951,1leFw9XprN5ltCnKyfgkAQK5aJsS8Avow.csv,1.0
4ad51c1d8c32,Jamnagar,Gujarat,Halar,Jamnagar,RENAME,1951,1leFw9XprN5ltCnKyfgkAQK5aJsS8Avow.csv,1.0
eb16141783fe,Bhavnagar,Gujarat,Gohilwad,Bhavnagar,RENAME,1951,1leFw9XprN5ltCnKyfgkAQK5aJsS8Avow.csv,1.0
ceea77720cc2,Junagadh,Gujarat,Sorath,Junagadh,RENAME,1951,1leFw9XprN5ltCnKyfgkAQK5aJsS8Avow.csv,1.0
217d609d1bf1,Vadodara,Gujarat,Baroda,Vadodara,RENAME,1961,1leFw9XprN5ltCnKyfgkAQK5aJsS8Avow.csv,1.0
7e137e0276b9,Kheda,Gujarat,Kaira,Kheda,RENAME,1961,1leFw9XprN5ltCnKyfgkAQK5aJsS8Avow.csv,1.0
f031b84fa1fb,Bharuch,Gujarat,Broach,Bharuch,RENAME,1961,1leFw9XprN5ltCnKyfgkAQK5aJsS8Avow.csv,1.0
a17159b164be,Nuh,Haryana,Mewat,Nuh,RENAME,2011,1leFw9XprN5ltCnKyfgkAQK5aJsS8Avow.csv,1.0
e34c1231e150,Gurugram,Haryana,Gurgaon,Gurugram,RENAME,2011,1leFw9XprN5ltCnKyfgkAQK5aJsS8Avow.csv,1.0
dddd3c44b9e4,Leh (Ladakh),Jammu and Kashmir,Ladakh,Leh (Ladakh),RENAME,1991,1leFw9XprN5ltCnKyfgkAQK5aJsS8Avow.csv,1.0
b5eac9010a31,West Singhbhum,Jharkhand,Pashchimi Singhbhum,West Singhbhum,RENAME,2011,1leFw9XprN5ltCnKyfgkAQK5aJsS8Avow.csv,1.0
9e8fd2d930b9,East Singhbhum,Jharkhand,Purbi Singhbhum,East Singhbhum,RENAME,2011,1leFw9XprN5ltCnKyfgkAQK5aJsS8Avow.csv,1.0
4c55040ede63,North Kanara,Karnataka,Kanara,North Kanara,RENAME,1951,1leFw9XprN5ltCnKyfgkAQK5aJsS8Avow.csv,1.0
d3bc9eb42a46,Dakshin Kannad,Karnataka,South Kanara,Dakshin Kannad,RENAME,1971,1leFw9XprN5ltCnKyfgkAQK5aJsS8Avow.csv,1.0
8b4903164b69,Uttar Kannad,Karnataka,North Kanara,Uttar Kannad,RENAME,1971,1leFw9XprN5ltCnKyfgkAQK5aJsS8Avow.csv,1.0
a86bf2ebf50d,Uttara Kannada,Karnataka,Uttar Kannad,Uttara Kannada,RENAME,1981,1leFw9XprN5ltCnKyfgkAQK5aJsS8Avow.csv,1.0
588006137b1b,Dakshina Kannada,Karnataka,Dakshin Kannad,Dakshina Kannada,RENAME,1981,1leFw9XprN5ltCnKyfgkAQK5aJsS8Avow.csv,1.0
09e815bdfcb0,Belgavi,Karnataka,Belgaum,Belgavi,RENAME,2011,1leFw9XprN5ltCnKyfgkAQK5aJsS8Avow.csv,1.0
0ed791169340,Kalaburagi,Karnataka,Gulbarga,Kalaburagi,RENAME,2011,1leFw9XprN5ltCnKyfgkAQK5aJsS8Avow.csv,1.0
b4b5d3a29c29,Ballari,Karnataka,Bellary,Ballari,RENAME,2011,1leFw9XprN5ltCnKyfgkAQK5aJsS8Avow.csv,1.0
f6c25108ea99,Vijayapura,Karnataka,Bijapur,Vijayapura,RENAME,2011,1leFw9XprN5ltCnKyfgkAQK5aJsS8Avow.csv,1.0
cea680d5d2c2,Shivamogga,Karnataka,Shimoga,Shivamogga,RENAME,2011,1leFw9XprN5ltCnKyfgkAQK5aJsS8Avow.csv,1.0
661ed637c6d5,Chikkamagaluru,Karnataka,Chikmagalur,Chikkamagaluru,RENAME,2011,1leFw9XprN5ltCnKyfgkAQK5aJsS8Avow.csv,1.0
29445a0bccaf,Ramanagaram,Karnataka,Ramanagara,Ramanagaram,RENAME,2011,1leFw9XprN5ltCnKyfgkAQK5aJsS8Avow.csv,1.0
c9a828051ada,Mysuru,Karnataka,Mysore,Mysuru,RENAME,2011,1leFw9XprN5ltCnKyfgkAQK5aJsS8Avow.csv,1.0
63fe1fd12e37,Chamarajanagar,Karnataka,Chamrajnagar,Chamarajanagar,RENAME,2011,1leFw9XprN5ltCnKyfgkAQK5aJsS8Avow.csv,1.0
b9f7ec8d6690,Tumakuru,Karnataka,Tumkur,Tumakuru,RENAME,2011,1leFw9XprN5ltCnKyfgkAQK5aJsS8Avow.csv,1.0
3efa55702940,Bengaluru South,Karnataka,Ramanagaram,Bengaluru South,RENAME,2021,1leFw9XprN5ltCnKyfgkAQK5aJsS8Avow.csv,1.0
63c48429af94,Thiruvananthapuram,Kerala,Trivandrum,Thiruvananthapuram,RENAME,1981,1leFw9XprN5ltCnKyfgkAQK5aJsS8Avow.csv,1.0
a1f4cc1245a2,Alappuzha,Kerala,Alleppey,Alappuzha,RENAME,1981,1leFw9XprN5ltCnKyfgkAQK5aJsS8Avow.csv,1.0
f25b1d9e02c8,Thrissur,Kerala,Trichur,Thrissur,RENAME,1981,1leFw9XprN5ltCnKyfgkAQK5aJsS8Avow.csv,1.0
b9066945308c,Kannur,Kerala,Cannanore,Kannur,RENAME,1981,1leFw9XprN5ltCnKyfgkAQK5aJsS8Avow.csv,1.0
0a16d126b211,Palakkad,Kerala,Palghat,Palakkad,RENAME,1981,1leFw9XprN5ltCnKyfgkAQK5aJsS8Avow.csv,1.0
0cd6be3100b1,Kollam,Kerala,Quilon,Kollam,RENAME,1981,1leFw9XprN5ltCnKyfgkAQK5aJsS8Avow.csv,1.0
16848e7bad2d,Leh (Ladakh),Ladakh,Ladakh,Leh (Ladakh),RENAME,1991,1leFw9XprN5ltCnKyfgkAQK5aJsS8Avow.csv,1.0
d94fa744527c,Gwalior,Madhya Pradesh,Gird,Gwalior,RENAME,1951,1leFw9XprN5ltCnKyfgkAQK5aJsS8Avow.csv,1.0
9c49eee1845e,Vidisha,Madhya Pradesh,Bhilsa,Vidisha,RENAME,1951,1leFw9XprN5ltCnKyfgkAQK5aJsS8Avow.csv,1.0
9d5968cfb76c,Khargone,Madhya Pradesh,West Nimar,Khargone,RENAME,1961,1leFw9XprN5ltCnKyfgkAQK5aJsS8Avow.csv,1.0
3df848b603c1,Khandwa,Madhya Pradesh,East Nimar,Khandwa,RENAME,1961,1leFw9XprN5ltCnKyfgkAQK5aJsS8Avow.csv,1.0
b494c5c475ba,West Nimar,Madhya Pradesh,Khargone,West Nimar,RENAME,1971,1leFw9XprN5ltCnKyfgkAQK5aJsS8Avow.csv,1.0
7914cccd8778,East Nimar,Madhya Pradesh,Khandwa,East Nimar,RENAME,1971,1leFw9XprN5ltCnKyfgkAQK5aJsS8Avow.csv,1.0
83b4d2285e93,Khargone (West Nimar),Madhya Pradesh,West Nimar,Khargone (West Nimar),RENAME,2001,1leFw9XprN5ltCnKyfgkAQK5aJsS8Avow.csv,1.0
07164b0b3805,Khandwa (East Nimar),Madhya Pradesh,East Nimar,Khandwa (East Nimar),RENAME,2001,1leFw9XprN5ltCnKyfgkAQK5aJsS8Avow.csv,1.0
cd559a2cc047,Narmadapuram,Madhya Pradesh,Hoshangabad,Narmadapuram,RENAME,2011,1leFw9XprN5ltCnKyfgkAQK5aJsS8Avow.csv,1.0
02744a87ca4c,Dhule,Maharashtra,West Khandesh,Dhule,RENAME,1951,1leFw9XprN5ltCnKyfgkAQK5aJsS8Avow.csv,1.0
826ec43a31c9,Jalgaon,Maharashtra,East Khandesh,Jalgaon,RENAME,1951,1leFw9XprN5ltCnKyfgkAQK5aJsS8Avow.csv,1.0
0228cd9f7d7f,Satara,Maharashtra,Satara North,Satara,RENAME,1951,1leFw9XprN5ltCnKyfgkAQK5aJsS8Avow.csv,1.0
2d030759ad09,Sangli,Maharashtra,Satara South,Sangli,RENAME,1951,1leFw9XprN5ltCnKyfgkAQK5aJsS8Avow.csv,1.0
5508e00a1cf4,Chandrapur,Maharashtra,Chanda,Chandrapur,RENAME,1961,1leFw9XprN5ltCnKyfgkAQK5aJsS8Avow.csv,1.0
76bd3784bc10,Bid,Maharashtra,Bhir,Bid,RENAME,1971,1leFw9XprN5ltCnKyfgkAQK5aJsS8Avow.csv,1.0
5fa77e12a84d,Raigarh,Maharashtra,Kolaba,Raigarh,RENAME,1971,1leFw9XprN5ltCnKyfgkAQK5aJsS8Avow.csv,1.0
1a6e377be658,Pune,Maharashtra,Poona,Pune,RENAME,1971,1leFw9XprN5ltCnKyfgkAQK5aJsS8Avow.csv,1.0
02744a87ca4c,Dhule,Maharashtra,Dhulia,Dhule,RENAME,1971,1leFw9XprN5ltCnKyfgkAQK5aJsS8Avow.csv,1.0
0f8b188553a3,Sambhaji Nagar,Maharashtra,Aurangabad,Sambhaji Nagar,RENAME,2021,1leFw9XprN5ltCnKyfgkAQK5aJsS8Avow.csv,1.0
099153fa558a,Dharashiv,Maharashtra,Osmanabad,Dharashiv,RENAME,2021,1leFw9XprN5ltCnKyfgkAQK5aJsS8Avow.csv,1.0
ac76394d6649,Senapati,Manipur,Manipur North,Senapati,RENAME,1981,1leFw9XprN5ltCnKyfgkAQK5aJsS8Avow.csv,1.0
0b6765597eed,Churachandpur,Manipur,Manipur South,Churachandpur,RENAME,1981,1leFw9XprN5ltCnKyfgkAQK5aJsS8Avow.csv,1.0
4ed639b38c94,Ukhrul,Manipur,Manipur East,Ukhrul,RENAME,1981,1leFw9XprN5ltCnKyfgkAQK5aJsS8Avow.csv,1.0
a33082c987b7,Tamenglong,Manipur,Manipur West,Tamenglong,RENAME,1981,1leFw9XprN5ltCnKyfgkAQK5aJsS8Avow.csv,1.0
61cd034b306c,Chandel,Manipur,Tengnoupal,Chandel,RENAME,1981,1leFw9XprN5ltCnKyfgkAQK5aJsS8Avow.csv,1.0
a6e17e949a98,Mizo Hills,Mizoram,Lushai Hills,Mizo Hills,RENAME,1951,1leFw9XprN5ltCnKyfgkAQK5aJsS8Avow.csv,1.0
70a0ac98cf27,Mizoram,Mizoram,Mizo Hills,Mizoram,RENAME,1961,1leFw9XprN5ltCnKyfgkAQK5aJsS8Avow.csv,1.0
b5e8b448052d,Kohima,Nagaland,Naga Hills,Kohima,RENAME,1951,1leFw9XprN5ltCnKyfgkAQK5aJsS8Avow.csv,1.0
71750ba6571d,Baudh Khondmals,Odisha,Phulbani,Baudh Khondmals,RENAME,1951,1leFw9XprN5ltCnKyfgkAQK5aJsS8Avow.csv,1.0
5faeb3da35f4,Phulabani,Odisha,Baudh Khondmals,Phulabani,RENAME,1971,1leFw9XprN5ltCnKyfgkAQK5aJsS8Avow.csv,1.0
52231ffb5b63,Baleshwar,Odisha,Balasore,Baleshwar,RENAME,1971,1leFw9XprN5ltCnKyfgkAQK5aJsS8Avow.csv,1.0
a69d1058858f,Subarnapur,Odisha,Sonapur,Subarnapur,RENAME,2001,1leFw9XprN5ltCnKyfgkAQK5aJsS8Avow.csv,1.0
ddb46034c555,Puducherry,Puducherry,Pondicherry,Puducherry,RENAME,2001,1leFw9XprN5ltCnKyfgkAQK5aJsS8Avow.csv,1.0
37bbd047cc3c,Jalandhar,Punjab,Jullundur,Jalandhar,RENAME,1971,1leFw9XprN5ltCnKyfgkAQK5aJsS8Avow.csv,1.0
28fa4a64202f,Rupnagar,Punjab,Ropar,Rupnagar,RENAME,1971,1leFw9XprN5ltCnKyfgkAQK5aJsS8Avow.csv,1.0
b58a4c6c017c,Shahid Bhagat Singh Nagar,Punjab,Nawanshahr,Shahid Bhagat Singh Nagar,RENAME,2001,1leFw9XprN5ltCnKyfgkAQK5aJsS8Avow.csv,1.0
398efad6bda3,Sas Nagar,Punjab,Sahibzada Ajit Singh Nagar,Sas Nagar,RENAME,2011,1leFw9XprN5ltCnKyfgkAQK5aJsS8Avow.csv,1.0
5a3295cfcc05,Sri Muktsar Sahib,Punjab,Muktsar,Sri Muktsar Sahib,RENAME,2011,1leFw9XprN5ltCnKyfgkAQK5aJsS8Avow.csv,1.0
27e753de6cbb,Chittaurgarh,Rajasthan,Chitorgarh,Chittaurgarh,RENAME,1961,1leFw9XprN5ltCnKyfgkAQK5aJsS8Avow.csv,1.0
a4561b05f177,Gangtok,Sikkim,East,Gangtok,RENAME,2011,1leFw9XprN5ltCnKyfgkAQK5aJsS8Avow.csv,1.0
d3ec1c3a6332,Gyalshing,Sikkim,West,Gyalshing,RENAME,2011,1leFw9XprN5ltCnKyfgkAQK5aJsS8Avow.csv,1.0
ca93014544e3,Mangan,Sikkim,North,Mangan,RENAME,2011,1leFw9XprN5ltCnKyfgkAQK5aJsS8Avow.csv,1.0
e5fc3cb5d705,Namchi,Sikkim,South,Namchi,RENAME,2011,1leFw9XprN5ltCnKyfgkAQK5aJsS8Avow.csv,1.0
f1c3807c6d83,Thanjavur,Tamil Nadu,Tanjore,Thanjavur,RENAME,1951,1leFw9XprN5ltCnKyfgkAQK5aJsS8Avow.csv,1.0
665bb7b05162,Chengalpattu,Tamil Nadu,Chingleput,Chengalpattu,RENAME,1961,1leFw9XprN5ltCnKyfgkAQK5aJsS8Avow.csv,1.0
cdc9644b5d55,Kanniyakumari,Tamil Nadu,Kanyakumari,Kanniyakumari,RENAME,1961,1leFw9XprN5ltCnKyfgkAQK5aJsS8Avow.csv,1.0
e4c32cbc0038,Chengalpattu Mgr,Tamil Nadu,Chengalpattu,Chengalpattu Mgr,RENAME,1981,1leFw9XprN5ltCnKyfgkAQK5aJsS8Avow.csv,1.0
5d829792b11a,North Arcot Ambedkar,Tamil Nadu,North Arcot,North Arcot Ambedkar,RENAME,1981,1leFw9XprN5ltCnKyfgkAQK5aJsS8Avow.csv,1.0
c03c86a43468,Tirunelveli Kattabomman,Tamil Nadu,Tirunelveli,Tirunelveli Kattabomman,RENAME,1981,1leFw9XprN5ltCnKyfgkAQK5aJsS8Avow.csv,1.0
115049b233bf,Vellore,Tamil Nadu,North Arcot Ambedkar,Vellore,RENAME,1991,1leFw9XprN5ltCnKyfgkAQK5aJsS8Avow.csv,1.0
95eee177361e,Tiruvanamalai,Tamil Nadu,Tiruvannamalai Sambuvarayar,Tiruvanamalai,RENAME,1991,1leFw9XprN5ltCnKyfgkAQK5aJsS8Avow.csv,1.0
d6236b40d8ab,Sivaganga,Tamil Nadu,Pasumpon Muthuramalinga Thevar,Sivaganga,RENAME,1991,1leFw9XprN5ltCnKyfgkAQK5aJsS8Avow.csv,1.0
2d9d54a396fd,Virudhunagar,Tamil Nadu,Kamarajar,Virudhunagar,RENAME,1991,1leFw9XprN5ltCnKyfgkAQK5aJsS8Avow.csv,1.0
7892d4f78998,Toothukudi,Tamil Nadu,Chidambaranar,Toothukudi,RENAME,1991,1leFw9XprN5ltCnKyfgkAQK5aJsS8Avow.csv,1.0
f2c78d7363ab,Tirunelveli,Tamil Nadu,Tirunelveli Kattabomman,Tirunelveli,RENAME,1991,1leFw9XprN5ltCnKyfgkAQK5aJsS8Avow.csv,1.0
ea044530cd85,Dindigul,Tamil Nadu,Dindigul Anna,Dindigul,RENAME,1991,1leFw9XprN5ltCnKyfgkAQK5aJsS8Avow.csv,1.0
f998bd4522a6,Erode,Tamil Nadu,Periyar,Erode,RENAME,1991,1leFw9XprN5ltCnKyfgkAQK5aJsS8Avow.csv,1.0
27348e2d6387,The Nilgiris,Tamil Nadu,Nilgiri,The Nilgiris,RENAME,1991,1leFw9XprN5ltCnKyfgkAQK5aJsS8Avow.csv,1.0
e2a2f68bff60,Chennai,Tamil Nadu,Madras,Chennai,RENAME,1991,1leFw9XprN5ltCnKyfgkAQK5aJsS8Avow.csv,1.0
ceef75ac9135,Warangal,Telangana,Warangal Rural,Warangal,RENAME,2011,1leFw9XprN5ltCnKyfgkAQK5aJsS8Avow.csv,1.0
a7de22839042,Hanumakonda,Telangana,Warangal Urban,Hanumakonda,RENAME,2011,1leFw9XprN5ltCnKyfgkAQK5aJsS8Avow.csv,1.0
1cf17168f8b5,Varanasi,Uttar Pradesh,Banares,Varanasi,RENAME,1951,1leFw9XprN5ltCnKyfgkAQK5aJsS8Avow.csv,1.0
be1c9b06d769,Mahamaya Nagar,Uttar Pradesh,Hathras,Mahamaya Nagar,RENAME,2001,1leFw9XprN5ltCnKyfgkAQK5aJsS8Avow.csv,1.0
563295ddc910,Prayagraj,Uttar Pradesh,Allahabad,Prayagraj,RENAME,2011,1leFw9XprN5ltCnKyfgkAQK5aJsS8Avow.csv,1.0
ea0e371c4768,Hathras,Uttar Pradesh,Mahamaya Nagar,Hathras,RENAME,2011,1leFw9XprN5ltCnKyfgkAQK5aJsS8Avow.csv,1.0
e7744af4d997,Ayodhya,Uttar Pradesh,Faizabad,Ayodhya,RENAME,2011,1leFw9XprN5ltCnKyfgkAQK5aJsS8Avow.csv,1.0
05e4704971fa,Amroha,Uttar Pradesh,Jyotiba Phule Nagar,Amroha,RENAME,2011,1leFw9XprN5ltCnKyfgkAQK5aJsS8Avow.csv,1.0
3743673fef0f,Kasganj,Uttar Pradesh,Kanshiram Nagar,Kasganj,RENAME,2011,1leFw9XprN5ltCnKyfgkAQK5aJsS8Avow.csv,1.0
b648a7ffec39,Bhadohi,Uttar Pradesh,Sant Ravidas Nagar (Bhadohi),Bhadohi,RENAME,2011,1leFw9XprN5ltCnKyfgkAQK5aJsS8Avow.csv,1.0
5c0252aa273a,Hapur,Uttar Pradesh,Panchsheel Nagar,Hapur,RENAME,2011,1leFw9XprN5ltCnKyfgkAQK5aJsS8Avow.csv,1.0
064819ae49fa,Sambhal,Uttar Pradesh,Bhimnagar,Sambhal,RENAME,2011,1leFw9XprN5ltCnKyfgkAQK5aJsS8Avow.csv,1.0
2a3409cf515e,Shamli,Uttar Pradesh,Prabuddhanagar,Shamli,RENAME,2011,1leFw9XprN5ltCnKyfgkAQK5aJsS8Avow.csv,1.0
436eaf7a8e66,Midnapore,West Bengal,Midnapur,Midnapore,RENAME,1951,1leFw9XprN5ltCnKyfgkAQK5aJsS8Avow.csv,1.0
4a826db5190c,Medinipur,West Bengal,Midnapore,Medinipur,RENAME,1971,1leFw9XprN5ltCnKyfgkAQK5aJsS8Avow.csv,1.0
a21ffa53f6a1,Koch Bihar,West Bengal,Cooch Behar,Koch Bihar,RENAME,1971,1leFw9XprN5ltCnKyfgkAQK5aJsS8Avow.csv,1.0
a486e05fdd47,Barddhaman,West Bengal,Burdwan,Barddhaman,RENAME,1971,1leFw9XprN5ltCnKyfgkAQK5aJsS8Avow.csv,1.0
01b7609ae546,Hugli,West Bengal,Hooghly,Hugli,RENAME,1971,1leFw9XprN5ltCnKyfgkAQK5aJsS8Avow.csv,1.0
e60ce3237897,Haora,West Bengal,Howrah,Haora,RENAME,1971,1leFw9XprN5ltCnKyfgkAQK5aJsS8Avow.csv,1.0
f80500681116,Kolkata,West Bengal,Calcutta,Kolkata,RENAME,1991,1leFw9XprN5ltCnKyfgkAQK5aJsS8Avow.csv,1.0
6307aef3f6a4,Warangal,Andhra Pradesh-Telangana,Warangal,Warangal,SPLIT,1953,1uUazshDPYeorUmpHVIci9ywHe1eT_k7J.csv,1.0
bf032fc974f4,Khammam,Andhra Pradesh-Telangana,Warangal,Khammam,SPLIT,1953,1uUazshDPYeorUmpHVIci9ywHe1eT_k7J.csv,1.0
5a581798da11,Subansiri Frontier Division,Arunachal Pradesh,Balipara Frontier Tract,Subansiri Frontier Division,SPLIT,1954,1uUazshDPYeorUmpHVIci9ywHe1eT_k7J.csv,1.0
b2632b5e280f,Kameng Frontier Division,Arunachal Pradesh,Balipara Frontier Tract,Kameng Frontier Division,SPLIT,1954,1uUazshDPYeorUmpHVIci9ywHe1eT_k7J.csv,1.0
2441eeec3ab9,Kangra,Himachal Pradesh,Kangra,Kangra,SPLIT,1960,1uUazshDPYeorUmpHVIci9ywHe1eT_k7J.csv,1.0
27300b07aef0,Lahaul And Spiti,Himachal Pradesh,Kangra,Lahaul And Spiti,SPLIT,1960,1uUazshDPYeorUmpHVIci9ywHe1eT_k7J.csv,1.0
c850e8fb6145,Mahasu,Himachal Pradesh,Mahasu,Mahasu,SPLIT,1960,1uUazshDPYeorUmpHVIci9ywHe1eT_k7J.csv,1.0
3d21abc7b0c9,Kinnaur,Himachal Pradesh,Mahasu,Kinnaur,SPLIT,1960,1uUazshDPYeorUmpHVIci9ywHe1eT_k7J.csv,1.0
576ba4d810a0,Cannanore,Kerala,Malabar,Cannanore,SPLIT,1957,1uUazshDPYeorUmpHVIci9ywHe1eT_k7J.csv,1.0
dc9df79db7fd,Kozhikode,Kerala,Malabar,Kozhikode,SPLIT,1957,1uUazshDPYeorUmpHVIci9ywHe1eT_k7J.csv,1.0
e8e51a234124,Palghat,Kerala,Malabar,Palghat,SPLIT,1957,1uUazshDPYeorUmpHVIci9ywHe1eT_k7J.csv,1.0
beab05e2b0ec,Alleppey,Kerala,Kottayam,Alleppey,SPLIT,1957,1uUazshDPYeorUmpHVIci9ywHe1eT_k7J.csv,1.0
f6b734dff9fd,Kottayam,Kerala,Kottayam,Kottayam,SPLIT,1957,1uUazshDPYeorUmpHVIci9ywHe1eT_k7J.csv,1.0
beab05e2b0ec,Alleppey,Kerala,Quilon,Alleppey,SPLIT,1957,1uUazshDPYeorUmpHVIci9ywHe1eT_k7J.csv,1.0
240d45af785f,Quilon,Kerala,Quilon,Quilon,SPLIT,1957,1uUazshDPYeorUmpHVIci9ywHe1eT_k7J.csv,1.0
9dc37a806780,Ernakulam,Kerala,Kottayam,Ernakulam,SPLIT,1958,1uUazshDPYeorUmpHVIci9ywHe1eT_k7J.csv,1.0
f6b734dff9fd,Kottayam,Kerala,Kottayam,Kottayam,SPLIT,1958,1uUazshDPYeorUmpHVIci9ywHe1eT_k7J.csv,1.0
9dc37a806780,Ernakulam,Kerala,Trichur,Ernakulam,SPLIT,1958,1uUazshDPYeorUmpHVIci9ywHe1eT_k7J.csv,1.0
b389250ce585,Trichur,Kerala,Trichur,Trichur,SPLIT,1958,1uUazshDPYeorUmpHVIci9ywHe1eT_k7J.csv,1.0
18e5b67e9681,Sagar,Madhya Pradesh,Sagar,Sagar,SPLIT,1956,1uUazshDPYeorUmpHVIci9ywHe1eT_k7J.csv,1.0
0d5819c618bd,Damoh,Madhya Pradesh,Sagar,Damoh,SPLIT,1956,1uUazshDPYeorUmpHVIci9ywHe1eT_k7J.csv,1.0
ab4d70a76aff,Chhindwara,Madhya Pradesh,Chhindwara,Chhindwara,SPLIT,1956,1uUazshDPYeorUmpHVIci9ywHe1eT_k7J.csv,1.0
76c7c8a784ee,Seoni,Madhya Pradesh,Chhindwara,Seoni,SPLIT,1956,1uUazshDPYeorUmpHVIci9ywHe1eT_k7J.csv,1.0
44cbd83610e9,Hoshangabad,Madhya Pradesh,Hoshangabad,Hoshangabad,SPLIT,1956,1uUazshDPYeorUmpHVIci9ywHe1eT_k7J.csv,1.0
b5e5ae542adf,Narsimhapur,Madhya Pradesh,Hoshangabad,Narsimhapur,SPLIT,1956,1uUazshDPYeorUmpHVIci9ywHe1eT_k7J.csv,1.0
b494c5c475ba,West Nimar,Madhya Pradesh,Nimar,West Nimar,SPLIT,1956,1uUazshDPYeorUmpHVIci9ywHe1eT_k7J.csv,1.0
7914cccd8778,East Nimar,Madhya Pradesh,Nimar,East Nimar,SPLIT,1956,1uUazshDPYeorUmpHVIci9ywHe1eT_k7J.csv,1.0
b4945a7b731f,Tuensang,Nagaland,Tuensang,Tuensang,SPLIT,1957,1uUazshDPYeorUmpHVIci9ywHe1eT_k7J.csv,1.0
cb80bb3d1473,Mokokchung,Nagaland,Tuensang,Mokokchung,SPLIT,1957,1uUazshDPYeorUmpHVIci9ywHe1eT_k7J.csv,1.0
71012ed126c3,Kanyakumari,Tamil Nadu,Trivandrum,Kanyakumari,SPLIT,1956,1uUazshDPYeorUmpHVIci9ywHe1eT_k7J.csv,1.0
a65a5777ce96,Trivandrum,Tamil Nadu,Trivandrum,Trivandrum,SPLIT,1956,1uUazshDPYeorUmpHVIci9ywHe1eT_k7J.csv,1.0
ed0f2c50eb37,Khammam,Telangana,Warangal,Khammam,SPLIT,1953,1uUazshDPYeorUmpHVIci9ywHe1eT_k7J.csv,1.0
ceef75ac9135,Warangal,Telangana,Warangal,Warangal,SPLIT,1953,1uUazshDPYeorUmpHVIci9ywHe1eT_k7J.csv,1.0
ee773cc6b537,Almora,Uttarakhand,Almora,Almora,SPLIT,1960,1uUazshDPYeorUmpHVIci9ywHe1eT_k7J.csv,1.0
5b8b7deccc23,Pithoragarh,Uttarakhand,Almora,Pithoragarh,SPLIT,1960,1uUazshDPYeorUmpHVIci9ywHe1eT_k7J.csv,1.0
88469dfc1738,Tehri Garhwal,Uttarakhand,Tehri Garhwal,Tehri Garhwal,SPLIT,1960,1uUazshDPYeorUmpHVIci9ywHe1eT_k7J.csv,1.0
4521f53c05e5,Uttar Kashi,Uttarakhand,Tehri Garhwal,Uttar Kashi,SPLIT,1960,1uUazshDPYeorUmpHVIci9ywHe1eT_k7J.csv,1.0
84c11a7ff072,Chamoli,Uttarakhand,Garhwal,Chamoli,SPLIT,1960,1uUazshDPYeorUmpHVIci9ywHe1eT_k7J.csv,1.0
6679218a7642,Garhwal,Uttarakhand,Garhwal,Garhwal,SPLIT,1960,1uUazshDPYeorUmpHVIci9ywHe1eT_k7J.csv,1.0
f6cb3f61f5b9,Anantnag,Jammu and Kashmir,Jammu And Kashmir,Anantnag,SPLIT,1956,1uUazshDPYeorUmpHVIci9ywHe1eT_k7J.csv,1.0
94f08bdcf290,Baramulla,Jammu and Kashmir,Jammu And Kashmir,Baramulla,SPLIT,1956,1uUazshDPYeorUmpHVIci9ywHe1eT_k7J.csv,1.0
b17881eb4671,Doda,Jammu and Kashmir,Jammu And Kashmir,Doda,SPLIT,1956,1uUazshDPYeorUmpHVIci9ywHe1eT_k7J.csv,1.0
be3e18466271,Jammu,Jammu and Kashmir,Jammu And Kashmir,Jammu,SPLIT,1956,1uUazshDPYeorUmpHVIci9ywHe1eT_k7J.csv,1.0
4e5f6be99ac7,Kathua,Jammu and Kashmir,Jammu And Kashmir,Kathua,SPLIT,1956,1uUazshDPYeorUmpHVIci9ywHe1eT_k7J.csv,1.0
c8bb874c5a82,Ladakh,Jammu and Kashmir,Jammu And Kashmir,Ladakh,SPLIT,1956,1uUazshDPYeorUmpHVIci9ywHe1eT_k7J.csv,1.0
411e1aaa1d8d,Poonch,Jammu and Kashmir,Jammu And Kashmir,Poonch,SPLIT,1956,1uUazshDPYeorUmpHVIci9ywHe1eT_k7J.csv,1.0
95ec2f91aa31,Srinagar,Jammu and Kashmir,Jammu And Kashmir,Srinagar,SPLIT,1956,1uUazshDPYeorUmpHVIci9ywHe1eT_k7J.csv,1.0
84c883d07e3f,Udhampur,Jammu and Kashmir,Jammu And Kashmir,Udhampur,SPLIT,1956,1uUazshDPYeorUmpHVIci9ywHe1eT_k7J.csv,1.0
05aa110382a0,Nellore,Andhra Pradesh,Nellore,Nellore,SPLIT,1970,1uUazshDPYeorUmpHVIci9ywHe1eT_k7J.csv,1.0
b4e883dc5a1e,Ongole,Andhra Pradesh,Nellore,Ongole,SPLIT,1970,1uUazshDPYeorUmpHVIci9ywHe1eT_k7J.csv,1.0
6a632964a8f1,Mikir Hills,Assam,United Mikir And North Cachar Hills,Mikir Hills,SPLIT,1970,1uUazshDPYeorUmpHVIci9ywHe1eT_k7J.csv,1.0
6486bc501703,North Cachar Hills,Assam,United Mikir And North Cachar Hills,North Cachar Hills,SPLIT,1970,1uUazshDPYeorUmpHVIci9ywHe1eT_k7J.csv,1.0
336355d392f4,Ambala,Chandigarh,Ambala,Ambala,SPLIT,1966,1uUazshDPYeorUmpHVIci9ywHe1eT_k7J.csv,1.0
6c32e09d7888,Chandigarh,Chandigarh,Ambala,Chandigarh,SPLIT,1966,1uUazshDPYeorUmpHVIci9ywHe1eT_k7J.csv,1.0
2b36b0713ff8,Daman,Daman and Diu,Daman And Diu,Daman,SPLIT,1961,1uUazshDPYeorUmpHVIci9ywHe1eT_k7J.csv,1.0
c045e0f44d49,Diu,Daman and Diu,Daman And Diu,Diu,SPLIT,1961,1uUazshDPYeorUmpHVIci9ywHe1eT_k7J.csv,1.0
19a2fb375af9,Mahesana,Gujarat,Mehsana,Mahesana,SPLIT,1964,1uUazshDPYeorUmpHVIci9ywHe1eT_k7J.csv,1.0
0438a8c45b0c,Gandhinagar,Gujarat,Mehsana,Gandhinagar,SPLIT,1964,1uUazshDPYeorUmpHVIci9ywHe1eT_k7J.csv,1.0
0438a8c45b0c,Gandhinagar,Gujarat,Ahmedabad,Gandhinagar,SPLIT,1964,1uUazshDPYeorUmpHVIci9ywHe1eT_k7J.csv,1.0
a688df1e3a6c,Valsad,Gujarat,Surat,Valsad,SPLIT,1966,1uUazshDPYeorUmpHVIci9ywHe1eT_k7J.csv,1.0
dd4b0b02beaf,Surat,Gujarat,Surat,Surat,SPLIT,1966,1uUazshDPYeorUmpHVIci9ywHe1eT_k7J.csv,1.0
2441eeec3ab9,Kangra,Himachal Pradesh,Kangra,Kangra,SPLIT,1966,1uUazshDPYeorUmpHVIci9ywHe1eT_k7J.csv,1.0
e8b9567f1668,Kulu,Himachal Pradesh,Kangra,Kulu,SPLIT,1966,1uUazshDPYeorUmpHVIci9ywHe1eT_k7J.csv,1.0
6d6a6cbdf754,Punch,Jammu and Kashmir,Poonch,Punch,SPLIT,1968,1uUazshDPYeorUmpHVIci9ywHe1eT_k7J.csv,1.0
8cdfcbae2dcd,Rajauri,Jammu and Kashmir,Poonch,Rajauri,SPLIT,1968,1uUazshDPYeorUmpHVIci9ywHe1eT_k7J.csv,1.0
dc9df79db7fd,Kozhikode,Kerala,Kozhikode,Kozhikode,SPLIT,1969,1uUazshDPYeorUmpHVIci9ywHe1eT_k7J.csv,1.0
9137b97001a2,Malappuram,Kerala,Kozhikode,Malappuram,SPLIT,1969,1uUazshDPYeorUmpHVIci9ywHe1eT_k7J.csv,1.0
e8e51a234124,Palghat,Kerala,Palghat,Palghat,SPLIT,1969,1uUazshDPYeorUmpHVIci9ywHe1eT_k7J.csv,1.0
9137b97001a2,Malappuram,Kerala,Palghat,Malappuram,SPLIT,1969,1uUazshDPYeorUmpHVIci9ywHe1eT_k7J.csv,1.0
887e305b6ffa,Manipur North,Manipur,Manipur,Manipur North,SPLIT,1969,1uUazshDPYeorUmpHVIci9ywHe1eT_k7J.csv,1.0
b77758319ab8,Manipur South,Manipur,Manipur,Manipur South,SPLIT,1969,1uUazshDPYeorUmpHVIci9ywHe1eT_k7J.csv,1.0
a248b3011c2b,Manipur East,Manipur,Manipur,Manipur East,SPLIT,1969,1uUazshDPYeorUmpHVIci9ywHe1eT_k7J.csv,1.0
4b574d9b34ec,Manipur West,Manipur,Manipur,Manipur West,SPLIT,1969,1uUazshDPYeorUmpHVIci9ywHe1eT_k7J.csv,1.0
c455ba3db273,Manipur Central,Manipur,Manipur,Manipur Central,SPLIT,1969,1uUazshDPYeorUmpHVIci9ywHe1eT_k7J.csv,1.0
3d4d6521d5a9,Salem,Tamil Nadu,Salem,Salem,SPLIT,1965,1uUazshDPYeorUmpHVIci9ywHe1eT_k7J.csv,1.0
63f15c5045c0,Dharmapuri,Tamil Nadu,Salem,Dharmapuri,SPLIT,1965,1uUazshDPYeorUmpHVIci9ywHe1eT_k7J.csv,1.0
78f434e41aa7,North Tripura,Tripura,Tripura,North Tripura,SPLIT,1970,1uUazshDPYeorUmpHVIci9ywHe1eT_k7J.csv,1.0
7ec92d25630b,West Tripura,Tripura,Tripura,West Tripura,SPLIT,1970,1uUazshDPYeorUmpHVIci9ywHe1eT_k7J.csv,1.0
9ab0eb275c10,South Tripura,Tripura,Tripura,South Tripura,SPLIT,1970,1uUazshDPYeorUmpHVIci9ywHe1eT_k7J.csv,1.0
dd2d53d2e895,Andaman,Andaman and Nicobar Islands,Andaman And Nicobar Islands,Andaman,SPLIT,1974,1uUazshDPYeorUmpHVIci9ywHe1eT_k7J.csv,1.0
7843a17099d2,Nicobar,Andaman and Nicobar Islands,Andaman And Nicobar Islands,Nicobar,SPLIT,1974,1uUazshDPYeorUmpHVIci9ywHe1eT_k7J.csv,1.0
74c93ae7981e,Hyderabad,Andhra Pradesh,Hyderabad,Hyderabad,SPLIT,1978,1uUazshDPYeorUmpHVIci9ywHe1eT_k7J.csv,1.0
27e22889dfad,Rangareddy,Andhra Pradesh,Hyderabad,Rangareddy,SPLIT,1978,1uUazshDPYeorUmpHVIci9ywHe1eT_k7J.csv,1.0
9d38b4fa77b4,Visakhapatnam,Andhra Pradesh,Visakhapatnam,Visakhapatnam,SPLIT,1979,1uUazshDPYeorUmpHVIci9ywHe1eT_k7J.csv,1.0
78b9a7cf8619,Vizianagaram,Andhra Pradesh,Visakhapatnam,Vizianagaram,SPLIT,1979,1uUazshDPYeorUmpHVIci9ywHe1eT_k7J.csv,1.0
768f0e6ecb97,Srikakulam,Andhra Pradesh,Srikakulum,Srikakulam,SPLIT,1979,1uUazshDPYeorUmpHVIci9ywHe1eT_k7J.csv,1.0
78b9a7cf8619,Vizianagaram,Andhra Pradesh,Srikakulum,Vizianagaram,SPLIT,1979,1uUazshDPYeorUmpHVIci9ywHe1eT_k7J.csv,1.0
270f9ba7e1d9,West Kameng,Arunachal Pradesh,Kameng,West Kameng,SPLIT,1980,1uUazshDPYeorUmpHVIci9ywHe1eT_k7J.csv,1.0
d2d6149fc192,East Kameng,Arunachal Pradesh,Kameng,East Kameng,SPLIT,1980,1uUazshDPYeorUmpHVIci9ywHe1eT_k7J.csv,1.0
3b68c18db0e3,West Siang,Arunachal Pradesh,Siang,West Siang,SPLIT,1980,1uUazshDPYeorUmpHVIci9ywHe1eT_k7J.csv,1.0
3a617e5c7535,Siang,Arunachal Pradesh,Siang,Siang,SPLIT,1980,1uUazshDPYeorUmpHVIci9ywHe1eT_k7J.csv,1.0
66e2657f2668,Lohit,Arunachal Pradesh,Lohit,Lohit,SPLIT,1980,1uUazshDPYeorUmpHVIci9ywHe1eT_k7J.csv,1.0
08cf04383ee6,Dibang Valley,Arunachal Pradesh,Lohit,Dibang Valley,SPLIT,1980,1uUazshDPYeorUmpHVIci9ywHe1eT_k7J.csv,1.0
71dd119e75d3,Lakhimpur,Assam,Lakhimpur,Lakhimpur,SPLIT,1976,1uUazshDPYeorUmpHVIci9ywHe1eT_k7J.csv,1.0
d31a39325679,Dibrugarh,Assam,Lakhimpur,Dibrugarh,SPLIT,1976,1uUazshDPYeorUmpHVIci9ywHe1eT_k7J.csv,1.0
5c5734c2b6af,Purba Champaran,Bihar,Champaran,Purba Champaran,SPLIT,1977,1uUazshDPYeorUmpHVIci9ywHe1eT_k7J.csv,1.0
037ccf410cdd,Pashchim Champaran,Bihar,Champaran,Pashchim Champaran,SPLIT,1977,1uUazshDPYeorUmpHVIci9ywHe1eT_k7J.csv,1.0
6826a0c48f75,Muzaffarpur,Bihar,Muzaffarpur,Muzaffarpur,SPLIT,1972,1uUazshDPYeorUmpHVIci9ywHe1eT_k7J.csv,1.0
0d6807df0661,Sitamarhi,Bihar,Muzaffarpur,Sitamarhi,SPLIT,1972,1uUazshDPYeorUmpHVIci9ywHe1eT_k7J.csv,1.0
83a6fe743aa4,Vaishali,Bihar,Muzaffarpur,Vaishali,SPLIT,1972,1uUazshDPYeorUmpHVIci9ywHe1eT_k7J.csv,1.0
f3004adfc23d,Darbhanga,Bihar,Darbhanga,Darbhanga,SPLIT,1972,1uUazshDPYeorUmpHVIci9ywHe1eT_k7J.csv,1.0
fe786ecaade0,Madhubani,Bihar,Darbhanga,Madhubani,SPLIT,1972,1uUazshDPYeorUmpHVIci9ywHe1eT_k7J.csv,1.0
9c440fbafeb8,Samastipur,Bihar,Darbhanga,Samastipur,SPLIT,1972,1uUazshDPYeorUmpHVIci9ywHe1eT_k7J.csv,1.0
0ad959805ff7,Purnia,Bihar,Purnea,Purnia,SPLIT,1973,1uUazshDPYeorUmpHVIci9ywHe1eT_k7J.csv,1.0
3c669bbbe711,Katihar,Bihar,Purnea,Katihar,SPLIT,1973,1uUazshDPYeorUmpHVIci9ywHe1eT_k7J.csv,1.0
7630ac868edf,Saran,Bihar,Saran,Saran,SPLIT,1973,1uUazshDPYeorUmpHVIci9ywHe1eT_k7J.csv,1.0
2d725042e5c4,Siwan,Bihar,Saran,Siwan,SPLIT,1973,1uUazshDPYeorUmpHVIci9ywHe1eT_k7J.csv,1.0
7d1508c79458,Gopalganj,Bihar,Saran,Gopalganj,SPLIT,1973,1uUazshDPYeorUmpHVIci9ywHe1eT_k7J.csv,1.0
4a146df6a800,Munger,Bihar,Monghyr,Munger,SPLIT,1972,1uUazshDPYeorUmpHVIci9ywHe1eT_k7J.csv,1.0
f7f0f21d769b,Begusarai,Bihar,Monghyr,Begusarai,SPLIT,1972,1uUazshDPYeorUmpHVIci9ywHe1eT_k7J.csv,1.0
126b69c72d76,Patna,Bihar,Patna,Patna,SPLIT,1972,1uUazshDPYeorUmpHVIci9ywHe1eT_k7J.csv,1.0
d5b238520160,Nalanda,Bihar,Patna,Nalanda,SPLIT,1972,1uUazshDPYeorUmpHVIci9ywHe1eT_k7J.csv,1.0
89ac354e410c,Bhojpur,Bihar,Shahabad,Bhojpur,SPLIT,1972,1uUazshDPYeorUmpHVIci9ywHe1eT_k7J.csv,1.0
047b2f67a8ba,Rohtas,Bihar,Shahabad,Rohtas,SPLIT,1972,1uUazshDPYeorUmpHVIci9ywHe1eT_k7J.csv,1.0
d687db9158e6,Gaya,Bihar,Gaya,Gaya,SPLIT,1973,1uUazshDPYeorUmpHVIci9ywHe1eT_k7J.csv,1.0
0990d01df831,Aurangabad,Bihar,Gaya,Aurangabad,SPLIT,1973,1uUazshDPYeorUmpHVIci9ywHe1eT_k7J.csv,1.0
3192e2052a61,Nawada,Bihar,Gaya,Nawada,SPLIT,1973,1uUazshDPYeorUmpHVIci9ywHe1eT_k7J.csv,1.0
13785847155a,Durg,Chhattisgarh,Durg,Durg,SPLIT,1973,1uUazshDPYeorUmpHVIci9ywHe1eT_k7J.csv,1.0
618bea30ec09,Raj Nandgaon,Chhattisgarh,Durg,Raj Nandgaon,SPLIT,1973,1uUazshDPYeorUmpHVIci9ywHe1eT_k7J.csv,1.0
c7327daad708,Hisar,Haryana,Hisar,Hisar,SPLIT,1972,1uUazshDPYeorUmpHVIci9ywHe1eT_k7J.csv,1.0
f6a1e685b7d7,Bhiwani,Haryana,Hisar,Bhiwani,SPLIT,1972,1uUazshDPYeorUmpHVIci9ywHe1eT_k7J.csv,1.0
1186f45163b1,Rohtak,Haryana,Rohtak,Rohtak,SPLIT,1972,1uUazshDPYeorUmpHVIci9ywHe1eT_k7J.csv,1.0
3e65d0d761d7,Sonipat,Haryana,Rohtak,Sonipat,SPLIT,1972,1uUazshDPYeorUmpHVIci9ywHe1eT_k7J.csv,1.0
8752e1204dd2,Karnal,Haryana,Karnal,Karnal,SPLIT,1973,1uUazshDPYeorUmpHVIci9ywHe1eT_k7J.csv,1.0
2b79d83f649f,Kurukshetra,Haryana,Karnal,Kurukshetra,SPLIT,1973,1uUazshDPYeorUmpHVIci9ywHe1eT_k7J.csv,1.0
c7327daad708,Hisar,Haryana,Hisar,Hisar,SPLIT,1975,1uUazshDPYeorUmpHVIci9ywHe1eT_k7J.csv,1.0
cc31e664b406,Sirsa,Haryana,Hisar,Sirsa,SPLIT,1975,1uUazshDPYeorUmpHVIci9ywHe1eT_k7J.csv,1.0
82f14df59a65,Gurgaon,Haryana,Gurgaon,Gurgaon,SPLIT,1979,1uUazshDPYeorUmpHVIci9ywHe1eT_k7J.csv,1.0
2aae565430aa,Faridabad,Haryana,Gurgaon,Faridabad,SPLIT,1979,1uUazshDPYeorUmpHVIci9ywHe1eT_k7J.csv,1.0
2441eeec3ab9,Kangra,Himachal Pradesh,Kangra,Kangra,SPLIT,1972,1uUazshDPYeorUmpHVIci9ywHe1eT_k7J.csv,1.0
1dd7b830904e,Hamirpur,Himachal Pradesh,Kangra,Hamirpur,SPLIT,1972,1uUazshDPYeorUmpHVIci9ywHe1eT_k7J.csv,1.0
6a734a422459,Una,Himachal Pradesh,Kangra,Una,SPLIT,1972,1uUazshDPYeorUmpHVIci9ywHe1eT_k7J.csv,1.0
4d85dd374ab3,Simla,Himachal Pradesh,Simla,Simla,SPLIT,1972,1uUazshDPYeorUmpHVIci9ywHe1eT_k7J.csv,1.0
496067925268,Solan,Himachal Pradesh,Simla,Solan,SPLIT,1972,1uUazshDPYeorUmpHVIci9ywHe1eT_k7J.csv,1.0
1c74ea44d097,Kupwara,Jammu and Kashmir,Baramula,Kupwara,SPLIT,1979,1uUazshDPYeorUmpHVIci9ywHe1eT_k7J.csv,1.0
ee177be6e631,Baramula,Jammu and Kashmir,Baramula,Baramula,SPLIT,1979,1uUazshDPYeorUmpHVIci9ywHe1eT_k7J.csv,1.0
84c86e5ac70b,Badgam,Jammu and Kashmir,Srinagar,Badgam,SPLIT,1979,1uUazshDPYeorUmpHVIci9ywHe1eT_k7J.csv,1.0
95ec2f91aa31,Srinagar,Jammu and Kashmir,Srinagar,Srinagar,SPLIT,1979,1uUazshDPYeorUmpHVIci9ywHe1eT_k7J.csv,1.0
eb7dd8c6466c,Pulwama,Jammu and Kashmir,Srinagar,Pulwama,SPLIT,1979,1uUazshDPYeorUmpHVIci9ywHe1eT_k7J.csv,1.0
c8bb874c5a82,Ladakh,Jammu and Kashmir,Ladakh,Ladakh,SPLIT,1979,1uUazshDPYeorUmpHVIci9ywHe1eT_k7J.csv,1.0
6995dd658b44,Kargil,Jammu and Kashmir,Ladakh,Kargil,SPLIT,1979,1uUazshDPYeorUmpHVIci9ywHe1eT_k7J.csv,1.0
132dd581c391,Hazaribag,Jharkhand,Hazaribagh,Hazaribag,SPLIT,1972,1uUazshDPYeorUmpHVIci9ywHe1eT_k7J.csv,1.0
68abfd94b978,Giridih,Jharkhand,Hazaribagh,Giridih,SPLIT,1972,1uUazshDPYeorUmpHVIci9ywHe1eT_k7J.csv,1.0
cdfd4cce0a90,Idukki,Kerala,Ernakulam,Idukki,SPLIT,1972,1uUazshDPYeorUmpHVIci9ywHe1eT_k7J.csv,1.0
9dc37a806780,Ernakulam,Kerala,Ernakulam,Ernakulam,SPLIT,1972,1uUazshDPYeorUmpHVIci9ywHe1eT_k7J.csv,1.0
cdfd4cce0a90,Idukki,Kerala,Kottayam,Idukki,SPLIT,1972,1uUazshDPYeorUmpHVIci9ywHe1eT_k7J.csv,1.0
f6b734dff9fd,Kottayam,Kerala,Kottayam,Kottayam,SPLIT,1972,1uUazshDPYeorUmpHVIci9ywHe1eT_k7J.csv,1.0
dc9df79db7fd,Kozhikode,Kerala,Kozhikode,Kozhikode,SPLIT,1980,1uUazshDPYeorUmpHVIci9ywHe1eT_k7J.csv,1.0
1cf38fa44576,Wayanad,Kerala,Kozhikode,Wayanad,SPLIT,1980,1uUazshDPYeorUmpHVIci9ywHe1eT_k7J.csv,1.0
576ba4d810a0,Cannanore,Kerala,Cannanore,Cannanore,SPLIT,1980,1uUazshDPYeorUmpHVIci9ywHe1eT_k7J.csv,1.0
1cf38fa44576,Wayanad,Kerala,Cannanore,Wayanad,SPLIT,1980,1uUazshDPYeorUmpHVIci9ywHe1eT_k7J.csv,1.0
42dea92dea03,Ladakh,Ladakh,Ladakh,Ladakh,SPLIT,1979,1uUazshDPYeorUmpHVIci9ywHe1eT_k7J.csv,1.0
2c6ec090c1af,Kargil,Ladakh,Ladakh,Kargil,SPLIT,1979,1uUazshDPYeorUmpHVIci9ywHe1eT_k7J.csv,1.0
975159a2f24f,Sehore,Madhya Pradesh,Sehore,Sehore,SPLIT,1972,1uUazshDPYeorUmpHVIci9ywHe1eT_k7J.csv,1.0
36644fbd6cc6,Bhopal,Madhya Pradesh,Sehore,Bhopal,SPLIT,1972,1uUazshDPYeorUmpHVIci9ywHe1eT_k7J.csv,1.0
1d818e49349d,Tengnoupal,Manipur,Manipur Central,Tengnoupal,SPLIT,1974,1uUazshDPYeorUmpHVIci9ywHe1eT_k7J.csv,1.0
c455ba3db273,Manipur Central,Manipur,Manipur Central,Manipur Central,SPLIT,1974,1uUazshDPYeorUmpHVIci9ywHe1eT_k7J.csv,1.0
a684ee23b131,East Garo Hills,Meghalaya,Garo Hills,East Garo Hills,SPLIT,1976,1uUazshDPYeorUmpHVIci9ywHe1eT_k7J.csv,1.0
2f4d25c94f24,West Garo Hills,Meghalaya,Garo Hills,West Garo Hills,SPLIT,1976,1uUazshDPYeorUmpHVIci9ywHe1eT_k7J.csv,1.0
283447acbda3,West Khasi Hills,Meghalaya,United Khasi And Jaintia Hills,West Khasi Hills,SPLIT,1976,1uUazshDPYeorUmpHVIci9ywHe1eT_k7J.csv,1.0
82dbe257807f,East Khasi Hills,Meghalaya,United Khasi And Jaintia Hills,East Khasi Hills,SPLIT,1976,1uUazshDPYeorUmpHVIci9ywHe1eT_k7J.csv,1.0
e2fed61148b7,Jaintia Hills,Meghalaya,United Khasi And Jaintia Hills,Jaintia Hills,SPLIT,1976,1uUazshDPYeorUmpHVIci9ywHe1eT_k7J.csv,1.0
f310795ad14d,Aizawl,Mizoram,Mizoram,Aizawl,SPLIT,1972,1uUazshDPYeorUmpHVIci9ywHe1eT_k7J.csv,1.0
e201c752f1f3,Lunglei,Mizoram,Mizoram,Lunglei,SPLIT,1972,1uUazshDPYeorUmpHVIci9ywHe1eT_k7J.csv,1.0
2bb7ef120537,Chhimtuipui,Mizoram,Mizoram,Chhimtuipui,SPLIT,1972,1uUazshDPYeorUmpHVIci9ywHe1eT_k7J.csv,1.0
b4945a7b731f,Tuensang,Nagaland,Tuensang,Tuensang,SPLIT,1973,1uUazshDPYeorUmpHVIci9ywHe1eT_k7J.csv,1.0
5b6909bd75f0,Mon,Nagaland,Tuensang,Mon,SPLIT,1973,1uUazshDPYeorUmpHVIci9ywHe1eT_k7J.csv,1.0
cb80bb3d1473,Mokokchung,Nagaland,Mokokchung,Mokokchung,SPLIT,1973,1uUazshDPYeorUmpHVIci9ywHe1eT_k7J.csv,1.0
2980e0861b4e,Wokha,Nagaland,Mokokchung,Wokha,SPLIT,1973,1uUazshDPYeorUmpHVIci9ywHe1eT_k7J.csv,1.0
cf87104b3060,Zunheboto,Nagaland,Mokokchung,Zunheboto,SPLIT,1973,1uUazshDPYeorUmpHVIci9ywHe1eT_k7J.csv,1.0
b5e8b448052d,Kohima,Nagaland,Kohima,Kohima,SPLIT,1973,1uUazshDPYeorUmpHVIci9ywHe1eT_k7J.csv,1.0
7664a65e599c,Phek,Nagaland,Kohima,Phek,SPLIT,1973,1uUazshDPYeorUmpHVIci9ywHe1eT_k7J.csv,1.0
781bc27d4d81,Bathinda,Punjab,Bhatinda,Bathinda,SPLIT,1972,1uUazshDPYeorUmpHVIci9ywHe1eT_k7J.csv,1.0
6e6ca1d340df,Faridkot,Punjab,Bhatinda,Faridkot,SPLIT,1972,1uUazshDPYeorUmpHVIci9ywHe1eT_k7J.csv,1.0
134383ac1366,East District,Sikkim,Sikkim,East District,SPLIT,1973,1uUazshDPYeorUmpHVIci9ywHe1eT_k7J.csv,1.0
6566e5461f38,West District,Sikkim,Sikkim,West District,SPLIT,1973,1uUazshDPYeorUmpHVIci9ywHe1eT_k7J.csv,1.0
817b7df6e0f9,North District,Sikkim,Sikkim,North District,SPLIT,1973,1uUazshDPYeorUmpHVIci9ywHe1eT_k7J.csv,1.0
a2503ef0b36e,South District,Sikkim,Sikkim,South District,SPLIT,1973,1uUazshDPYeorUmpHVIci9ywHe1eT_k7J.csv,1.0
cfe087f47e03,Tiruchchirappalli,Tamil Nadu,Tiruchirapalli,Tiruchchirappalli,SPLIT,1974,1uUazshDPYeorUmpHVIci9ywHe1eT_k7J.csv,1.0
24a34cee1b33,Pudukkottai,Tamil Nadu,Tiruchirapalli,Pudukkottai,SPLIT,1974,1uUazshDPYeorUmpHVIci9ywHe1eT_k7J.csv,1.0
f1c3807c6d83,Thanjavur,Tamil Nadu,Thanjavur,Thanjavur,SPLIT,1974,1uUazshDPYeorUmpHVIci9ywHe1eT_k7J.csv,1.0
24a34cee1b33,Pudukkottai,Tamil Nadu,Thanjavur,Pudukkottai,SPLIT,1974,1uUazshDPYeorUmpHVIci9ywHe1eT_k7J.csv,1.0
0c6463515e63,Coimbatore,Tamil Nadu,Coimbatore,Coimbatore,SPLIT,1979,1uUazshDPYeorUmpHVIci9ywHe1eT_k7J.csv,1.0
ac1bee1260c9,Periyar,Tamil Nadu,Coimbatore,Periyar,SPLIT,1979,1uUazshDPYeorUmpHVIci9ywHe1eT_k7J.csv,1.0
ce5a5080bb2c,Ranga Reddy,Telangana,Hyderabad,Ranga Reddy,SPLIT,1978,1uUazshDPYeorUmpHVIci9ywHe1eT_k7J.csv,1.0
e68993c2726b,Hyderabad,Telangana,Hyderabad,Hyderabad,SPLIT,1978,1uUazshDPYeorUmpHVIci9ywHe1eT_k7J.csv,1.0
dcd16ad19c25,Bulandshahr,Uttar Pradesh,Bulandshahr,Bulandshahr,SPLIT,1976,1uUazshDPYeorUmpHVIci9ywHe1eT_k7J.csv,1.0
b17efe34673f,Ghaziabad,Uttar Pradesh,Bulandshahr,Ghaziabad,SPLIT,1976,1uUazshDPYeorUmpHVIci9ywHe1eT_k7J.csv,1.0
b519f39f89bd,Jhansi,Uttar Pradesh,Jhansi,Jhansi,SPLIT,1974,1uUazshDPYeorUmpHVIci9ywHe1eT_k7J.csv,1.0
181c273e7d41,Lalitpur,Uttar Pradesh,Jhansi,Lalitpur,SPLIT,1974,1uUazshDPYeorUmpHVIci9ywHe1eT_k7J.csv,1.0
ff98dbec43a1,Lower Subansiri,Arunachal Pradesh,Subansiri,Lower Subansiri,SPLIT,1987,1uUazshDPYeorUmpHVIci9ywHe1eT_k7J.csv,1.0
d959ebd85736,Upper Subansiri,Arunachal Pradesh,Subansiri,Upper Subansiri,SPLIT,1987,1uUazshDPYeorUmpHVIci9ywHe1eT_k7J.csv,1.0
5ff12f718e1f,Tawang,Arunachal Pradesh,West Kameng,Tawang,SPLIT,1989,1uUazshDPYeorUmpHVIci9ywHe1eT_k7J.csv,1.0
270f9ba7e1d9,West Kameng,Arunachal Pradesh,West Kameng,West Kameng,SPLIT,1989,1uUazshDPYeorUmpHVIci9ywHe1eT_k7J.csv,1.0
c1ce8ff8705b,Changlang,Arunachal Pradesh,Tirap,Changlang,SPLIT,1987,1uUazshDPYeorUmpHVIci9ywHe1eT_k7J.csv,1.0
a81385c4fd55,Tirap,Arunachal Pradesh,Tirap,Tirap,SPLIT,1987,1uUazshDPYeorUmpHVIci9ywHe1eT_k7J.csv,1.0
b717212b7701,East Siang,Arunachal Pradesh,West Siang,East Siang,SPLIT,1989,1uUazshDPYeorUmpHVIci9ywHe1eT_k7J.csv,1.0
3b68c18db0e3,West Siang,Arunachal Pradesh,West Siang,West Siang,SPLIT,1989,1uUazshDPYeorUmpHVIci9ywHe1eT_k7J.csv,1.0
0e4b4f825872,Kokrajhar,Assam,Goalpara,Kokrajhar,SPLIT,1983,1uUazshDPYeorUmpHVIci9ywHe1eT_k7J.csv,1.0
6bc2be14394d,Dhuburi,Assam,Goalpara,Dhuburi,SPLIT,1983,1uUazshDPYeorUmpHVIci9ywHe1eT_k7J.csv,1.0
fd7a8f6a4b1f,Goalpara,Assam,Goalpara,Goalpara,SPLIT,1983,1uUazshDPYeorUmpHVIci9ywHe1eT_k7J.csv,1.0
9fa5f5e60c20,Barpeta,Assam,Kamrup,Barpeta,SPLIT,1983,1uUazshDPYeorUmpHVIci9ywHe1eT_k7J.csv,1.0
d204ba7b69ab,Kamrup,Assam,Kamrup,Kamrup,SPLIT,1983,1uUazshDPYeorUmpHVIci9ywHe1eT_k7J.csv,1.0
a8367eb0a586,Sonitpur,Assam,Darrang,Sonitpur,SPLIT,1983,1uUazshDPYeorUmpHVIci9ywHe1eT_k7J.csv,1.0
568e8b2f08f7,Darrang,Assam,Darrang,Darrang,SPLIT,1983,1uUazshDPYeorUmpHVIci9ywHe1eT_k7J.csv,1.0
a56996f962ac,Sibsagar,Assam,Sibsagar,Sibsagar,SPLIT,1983,1uUazshDPYeorUmpHVIci9ywHe1eT_k7J.csv,1.0
69b0c45cf89a,Jorhat,Assam,Sibsagar,Jorhat,SPLIT,1983,1uUazshDPYeorUmpHVIci9ywHe1eT_k7J.csv,1.0
93bb4b4a6d8a,Cachar,Assam,Cachar,Cachar,SPLIT,1983,1uUazshDPYeorUmpHVIci9ywHe1eT_k7J.csv,1.0
078690558387,Karimganj,Assam,Cachar,Karimganj,SPLIT,1983,1uUazshDPYeorUmpHVIci9ywHe1eT_k7J.csv,1.0
d204ba7b69ab,Kamrup,Assam,Kamrup,Kamrup,SPLIT,1985,1uUazshDPYeorUmpHVIci9ywHe1eT_k7J.csv,1.0
1df972c05ea8,Nalbali,Assam,Kamrup,Nalbali,SPLIT,1985,1uUazshDPYeorUmpHVIci9ywHe1eT_k7J.csv,1.0
9c4988d19608,Golaghat,Assam,Sibsagar,Golaghat,SPLIT,1987,1uUazshDPYeorUmpHVIci9ywHe1eT_k7J.csv,1.0
a56996f962ac,Sibsagar,Assam,Sibsagar,Sibsagar,SPLIT,1987,1uUazshDPYeorUmpHVIci9ywHe1eT_k7J.csv,1.0
469feed58f5f,Hailakandi,Assam,Cachar,Hailakandi,SPLIT,1989,1uUazshDPYeorUmpHVIci9ywHe1eT_k7J.csv,1.0
93bb4b4a6d8a,Cachar,Assam,Cachar,Cachar,SPLIT,1989,1uUazshDPYeorUmpHVIci9ywHe1eT_k7J.csv,1.0
cf556d7e0d63,Bongaigaon,Assam,Goalpara,Bongaigaon,SPLIT,1989,1uUazshDPYeorUmpHVIci9ywHe1eT_k7J.csv,1.0
fd7a8f6a4b1f,Goalpara,Assam,Goalpara,Goalpara,SPLIT,1989,1uUazshDPYeorUmpHVIci9ywHe1eT_k7J.csv,1.0
cf556d7e0d63,Bongaigaon,Assam,Kokrajihar,Bongaigaon,SPLIT,1989,1uUazshDPYeorUmpHVIci9ywHe1eT_k7J.csv,1.0
ddbfb8fa2684,Kokrajihar,Assam,Kokrajihar,Kokrajihar,SPLIT,1989,1uUazshDPYeorUmpHVIci9ywHe1eT_k7J.csv,1.0
369aca1522a1,Tinsukia,Assam,Dibrugarh,Tinsukia,SPLIT,1989,1uUazshDPYeorUmpHVIci9ywHe1eT_k7J.csv,1.0
d31a39325679,Dibrugarh,Assam,Dibrugarh,Dibrugarh,SPLIT,1989,1uUazshDPYeorUmpHVIci9ywHe1eT_k7J.csv,1.0
71dd119e75d3,Lakhimpur,Assam,Lakhimpur,Lakhimpur,SPLIT,1989,1uUazshDPYeorUmpHVIci9ywHe1eT_k7J.csv,1.0
c89f53c94fd1,Dhemaji,Assam,Lakhimpur,Dhemaji,SPLIT,1989,1uUazshDPYeorUmpHVIci9ywHe1eT_k7J.csv,1.0
7eee269287a6,Marigaon,Assam,Nagaon,Marigaon,SPLIT,1989,1uUazshDPYeorUmpHVIci9ywHe1eT_k7J.csv,1.0
aa48580f9c17,Nagaon,Assam,Nagaon,Nagaon,SPLIT,1989,1uUazshDPYeorUmpHVIci9ywHe1eT_k7J.csv,1.0
e69e0ee73e42,Saharsa,Bihar,Saharsa,Saharsa,SPLIT,1981,1uUazshDPYeorUmpHVIci9ywHe1eT_k7J.csv,1.0
82a838aa5f88,Madhepura,Bihar,Saharsa,Madhepura,SPLIT,1981,1uUazshDPYeorUmpHVIci9ywHe1eT_k7J.csv,1.0
0ad959805ff7,Purnia,Bihar,Purnia,Purnia,SPLIT,1990,1uUazshDPYeorUmpHVIci9ywHe1eT_k7J.csv,1.0
91cc98481b31,Araria,Bihar,Purnia,Araria,SPLIT,1990,1uUazshDPYeorUmpHVIci9ywHe1eT_k7J.csv,1.0
2ebadcba5739,Kishanganj,Bihar,Purnia,Kishanganj,SPLIT,1990,1uUazshDPYeorUmpHVIci9ywHe1eT_k7J.csv,1.0
4a146df6a800,Munger,Bihar,Munger,Munger,SPLIT,1981,1uUazshDPYeorUmpHVIci9ywHe1eT_k7J.csv,1.0
2110069e0657,Khagaria,Bihar,Munger,Khagaria,SPLIT,1981,1uUazshDPYeorUmpHVIci9ywHe1eT_k7J.csv,1.0
d687db9158e6,Gaya,Bihar,Gaya,Gaya,SPLIT,1986,1uUazshDPYeorUmpHVIci9ywHe1eT_k7J.csv,1.0
60591645fd04,Jehanabad,Bihar,Gaya,Jehanabad,SPLIT,1986,1uUazshDPYeorUmpHVIci9ywHe1eT_k7J.csv,1.0
2f94b45e00de,North Goa,Goa,Goa,North Goa,SPLIT,1987,1uUazshDPYeorUmpHVIci9ywHe1eT_k7J.csv,1.0
e0e93f672cb2,South Goa,Goa,Goa,South Goa,SPLIT,1987,1uUazshDPYeorUmpHVIci9ywHe1eT_k7J.csv,1.0
2f94b45e00de,North Goa,Goa,Goa,North Goa,SPLIT,1987,1uUazshDPYeorUmpHVIci9ywHe1eT_k7J.csv,1.0
e0e93f672cb2,South Goa,Goa,Goa,South Goa,SPLIT,1987,1uUazshDPYeorUmpHVIci9ywHe1eT_k7J.csv,1.0
130ed91ec4c0,Ambala,Haryana,Ambala,Ambala,SPLIT,1989,1uUazshDPYeorUmpHVIci9ywHe1eT_k7J.csv,1.0
5d64670cadd6,Yamunanagar,Haryana,Ambala,Yamunanagar,SPLIT,1989,1uUazshDPYeorUmpHVIci9ywHe1eT_k7J.csv,1.0
8752e1204dd2,Karnal,Haryana,Karnal,Karnal,SPLIT,1989,1uUazshDPYeorUmpHVIci9ywHe1eT_k7J.csv,1.0
665d9e0ab531,Panipat,Haryana,Karnal,Panipat,SPLIT,1989,1uUazshDPYeorUmpHVIci9ywHe1eT_k7J.csv,1.0
2b79d83f649f,Kurukshetra,Haryana,Kurukshetra,Kurukshetra,SPLIT,1989,1uUazshDPYeorUmpHVIci9ywHe1eT_k7J.csv,1.0
014d48d07ffd,Kaithal,Haryana,Kurukshetra,Kaithal,SPLIT,1989,1uUazshDPYeorUmpHVIci9ywHe1eT_k7J.csv,1.0
db9cc361115c,Mahendragarh,Haryana,Mahendragarh,Mahendragarh,SPLIT,1989,1uUazshDPYeorUmpHVIci9ywHe1eT_k7J.csv,1.0
b59df392d868,Rewari,Haryana,Mahendragarh,Rewari,SPLIT,1989,1uUazshDPYeorUmpHVIci9ywHe1eT_k7J.csv,1.0
e5c3b619a610,Deoghar,Jharkhand,Santhal Pargana,Deoghar,SPLIT,1981,1uUazshDPYeorUmpHVIci9ywHe1eT_k7J.csv,1.0
4a71caeeeb3d,Dumka,Jharkhand,Santhal Pargana,Dumka,SPLIT,1981,1uUazshDPYeorUmpHVIci9ywHe1eT_k7J.csv,1.0
823b8e5fe164,Godda,Jharkhand,Santhal Pargana,Godda,SPLIT,1983,1uUazshDPYeorUmpHVIci9ywHe1eT_k7J.csv,1.0
2a66bbc394dd,Sahibganj,Jharkhand,Santhal Pargana,Sahibganj,SPLIT,1983,1uUazshDPYeorUmpHVIci9ywHe1eT_k7J.csv,1.0
9bcb3bf81363,Ranchi,Jharkhand,Ranchi,Ranchi,SPLIT,1983,1uUazshDPYeorUmpHVIci9ywHe1eT_k7J.csv,1.0
2f04809ca172,Gumla,Jharkhand,Ranchi,Gumla,SPLIT,1983,1uUazshDPYeorUmpHVIci9ywHe1eT_k7J.csv,1.0
c7dd5ecb0d39,Lohardaga,Jharkhand,Ranchi,Lohardaga,SPLIT,1983,1uUazshDPYeorUmpHVIci9ywHe1eT_k7J.csv,1.0
3fc80a9b3fd7,Pashchimi Singhbhum,Jharkhand,Singhbhum,Pashchimi Singhbhum,SPLIT,1990,1uUazshDPYeorUmpHVIci9ywHe1eT_k7J.csv,1.0
a9fcca6a4890,Purbi Singhbhum,Jharkhand,Singhbhum,Purbi Singhbhum,SPLIT,1990,1uUazshDPYeorUmpHVIci9ywHe1eT_k7J.csv,1.0
bf74232be880,Bangalore,Karnataka,Bangalore,Bangalore,SPLIT,1986,1uUazshDPYeorUmpHVIci9ywHe1eT_k7J.csv,1.0
5535cdf9ecb0,Bengaluru Rural,Karnataka,Bangalore,Bengaluru Rural,SPLIT,1986,1uUazshDPYeorUmpHVIci9ywHe1eT_k7J.csv,1.0
bee845215b74,Pathanamthitta,Kerala,Kollam,Pathanamthitta,SPLIT,1982,1uUazshDPYeorUmpHVIci9ywHe1eT_k7J.csv,1.0
0cd6be3100b1,Kollam,Kerala,Kollam,Kollam,SPLIT,1982,1uUazshDPYeorUmpHVIci9ywHe1eT_k7J.csv,1.0
bee845215b74,Pathanamthitta,Kerala,Alappuzha,Pathanamthitta,SPLIT,1982,1uUazshDPYeorUmpHVIci9ywHe1eT_k7J.csv,1.0
a1f4cc1245a2,Alappuzha,Kerala,Alappuzha,Alappuzha,SPLIT,1982,1uUazshDPYeorUmpHVIci9ywHe1eT_k7J.csv,1.0
bee845215b74,Pathanamthitta,Kerala,Idukki,Pathanamthitta,SPLIT,1982,1uUazshDPYeorUmpHVIci9ywHe1eT_k7J.csv,1.0
cdfd4cce0a90,Idukki,Kerala,Idukki,Idukki,SPLIT,1982,1uUazshDPYeorUmpHVIci9ywHe1eT_k7J.csv,1.0
b9066945308c,Kannur,Kerala,Kannur,Kannur,SPLIT,1984,1uUazshDPYeorUmpHVIci9ywHe1eT_k7J.csv,1.0
54adaaa9f271,Kasaragod,Kerala,Kannur,Kasaragod,SPLIT,1984,1uUazshDPYeorUmpHVIci9ywHe1eT_k7J.csv,1.0
e1713021f65b,Aurangabad,Maharashtra,Aurangabad,Aurangabad,SPLIT,1981,1uUazshDPYeorUmpHVIci9ywHe1eT_k7J.csv,1.0
8743d681ed80,Jalna,Maharashtra,Aurangabad,Jalna,SPLIT,1981,1uUazshDPYeorUmpHVIci9ywHe1eT_k7J.csv,1.0
1f7dcf419410,Ratnagiri,Maharashtra,Ratnagiri,Ratnagiri,SPLIT,1981,1uUazshDPYeorUmpHVIci9ywHe1eT_k7J.csv,1.0
582e208d34f7,Sindhudurg,Maharashtra,Ratnagiri,Sindhudurg,SPLIT,1981,1uUazshDPYeorUmpHVIci9ywHe1eT_k7J.csv,1.0
5508e00a1cf4,Chandrapur,Maharashtra,Chandrapur,Chandrapur,SPLIT,1982,1uUazshDPYeorUmpHVIci9ywHe1eT_k7J.csv,1.0
300b972f3834,Gadchiroli,Maharashtra,Chandrapur,Gadchiroli,SPLIT,1982,1uUazshDPYeorUmpHVIci9ywHe1eT_k7J.csv,1.0
bdd3e3fd6c69,Osmanabad,Maharashtra,Osmanabad,Osmanabad,SPLIT,1982,1uUazshDPYeorUmpHVIci9ywHe1eT_k7J.csv,1.0
15225eb7398b,Latur,Maharashtra,Osmanabad,Latur,SPLIT,1982,1uUazshDPYeorUmpHVIci9ywHe1eT_k7J.csv,1.0
3a24710dc465,Mumbai,Maharashtra,Greater Bombay,Mumbai,SPLIT,1990,1uUazshDPYeorUmpHVIci9ywHe1eT_k7J.csv,1.0
d03e4b56e4a9,Mumbai (Suburban),Maharashtra,Greater Bombay,Mumbai (Suburban),SPLIT,1990,1uUazshDPYeorUmpHVIci9ywHe1eT_k7J.csv,1.0
401ebf816b8d,Thoubal,Manipur,Manipur Central,Thoubal,SPLIT,1983,1uUazshDPYeorUmpHVIci9ywHe1eT_k7J.csv,1.0
d3c4c9257a12,Bishnupur,Manipur,Manipur Central,Bishnupur,SPLIT,1983,1uUazshDPYeorUmpHVIci9ywHe1eT_k7J.csv,1.0
d6cd296275a0,Imphal,Manipur,Manipur Central,Imphal,SPLIT,1983,1uUazshDPYeorUmpHVIci9ywHe1eT_k7J.csv,1.0
68be6cacba1a,Bharatpur,Rajasthan,Bharatpur,Bharatpur,SPLIT,1982,1uUazshDPYeorUmpHVIci9ywHe1eT_k7J.csv,1.0
d806dc66bbf5,Dhaulpur,Rajasthan,Bharatpur,Dhaulpur,SPLIT,1982,1uUazshDPYeorUmpHVIci9ywHe1eT_k7J.csv,1.0
af9ea446377c,Pasumpon Muthuramalinga Thevar,Tamil Nadu,Ramanathapuram,Pasumpon Muthuramalinga Thevar,SPLIT,1985,1uUazshDPYeorUmpHVIci9ywHe1eT_k7J.csv,1.0
9d363c92b34d,Kamarajar,Tamil Nadu,Ramanathapuram,Kamarajar,SPLIT,1985,1uUazshDPYeorUmpHVIci9ywHe1eT_k7J.csv,1.0
701a0eefba4c,Ramanathapuram,Tamil Nadu,Ramanathapuram,Ramanathapuram,SPLIT,1985,1uUazshDPYeorUmpHVIci9ywHe1eT_k7J.csv,1.0
0f7907e15ed6,Dindigul Anna,Tamil Nadu,Madurai,Dindigul Anna,SPLIT,1985,1uUazshDPYeorUmpHVIci9ywHe1eT_k7J.csv,1.0
9841d9398380,Madurai,Tamil Nadu,Madurai,Madurai,SPLIT,1985,1uUazshDPYeorUmpHVIci9ywHe1eT_k7J.csv,1.0
c2fe3b0375b7,Chidambaranar,Tamil Nadu,Tirunelveli,Chidambaranar,SPLIT,1986,1uUazshDPYeorUmpHVIci9ywHe1eT_k7J.csv,1.0
c03c86a43468,Tirunelveli Kattabomman,Tamil Nadu,Tirunelveli,Tirunelveli Kattabomman,SPLIT,1986,1uUazshDPYeorUmpHVIci9ywHe1eT_k7J.csv,1.0
5d829792b11a,North Arcot Ambedkar,Tamil Nadu,North Arcot,North Arcot Ambedkar,SPLIT,1989,1uUazshDPYeorUmpHVIci9ywHe1eT_k7J.csv,1.0
b4faf6964e59,Tiruvannamalai Sambuvarayar,Tamil Nadu,North Arcot,Tiruvannamalai Sambuvarayar,SPLIT,1989,1uUazshDPYeorUmpHVIci9ywHe1eT_k7J.csv,1.0
73deaa11cbfe,Hardwar,Uttar Pradesh,Sahranpur,Hardwar,SPLIT,1988,1uUazshDPYeorUmpHVIci9ywHe1eT_k7J.csv,1.0
bdb7888dcd19,Sahranpur,Uttar Pradesh,Sahranpur,Sahranpur,SPLIT,1988,1uUazshDPYeorUmpHVIci9ywHe1eT_k7J.csv,1.0
c39936e89f88,Basti,Uttar Pradesh,Basti,Basti,SPLIT,1988,1uUazshDPYeorUmpHVIci9ywHe1eT_k7J.csv,1.0
de6bc5836fb1,Siddharthnagar,Uttar Pradesh,Basti,Siddharthnagar,SPLIT,1988,1uUazshDPYeorUmpHVIci9ywHe1eT_k7J.csv,1.0
2860f3b79829,Mainpuri,Uttar Pradesh,Mainpuri,Mainpuri,SPLIT,1989,1uUazshDPYeorUmpHVIci9ywHe1eT_k7J.csv,1.0
ce12985785a8,Firozabad,Uttar Pradesh,Mainpuri,Firozabad,SPLIT,1989,1uUazshDPYeorUmpHVIci9ywHe1eT_k7J.csv,1.0
d746d2a4efe2,Agra,Uttar Pradesh,Agra,Agra,SPLIT,1989,1uUazshDPYeorUmpHVIci9ywHe1eT_k7J.csv,1.0
ce12985785a8,Firozabad,Uttar Pradesh,Agra,Firozabad,SPLIT,1989,1uUazshDPYeorUmpHVIci9ywHe1eT_k7J.csv,1.0
5607e59a5286,Azamgarh,Uttar Pradesh,Azamgarh,Azamgarh,SPLIT,1988,1uUazshDPYeorUmpHVIci9ywHe1eT_k7J.csv,1.0
7e8c1bc3333d,Mau,Uttar Pradesh,Azamgarh,Mau,SPLIT,1988,1uUazshDPYeorUmpHVIci9ywHe1eT_k7J.csv,1.0
e9f620587284,Gorakhpur,Uttar Pradesh,Gorakhpur,Gorakhpur,SPLIT,1989,1uUazshDPYeorUmpHVIci9ywHe1eT_k7J.csv,1.0
8ae0170c4100,Maharajganj,Uttar Pradesh,Gorakhpur,Maharajganj,SPLIT,1989,1uUazshDPYeorUmpHVIci9ywHe1eT_k7J.csv,1.0
b269a6dd203b,Kanpur Dehat,Uttar Pradesh,Kanpur,Kanpur Dehat,SPLIT,1981,1uUazshDPYeorUmpHVIci9ywHe1eT_k7J.csv,1.0
9fe7d0eab9eb,Kanpur Nagar,Uttar Pradesh,Kanpur,Kanpur Nagar,SPLIT,1981,1uUazshDPYeorUmpHVIci9ywHe1eT_k7J.csv,1.0
0045d4b847e1,Mirzapur,Uttar Pradesh,Mirzapur,Mirzapur,SPLIT,1989,1uUazshDPYeorUmpHVIci9ywHe1eT_k7J.csv,1.0
290d9cc8270b,Sonbhadra,Uttar Pradesh,Mirzapur,Sonbhadra,SPLIT,1989,1uUazshDPYeorUmpHVIci9ywHe1eT_k7J.csv,1.0
dab92636cf87,Sahranpur,Uttarakhand,Sahranpur,Sahranpur,SPLIT,1987,1uUazshDPYeorUmpHVIci9ywHe1eT_k7J.csv,1.0
dfcedec5b532,Hardwar,Uttarakhand,Sahranpur,Hardwar,SPLIT,1987,1uUazshDPYeorUmpHVIci9ywHe1eT_k7J.csv,1.0
79dcb92f0837,North Twenty Four Parganas,West Bengal,Twenty Four Parganas,North Twenty Four Parganas,SPLIT,1981,1uUazshDPYeorUmpHVIci9ywHe1eT_k7J.csv,1.0
595af4035b7a,South Twenty Four Parganas,West Bengal,Twenty Four Parganas,South Twenty Four Parganas,SPLIT,1981,1uUazshDPYeorUmpHVIci9ywHe1eT_k7J.csv,1.0
20fec8578abc,Papum Pare,Arunachal Pradesh,Lower Subansiri,Papum Pare,SPLIT,1992,1uUazshDPYeorUmpHVIci9ywHe1eT_k7J.csv,1.0
ff98dbec43a1,Lower Subansiri,Arunachal Pradesh,Lower Subansiri,Lower Subansiri,SPLIT,1992,1uUazshDPYeorUmpHVIci9ywHe1eT_k7J.csv,1.0
b717212b7701,East Siang,Arunachal Pradesh,East Siang,East Siang,SPLIT,1994,1uUazshDPYeorUmpHVIci9ywHe1eT_k7J.csv,1.0
f934e7341368,Upper Siang,Arunachal Pradesh,East Siang,Upper Siang,SPLIT,1994,1uUazshDPYeorUmpHVIci9ywHe1eT_k7J.csv,1.0
0d6807df0661,Sitamarhi,Bihar,Sitamarhi,Sitamarhi,SPLIT,1994,1uUazshDPYeorUmpHVIci9ywHe1eT_k7J.csv,1.0
d08a0a28d007,Sheohar,Bihar,Sitamarhi,Sheohar,SPLIT,1994,1uUazshDPYeorUmpHVIci9ywHe1eT_k7J.csv,1.0
e69e0ee73e42,Saharsa,Bihar,Saharsa,Saharsa,SPLIT,1991,1uUazshDPYeorUmpHVIci9ywHe1eT_k7J.csv,1.0
1945868960d1,Supaul,Bihar,Saharsa,Supaul,SPLIT,1991,1uUazshDPYeorUmpHVIci9ywHe1eT_k7J.csv,1.0
c177652c3851,Bhagalpur,Bihar,Bhagalpur,Bhagalpur,SPLIT,1991,1uUazshDPYeorUmpHVIci9ywHe1eT_k7J.csv,1.0
e2dc67182c1b,Banka,Bihar,Bhagalpur,Banka,SPLIT,1991,1uUazshDPYeorUmpHVIci9ywHe1eT_k7J.csv,1.0
4a146df6a800,Munger,Bihar,Munger,Munger,SPLIT,1994,1uUazshDPYeorUmpHVIci9ywHe1eT_k7J.csv,1.0
e4217653930c,Lakhisarai,Bihar,Munger,Lakhisarai,SPLIT,1994,1uUazshDPYeorUmpHVIci9ywHe1eT_k7J.csv,1.0
2648e06906f4,Sheikhpura,Bihar,Munger,Sheikhpura,SPLIT,1994,1uUazshDPYeorUmpHVIci9ywHe1eT_k7J.csv,1.0
5f36f9f117c9,Jamui,Bihar,Munger,Jamui,SPLIT,1991,1uUazshDPYeorUmpHVIci9ywHe1eT_k7J.csv,1.0
89ac354e410c,Bhojpur,Bihar,Bhojpur,Bhojpur,SPLIT,1991,1uUazshDPYeorUmpHVIci9ywHe1eT_k7J.csv,1.0
ab492211a5c9,Buxar,Bihar,Bhojpur,Buxar,SPLIT,1991,1uUazshDPYeorUmpHVIci9ywHe1eT_k7J.csv,1.0
047b2f67a8ba,Rohtas,Bihar,Rohtas,Rohtas,SPLIT,1991,1uUazshDPYeorUmpHVIci9ywHe1eT_k7J.csv,1.0
512946131ff9,Kaimur (Bhabua),Bihar,Rohtas,Kaimur (Bhabua),SPLIT,1991,1uUazshDPYeorUmpHVIci9ywHe1eT_k7J.csv,1.0
618512c675b7,Bastar,Chhattisgarh,Bastar,Bastar,SPLIT,1998,1uUazshDPYeorUmpHVIci9ywHe1eT_k7J.csv,1.0
eb0f8841e1f1,Dantewada,Chhattisgarh,Bastar,Dantewada,SPLIT,1998,1uUazshDPYeorUmpHVIci9ywHe1eT_k7J.csv,1.0
51a31307dc66,Kanker,Chhattisgarh,Bastar,Kanker,SPLIT,1998,1uUazshDPYeorUmpHVIci9ywHe1eT_k7J.csv,1.0
e818eb2932b4,Bilaspur,Chhattisgarh,Bilaspur,Bilaspur,SPLIT,1998,1uUazshDPYeorUmpHVIci9ywHe1eT_k7J.csv,1.0
d0e00268271c,Janjgir-Champa,Chhattisgarh,Bilaspur,Janjgir-Champa,SPLIT,1998,1uUazshDPYeorUmpHVIci9ywHe1eT_k7J.csv,1.0
b3eaec8e8852,Korba,Chhattisgarh,Bilaspur,Korba,SPLIT,1998,1uUazshDPYeorUmpHVIci9ywHe1eT_k7J.csv,1.0
13828246ee18,Raigarh,Chhattisgarh,Raigarh,Raigarh,SPLIT,1998,1uUazshDPYeorUmpHVIci9ywHe1eT_k7J.csv,1.0
a1214943545a,Jashpur,Chhattisgarh,Raigarh,Jashpur,SPLIT,1998,1uUazshDPYeorUmpHVIci9ywHe1eT_k7J.csv,1.0
a0baa7471953,Raipur,Chhattisgarh,Raipur,Raipur,SPLIT,1998,1uUazshDPYeorUmpHVIci9ywHe1eT_k7J.csv,1.0
61acc0349d03,Mahasamund,Chhattisgarh,Raipur,Mahasamund,SPLIT,1998,1uUazshDPYeorUmpHVIci9ywHe1eT_k7J.csv,1.0
37ed38738a9f,Dhamtari,Chhattisgarh,Raipur,Dhamtari,SPLIT,1998,1uUazshDPYeorUmpHVIci9ywHe1eT_k7J.csv,1.0
30fe2de781c4,Rajnandgaon,Chhattisgarh,Raj Nandgaon,Rajnandgaon,SPLIT,1998,1uUazshDPYeorUmpHVIci9ywHe1eT_k7J.csv,1.0
b9777299f934,Kawardha,Chhattisgarh,Raj Nandgaon,Kawardha,SPLIT,1998,1uUazshDPYeorUmpHVIci9ywHe1eT_k7J.csv,1.0
ce971eacba7f,Surguja,Chhattisgarh,Surguja,Surguja,SPLIT,1998,1uUazshDPYeorUmpHVIci9ywHe1eT_k7J.csv,1.0
ddf40182139a,Koriya,Chhattisgarh,Surguja,Koriya,SPLIT,1998,1uUazshDPYeorUmpHVIci9ywHe1eT_k7J.csv,1.0
1cc5c5352fcb,North West,Delhi,Delhi,North West,SPLIT,1997,1uUazshDPYeorUmpHVIci9ywHe1eT_k7J.csv,1.0
a6524e1e598e,North,Delhi,Delhi,North,SPLIT,1997,1uUazshDPYeorUmpHVIci9ywHe1eT_k7J.csv,1.0
decfb084f11a,North East,Delhi,Delhi,North East,SPLIT,1997,1uUazshDPYeorUmpHVIci9ywHe1eT_k7J.csv,1.0
127865f1f4a8,East,Delhi,Delhi,East,SPLIT,1997,1uUazshDPYeorUmpHVIci9ywHe1eT_k7J.csv,1.0
8697ac08b3dd,New Delhi,Delhi,Delhi,New Delhi,SPLIT,1997,1uUazshDPYeorUmpHVIci9ywHe1eT_k7J.csv,1.0
e8d9fc31ec4e,Central,Delhi,Delhi,Central,SPLIT,1997,1uUazshDPYeorUmpHVIci9ywHe1eT_k7J.csv,1.0
6c88f6db9be8,West,Delhi,Delhi,West,SPLIT,1997,1uUazshDPYeorUmpHVIci9ywHe1eT_k7J.csv,1.0
cda20afa4d4a,South West,Delhi,Delhi,South West,SPLIT,1997,1uUazshDPYeorUmpHVIci9ywHe1eT_k7J.csv,1.0
40fe12259ae0,South,Delhi,Delhi,South,SPLIT,1997,1uUazshDPYeorUmpHVIci9ywHe1eT_k7J.csv,1.0
c6381413219c,Patan,Gujarat,Mahesana,Patan,SPLIT,1997,1uUazshDPYeorUmpHVIci9ywHe1eT_k7J.csv,1.0
19a2fb375af9,Mahesana,Gujarat,Mahesana,Mahesana,SPLIT,1997,1uUazshDPYeorUmpHVIci9ywHe1eT_k7J.csv,1.0
3c8d1caecf74,Porbandar,Gujarat,Junagadh,Porbandar,SPLIT,1997,1uUazshDPYeorUmpHVIci9ywHe1eT_k7J.csv,1.0
ceea77720cc2,Junagadh,Gujarat,Junagadh,Junagadh,SPLIT,1997,1uUazshDPYeorUmpHVIci9ywHe1eT_k7J.csv,1.0
a5a2a2b9c756,Anand,Gujarat,Kheda,Anand,SPLIT,1997,1uUazshDPYeorUmpHVIci9ywHe1eT_k7J.csv,1.0
7e137e0276b9,Kheda,Gujarat,Kheda,Kheda,SPLIT,1997,1uUazshDPYeorUmpHVIci9ywHe1eT_k7J.csv,1.0
736595043bd4,Panch Mahals,Gujarat,Panch Mahals,Panch Mahals,SPLIT,1997,1uUazshDPYeorUmpHVIci9ywHe1eT_k7J.csv,1.0
533d61222537,Dohad,Gujarat,Panch Mahals,Dohad,SPLIT,1997,1uUazshDPYeorUmpHVIci9ywHe1eT_k7J.csv,1.0
92b48d77b1d2,Narmada,Gujarat,Bharuch,Narmada,SPLIT,1997,1uUazshDPYeorUmpHVIci9ywHe1eT_k7J.csv,1.0
f031b84fa1fb,Bharuch,Gujarat,Bharuch,Bharuch,SPLIT,1997,1uUazshDPYeorUmpHVIci9ywHe1eT_k7J.csv,1.0
96959c06acc4,Navsari,Gujarat,Valsad,Navsari,SPLIT,1997,1uUazshDPYeorUmpHVIci9ywHe1eT_k7J.csv,1.0
a688df1e3a6c,Valsad,Gujarat,Valsad,Valsad,SPLIT,1997,1uUazshDPYeorUmpHVIci9ywHe1eT_k7J.csv,1.0
130ed91ec4c0,Ambala,Haryana,Ambala,Ambala,SPLIT,1995,1uUazshDPYeorUmpHVIci9ywHe1eT_k7J.csv,1.0
aaef55b8c5f0,Panchkula,Haryana,Ambala,Panchkula,SPLIT,1995,1uUazshDPYeorUmpHVIci9ywHe1eT_k7J.csv,1.0
c7327daad708,Hisar,Haryana,Hisar,Hisar,SPLIT,1997,1uUazshDPYeorUmpHVIci9ywHe1eT_k7J.csv,1.0
ec01e5fb46ef,Fatehabad,Haryana,Hisar,Fatehabad,SPLIT,1997,1uUazshDPYeorUmpHVIci9ywHe1eT_k7J.csv,1.0
1186f45163b1,Rohtak,Haryana,Rohtak,Rohtak,SPLIT,1997,1uUazshDPYeorUmpHVIci9ywHe1eT_k7J.csv,1.0
c61b7f41edd1,Jhajjar,Haryana,Rohtak,Jhajjar,SPLIT,1997,1uUazshDPYeorUmpHVIci9ywHe1eT_k7J.csv,1.0
7e03b432d86d,Palamu,Jharkhand,Palamu,Palamu,SPLIT,1991,1uUazshDPYeorUmpHVIci9ywHe1eT_k7J.csv,1.0
e3b750cb6e5a,Garhwa,Jharkhand,Palamu,Garhwa,SPLIT,1991,1uUazshDPYeorUmpHVIci9ywHe1eT_k7J.csv,1.0
767a8717faaa,Chatra,Jharkhand,Hazaribag,Chatra,SPLIT,1991,1uUazshDPYeorUmpHVIci9ywHe1eT_k7J.csv,1.0
132dd581c391,Hazaribag,Jharkhand,Hazaribag,Hazaribag,SPLIT,1991,1uUazshDPYeorUmpHVIci9ywHe1eT_k7J.csv,1.0
47a553565ae8,Bokaro,Jharkhand,Dhanbad,Bokaro,SPLIT,1991,1uUazshDPYeorUmpHVIci9ywHe1eT_k7J.csv,1.0
cadb7ac074c0,Dhanbad,Jharkhand,Dhanbad,Dhanbad,SPLIT,1991,1uUazshDPYeorUmpHVIci9ywHe1eT_k7J.csv,1.0
47a553565ae8,Bokaro,Jharkhand,Giridh,Bokaro,SPLIT,1991,1uUazshDPYeorUmpHVIci9ywHe1eT_k7J.csv,1.0
286627c522d9,Giridh,Jharkhand,Giridh,Giridh,SPLIT,1991,1uUazshDPYeorUmpHVIci9ywHe1eT_k7J.csv,1.0
85638e76b475,Kodarma,Jharkhand,Hazaribag,Kodarma,SPLIT,1994,1uUazshDPYeorUmpHVIci9ywHe1eT_k7J.csv,1.0
2a66bbc394dd,Sahibganj,Jharkhand,Sahibganj,Sahibganj,SPLIT,1994,1uUazshDPYeorUmpHVIci9ywHe1eT_k7J.csv,1.0
077ae6cdf3bf,Pakaur,Jharkhand,Sahibganj,Pakaur,SPLIT,1994,1uUazshDPYeorUmpHVIci9ywHe1eT_k7J.csv,1.0
ac66e75433ba,Bijapur,Karnataka,Bijapur,Bijapur,SPLIT,1997,1uUazshDPYeorUmpHVIci9ywHe1eT_k7J.csv,1.0
d70d4ce81e29,Bagalkot,Karnataka,Bijapur,Bagalkot,SPLIT,1997,1uUazshDPYeorUmpHVIci9ywHe1eT_k7J.csv,1.0
bb06e5b1e0a4,Chitradurga,Karnataka,Chitradurga,Chitradurga,SPLIT,1997,1uUazshDPYeorUmpHVIci9ywHe1eT_k7J.csv,1.0
29f67bec706a,Davanagere,Karnataka,Chitradurga,Davanagere,SPLIT,1997,1uUazshDPYeorUmpHVIci9ywHe1eT_k7J.csv,1.0
380ac04acc8f,Dakshina Kannad,Karnataka,Dakshina Kannad,Dakshina Kannad,SPLIT,1997,1uUazshDPYeorUmpHVIci9ywHe1eT_k7J.csv,1.0
b113444bab15,Udupi,Karnataka,Dakshina Kannad,Udupi,SPLIT,1997,1uUazshDPYeorUmpHVIci9ywHe1eT_k7J.csv,1.0
9d9cac0a4404,Dharwad,Karnataka,Dharwad,Dharwad,SPLIT,1997,1uUazshDPYeorUmpHVIci9ywHe1eT_k7J.csv,1.0
b06a58946060,Gadag,Karnataka,Dharwad,Gadag,SPLIT,1997,1uUazshDPYeorUmpHVIci9ywHe1eT_k7J.csv,1.0
ba7cf7679cb7,Haveri,Karnataka,Dharwad,Haveri,SPLIT,1997,1uUazshDPYeorUmpHVIci9ywHe1eT_k7J.csv,1.0
43ac806f730c,Raichur,Karnataka,Raichur,Raichur,SPLIT,1997,1uUazshDPYeorUmpHVIci9ywHe1eT_k7J.csv,1.0
82745e856c24,Koppal,Karnataka,Raichur,Koppal,SPLIT,1997,1uUazshDPYeorUmpHVIci9ywHe1eT_k7J.csv,1.0
68869e017230,Mysore,Karnataka,Mysore,Mysore,SPLIT,1998,1uUazshDPYeorUmpHVIci9ywHe1eT_k7J.csv,1.0
63fe1fd12e37,Chamarajanagar,Karnataka,Mysore,Chamarajanagar,SPLIT,1998,1uUazshDPYeorUmpHVIci9ywHe1eT_k7J.csv,1.0
44be249b8434,Morena,Madhya Pradesh,Morena,Morena,SPLIT,1982,1uUazshDPYeorUmpHVIci9ywHe1eT_k7J.csv,1.0
aa60646d2eed,Sheopur,Madhya Pradesh,Morena,Sheopur,SPLIT,1982,1uUazshDPYeorUmpHVIci9ywHe1eT_k7J.csv,1.0
af26e0863558,Shahdol,Madhya Pradesh,Shahdol,Shahdol,SPLIT,1998,1uUazshDPYeorUmpHVIci9ywHe1eT_k7J.csv,1.0
59aa03e4659a,Umaria,Madhya Pradesh,Shahdol,Umaria,SPLIT,1998,1uUazshDPYeorUmpHVIci9ywHe1eT_k7J.csv,1.0
bf707cada025,Mandsaur,Madhya Pradesh,Mandsaur,Mandsaur,SPLIT,1998,1uUazshDPYeorUmpHVIci9ywHe1eT_k7J.csv,1.0
3b7736b4d4fb,Neemuch,Madhya Pradesh,Mandsaur,Neemuch,SPLIT,1998,1uUazshDPYeorUmpHVIci9ywHe1eT_k7J.csv,1.0
b494c5c475ba,West Nimar,Madhya Pradesh,West Nimar,West Nimar,SPLIT,1998,1uUazshDPYeorUmpHVIci9ywHe1eT_k7J.csv,1.0
a0273220210b,Barwani,Madhya Pradesh,West Nimar,Barwani,SPLIT,1998,1uUazshDPYeorUmpHVIci9ywHe1eT_k7J.csv,1.0
44cbd83610e9,Hoshangabad,Madhya Pradesh,Hoshangabad,Hoshangabad,SPLIT,1998,1uUazshDPYeorUmpHVIci9ywHe1eT_k7J.csv,1.0
0a4d5ec481e5,Harda,Madhya Pradesh,Hoshangabad,Harda,SPLIT,1998,1uUazshDPYeorUmpHVIci9ywHe1eT_k7J.csv,1.0
af86e7e58e11,Jabalpur,Madhya Pradesh,Jabalpur,Jabalpur,SPLIT,1998,1uUazshDPYeorUmpHVIci9ywHe1eT_k7J.csv,1.0
9cdbd0cd8569,Katni,Madhya Pradesh,Jabalpur,Katni,SPLIT,1998,1uUazshDPYeorUmpHVIci9ywHe1eT_k7J.csv,1.0
eddf296c0848,Mandla,Madhya Pradesh,Mandla,Mandla,SPLIT,1998,1uUazshDPYeorUmpHVIci9ywHe1eT_k7J.csv,1.0
213f1cf526f2,Dindori,Madhya Pradesh,Mandla,Dindori,SPLIT,1998,1uUazshDPYeorUmpHVIci9ywHe1eT_k7J.csv,1.0
02744a87ca4c,Dhule,Maharashtra,Dhule,Dhule,SPLIT,1998,1uUazshDPYeorUmpHVIci9ywHe1eT_k7J.csv,1.0
ab940194425d,Nandurbar,Maharashtra,Dhule,Nandurbar,SPLIT,1998,1uUazshDPYeorUmpHVIci9ywHe1eT_k7J.csv,1.0
5cb4152ff32c,Akola,Maharashtra,Akola,Akola,SPLIT,1998,1uUazshDPYeorUmpHVIci9ywHe1eT_k7J.csv,1.0
b614a02cee93,Washim,Maharashtra,Akola,Washim,SPLIT,1998,1uUazshDPYeorUmpHVIci9ywHe1eT_k7J.csv,1.0
e8525ad3516f,Bhandara,Maharashtra,Bhandara,Bhandara,SPLIT,1999,1uUazshDPYeorUmpHVIci9ywHe1eT_k7J.csv,1.0
4e293d2d5551,Gondiya,Maharashtra,Bhandara,Gondiya,SPLIT,1999,1uUazshDPYeorUmpHVIci9ywHe1eT_k7J.csv,1.0
991ade82234e,Parbhani,Maharashtra,Parbhani,Parbhani,SPLIT,1999,1uUazshDPYeorUmpHVIci9ywHe1eT_k7J.csv,1.0
a08a9842f83e,Hingoli,Maharashtra,Parbhani,Hingoli,SPLIT,1999,1uUazshDPYeorUmpHVIci9ywHe1eT_k7J.csv,1.0
74307a55daf8,Imphal West,Manipur,Imphal,Imphal West,SPLIT,1997,1uUazshDPYeorUmpHVIci9ywHe1eT_k7J.csv,1.0
abf69f9243dd,Imphal East,Manipur,Imphal,Imphal East,SPLIT,1997,1uUazshDPYeorUmpHVIci9ywHe1eT_k7J.csv,1.0
362c4f12511e,South Garo Hills,Meghalaya,West Garo Hills,South Garo Hills,SPLIT,1992,1uUazshDPYeorUmpHVIci9ywHe1eT_k7J.csv,1.0
2f4d25c94f24,West Garo Hills,Meghalaya,West Garo Hills,West Garo Hills,SPLIT,1992,1uUazshDPYeorUmpHVIci9ywHe1eT_k7J.csv,1.0
2503a742314c,Ri Bhoi,Meghalaya,East Khasi Hills,Ri Bhoi,SPLIT,1992,1uUazshDPYeorUmpHVIci9ywHe1eT_k7J.csv,1.0
82dbe257807f,East Khasi Hills,Meghalaya,East Khasi Hills,East Khasi Hills,SPLIT,1992,1uUazshDPYeorUmpHVIci9ywHe1eT_k7J.csv,1.0
acb5efb5824b,Mamit,Mizoram,Aizawl,Mamit,SPLIT,1998,1uUazshDPYeorUmpHVIci9ywHe1eT_k7J.csv,1.0
a56da6eb6505,Kolasib,Mizoram,Aizawl,Kolasib,SPLIT,1998,1uUazshDPYeorUmpHVIci9ywHe1eT_k7J.csv,1.0
1f643244d4a0,Champhai,Mizoram,Aizawl,Champhai,SPLIT,1997,1uUazshDPYeorUmpHVIci9ywHe1eT_k7J.csv,1.0
bf9d1f7bf4f8,Serchhip,Mizoram,Aizawl,Serchhip,SPLIT,1998,1uUazshDPYeorUmpHVIci9ywHe1eT_k7J.csv,1.0
f310795ad14d,Aizawl,Mizoram,Aizawl,Aizawl,SPLIT,1998,1uUazshDPYeorUmpHVIci9ywHe1eT_k7J.csv,1.0
8dd6da77b690,Lawngtlai,Mizoram,Chhimtuipui,Lawngtlai,SPLIT,1998,1uUazshDPYeorUmpHVIci9ywHe1eT_k7J.csv,1.0
273a1b5df000,Saiha,Mizoram,Chhimtuipui,Saiha,SPLIT,1998,1uUazshDPYeorUmpHVIci9ywHe1eT_k7J.csv,1.0
b5e8b448052d,Kohima,Nagaland,Kohima,Kohima,SPLIT,1997,1uUazshDPYeorUmpHVIci9ywHe1eT_k7J.csv,1.0
3b6fcde98cec,Dimapur,Nagaland,Kohima,Dimapur,SPLIT,1997,1uUazshDPYeorUmpHVIci9ywHe1eT_k7J.csv,1.0
089a0431ad91,Malkangiri,Odisha,Koraput,Malkangiri,SPLIT,1992,1uUazshDPYeorUmpHVIci9ywHe1eT_k7J.csv,1.0
99f55794dad1,Nabrangapur,Odisha,Koraput,Nabrangapur,SPLIT,1992,1uUazshDPYeorUmpHVIci9ywHe1eT_k7J.csv,1.0
31aa768e2a51,Rayagada,Odisha,Koraput,Rayagada,SPLIT,1992,1uUazshDPYeorUmpHVIci9ywHe1eT_k7J.csv,1.0
5a1328c31b19,Koraput,Odisha,Koraput,Koraput,SPLIT,1992,1uUazshDPYeorUmpHVIci9ywHe1eT_k7J.csv,1.0
d724cec02ab7,Sonapur,Odisha,Balangir,Sonapur,SPLIT,1993,1uUazshDPYeorUmpHVIci9ywHe1eT_k7J.csv,1.0
503017d1494f,Balangir,Odisha,Balangir,Balangir,SPLIT,1993,1uUazshDPYeorUmpHVIci9ywHe1eT_k7J.csv,1.0
37180ad7ae97,Bhadrak,Odisha,Baleshwar,Bhadrak,SPLIT,1993,1uUazshDPYeorUmpHVIci9ywHe1eT_k7J.csv,1.0
52231ffb5b63,Baleshwar,Odisha,Baleshwar,Baleshwar,SPLIT,1993,1uUazshDPYeorUmpHVIci9ywHe1eT_k7J.csv,1.0
6f64d529d25a,Jagatsinghapur,Odisha,Cuttack,Jagatsinghapur,SPLIT,1993,1uUazshDPYeorUmpHVIci9ywHe1eT_k7J.csv,1.0
3d72f0c1a934,Jajapur,Odisha,Cuttack,Jajapur,SPLIT,1993,1uUazshDPYeorUmpHVIci9ywHe1eT_k7J.csv,1.0
5c98b79c80b2,Kendrapara,Odisha,Cuttack,Kendrapara,SPLIT,1993,1uUazshDPYeorUmpHVIci9ywHe1eT_k7J.csv,1.0
b9980dc6ea20,Cuttack,Odisha,Cuttack,Cuttack,SPLIT,1993,1uUazshDPYeorUmpHVIci9ywHe1eT_k7J.csv,1.0
15918a8109bc,Anugul,Odisha,Dhenkanal,Anugul,SPLIT,1993,1uUazshDPYeorUmpHVIci9ywHe1eT_k7J.csv,1.0
bffc54f94a3c,Dhenkanal,Odisha,Dhenkanal,Dhenkanal,SPLIT,1993,1uUazshDPYeorUmpHVIci9ywHe1eT_k7J.csv,1.0
2ba08f277156,Nuapada,Odisha,Kalahandi,Nuapada,SPLIT,1993,1uUazshDPYeorUmpHVIci9ywHe1eT_k7J.csv,1.0
03642efeec82,Kalahandi,Odisha,Kalahandi,Kalahandi,SPLIT,1993,1uUazshDPYeorUmpHVIci9ywHe1eT_k7J.csv,1.0
21b32133fc69,Khordha,Odisha,Puri,Khordha,SPLIT,1993,1uUazshDPYeorUmpHVIci9ywHe1eT_k7J.csv,1.0
d153edd2abe9,Nayagarh,Odisha,Puri,Nayagarh,SPLIT,1993,1uUazshDPYeorUmpHVIci9ywHe1eT_k7J.csv,1.0
242a4fd5abaa,Puri,Odisha,Puri,Puri,SPLIT,1993,1uUazshDPYeorUmpHVIci9ywHe1eT_k7J.csv,1.0
7e5b5a459ae3,Baudh,Odisha,Phulabani,Baudh,SPLIT,1994,1uUazshDPYeorUmpHVIci9ywHe1eT_k7J.csv,1.0
75bf2c23ea1f,Kandhamal,Odisha,Phulabani,Kandhamal,SPLIT,1994,1uUazshDPYeorUmpHVIci9ywHe1eT_k7J.csv,1.0
23d21c6a2c08,Jharsuguda,Odisha,Sambalpur,Jharsuguda,SPLIT,1994,1uUazshDPYeorUmpHVIci9ywHe1eT_k7J.csv,1.0
49f579c04db8,Debagarh,Odisha,Sambalpur,Debagarh,SPLIT,1994,1uUazshDPYeorUmpHVIci9ywHe1eT_k7J.csv,1.0
9bc1b3703282,Balgarh,Odisha,Sambalpur,Balgarh,SPLIT,1994,1uUazshDPYeorUmpHVIci9ywHe1eT_k7J.csv,1.0
ed8593bd7269,Sambalpur,Odisha,Sambalpur,Sambalpur,SPLIT,1994,1uUazshDPYeorUmpHVIci9ywHe1eT_k7J.csv,1.0
6e6ca1d340df,Faridkot,Punjab,Faridkot,Faridkot,SPLIT,1995,1uUazshDPYeorUmpHVIci9ywHe1eT_k7J.csv,1.0
c3b292e8145d,Moga,Punjab,Faridkot,Moga,SPLIT,1995,1uUazshDPYeorUmpHVIci9ywHe1eT_k7J.csv,1.0
6e6ca1d340df,Faridkot,Punjab,Faridkot,Faridkot,SPLIT,1995,1uUazshDPYeorUmpHVIci9ywHe1eT_k7J.csv,1.0
5686266f24ce,Muktsar,Punjab,Faridkot,Muktsar,SPLIT,1995,1uUazshDPYeorUmpHVIci9ywHe1eT_k7J.csv,1.0
781bc27d4d81,Bathinda,Punjab,Bathinda,Bathinda,SPLIT,1992,1uUazshDPYeorUmpHVIci9ywHe1eT_k7J.csv,1.0
e7c7d9513ef8,Mansa,Punjab,Bathinda,Mansa,SPLIT,1992,1uUazshDPYeorUmpHVIci9ywHe1eT_k7J.csv,1.0
75e5f5517906,Patiala,Punjab,Patiala,Patiala,SPLIT,1992,1uUazshDPYeorUmpHVIci9ywHe1eT_k7J.csv,1.0
d0e8d9028635,Fatehgarh Sahib,Punjab,Patiala,Fatehgarh Sahib,SPLIT,1992,1uUazshDPYeorUmpHVIci9ywHe1eT_k7J.csv,1.0
2ee4f416cd08,Hoshiarpur,Punjab,Hoshiarpur,Hoshiarpur,SPLIT,1995,1uUazshDPYeorUmpHVIci9ywHe1eT_k7J.csv,1.0
220497733297,Nawanshahr,Punjab,Hoshiarpur,Nawanshahr,SPLIT,1995,1uUazshDPYeorUmpHVIci9ywHe1eT_k7J.csv,1.0
37bbd047cc3c,Jalandhar,Punjab,Jalandhar,Jalandhar,SPLIT,1995,1uUazshDPYeorUmpHVIci9ywHe1eT_k7J.csv,1.0
220497733297,Nawanshahr,Punjab,Jalandhar,Nawanshahr,SPLIT,1995,1uUazshDPYeorUmpHVIci9ywHe1eT_k7J.csv,1.0
610fa6dfc44b,Kota,Rajasthan,Kota,Kota,SPLIT,1991,1uUazshDPYeorUmpHVIci9ywHe1eT_k7J.csv,1.0
47055b4ec59a,Baran,Rajasthan,Kota,Baran,SPLIT,1991,1uUazshDPYeorUmpHVIci9ywHe1eT_k7J.csv,1.0
a02245047984,Jaipur,Rajasthan,Jaipur,Jaipur,SPLIT,1991,1uUazshDPYeorUmpHVIci9ywHe1eT_k7J.csv,1.0
8f647fd44b48,Dausa,Rajasthan,Jaipur,Dausa,SPLIT,1991,1uUazshDPYeorUmpHVIci9ywHe1eT_k7J.csv,1.0
a9d6c328a91c,Udaipur,Rajasthan,Udaipur,Udaipur,SPLIT,1991,1uUazshDPYeorUmpHVIci9ywHe1eT_k7J.csv,1.0
110d18b0fdd4,Rajsamand,Rajasthan,Udaipur,Rajsamand,SPLIT,1991,1uUazshDPYeorUmpHVIci9ywHe1eT_k7J.csv,1.0
82d6044f40c7,Ganganagar,Rajasthan,Ganganagar,Ganganagar,SPLIT,1994,1uUazshDPYeorUmpHVIci9ywHe1eT_k7J.csv,1.0
7486c11ad94a,Hanumangarh,Rajasthan,Ganganagar,Hanumangarh,SPLIT,1994,1uUazshDPYeorUmpHVIci9ywHe1eT_k7J.csv,1.0
d4233e721f3f,Sawai Madhopur,Rajasthan,Sawai Madhopur,Sawai Madhopur,SPLIT,1997,1uUazshDPYeorUmpHVIci9ywHe1eT_k7J.csv,1.0
96c50907964b,Karauli,Rajasthan,Sawai Madhopur,Karauli,SPLIT,1997,1uUazshDPYeorUmpHVIci9ywHe1eT_k7J.csv,1.0
90c5cc3fc088,Nagapattinam,Tamil Nadu,Thanjavur,Nagapattinam,SPLIT,1991,1uUazshDPYeorUmpHVIci9ywHe1eT_k7J.csv,1.0
f1c3807c6d83,Thanjavur,Tamil Nadu,Thanjavur,Thanjavur,SPLIT,1991,1uUazshDPYeorUmpHVIci9ywHe1eT_k7J.csv,1.0
4d942343893d,Viluppuram,Tamil Nadu,South Arcot,Viluppuram,SPLIT,1993,1uUazshDPYeorUmpHVIci9ywHe1eT_k7J.csv,1.0
c3688fbecf77,Cuddalore,Tamil Nadu,South Arcot,Cuddalore,SPLIT,1993,1uUazshDPYeorUmpHVIci9ywHe1eT_k7J.csv,1.0
1ae941252451,Karur,Tamil Nadu,Tiruchchirappalli,Karur,SPLIT,1995,1uUazshDPYeorUmpHVIci9ywHe1eT_k7J.csv,1.0
01a0d7ad9cd3,Perambalur,Tamil Nadu,Tiruchchirappalli,Perambalur,SPLIT,1995,1uUazshDPYeorUmpHVIci9ywHe1eT_k7J.csv,1.0
cfe087f47e03,Tiruchchirappalli,Tamil Nadu,Tiruchchirappalli,Tiruchchirappalli,SPLIT,1995,1uUazshDPYeorUmpHVIci9ywHe1eT_k7J.csv,1.0
9c3e87b57c45,Theni,Tamil Nadu,Madurai,Theni,SPLIT,1996,1uUazshDPYeorUmpHVIci9ywHe1eT_k7J.csv,1.0
9841d9398380,Madurai,Tamil Nadu,Madurai,Madurai,SPLIT,1996,1uUazshDPYeorUmpHVIci9ywHe1eT_k7J.csv,1.0
de43bd8d8dbe,Tiruvarur,Tamil Nadu,Thanjavur,Tiruvarur,SPLIT,1997,1uUazshDPYeorUmpHVIci9ywHe1eT_k7J.csv,1.0
f1c3807c6d83,Thanjavur,Tamil Nadu,Thanjavur,Thanjavur,SPLIT,1997,1uUazshDPYeorUmpHVIci9ywHe1eT_k7J.csv,1.0
de43bd8d8dbe,Tiruvarur,Tamil Nadu,Nagapattinam,Tiruvarur,SPLIT,1997,1uUazshDPYeorUmpHVIci9ywHe1eT_k7J.csv,1.0
90c5cc3fc088,Nagapattinam,Tamil Nadu,Nagapattinam,Nagapattinam,SPLIT,1997,1uUazshDPYeorUmpHVIci9ywHe1eT_k7J.csv,1.0
faadd1e353c7,Thiruvallur,Tamil Nadu,Chengalpattu Mgr,Thiruvallur,SPLIT,1997,1uUazshDPYeorUmpHVIci9ywHe1eT_k7J.csv,1.0
3eb72fa794b5,Kancheepuram,Tamil Nadu,Chengalpattu Mgr,Kancheepuram,SPLIT,1997,1uUazshDPYeorUmpHVIci9ywHe1eT_k7J.csv,1.0
3d4d6521d5a9,Salem,Tamil Nadu,Salem,Salem,SPLIT,1997,1uUazshDPYeorUmpHVIci9ywHe1eT_k7J.csv,1.0
df5cd5a0599e,Namakkal,Tamil Nadu,Salem,Namakkal,SPLIT,1997,1uUazshDPYeorUmpHVIci9ywHe1eT_k7J.csv,1.0
b2bcfe774805,Dhalai,Tripura,North Tripura,Dhalai,SPLIT,1995,1uUazshDPYeorUmpHVIci9ywHe1eT_k7J.csv,1.0
78f434e41aa7,North Tripura,Tripura,North Tripura,North Tripura,SPLIT,1995,1uUazshDPYeorUmpHVIci9ywHe1eT_k7J.csv,1.0
60e9da472c6f,Aligarh,Uttar Pradesh,Aligarh,Aligarh,SPLIT,1997,1uUazshDPYeorUmpHVIci9ywHe1eT_k7J.csv,1.0
ea0e371c4768,Hathras,Uttar Pradesh,Aligarh,Hathras,SPLIT,1997,1uUazshDPYeorUmpHVIci9ywHe1eT_k7J.csv,1.0
e17b8cc7063a,Allahabad,Uttar Pradesh,Allahabad,Allahabad,SPLIT,1997,1uUazshDPYeorUmpHVIci9ywHe1eT_k7J.csv,1.0
5a5c467ee150,Kaushambi,Uttar Pradesh,Allahabad,Kaushambi,SPLIT,1997,1uUazshDPYeorUmpHVIci9ywHe1eT_k7J.csv,1.0
32fb2b601a3c,Bahraich,Uttar Pradesh,Bahraich,Bahraich,SPLIT,1997,1uUazshDPYeorUmpHVIci9ywHe1eT_k7J.csv,1.0
2aef0f747671,Shrawasti,Uttar Pradesh,Bahraich,Shrawasti,SPLIT,1997,1uUazshDPYeorUmpHVIci9ywHe1eT_k7J.csv,1.0
400aebfe9c5d,Banda,Uttar Pradesh,Banda,Banda,SPLIT,1998,1uUazshDPYeorUmpHVIci9ywHe1eT_k7J.csv,1.0
b6d8607f32b9,Chitrakoot,Uttar Pradesh,Banda,Chitrakoot,SPLIT,1998,1uUazshDPYeorUmpHVIci9ywHe1eT_k7J.csv,1.0
c39936e89f88,Basti,Uttar Pradesh,Basti,Basti,SPLIT,1997,1uUazshDPYeorUmpHVIci9ywHe1eT_k7J.csv,1.0
49f3f9a47142,Sant Kabir Nagar,Uttar Pradesh,Basti,Sant Kabir Nagar,SPLIT,1997,1uUazshDPYeorUmpHVIci9ywHe1eT_k7J.csv,1.0
dcd16ad19c25,Bulandshahr,Uttar Pradesh,Bulandshahr,Bulandshahr,SPLIT,1997,1uUazshDPYeorUmpHVIci9ywHe1eT_k7J.csv,1.0
b55a9427e58c,Gautam Buddha Nagar,Uttar Pradesh,Bulandshahr,Gautam Buddha Nagar,SPLIT,1997,1uUazshDPYeorUmpHVIci9ywHe1eT_k7J.csv,1.0
a5d00b01d27e,Deoria,Uttar Pradesh,Deoria,Deoria,SPLIT,1994,1uUazshDPYeorUmpHVIci9ywHe1eT_k7J.csv,1.0
c13cb04df863,Kushinagar,Uttar Pradesh,Deoria,Kushinagar,SPLIT,1994,1uUazshDPYeorUmpHVIci9ywHe1eT_k7J.csv,1.0
6b8845a92d5f,Auraiya,Uttar Pradesh,Etawah,Auraiya,SPLIT,1997,1uUazshDPYeorUmpHVIci9ywHe1eT_k7J.csv,1.0
b4b869848fd1,Etawah',Uttar Pradesh,Etawah,Etawah',SPLIT,1997,1uUazshDPYeorUmpHVIci9ywHe1eT_k7J.csv,1.0
44798eff1f9e,Ambedkar Nagar,Uttar Pradesh,Faizabad,Ambedkar Nagar,SPLIT,1995,1uUazshDPYeorUmpHVIci9ywHe1eT_k7J.csv,1.0
8d892b28344e,Faizabad,Uttar Pradesh,Faizabad,Faizabad,SPLIT,1995,1uUazshDPYeorUmpHVIci9ywHe1eT_k7J.csv,1.0
09069f6d7685,Farrukhabad,Uttar Pradesh,Farrukhabad,Farrukhabad,SPLIT,1997,1uUazshDPYeorUmpHVIci9ywHe1eT_k7J.csv,1.0
f9a485717cf4,Kannauj,Uttar Pradesh,Farrukhabad,Kannauj,SPLIT,1997,1uUazshDPYeorUmpHVIci9ywHe1eT_k7J.csv,1.0
b55a9427e58c,Gautam Buddha Nagar,Uttar Pradesh,Ghaziabad,Gautam Buddha Nagar,SPLIT,1997,1uUazshDPYeorUmpHVIci9ywHe1eT_k7J.csv,1.0
b17efe34673f,Ghaziabad,Uttar Pradesh,Ghaziabad,Ghaziabad,SPLIT,1997,1uUazshDPYeorUmpHVIci9ywHe1eT_k7J.csv,1.0
f0e994541d4c,Balrampur,Uttar Pradesh,Gonda,Balrampur,SPLIT,1997,1uUazshDPYeorUmpHVIci9ywHe1eT_k7J.csv,1.0
9387ea16ddfe,Gonda,Uttar Pradesh,Gonda,Gonda,SPLIT,1997,1uUazshDPYeorUmpHVIci9ywHe1eT_k7J.csv,1.0
181c273e7d41,Lalitpur,Uttar Pradesh,Lalitpur,Lalitpur,SPLIT,1995,1uUazshDPYeorUmpHVIci9ywHe1eT_k7J.csv,1.0
f8280a0931dd,Mahoba,Uttar Pradesh,Lalitpur,Mahoba,SPLIT,1995,1uUazshDPYeorUmpHVIci9ywHe1eT_k7J.csv,1.0
1fd8474c69d3,Baghpat,Uttar Pradesh,Meerut,Baghpat,SPLIT,1997,1uUazshDPYeorUmpHVIci9ywHe1eT_k7J.csv,1.0
e3b4d00d965c,Meerut,Uttar Pradesh,Meerut,Meerut,SPLIT,1997,1uUazshDPYeorUmpHVIci9ywHe1eT_k7J.csv,1.0
b9590c9d7f48,Jyotiba Phule Nagar,Uttar Pradesh,Moradabad,Jyotiba Phule Nagar,SPLIT,1997,1uUazshDPYeorUmpHVIci9ywHe1eT_k7J.csv,1.0
016b43e41a72,Moradabad,Uttar Pradesh,Moradabad,Moradabad,SPLIT,1997,1uUazshDPYeorUmpHVIci9ywHe1eT_k7J.csv,1.0
351c8324cb7d,Chandauli,Uttar Pradesh,Varanasi,Chandauli,SPLIT,1997,1uUazshDPYeorUmpHVIci9ywHe1eT_k7J.csv,1.0
1cf17168f8b5,Varanasi,Uttar Pradesh,Varanasi,Varanasi,SPLIT,1997,1uUazshDPYeorUmpHVIci9ywHe1eT_k7J.csv,1.0
d955ef6b79d0,Sant Ravidas Nagar,Uttar Pradesh,Varanasi,Sant Ravidas Nagar,SPLIT,1994,1uUazshDPYeorUmpHVIci9ywHe1eT_k7J.csv,1.0
1cf17168f8b5,Varanasi,Uttar Pradesh,Varanasi,Varanasi,SPLIT,1994,1uUazshDPYeorUmpHVIci9ywHe1eT_k7J.csv,1.0
d450060bcf6f,Nainital,Uttarakhand,Nainital,Nainital,SPLIT,1995,1uUazshDPYeorUmpHVIci9ywHe1eT_k7J.csv,1.0
1bcb1ad87a59,Udham Singh Nagar,Uttarakhand,Nainital,Udham Singh Nagar,SPLIT,1995,1uUazshDPYeorUmpHVIci9ywHe1eT_k7J.csv,1.0
4f15d8ea7741,Bageshwar,Uttarakhand,Almora,Bageshwar,SPLIT,1997,1uUazshDPYeorUmpHVIci9ywHe1eT_k7J.csv,1.0
ee773cc6b537,Almora,Uttarakhand,Almora,Almora,SPLIT,1997,1uUazshDPYeorUmpHVIci9ywHe1eT_k7J.csv,1.0
84c11a7ff072,Chamoli,Uttarakhand,Chamoli,Chamoli,SPLIT,1997,1uUazshDPYeorUmpHVIci9ywHe1eT_k7J.csv,1.0
141dd357c778,Rudraprayag,Uttarakhand,Chamoli,Rudraprayag,SPLIT,1997,1uUazshDPYeorUmpHVIci9ywHe1eT_k7J.csv,1.0
5b8b7deccc23,Pithoragarh,Uttarakhand,Pithoragarh,Pithoragarh,SPLIT,1997,1uUazshDPYeorUmpHVIci9ywHe1eT_k7J.csv,1.0
83a6cbe0a671,Champawat,Uttarakhand,Pithoragarh,Champawat,SPLIT,1997,1uUazshDPYeorUmpHVIci9ywHe1eT_k7J.csv,1.0
2f58b8e20198,Uttar Dinajpur,West Bengal,West Dinajpur,Uttar Dinajpur,SPLIT,1992,1uUazshDPYeorUmpHVIci9ywHe1eT_k7J.csv,1.0
b7defe1e10db,Dakshin Dinajpur,West Bengal,West Dinajpur,Dakshin Dinajpur,SPLIT,1992,1uUazshDPYeorUmpHVIci9ywHe1eT_k7J.csv,1.0
a2fc9a0c9793,North & Middle Andaman,Andaman and Nicobar Islands,Andamans,North & Middle Andaman,SPLIT,2006,1uUazshDPYeorUmpHVIci9ywHe1eT_k7J.csv,1.0
0f7c4bd0e907,South Andaman,Andaman and Nicobar Islands,Andamans,South Andaman,SPLIT,2006,1uUazshDPYeorUmpHVIci9ywHe1eT_k7J.csv,1.0
ff98dbec43a1,Lower Subansiri,Arunachal Pradesh,Lower Subansiri,Lower Subansiri,SPLIT,2001,1uUazshDPYeorUmpHVIci9ywHe1eT_k7J.csv,1.0
9031159ae2b7,Kurung Kumey,Arunachal Pradesh,Lower Subansiri,Kurung Kumey,SPLIT,2001,1uUazshDPYeorUmpHVIci9ywHe1eT_k7J.csv,1.0
08cf04383ee6,Dibang Valley,Arunachal Pradesh,Dibang Valley,Dibang Valley,SPLIT,2001,1uUazshDPYeorUmpHVIci9ywHe1eT_k7J.csv,1.0
ada8114d492b,Lower Dibang Valley,Arunachal Pradesh,Dibang Valley,Lower Dibang Valley,SPLIT,2001,1uUazshDPYeorUmpHVIci9ywHe1eT_k7J.csv,1.0
66e2657f2668,Lohit,Arunachal Pradesh,Lohit,Lohit,SPLIT,2004,1uUazshDPYeorUmpHVIci9ywHe1eT_k7J.csv,1.0
01be0ecb71ed,Anjaw,Arunachal Pradesh,Lohit,Anjaw,SPLIT,2004,1uUazshDPYeorUmpHVIci9ywHe1eT_k7J.csv,1.0
d204ba7b69ab,Kamrup,Assam,Kamrup,Kamrup,SPLIT,2003,1uUazshDPYeorUmpHVIci9ywHe1eT_k7J.csv,1.0
c2c1391981df,Kamrup Metropolitan,Assam,Kamrup,Kamrup Metropolitan,SPLIT,2003,1uUazshDPYeorUmpHVIci9ywHe1eT_k7J.csv,1.0
d204ba7b69ab,Kamrup,Assam,Kamrup,Kamrup,SPLIT,2004,1uUazshDPYeorUmpHVIci9ywHe1eT_k7J.csv,1.0
ea4a7ab83d21,Baksa,Assam,Kamrup,Baksa,SPLIT,2004,1uUazshDPYeorUmpHVIci9ywHe1eT_k7J.csv,1.0
9fa5f5e60c20,Barpeta,Assam,Barpeta,Barpeta,SPLIT,2004,1uUazshDPYeorUmpHVIci9ywHe1eT_k7J.csv,1.0
ea4a7ab83d21,Baksa,Assam,Barpeta,Baksa,SPLIT,2004,1uUazshDPYeorUmpHVIci9ywHe1eT_k7J.csv,1.0
1df972c05ea8,Nalbali,Assam,Nalbali,Nalbali,SPLIT,2004,1uUazshDPYeorUmpHVIci9ywHe1eT_k7J.csv,1.0
ea4a7ab83d21,Baksa,Assam,Nalbali,Baksa,SPLIT,2004,1uUazshDPYeorUmpHVIci9ywHe1eT_k7J.csv,1.0
cf556d7e0d63,Bongaigaon,Assam,Bongaigaon,Bongaigaon,SPLIT,2004,1uUazshDPYeorUmpHVIci9ywHe1eT_k7J.csv,1.0
41871a067303,Chirang,Assam,Bongaigaon,Chirang,SPLIT,2004,1uUazshDPYeorUmpHVIci9ywHe1eT_k7J.csv,1.0
ddbfb8fa2684,Kokrajihar,Assam,Kokrajihar,Kokrajihar,SPLIT,2004,1uUazshDPYeorUmpHVIci9ywHe1eT_k7J.csv,1.0
41871a067303,Chirang,Assam,Kokrajihar,Chirang,SPLIT,2004,1uUazshDPYeorUmpHVIci9ywHe1eT_k7J.csv,1.0
568e8b2f08f7,Darrang,Assam,Darrang,Darrang,SPLIT,2004,1uUazshDPYeorUmpHVIci9ywHe1eT_k7J.csv,1.0
2ce24b2e7b68,Udalguri,Assam,Darrang,Udalguri,SPLIT,2004,1uUazshDPYeorUmpHVIci9ywHe1eT_k7J.csv,1.0
a8367eb0a586,Sonitpur,Assam,Sonitpur,Sonitpur,SPLIT,2004,1uUazshDPYeorUmpHVIci9ywHe1eT_k7J.csv,1.0
2ce24b2e7b68,Udalguri,Assam,Sonitpur,Udalguri,SPLIT,2004,1uUazshDPYeorUmpHVIci9ywHe1eT_k7J.csv,1.0
60591645fd04,Jehanabad,Bihar,Jehanabad,Jehanabad,SPLIT,2001,1uUazshDPYeorUmpHVIci9ywHe1eT_k7J.csv,1.0
2527039ccfa3,Arwal,Bihar,Jehanabad,Arwal,SPLIT,2001,1uUazshDPYeorUmpHVIci9ywHe1eT_k7J.csv,1.0
618512c675b7,Bastar,Chhattisgarh,Bastar,Bastar,SPLIT,2007,1uUazshDPYeorUmpHVIci9ywHe1eT_k7J.csv,1.0
b9088f5a5113,Narayanpur,Chhattisgarh,Bastar,Narayanpur,SPLIT,2007,1uUazshDPYeorUmpHVIci9ywHe1eT_k7J.csv,1.0
47d8ff3aed0e,Bijapur,Chhattisgarh,Dantewada,Bijapur,SPLIT,2007,1uUazshDPYeorUmpHVIci9ywHe1eT_k7J.csv,1.0
6b8fcc9d002d,Dakshin Bastar Dantewada,Chhattisgarh,Dantewada,Dakshin Bastar Dantewada,SPLIT,2007,1uUazshDPYeorUmpHVIci9ywHe1eT_k7J.csv,1.0
dd4b0b02beaf,Surat,Gujarat,Surat,Surat,SPLIT,2007,1uUazshDPYeorUmpHVIci9ywHe1eT_k7J.csv,1.0
f9639033e5ec,Tapi,Gujarat,Surat,Tapi,SPLIT,2007,1uUazshDPYeorUmpHVIci9ywHe1eT_k7J.csv,1.0
2aae565430aa,Faridabad,Haryana,Faridabad,Faridabad,SPLIT,2005,1uUazshDPYeorUmpHVIci9ywHe1eT_k7J.csv,1.0
79d9c9e83f24,Mewat,Haryana,Faridabad,Mewat,SPLIT,2005,1uUazshDPYeorUmpHVIci9ywHe1eT_k7J.csv,1.0
82f14df59a65,Gurgaon,Haryana,Gurgaon,Gurgaon,SPLIT,2008,1uUazshDPYeorUmpHVIci9ywHe1eT_k7J.csv,1.0
fc1d7a8ed043,Palwal,Haryana,Gurgaon,Palwal,SPLIT,2008,1uUazshDPYeorUmpHVIci9ywHe1eT_k7J.csv,1.0
489c38ba8bf9,Kulgam,Jammu and Kashmir,Anantnag,Kulgam,SPLIT,2006,1uUazshDPYeorUmpHVIci9ywHe1eT_k7J.csv,1.0
489c38ba8bf9,Kulgam,Jammu and Kashmir,Pulwama,Kulgam,SPLIT,2006,1uUazshDPYeorUmpHVIci9ywHe1eT_k7J.csv,1.0
ee177be6e631,Baramula,Jammu and Kashmir,Baramula,Baramula,SPLIT,2006,1uUazshDPYeorUmpHVIci9ywHe1eT_k7J.csv,1.0
ddd081149913,Bandipore,Jammu and Kashmir,Baramula,Bandipore,SPLIT,2006,1uUazshDPYeorUmpHVIci9ywHe1eT_k7J.csv,1.0
b571cabaf465,Ganderbal,Jammu and Kashmir,Baramula,Ganderbal,SPLIT,2006,1uUazshDPYeorUmpHVIci9ywHe1eT_k7J.csv,1.0
eb7dd8c6466c,Pulwama,Jammu and Kashmir,Pulwama,Pulwama,SPLIT,2006,1uUazshDPYeorUmpHVIci9ywHe1eT_k7J.csv,1.0
b94f20367e07,Shupiyan,Jammu and Kashmir,Pulwama,Shupiyan,SPLIT,2006,1uUazshDPYeorUmpHVIci9ywHe1eT_k7J.csv,1.0
489c38ba8bf9,Kulgam,Jammu and Kashmir,Pulwama,Kulgam,SPLIT,2006,1uUazshDPYeorUmpHVIci9ywHe1eT_k7J.csv,1.0
b17881eb4671,Doda,Jammu and Kashmir,Doda,Doda,SPLIT,2006,1uUazshDPYeorUmpHVIci9ywHe1eT_k7J.csv,1.0
6fe6f43d3018,Ramban,Jammu and Kashmir,Doda,Ramban,SPLIT,2006,1uUazshDPYeorUmpHVIci9ywHe1eT_k7J.csv,1.0
03f21630b049,Kishtwar,Jammu and Kashmir,Doda,Kishtwar,SPLIT,2006,1uUazshDPYeorUmpHVIci9ywHe1eT_k7J.csv,1.0
84c883d07e3f,Udhampur,Jammu and Kashmir,Udhampur,Udhampur,SPLIT,2006,1uUazshDPYeorUmpHVIci9ywHe1eT_k7J.csv,1.0
4c381c3bc050,Reasi,Jammu and Kashmir,Udhampur,Reasi,SPLIT,2006,1uUazshDPYeorUmpHVIci9ywHe1eT_k7J.csv,1.0
be3e18466271,Jammu,Jammu and Kashmir,Jammu,Jammu,SPLIT,2006,1uUazshDPYeorUmpHVIci9ywHe1eT_k7J.csv,1.0
3d148b9b2bcd,Samba,Jammu and Kashmir,Jammu,Samba,SPLIT,2006,1uUazshDPYeorUmpHVIci9ywHe1eT_k7J.csv,1.0
7e03b432d86d,Palamu,Jharkhand,Palamu,Palamu,SPLIT,2001,1uUazshDPYeorUmpHVIci9ywHe1eT_k7J.csv,1.0
cc26cf7f1f02,Latehar,Jharkhand,Palamu,Latehar,SPLIT,2001,1uUazshDPYeorUmpHVIci9ywHe1eT_k7J.csv,1.0
4a71caeeeb3d,Dumka,Jharkhand,Dumka,Dumka,SPLIT,2001,1uUazshDPYeorUmpHVIci9ywHe1eT_k7J.csv,1.0
0291e9c14e69,Jamtara,Jharkhand,Dumka,Jamtara,SPLIT,2001,1uUazshDPYeorUmpHVIci9ywHe1eT_k7J.csv,1.0
2f04809ca172,Gumla,Jharkhand,Gumla,Gumla,SPLIT,2001,1uUazshDPYeorUmpHVIci9ywHe1eT_k7J.csv,1.0
f66c0c2624fc,Simdega,Jharkhand,Gumla,Simdega,SPLIT,2001,1uUazshDPYeorUmpHVIci9ywHe1eT_k7J.csv,1.0
3fc80a9b3fd7,Pashchimi Singhbhum,Jharkhand,Pashchimi Singhbhum,Pashchimi Singhbhum,SPLIT,2001,1uUazshDPYeorUmpHVIci9ywHe1eT_k7J.csv,1.0
39db47f62b7b,Saraikela-Kharsawan,Jharkhand,Pashchimi Singhbhum,Saraikela-Kharsawan,SPLIT,2001,1uUazshDPYeorUmpHVIci9ywHe1eT_k7J.csv,1.0
bd8533deaf3c,Hazaribagh,Jharkhand,Hazaribag,Hazaribagh,SPLIT,2007,1uUazshDPYeorUmpHVIci9ywHe1eT_k7J.csv,1.0
649fd8762ecb,Ramgarh,Jharkhand,Hazaribag,Ramgarh,SPLIT,2007,1uUazshDPYeorUmpHVIci9ywHe1eT_k7J.csv,1.0
9bcb3bf81363,Ranchi,Jharkhand,Ranchi,Ranchi,SPLIT,2007,1uUazshDPYeorUmpHVIci9ywHe1eT_k7J.csv,1.0
9afe310d904a,Khunti,Jharkhand,Ranchi,Khunti,SPLIT,2007,1uUazshDPYeorUmpHVIci9ywHe1eT_k7J.csv,1.0
9b03eaff332f,Kolar,Karnataka,Kolar,Kolar,SPLIT,2007,1uUazshDPYeorUmpHVIci9ywHe1eT_k7J.csv,1.0
ea7c7761fa3d,Chikkaballapura,Karnataka,Kolar,Chikkaballapura,SPLIT,2007,1uUazshDPYeorUmpHVIci9ywHe1eT_k7J.csv,1.0
5535cdf9ecb0,Bengaluru Rural,Karnataka,Bengaluru Rural,Bengaluru Rural,SPLIT,2007,1uUazshDPYeorUmpHVIci9ywHe1eT_k7J.csv,1.0
161b67386292,Ramanagara,Karnataka,Bengaluru Rural,Ramanagara,SPLIT,2007,1uUazshDPYeorUmpHVIci9ywHe1eT_k7J.csv,1.0
dbb63219c12c,Gulbarga,Karnataka,Gulbarga,Gulbarga,SPLIT,2009,1uUazshDPYeorUmpHVIci9ywHe1eT_k7J.csv,1.0
3a3e7ee343a7,Yadgir,Karnataka,Gulbarga,Yadgir,SPLIT,2009,1uUazshDPYeorUmpHVIci9ywHe1eT_k7J.csv,1.0
af26e0863558,Shahdol,Madhya Pradesh,Shahdol,Shahdol,SPLIT,2003,1uUazshDPYeorUmpHVIci9ywHe1eT_k7J.csv,1.0
f30d3bccefdb,Annupur,Madhya Pradesh,Shahdol,Annupur,SPLIT,2003,1uUazshDPYeorUmpHVIci9ywHe1eT_k7J.csv,1.0
aa0972164ba7,Sidhi,Madhya Pradesh,Sidhi,Sidhi,SPLIT,2003,1uUazshDPYeorUmpHVIci9ywHe1eT_k7J.csv,1.0
4e09931783f2,Singrauli,Madhya Pradesh,Sidhi,Singrauli,SPLIT,2003,1uUazshDPYeorUmpHVIci9ywHe1eT_k7J.csv,1.0
f33360a7a6bd,Jhabua,Madhya Pradesh,Jhabua,Jhabua,SPLIT,2003,1uUazshDPYeorUmpHVIci9ywHe1eT_k7J.csv,1.0
746d07c422a3,Alirajpur,Madhya Pradesh,Jhabua,Alirajpur,SPLIT,2003,1uUazshDPYeorUmpHVIci9ywHe1eT_k7J.csv,1.0
7914cccd8778,East Nimar,Madhya Pradesh,East Nimar,East Nimar,SPLIT,2003,1uUazshDPYeorUmpHVIci9ywHe1eT_k7J.csv,1.0
10b9f9a20914,Burhanpur,Madhya Pradesh,East Nimar,Burhanpur,SPLIT,2003,1uUazshDPYeorUmpHVIci9ywHe1eT_k7J.csv,1.0
40fae7fba646,Guna,Madhya Pradesh,Guna,Guna,SPLIT,2003,1uUazshDPYeorUmpHVIci9ywHe1eT_k7J.csv,1.0
90e74af8458f,Ashoknagar,Madhya Pradesh,Guna,Ashoknagar,SPLIT,2003,1uUazshDPYeorUmpHVIci9ywHe1eT_k7J.csv,1.0
b4945a7b731f,Tuensang,Nagaland,Tuensang,Tuensang,SPLIT,2004,1uUazshDPYeorUmpHVIci9ywHe1eT_k7J.csv,1.0
8982adaab77e,Longleng,Nagaland,Tuensang,Longleng,SPLIT,2004,1uUazshDPYeorUmpHVIci9ywHe1eT_k7J.csv,1.0
e19fde9f0aa9,Kiphire,Nagaland,Tuensang,Kiphire,SPLIT,2004,1uUazshDPYeorUmpHVIci9ywHe1eT_k7J.csv,1.0
b5e8b448052d,Kohima,Nagaland,Kohima,Kohima,SPLIT,2004,1uUazshDPYeorUmpHVIci9ywHe1eT_k7J.csv,1.0
ae1b04317d0a,Peren,Nagaland,Kohima,Peren,SPLIT,2004,1uUazshDPYeorUmpHVIci9ywHe1eT_k7J.csv,1.0
5e88d2f00ad9,Sangrur,Punjab,Sangrur,Sangrur,SPLIT,2006,1uUazshDPYeorUmpHVIci9ywHe1eT_k7J.csv,1.0
19a004116137,Barnala,Punjab,Sangrur,Barnala,SPLIT,2006,1uUazshDPYeorUmpHVIci9ywHe1eT_k7J.csv,1.0
28fa4a64202f,Rupnagar,Punjab,Rupnagar,Rupnagar,SPLIT,2006,1uUazshDPYeorUmpHVIci9ywHe1eT_k7J.csv,1.0
8a8bcea18434,Sahibzada Ajit Singh Nagar,Punjab,Rupnagar,Sahibzada Ajit Singh Nagar,SPLIT,2006,1uUazshDPYeorUmpHVIci9ywHe1eT_k7J.csv,1.0
4d99ded6e235,Amritsar,Punjab,Amritsar,Amritsar,SPLIT,2006,1uUazshDPYeorUmpHVIci9ywHe1eT_k7J.csv,1.0
f734dd93dae1,Tarn Taran,Punjab,Amritsar,Tarn Taran,SPLIT,2006,1uUazshDPYeorUmpHVIci9ywHe1eT_k7J.csv,1.0
27e753de6cbb,Chittaurgarh,Rajasthan,Chittaurgarh,Chittaurgarh,SPLIT,2008,1uUazshDPYeorUmpHVIci9ywHe1eT_k7J.csv,1.0
e4a13c208675,Pratapgarh,Rajasthan,Chittaurgarh,Pratapgarh,SPLIT,2008,1uUazshDPYeorUmpHVIci9ywHe1eT_k7J.csv,1.0
63f15c5045c0,Dharmapuri,Tamil Nadu,Dharmapuri,Dharmapuri,SPLIT,2004,1uUazshDPYeorUmpHVIci9ywHe1eT_k7J.csv,1.0
ebc1282a359f,Krishnagiri,Tamil Nadu,Dharmapuri,Krishnagiri,SPLIT,2004,1uUazshDPYeorUmpHVIci9ywHe1eT_k7J.csv,1.0
95e5cfb3bd80,Ariyalur,Tamil Nadu,Perambalur,Ariyalur,SPLIT,2007,1uUazshDPYeorUmpHVIci9ywHe1eT_k7J.csv,1.0
01a0d7ad9cd3,Perambalur,Tamil Nadu,Perambalur,Perambalur,SPLIT,2007,1uUazshDPYeorUmpHVIci9ywHe1eT_k7J.csv,1.0
f998bd4522a6,Erode,Tamil Nadu,Erode,Erode,SPLIT,2009,1uUazshDPYeorUmpHVIci9ywHe1eT_k7J.csv,1.0
64e8083c1942,Tiruppur,Tamil Nadu,Erode,Tiruppur,SPLIT,2009,1uUazshDPYeorUmpHVIci9ywHe1eT_k7J.csv,1.0
0c6463515e63,Coimbatore,Tamil Nadu,Coimbatore,Coimbatore,SPLIT,2009,1uUazshDPYeorUmpHVIci9ywHe1eT_k7J.csv,1.0
64e8083c1942,Tiruppur,Tamil Nadu,Coimbatore,Tiruppur,SPLIT,2009,1uUazshDPYeorUmpHVIci9ywHe1eT_k7J.csv,1.0
b40ea6df5c73,Etah,Uttar Pradesh,Etah,Etah,SPLIT,2008,1uUazshDPYeorUmpHVIci9ywHe1eT_k7J.csv,1.0
06c9391cdf7d,Kanshiram Nagar,Uttar Pradesh,Etah,Kanshiram Nagar,SPLIT,2008,1uUazshDPYeorUmpHVIci9ywHe1eT_k7J.csv,1.0
55e0a04cea78,Paschim Medinipur,West Bengal,Medinipur,Paschim Medinipur,SPLIT,2002,1uUazshDPYeorUmpHVIci9ywHe1eT_k7J.csv,1.0
0ccf63a35e14,Purba Medinipur,West Bengal,Medinipur,Purba Medinipur,SPLIT,2002,1uUazshDPYeorUmpHVIci9ywHe1eT_k7J.csv,1.0
8365875ed892,Longding,Arunachal Pradesh,Tirap,Longding,SPLIT,2012,1uUazshDPYeorUmpHVIci9ywHe1eT_k7J.csv,1.0
a81385c4fd55,Tirap,Arunachal Pradesh,Tirap,Tirap,SPLIT,2012,1uUazshDPYeorUmpHVIci9ywHe1eT_k7J.csv,1.0
66e2657f2668,Lohit,Arunachal Pradesh,Lohit,Lohit,SPLIT,2014,1uUazshDPYeorUmpHVIci9ywHe1eT_k7J.csv,1.0
8587f018e1fc,Namsai,Arunachal Pradesh,Lohit,Namsai,SPLIT,2014,1uUazshDPYeorUmpHVIci9ywHe1eT_k7J.csv,1.0
31c4ec2485c2,Kra Daadi,Arunachal Pradesh,Kurung Kumey,Kra Daadi,SPLIT,2015,1uUazshDPYeorUmpHVIci9ywHe1eT_k7J.csv,1.0
9031159ae2b7,Kurung Kumey,Arunachal Pradesh,Kurung Kumey,Kurung Kumey,SPLIT,2015,1uUazshDPYeorUmpHVIci9ywHe1eT_k7J.csv,1.0
3a617e5c7535,Siang,Arunachal Pradesh,East Siang,Siang,SPLIT,2015,1uUazshDPYeorUmpHVIci9ywHe1eT_k7J.csv,1.0
b717212b7701,East Siang,Arunachal Pradesh,East Siang,East Siang,SPLIT,2015,1uUazshDPYeorUmpHVIci9ywHe1eT_k7J.csv,1.0
3a617e5c7535,Siang,Arunachal Pradesh,West Siang,Siang,SPLIT,2015,1uUazshDPYeorUmpHVIci9ywHe1eT_k7J.csv,1.0
3b68c18db0e3,West Siang,Arunachal Pradesh,West Siang,West Siang,SPLIT,2015,1uUazshDPYeorUmpHVIci9ywHe1eT_k7J.csv,1.0
60a19ff6ac9b,Lower Siang,Arunachal Pradesh,East Siang,Lower Siang,SPLIT,2017,1uUazshDPYeorUmpHVIci9ywHe1eT_k7J.csv,1.0
b717212b7701,East Siang,Arunachal Pradesh,East Siang,East Siang,SPLIT,2017,1uUazshDPYeorUmpHVIci9ywHe1eT_k7J.csv,1.0
60a19ff6ac9b,Lower Siang,Arunachal Pradesh,West Siang,Lower Siang,SPLIT,2017,1uUazshDPYeorUmpHVIci9ywHe1eT_k7J.csv,1.0
3b68c18db0e3,West Siang,Arunachal Pradesh,West Siang,West Siang,SPLIT,2017,1uUazshDPYeorUmpHVIci9ywHe1eT_k7J.csv,1.0
1da0e11e6180,Kamle,Arunachal Pradesh,Lower Subansiri,Kamle,SPLIT,2017,1uUazshDPYeorUmpHVIci9ywHe1eT_k7J.csv,1.0
ff98dbec43a1,Lower Subansiri,Arunachal Pradesh,Lower Subansiri,Lower Subansiri,SPLIT,2017,1uUazshDPYeorUmpHVIci9ywHe1eT_k7J.csv,1.0
1da0e11e6180,Kamle,Arunachal Pradesh,Upper Subansiri,Kamle,SPLIT,2017,1uUazshDPYeorUmpHVIci9ywHe1eT_k7J.csv,1.0
d959ebd85736,Upper Subansiri,Arunachal Pradesh,Upper Subansiri,Upper Subansiri,SPLIT,2017,1uUazshDPYeorUmpHVIci9ywHe1eT_k7J.csv,1.0
cbc80b195901,Pakke-Kesang,Arunachal Pradesh,East Kameng,Pakke-Kesang,SPLIT,2018,1uUazshDPYeorUmpHVIci9ywHe1eT_k7J.csv,1.0
d2d6149fc192,East Kameng,Arunachal Pradesh,East Kameng,East Kameng,SPLIT,2018,1uUazshDPYeorUmpHVIci9ywHe1eT_k7J.csv,1.0
621e1159b396,Lepa-Rada,Arunachal Pradesh,Lower Siang,Lepa-Rada,SPLIT,2018,1uUazshDPYeorUmpHVIci9ywHe1eT_k7J.csv,1.0
60a19ff6ac9b,Lower Siang,Arunachal Pradesh,Lower Siang,Lower Siang,SPLIT,2018,1uUazshDPYeorUmpHVIci9ywHe1eT_k7J.csv,1.0
5f4f5432b146,Shi-Yomi,Arunachal Pradesh,West Siang,Shi-Yomi,SPLIT,2018,1uUazshDPYeorUmpHVIci9ywHe1eT_k7J.csv,1.0
3b68c18db0e3,West Siang,Arunachal Pradesh,West Siang,West Siang,SPLIT,2018,1uUazshDPYeorUmpHVIci9ywHe1eT_k7J.csv,1.0
5f20d8e2bd1f,Biswanath,Assam,Sonitpur,Biswanath,SPLIT,2015,1uUazshDPYeorUmpHVIci9ywHe1eT_k7J.csv,1.0
a8367eb0a586,Sonitpur,Assam,Sonitpur,Sonitpur,SPLIT,2015,1uUazshDPYeorUmpHVIci9ywHe1eT_k7J.csv,1.0
14b82befac32,Charaideo,Assam,Sivasagar,Charaideo,SPLIT,2015,1uUazshDPYeorUmpHVIci9ywHe1eT_k7J.csv,1.0
639b1ead3ce6,Sivasagar,Assam,Sivasagar,Sivasagar,SPLIT,2015,1uUazshDPYeorUmpHVIci9ywHe1eT_k7J.csv,1.0
91a7322f8c5b,Hojai,Assam,Nagaon,Hojai,SPLIT,2015,1uUazshDPYeorUmpHVIci9ywHe1eT_k7J.csv,1.0
aa48580f9c17,Nagaon,Assam,Nagaon,Nagaon,SPLIT,2015,1uUazshDPYeorUmpHVIci9ywHe1eT_k7J.csv,1.0
3a19e7e11655,South Salmara-Mankachar,Assam,Dhubri,South Salmara-Mankachar,SPLIT,2015,1uUazshDPYeorUmpHVIci9ywHe1eT_k7J.csv,1.0
aea8ffb773f2,Dhubri,Assam,Dhubri,Dhubri,SPLIT,2015,1uUazshDPYeorUmpHVIci9ywHe1eT_k7J.csv,1.0
004658660622,West Karbi Anglong,Assam,Karbi Anglong,West Karbi Anglong,SPLIT,2015,1uUazshDPYeorUmpHVIci9ywHe1eT_k7J.csv,1.0
38d00acb3eb1,Karbi Anglong,Assam,Karbi Anglong,Karbi Anglong,SPLIT,2015,1uUazshDPYeorUmpHVIci9ywHe1eT_k7J.csv,1.0
aad38121b951,Majuli,Assam,Jorhat,Majuli,SPLIT,2016,1uUazshDPYeorUmpHVIci9ywHe1eT_k7J.csv,1.0
69b0c45cf89a,Jorhat,Assam,Jorhat,Jorhat,SPLIT,2016,1uUazshDPYeorUmpHVIci9ywHe1eT_k7J.csv,1.0
af2e7c233f68,Bajali,Assam,Barpeta,Bajali,SPLIT,2020,1uUazshDPYeorUmpHVIci9ywHe1eT_k7J.csv,1.0
9fa5f5e60c20,Barpeta,Assam,Barpeta,Barpeta,SPLIT,2020,1uUazshDPYeorUmpHVIci9ywHe1eT_k7J.csv,1.0
f93a39609e3e,Tamulpur,Assam,Baksa,Tamulpur,SPLIT,2020,1uUazshDPYeorUmpHVIci9ywHe1eT_k7J.csv,1.0
ea4a7ab83d21,Baksa,Assam,Baksa,Baksa,SPLIT,2020,1uUazshDPYeorUmpHVIci9ywHe1eT_k7J.csv,1.0
23014b934bcf,Balrampur,Chhattisgarh,Surguja,Balrampur,SPLIT,2012,1uUazshDPYeorUmpHVIci9ywHe1eT_k7J.csv,1.0
ce971eacba7f,Surguja,Chhattisgarh,Surguja,Surguja,SPLIT,2012,1uUazshDPYeorUmpHVIci9ywHe1eT_k7J.csv,1.0
9657f36a108c,Surajpur,Chhattisgarh,Surguja,Surajpur,SPLIT,2011,1uUazshDPYeorUmpHVIci9ywHe1eT_k7J.csv,1.0
ce971eacba7f,Surguja,Chhattisgarh,Surguja,Surguja,SPLIT,2011,1uUazshDPYeorUmpHVIci9ywHe1eT_k7J.csv,1.0
5f60b0c8d092,Mungeli,Chhattisgarh,Bilaspur,Mungeli,SPLIT,2012,1uUazshDPYeorUmpHVIci9ywHe1eT_k7J.csv,1.0
e818eb2932b4,Bilaspur,Chhattisgarh,Bilaspur,Bilaspur,SPLIT,2012,1uUazshDPYeorUmpHVIci9ywHe1eT_k7J.csv,1.0
e936ba0c7d35,Balod,Chhattisgarh,Durg,Balod,SPLIT,2012,1uUazshDPYeorUmpHVIci9ywHe1eT_k7J.csv,1.0
61f785434b52,Bemetara,Chhattisgarh,Durg,Bemetara,SPLIT,2012,1uUazshDPYeorUmpHVIci9ywHe1eT_k7J.csv,1.0
13785847155a,Durg,Chhattisgarh,Durg,Durg,SPLIT,2012,1uUazshDPYeorUmpHVIci9ywHe1eT_k7J.csv,1.0
8b132638fc47,Sukma,Chhattisgarh,Dakshin Bastar Dantewada,Sukma,SPLIT,2012,1uUazshDPYeorUmpHVIci9ywHe1eT_k7J.csv,1.0
6b8fcc9d002d,Dakshin Bastar Dantewada,Chhattisgarh,Dakshin Bastar Dantewada,Dakshin Bastar Dantewada,SPLIT,2012,1uUazshDPYeorUmpHVIci9ywHe1eT_k7J.csv,1.0
044d75ae3b41,Kondagaon,Chhattisgarh,Bastar,Kondagaon,SPLIT,2012,1uUazshDPYeorUmpHVIci9ywHe1eT_k7J.csv,1.0
618512c675b7,Bastar,Chhattisgarh,Bastar,Bastar,SPLIT,2012,1uUazshDPYeorUmpHVIci9ywHe1eT_k7J.csv,1.0
e8b4d0626482,Baloda Bazar,Chhattisgarh,Raipur,Baloda Bazar,SPLIT,2012,1uUazshDPYeorUmpHVIci9ywHe1eT_k7J.csv,1.0
b86cbee1f5dd,Gariyaband,Chhattisgarh,Raipur,Gariyaband,SPLIT,2012,1uUazshDPYeorUmpHVIci9ywHe1eT_k7J.csv,1.0
a0baa7471953,Raipur,Chhattisgarh,Raipur,Raipur,SPLIT,2012,1uUazshDPYeorUmpHVIci9ywHe1eT_k7J.csv,1.0
3bece99c1c38,Gaurela-Pendra-Marwahi,Chhattisgarh,Bilaspur,Gaurela-Pendra-Marwahi,SPLIT,2020,1uUazshDPYeorUmpHVIci9ywHe1eT_k7J.csv,1.0
e818eb2932b4,Bilaspur,Chhattisgarh,Bilaspur,Bilaspur,SPLIT,2020,1uUazshDPYeorUmpHVIci9ywHe1eT_k7J.csv,1.0
a6524e1e598e,North,Delhi,North West,North,SPLIT,2012,1uUazshDPYeorUmpHVIci9ywHe1eT_k7J.csv,1.0
1cc5c5352fcb,North West,Delhi,North West,North West,SPLIT,2012,1uUazshDPYeorUmpHVIci9ywHe1eT_k7J.csv,1.0
40fe12259ae0,South,Delhi,South,South,SPLIT,2012,1uUazshDPYeorUmpHVIci9ywHe1eT_k7J.csv,1.0
37e09a804b92,South East,Delhi,South,South East,SPLIT,2012,1uUazshDPYeorUmpHVIci9ywHe1eT_k7J.csv,1.0
4c7b1cf46066,Shahdara,Delhi,North East,Shahdara,SPLIT,2012,1uUazshDPYeorUmpHVIci9ywHe1eT_k7J.csv,1.0
decfb084f11a,North East,Delhi,North East,North East,SPLIT,2012,1uUazshDPYeorUmpHVIci9ywHe1eT_k7J.csv,1.0
4c7b1cf46066,Shahdara,Delhi,East,Shahdara,SPLIT,2012,1uUazshDPYeorUmpHVIci9ywHe1eT_k7J.csv,1.0
127865f1f4a8,East,Delhi,East,East,SPLIT,2012,1uUazshDPYeorUmpHVIci9ywHe1eT_k7J.csv,1.0
8697ac08b3dd,New Delhi,Delhi,New Delhi,New Delhi,SPLIT,2012,1uUazshDPYeorUmpHVIci9ywHe1eT_k7J.csv,1.0
8697ac08b3dd,New Delhi,Delhi,South West,New Delhi,SPLIT,2012,1uUazshDPYeorUmpHVIci9ywHe1eT_k7J.csv,1.0
cda20afa4d4a,South West,Delhi,South West,South West,SPLIT,2012,1uUazshDPYeorUmpHVIci9ywHe1eT_k7J.csv,1.0
988f66880d90,Aravalli,Gujarat,Sabar Kantha,Aravalli,SPLIT,2013,1uUazshDPYeorUmpHVIci9ywHe1eT_k7J.csv,1.0
b1450af21370,Sabar Kantha,Gujarat,Sabar Kantha,Sabar Kantha,SPLIT,2013,1uUazshDPYeorUmpHVIci9ywHe1eT_k7J.csv,1.0
7572225fbdec,Botad,Gujarat,Ahmedabad,Botad,SPLIT,2013,1uUazshDPYeorUmpHVIci9ywHe1eT_k7J.csv,1.0
5723285e8399,Ahmedabad,Gujarat,Ahmedabad,Ahmedabad,SPLIT,2013,1uUazshDPYeorUmpHVIci9ywHe1eT_k7J.csv,1.0
7572225fbdec,Botad,Gujarat,Bhavnagar,Botad,SPLIT,2013,1uUazshDPYeorUmpHVIci9ywHe1eT_k7J.csv,1.0
eb16141783fe,Bhavnagar,Gujarat,Bhavnagar,Bhavnagar,SPLIT,2013,1uUazshDPYeorUmpHVIci9ywHe1eT_k7J.csv,1.0
6f9f311f3029,Chhota Udepur,Gujarat,Vadodara,Chhota Udepur,SPLIT,2013,1uUazshDPYeorUmpHVIci9ywHe1eT_k7J.csv,1.0
217d609d1bf1,Vadodara,Gujarat,Vadodara,Vadodara,SPLIT,2013,1uUazshDPYeorUmpHVIci9ywHe1eT_k7J.csv,1.0
454b189fe341,Devbhumi Dwarka,Gujarat,Jamnagar,Devbhumi Dwarka,SPLIT,2013,1uUazshDPYeorUmpHVIci9ywHe1eT_k7J.csv,1.0
4ad51c1d8c32,Jamnagar,Gujarat,Jamnagar,Jamnagar,SPLIT,2013,1uUazshDPYeorUmpHVIci9ywHe1eT_k7J.csv,1.0
addfc69e3aec,Mahisagar,Gujarat,Kheda,Mahisagar,SPLIT,2013,1uUazshDPYeorUmpHVIci9ywHe1eT_k7J.csv,1.0
7e137e0276b9,Kheda,Gujarat,Kheda,Kheda,SPLIT,2013,1uUazshDPYeorUmpHVIci9ywHe1eT_k7J.csv,1.0
addfc69e3aec,Mahisagar,Gujarat,Panch Mahals,Mahisagar,SPLIT,2013,1uUazshDPYeorUmpHVIci9ywHe1eT_k7J.csv,1.0
736595043bd4,Panch Mahals,Gujarat,Panch Mahals,Panch Mahals,SPLIT,2013,1uUazshDPYeorUmpHVIci9ywHe1eT_k7J.csv,1.0
94c1fb821ccb,Morbi,Gujarat,Rajkot,Morbi,SPLIT,2013,1uUazshDPYeorUmpHVIci9ywHe1eT_k7J.csv,1.0
4b163d0411b1,Rajkot,Gujarat,Rajkot,Rajkot,SPLIT,2013,1uUazshDPYeorUmpHVIci9ywHe1eT_k7J.csv,1.0
94c1fb821ccb,Morbi,Gujarat,Surendranagar,Morbi,SPLIT,2013,1uUazshDPYeorUmpHVIci9ywHe1eT_k7J.csv,1.0
b7f70b880355,Surendranagar,Gujarat,Surendranagar,Surendranagar,SPLIT,2013,1uUazshDPYeorUmpHVIci9ywHe1eT_k7J.csv,1.0
94c1fb821ccb,Morbi,Gujarat,Jamnagar,Morbi,SPLIT,2013,1uUazshDPYeorUmpHVIci9ywHe1eT_k7J.csv,1.0
4ad51c1d8c32,Jamnagar,Gujarat,Jamnagar,Jamnagar,SPLIT,2013,1uUazshDPYeorUmpHVIci9ywHe1eT_k7J.csv,1.0
416fb84b8a83,Gir Somnath,Gujarat,Junagadh,Gir Somnath,SPLIT,2013,1uUazshDPYeorUmpHVIci9ywHe1eT_k7J.csv,1.0
ceea77720cc2,Junagadh,Gujarat,Junagadh,Junagadh,SPLIT,2013,1uUazshDPYeorUmpHVIci9ywHe1eT_k7J.csv,1.0
48b449fbe2dd,Charkhi Dadri,Haryana,Bhiwani,Charkhi Dadri,SPLIT,2016,1uUazshDPYeorUmpHVIci9ywHe1eT_k7J.csv,1.0
f6a1e685b7d7,Bhiwani,Haryana,Bhiwani,Bhiwani,SPLIT,2016,1uUazshDPYeorUmpHVIci9ywHe1eT_k7J.csv,1.0
b4b5d3a29c29,Ballari,Karnataka,Ballari,Ballari,SPLIT,2021,1uUazshDPYeorUmpHVIci9ywHe1eT_k7J.csv,1.0
d59ffeaa80da,Vijayanagara,Karnataka,Ballari,Vijayanagara,SPLIT,2021,1uUazshDPYeorUmpHVIci9ywHe1eT_k7J.csv,1.0
36284880220f,Agar-Malwa,Madhya Pradesh,Shajapur,Agar-Malwa,SPLIT,2013,1uUazshDPYeorUmpHVIci9ywHe1eT_k7J.csv,1.0
78a1ff48d161,Shajapur,Madhya Pradesh,Shajapur,Shajapur,SPLIT,2013,1uUazshDPYeorUmpHVIci9ywHe1eT_k7J.csv,1.0
2dde5892aaa3,Niwari,Madhya Pradesh,Tikamgarh,Niwari,SPLIT,2018,1uUazshDPYeorUmpHVIci9ywHe1eT_k7J.csv,1.0
9f62dbcbb09c,Tikamgarh,Madhya Pradesh,Tikamgarh,Tikamgarh,SPLIT,2018,1uUazshDPYeorUmpHVIci9ywHe1eT_k7J.csv,1.0
6089878642e6,Thane,Maharashtra,Thane,Thane,SPLIT,2014,1uUazshDPYeorUmpHVIci9ywHe1eT_k7J.csv,1.0
66934645a79a,Palghar,Maharashtra,Thane,Palghar,SPLIT,2014,1uUazshDPYeorUmpHVIci9ywHe1eT_k7J.csv,1.0
bb5f45e9bad2,Jiribam,Manipur,Imphal East,Jiribam,SPLIT,2016,1uUazshDPYeorUmpHVIci9ywHe1eT_k7J.csv,1.0
abf69f9243dd,Imphal East,Manipur,Imphal East,Imphal East,SPLIT,2016,1uUazshDPYeorUmpHVIci9ywHe1eT_k7J.csv,1.0
65249aae878b,Kakching,Manipur,Thoubal,Kakching,SPLIT,2016,1uUazshDPYeorUmpHVIci9ywHe1eT_k7J.csv,1.0
401ebf816b8d,Thoubal,Manipur,Thoubal,Thoubal,SPLIT,2016,1uUazshDPYeorUmpHVIci9ywHe1eT_k7J.csv,1.0
871d708befea,Kamjong,Manipur,Ukhrul,Kamjong,SPLIT,2016,1uUazshDPYeorUmpHVIci9ywHe1eT_k7J.csv,1.0
4ed639b38c94,Ukhrul,Manipur,Ukhrul,Ukhrul,SPLIT,2016,1uUazshDPYeorUmpHVIci9ywHe1eT_k7J.csv,1.0
d26aaa70a884,Kangpokpi,Manipur,Senapati,Kangpokpi,SPLIT,2016,1uUazshDPYeorUmpHVIci9ywHe1eT_k7J.csv,1.0
ac76394d6649,Senapati,Manipur,Senapati,Senapati,SPLIT,2016,1uUazshDPYeorUmpHVIci9ywHe1eT_k7J.csv,1.0
b982f900cd53,Noney,Manipur,Tamenglong,Noney,SPLIT,2016,1uUazshDPYeorUmpHVIci9ywHe1eT_k7J.csv,1.0
a33082c987b7,Tamenglong,Manipur,Tamenglong,Tamenglong,SPLIT,2016,1uUazshDPYeorUmpHVIci9ywHe1eT_k7J.csv,1.0
1d818e49349d,Tengnoupal,Manipur,Chandel,Tengnoupal,SPLIT,2016,1uUazshDPYeorUmpHVIci9ywHe1eT_k7J.csv,1.0
61cd034b306c,Chandel,Manipur,Chandel,Chandel,SPLIT,2016,1uUazshDPYeorUmpHVIci9ywHe1eT_k7J.csv,1.0
efbcdf4199b0,Pherzawl,Manipur,Churachandpur,Pherzawl,SPLIT,2016,1uUazshDPYeorUmpHVIci9ywHe1eT_k7J.csv,1.0
0b6765597eed,Churachandpur,Manipur,Churachandpur,Churachandpur,SPLIT,2016,1uUazshDPYeorUmpHVIci9ywHe1eT_k7J.csv,1.0
a65439a9efda,North Garo Hills,Meghalaya,East Garo Hills,North Garo Hills,SPLIT,2012,1uUazshDPYeorUmpHVIci9ywHe1eT_k7J.csv,1.0
a684ee23b131,East Garo Hills,Meghalaya,East Garo Hills,East Garo Hills,SPLIT,2012,1uUazshDPYeorUmpHVIci9ywHe1eT_k7J.csv,1.0
97d5f2bacfbe,West Jaintia Hills,Meghalaya,Jaintia Hills,West Jaintia Hills,SPLIT,2012,1uUazshDPYeorUmpHVIci9ywHe1eT_k7J.csv,1.0
95658193188d,East Jaintia Hills,Meghalaya,Jaintia Hills,East Jaintia Hills,SPLIT,2012,1uUazshDPYeorUmpHVIci9ywHe1eT_k7J.csv,1.0
b602b1af3c02,South West Khasi Hills,Meghalaya,West Khasi Hills,South West Khasi Hills,SPLIT,2012,1uUazshDPYeorUmpHVIci9ywHe1eT_k7J.csv,1.0
283447acbda3,West Khasi Hills,Meghalaya,West Khasi Hills,West Khasi Hills,SPLIT,2012,1uUazshDPYeorUmpHVIci9ywHe1eT_k7J.csv,1.0
186ab7576367,Eastern West Khasi Hills,Meghalaya,West Khasi Hills,Eastern West Khasi Hills,SPLIT,2021,1uUazshDPYeorUmpHVIci9ywHe1eT_k7J.csv,1.0
283447acbda3,West Khasi Hills,Meghalaya,West Khasi Hills,West Khasi Hills,SPLIT,2021,1uUazshDPYeorUmpHVIci9ywHe1eT_k7J.csv,1.0
4edb90dd8b5d,Saitual,Mizoram,Aizawl,Saitual,SPLIT,2019,1uUazshDPYeorUmpHVIci9ywHe1eT_k7J.csv,1.0
f310795ad14d,Aizawl,Mizoram,Aizawl,Aizawl,SPLIT,2019,1uUazshDPYeorUmpHVIci9ywHe1eT_k7J.csv,1.0
fb14b1fac409,Hnathial,Mizoram,Lunglei,Hnathial,SPLIT,2019,1uUazshDPYeorUmpHVIci9ywHe1eT_k7J.csv,1.0
e201c752f1f3,Lunglei,Mizoram,Lunglei,Lunglei,SPLIT,2019,1uUazshDPYeorUmpHVIci9ywHe1eT_k7J.csv,1.0
789c72e48fa5,Khawzawl,Mizoram,Champhai,Khawzawl,SPLIT,2019,1uUazshDPYeorUmpHVIci9ywHe1eT_k7J.csv,1.0
1f643244d4a0,Champhai,Mizoram,Champhai,Champhai,SPLIT,2019,1uUazshDPYeorUmpHVIci9ywHe1eT_k7J.csv,1.0
b6ec7ede8e82,Chumoukedima,Nagaland,Dimapur,Chumoukedima,SPLIT,2021,1uUazshDPYeorUmpHVIci9ywHe1eT_k7J.csv,1.0
8654300909ed,Niuland,Nagaland,Dimapur,Niuland,SPLIT,2021,1uUazshDPYeorUmpHVIci9ywHe1eT_k7J.csv,1.0
3b6fcde98cec,Dimapur,Nagaland,Dimapur,Dimapur,SPLIT,2021,1uUazshDPYeorUmpHVIci9ywHe1eT_k7J.csv,1.0
56dab2fa4965,Noklak,Nagaland,Tuensang,Noklak,SPLIT,2017,1uUazshDPYeorUmpHVIci9ywHe1eT_k7J.csv,1.0
b4945a7b731f,Tuensang,Nagaland,Tuensang,Tuensang,SPLIT,2021,1uUazshDPYeorUmpHVIci9ywHe1eT_k7J.csv,1.0
b5e8b448052d,Kohima,Nagaland,Kohima,Kohima,SPLIT,2021,1uUazshDPYeorUmpHVIci9ywHe1eT_k7J.csv,1.0
ff997476d680,Tseminyü,Nagaland,Kohima,Tseminyü,SPLIT,2021,1uUazshDPYeorUmpHVIci9ywHe1eT_k7J.csv,1.0
7b6bf21401ae,Pathankot,Punjab,Gurdaspur,Pathankot,SPLIT,2011,1uUazshDPYeorUmpHVIci9ywHe1eT_k7J.csv,1.0
72d5e7aa0e3c,Gurdaspur,Punjab,Gurdaspur,Gurdaspur,SPLIT,2011,1uUazshDPYeorUmpHVIci9ywHe1eT_k7J.csv,1.0
f3d7469f1a98,Fazilka,Punjab,Firozpur,Fazilka,SPLIT,2011,1uUazshDPYeorUmpHVIci9ywHe1eT_k7J.csv,1.0
2c05466eb127,Firozpur,Punjab,Firozpur,Firozpur,SPLIT,2011,1uUazshDPYeorUmpHVIci9ywHe1eT_k7J.csv,1.0
d35606168a2a,Malerkotla,Punjab,Sangrur,Malerkotla,SPLIT,2021,1uUazshDPYeorUmpHVIci9ywHe1eT_k7J.csv,1.0
5e88d2f00ad9,Sangrur,Punjab,Sangrur,Sangrur,SPLIT,2021,1uUazshDPYeorUmpHVIci9ywHe1eT_k7J.csv,1.0
11f9ea81428b,Pakyong,Sikkim,East,Pakyong,SPLIT,2021,1uUazshDPYeorUmpHVIci9ywHe1eT_k7J.csv,1.0
09926d1c3c86,East,Sikkim,East,East,SPLIT,2021,1uUazshDPYeorUmpHVIci9ywHe1eT_k7J.csv,1.0
b6719fb488f6,Soreng,Sikkim,West,Soreng,SPLIT,2021,1uUazshDPYeorUmpHVIci9ywHe1eT_k7J.csv,1.0
e3957673e937,West,Sikkim,West,West,SPLIT,2021,1uUazshDPYeorUmpHVIci9ywHe1eT_k7J.csv,1.0
4377e516ed96,Tenkasi,Tamil Nadu,Tirunelveli,Tenkasi,SPLIT,2019,1uUazshDPYeorUmpHVIci9ywHe1eT_k7J.csv,1.0
f2c78d7363ab,Tirunelveli,Tamil Nadu,Tirunelveli,Tirunelveli,SPLIT,2019,1uUazshDPYeorUmpHVIci9ywHe1eT_k7J.csv,1.0
71edda46d3a4,Kallakurichi,Tamil Nadu,Viluppuram,Kallakurichi,SPLIT,2019,1uUazshDPYeorUmpHVIci9ywHe1eT_k7J.csv,1.0
4d942343893d,Viluppuram,Tamil Nadu,Viluppuram,Viluppuram,SPLIT,2019,1uUazshDPYeorUmpHVIci9ywHe1eT_k7J.csv,1.0
35d2c27586e5,Tirupattur,Tamil Nadu,Vellore,Tirupattur,SPLIT,2019,1uUazshDPYeorUmpHVIci9ywHe1eT_k7J.csv,1.0
655cadf7e5ff,Ranipet,Tamil Nadu,Vellore,Ranipet,SPLIT,2019,1uUazshDPYeorUmpHVIci9ywHe1eT_k7J.csv,1.0
115049b233bf,Vellore,Tamil Nadu,Vellore,Vellore,SPLIT,2019,1uUazshDPYeorUmpHVIci9ywHe1eT_k7J.csv,1.0
665bb7b05162,Chengalpattu,Tamil Nadu,Kancheepuram,Chengalpattu,SPLIT,2019,1uUazshDPYeorUmpHVIci9ywHe1eT_k7J.csv,1.0
3eb72fa794b5,Kancheepuram,Tamil Nadu,Kancheepuram,Kancheepuram,SPLIT,2019,1uUazshDPYeorUmpHVIci9ywHe1eT_k7J.csv,1.0
63b6477755fc,Mayiladuthurai,Tamil Nadu,Nagapattinam,Mayiladuthurai,SPLIT,2020,1uUazshDPYeorUmpHVIci9ywHe1eT_k7J.csv,1.0
90c5cc3fc088,Nagapattinam,Tamil Nadu,Nagapattinam,Nagapattinam,SPLIT,2020,1uUazshDPYeorUmpHVIci9ywHe1eT_k7J.csv,1.0
98e730b33f90,Adilabad,Telangana,Adilabad,Adilabad,SPLIT,2016,1uUazshDPYeorUmpHVIci9ywHe1eT_k7J.csv,1.0
499aa95fc8a1,Bhadradri Kothagudem,Telangana,Khammam,Bhadradri Kothagudem,SPLIT,2016,1uUazshDPYeorUmpHVIci9ywHe1eT_k7J.csv,1.0
2c9893ccf0c6,Jagitial,Telangana,Karimnagar,Jagitial,SPLIT,2016,1uUazshDPYeorUmpHVIci9ywHe1eT_k7J.csv,1.0
311c8bceeb8e,Jangaon,Telangana,Nalgonda,Jangaon,SPLIT,2016,1uUazshDPYeorUmpHVIci9ywHe1eT_k7J.csv,1.0
311c8bceeb8e,Jangaon,Telangana,Warangal,Jangaon,SPLIT,2016,1uUazshDPYeorUmpHVIci9ywHe1eT_k7J.csv,1.0
83931637e12e,Jayashankar Bhupalpally,Telangana,Karimnagar,Jayashankar Bhupalpally,SPLIT,2016,1uUazshDPYeorUmpHVIci9ywHe1eT_k7J.csv,1.0
83931637e12e,Jayashankar Bhupalpally,Telangana,Warangal,Jayashankar Bhupalpally,SPLIT,2016,1uUazshDPYeorUmpHVIci9ywHe1eT_k7J.csv,1.0
83931637e12e,Jayashankar Bhupalpally,Telangana,Jayashankar Bhupalpally,Jayashankar Bhupalpally,SPLIT,2019,1uUazshDPYeorUmpHVIci9ywHe1eT_k7J.csv,1.0
8d50521b95bd,Jogulamba Gadwal,Telangana,Mahabubnagar,Jogulamba Gadwal,SPLIT,2016,1uUazshDPYeorUmpHVIci9ywHe1eT_k7J.csv,1.0
30174acca206,Gomati,Tripura,South Tripura,Gomati,SPLIT,2012,1uUazshDPYeorUmpHVIci9ywHe1eT_k7J.csv,1.0
9ab0eb275c10,South Tripura,Tripura,South Tripura,South Tripura,SPLIT,2012,1uUazshDPYeorUmpHVIci9ywHe1eT_k7J.csv,1.0
0f92a5fbb4c5,Khowai,Tripura,West Tripura,Khowai,SPLIT,2012,1uUazshDPYeorUmpHVIci9ywHe1eT_k7J.csv,1.0
3cd8c489c04b,Sipahijala,Tripura,West Tripura,Sipahijala,SPLIT,2012,1uUazshDPYeorUmpHVIci9ywHe1eT_k7J.csv,1.0
7ec92d25630b,West Tripura,Tripura,West Tripura,West Tripura,SPLIT,2012,1uUazshDPYeorUmpHVIci9ywHe1eT_k7J.csv,1.0
006d2fe12df8,Unakoti,Tripura,North Tripura,Unakoti,SPLIT,2012,1uUazshDPYeorUmpHVIci9ywHe1eT_k7J.csv,1.0
78f434e41aa7,North Tripura,Tripura,North Tripura,North Tripura,SPLIT,2012,1uUazshDPYeorUmpHVIci9ywHe1eT_k7J.csv,1.0
b17efe34673f,Ghaziabad,Uttar Pradesh,Ghaziabad,Ghaziabad,SPLIT,2011,1uUazshDPYeorUmpHVIci9ywHe1eT_k7J.csv,1.0
5c0252aa273a,Hapur,Uttar Pradesh,Ghaziabad,Hapur,SPLIT,2011,1uUazshDPYeorUmpHVIci9ywHe1eT_k7J.csv,1.0
d0d505edc283,Muzaffarnagar,Uttar Pradesh,Muzaffarnagar,Muzaffarnagar,SPLIT,2011,1uUazshDPYeorUmpHVIci9ywHe1eT_k7J.csv,1.0
2a3409cf515e,Shamli,Uttar Pradesh,Muzaffarnagar,Shamli,SPLIT,2011,1uUazshDPYeorUmpHVIci9ywHe1eT_k7J.csv,1.0
7347d9d51ec5,Amethi,Uttar Pradesh,Raebareli,Amethi,SPLIT,2010,1uUazshDPYeorUmpHVIci9ywHe1eT_k7J.csv,1.0
543eaea73cf5,Raebareli,Uttar Pradesh,Raebareli,Raebareli,SPLIT,2010,1uUazshDPYeorUmpHVIci9ywHe1eT_k7J.csv,1.0
7347d9d51ec5,Amethi,Uttar Pradesh,Sultanpur,Amethi,SPLIT,2010,1uUazshDPYeorUmpHVIci9ywHe1eT_k7J.csv,1.0
dc56e0985e27,Sultanpur,Uttar Pradesh,Sultanpur,Sultanpur,SPLIT,2010,1uUazshDPYeorUmpHVIci9ywHe1eT_k7J.csv,1.0
064819ae49fa,Sambhal,Uttar Pradesh,Moradabad,Sambhal,SPLIT,2011,1uUazshDPYeorUmpHVIci9ywHe1eT_k7J.csv,1.0
016b43e41a72,Moradabad,Uttar Pradesh,Moradabad,Moradabad,SPLIT,2011,1uUazshDPYeorUmpHVIci9ywHe1eT_k7J.csv,1.0
064819ae49fa,Sambhal,Uttar Pradesh,Budaun,Sambhal,SPLIT,2011,1uUazshDPYeorUmpHVIci9ywHe1eT_k7J.csv,1.0
2fded5e60fdc,Budaun,Uttar Pradesh,Budaun,Budaun,SPLIT,2011,1uUazshDPYeorUmpHVIci9ywHe1eT_k7J.csv,1.0
9058669ed917,Alipurduar,West Bengal,Jalpaiguri,Alipurduar,SPLIT,2014,1uUazshDPYeorUmpHVIci9ywHe1eT_k7J.csv,1.0
2320fd51ef37,Jalpaiguri,West Bengal,Jalpaiguri,Jalpaiguri,SPLIT,2014,1uUazshDPYeorUmpHVIci9ywHe1eT_k7J.csv,1.0
a6cdc69706d2,Pashchim Barddhaman,West Bengal,Barddhaman,Pashchim Barddhaman,SPLIT,2017,1uUazshDPYeorUmpHVIci9ywHe1eT_k7J.csv,1.0
84db65100cb1,Purba Barddhaman,West Bengal,Barddhaman,Purba Barddhaman,SPLIT,2017,1uUazshDPYeorUmpHVIci9ywHe1eT_k7J.csv,1.0
1f8e15b6fd2c,Jhargram,West Bengal,Paschim Medinipur,Jhargram,SPLIT,2017,1uUazshDPYeorUmpHVIci9ywHe1eT_k7J.csv,1.0
55e0a04cea78,Paschim Medinipur,West Bengal,Paschim Medinipur,Paschim Medinipur,SPLIT,2017,1uUazshDPYeorUmpHVIci9ywHe1eT_k7J.csv,1.0
9307bde91935,Kalimpong,West Bengal,Darjiling,Kalimpong,SPLIT,2017,1uUazshDPYeorUmpHVIci9ywHe1eT_k7J.csv,1.0
78f851dd5504,Darjiling,West Bengal,Darjiling,Darjiling,SPLIT,2017,1uUazshDPYeorUmpHVIci9ywHe1eT_k7J.csv,1.0
04d4da5baaa9,Kamareddy,Telangana,Nizamabad,Kamareddy,SPLIT,2016,1uUazshDPYeorUmpHVIci9ywHe1eT_k7J.csv,1.0
acf15f695870,Karimnagar,Telangana,Karimnagar,Karimnagar,SPLIT,2016,1uUazshDPYeorUmpHVIci9ywHe1eT_k7J.csv,1.0
ed0f2c50eb37,Khammam,Telangana,Khammam,Khammam,SPLIT,2016,1uUazshDPYeorUmpHVIci9ywHe1eT_k7J.csv,1.0
b13482297e41,Kumuram Bheem,Telangana,Adilabad,Kumuram Bheem,SPLIT,2016,1uUazshDPYeorUmpHVIci9ywHe1eT_k7J.csv,1.0
90bdec3ed58d,Mahabubabad,Telangana,Khammam,Mahabubabad,SPLIT,2016,1uUazshDPYeorUmpHVIci9ywHe1eT_k7J.csv,1.0
90bdec3ed58d,Mahabubabad,Telangana,Warangal,Mahabubabad,SPLIT,2016,1uUazshDPYeorUmpHVIci9ywHe1eT_k7J.csv,1.0
24f3c347a492,Mahabubnagar,Telangana,Mahabubnagar,Mahabubnagar,SPLIT,2016,1uUazshDPYeorUmpHVIci9ywHe1eT_k7J.csv,1.0
24f3c347a492,Mahabubnagar,Telangana,Mahabubnagar,Mahabubnagar,SPLIT,2019,1uUazshDPYeorUmpHVIci9ywHe1eT_k7J.csv,1.0
7fdb204d2e60,Mancherial,Telangana,Adilabad,Mancherial,SPLIT,2016,1uUazshDPYeorUmpHVIci9ywHe1eT_k7J.csv,1.0
479ee0961103,Medak,Telangana,Karimnagar,Medak,SPLIT,2016,1uUazshDPYeorUmpHVIci9ywHe1eT_k7J.csv,1.0
479ee0961103,Medak,Telangana,Warangal,Medak,SPLIT,2016,1uUazshDPYeorUmpHVIci9ywHe1eT_k7J.csv,1.0
479ee0961103,Medak,Telangana,Medak,Medak,SPLIT,2016,1uUazshDPYeorUmpHVIci9ywHe1eT_k7J.csv,1.0
6b8e7d2e3684,Medchal–Malkajgiri,Telangana,Ranga Reddy,Medchal–Malkajgiri,SPLIT,2016,1uUazshDPYeorUmpHVIci9ywHe1eT_k7J.csv,1.0
d42acaff34cf,Mulugu,Telangana,Warangal,Mulugu,SPLIT,2019,1uUazshDPYeorUmpHVIci9ywHe1eT_k7J.csv,1.0
d42acaff34cf,Mulugu,Telangana,Khammam,Mulugu,SPLIT,2019,1uUazshDPYeorUmpHVIci9ywHe1eT_k7J.csv,1.0
2451209dbeb3,Nagarkurnool,Telangana,Mahabubnagar,Nagarkurnool,SPLIT,2016,1uUazshDPYeorUmpHVIci9ywHe1eT_k7J.csv,1.0
40433ac62045,Nalgonda,Telangana,Nalgonda,Nalgonda,SPLIT,2016,1uUazshDPYeorUmpHVIci9ywHe1eT_k7J.csv,1.0
d731cf0d0201,Narayanpet,Telangana,Mahabubnagar,Narayanpet,SPLIT,2019,1uUazshDPYeorUmpHVIci9ywHe1eT_k7J.csv,1.0
b934366c5ca9,Nirmal,Telangana,Adilabad,Nirmal,SPLIT,2016,1uUazshDPYeorUmpHVIci9ywHe1eT_k7J.csv,1.0
8d14e88ff5da,Nizamabad,Telangana,Nizamabad,Nizamabad,SPLIT,2016,1uUazshDPYeorUmpHVIci9ywHe1eT_k7J.csv,1.0
53d577f04699,Peddapalli,Telangana,Karimnagar,Peddapalli,SPLIT,2016,1uUazshDPYeorUmpHVIci9ywHe1eT_k7J.csv,1.0
7cbee166bd7a,Rajanna Sircilla,Telangana,Karimnagar,Rajanna Sircilla,SPLIT,2016,1uUazshDPYeorUmpHVIci9ywHe1eT_k7J.csv,1.0
ce5a5080bb2c,Ranga Reddy,Telangana,Ranga Reddy,Ranga Reddy,SPLIT,2016,1uUazshDPYeorUmpHVIci9ywHe1eT_k7J.csv,1.0
e63dfceea59b,Sangareddy,Telangana,Medak,Sangareddy,SPLIT,2016,1uUazshDPYeorUmpHVIci9ywHe1eT_k7J.csv,1.0
aabb4b039d80,Siddipet,Telangana,Medak,Siddipet,SPLIT,2016,1uUazshDPYeorUmpHVIci9ywHe1eT_k7J.csv,1.0
aabb4b039d80,Siddipet,Telangana,Karimnagar,Siddipet,SPLIT,2016,1uUazshDPYeorUmpHVIci9ywHe1eT_k7J.csv,1.0
28aa42d05cc7,Suryapet,Telangana,Nalgonda,Suryapet,SPLIT,2016,1uUazshDPYeorUmpHVIci9ywHe1eT_k7J.csv,1.0
fe9afdf6bd28,Vikarabad,Telangana,Ranga Reddy,Vikarabad,SPLIT,2016,1uUazshDPYeorUmpHVIci9ywHe1eT_k7J.csv,1.0
b9fb129cc9e2,Wanaparthy,Telangana,Mahabubnagar,Wanaparthy,SPLIT,2016,1uUazshDPYeorUmpHVIci9ywHe1eT_k7J.csv,1.0
993a333e9ca5,Warangal Rural,Telangana,Warangal,Warangal Rural,SPLIT,2016,1uUazshDPYeorUmpHVIci9ywHe1eT_k7J.csv,1.0
764060025f05,Warangal Urban,Telangana,Warangal,Warangal Urban,SPLIT,2016,1uUazshDPYeorUmpHVIci9ywHe1eT_k7J.csv,1.0
1705bd075474,Yadadri Bhuvanagiri,Telangana,Nalgonda,Yadadri Bhuvanagiri,SPLIT,2016,1uUazshDPYeorUmpHVIci9ywHe1eT_k7J.csv,1.0
768f0e6ecb97,Srikakulam,Andhra Pradesh,Srikakulam,Srikakulam,SPLIT,2022,1uUazshDPYeorUmpHVIci9ywHe1eT_k7J.csv,1.0
61d71eac25b7,Parvathipuram Manyam,Andhra Pradesh,Srikakulam,Parvathipuram Manyam,SPLIT,2022,1uUazshDPYeorUmpHVIci9ywHe1eT_k7J.csv,1.0
78b9a7cf8619,Vizianagaram,Andhra Pradesh,Vizianagaram,Vizianagaram,SPLIT,2022,1uUazshDPYeorUmpHVIci9ywHe1eT_k7J.csv,1.0
61d71eac25b7,Parvathipuram Manyam,Andhra Pradesh,Vizianagaram,Parvathipuram Manyam,SPLIT,2022,1uUazshDPYeorUmpHVIci9ywHe1eT_k7J.csv,1.0
074ff7b44091,East Godavari,Andhra Pradesh,East Godavari,East Godavari,SPLIT,2022,1uUazshDPYeorUmpHVIci9ywHe1eT_k7J.csv,1.0
ff073b081084,Alluri Sitharama Raju,Andhra Pradesh,East Godavari,Alluri Sitharama Raju,SPLIT,2022,1uUazshDPYeorUmpHVIci9ywHe1eT_k7J.csv,1.0
9d38b4fa77b4,Visakhapatnam,Andhra Pradesh,Visakhapatnam,Visakhapatnam,SPLIT,2022,1uUazshDPYeorUmpHVIci9ywHe1eT_k7J.csv,1.0
ff073b081084,Alluri Sitharama Raju,Andhra Pradesh,Visakhapatnam,Alluri Sitharama Raju,SPLIT,2022,1uUazshDPYeorUmpHVIci9ywHe1eT_k7J.csv,1.0
ff073b081084,Alluri Sitharama Raju,Andhra Pradesh,Vizianagaram,Alluri Sitharama Raju,SPLIT,2022,1uUazshDPYeorUmpHVIci9ywHe1eT_k7J.csv,1.0
b6a98698a54b,Anakapalli,Andhra Pradesh,Visakhapatnam,Anakapalli,SPLIT,2022,1uUazshDPYeorUmpHVIci9ywHe1eT_k7J.csv,1.0
074ff7b44091,East Godavari,Andhra Pradesh,East Godavari,East Godavari,SPLIT,2022,1uUazshDPYeorUmpHVIci9ywHe1eT_k7J.csv,1.0
4a3fec1f4f42,Kakinada,Andhra Pradesh,East Godavari,Kakinada,SPLIT,2022,1uUazshDPYeorUmpHVIci9ywHe1eT_k7J.csv,1.0
f9705eed08f8,Dr. B. R. Ambedkar Konaseema,Andhra Pradesh,East Godavari,Dr. B. R. Ambedkar Konaseema,SPLIT,2022,1uUazshDPYeorUmpHVIci9ywHe1eT_k7J.csv,1.0
bf49126605df,Eluru,Andhra Pradesh,West Godavari,Eluru,SPLIT,2022,1uUazshDPYeorUmpHVIci9ywHe1eT_k7J.csv,1.0
d94b99a91824,West Godavari,Andhra Pradesh,West Godavari,West Godavari,SPLIT,2022,1uUazshDPYeorUmpHVIci9ywHe1eT_k7J.csv,1.0
b4fcf5c36482,Ntr,Andhra Pradesh,Krishna,Ntr,SPLIT,2022,1uUazshDPYeorUmpHVIci9ywHe1eT_k7J.csv,1.0
6281cf2f5e17,Krishna,Andhra Pradesh,Krishna,Krishna,SPLIT,2022,1uUazshDPYeorUmpHVIci9ywHe1eT_k7J.csv,1.0
1e3a5da00d37,Guntur,Andhra Pradesh,Guntur,Guntur,SPLIT,2022,1uUazshDPYeorUmpHVIci9ywHe1eT_k7J.csv,1.0
a0d87634f359,Palnadu,Andhra Pradesh,Guntur,Palnadu,SPLIT,2022,1uUazshDPYeorUmpHVIci9ywHe1eT_k7J.csv,1.0
55cfdfe4f742,Bapatla,Andhra Pradesh,Guntur,Bapatla,SPLIT,2022,1uUazshDPYeorUmpHVIci9ywHe1eT_k7J.csv,1.0
6dc1f6c10e2a,Nandyal,Andhra Pradesh,Kurnool,Nandyal,SPLIT,2022,1uUazshDPYeorUmpHVIci9ywHe1eT_k7J.csv,1.0
bc3d19588676,Anantapuramu,Andhra Pradesh,Anantapuramu,Anantapuramu,SPLIT,2022,1uUazshDPYeorUmpHVIci9ywHe1eT_k7J.csv,1.0
1d36c7e57619,Sri Sathya Sai,Andhra Pradesh,Anantapuramu,Sri Sathya Sai,SPLIT,2022,1uUazshDPYeorUmpHVIci9ywHe1eT_k7J.csv,1.0
84ce0074c31c,Annamayya,Andhra Pradesh,Chittoor,Annamayya,SPLIT,2022,1uUazshDPYeorUmpHVIci9ywHe1eT_k7J.csv,1.0
1b437315b8d5,Chittoor,Andhra Pradesh,Chittoor,Chittoor,SPLIT,2022,1uUazshDPYeorUmpHVIci9ywHe1eT_k7J.csv,1.0
84ce0074c31c,Annamayya,Andhra Pradesh,Ysr,Annamayya,SPLIT,2022,1uUazshDPYeorUmpHVIci9ywHe1eT_k7J.csv,1.0
ef65409ba557,Ysr,Andhra Pradesh,Ysr,Ysr,SPLIT,2022,1uUazshDPYeorUmpHVIci9ywHe1eT_k7J.csv,1.0
a60bb91e61c3,Tirupati,Andhra Pradesh,Chittoor,Tirupati,SPLIT,2022,1uUazshDPYeorUmpHVIci9ywHe1eT_k7J.csv,1.0
05aa110382a0,Nellore,Andhra Pradesh,Nellore,Nellore,SPLIT,2022,1uUazshDPYeorUmpHVIci9ywHe1eT_k7J.csv,1.0
a60bb91e61c3,Tirupati,Andhra Pradesh,Nellore,Tirupati,SPLIT,2022,1uUazshDPYeorUmpHVIci9ywHe1eT_k7J.csv,1.0
66c396d98fa7,Balotra,Rajasthan,Barmer,Balotra,SPLIT,2023,1uUazshDPYeorUmpHVIci9ywHe1eT_k7J.csv,1.0
28467a74e260,Barmer,Rajasthan,Barmer,Barmer,SPLIT,2023,1uUazshDPYeorUmpHVIci9ywHe1eT_k7J.csv,1.0
a06d5856bb02,Beawar,Rajasthan,Ajmer,Beawar,SPLIT,2023,1uUazshDPYeorUmpHVIci9ywHe1eT_k7J.csv,1.0
b190f718f7e2,Ajmer,Rajasthan,Ajmer,Ajmer,SPLIT,2023,1uUazshDPYeorUmpHVIci9ywHe1eT_k7J.csv,1.0
1380facba861,Didwana-Kuchaman District,Rajasthan,Nagaur,Didwana-Kuchaman District,SPLIT,2023,1uUazshDPYeorUmpHVIci9ywHe1eT_k7J.csv,1.0
a26c390d8445,Nagaur,Rajasthan,Nagaur,Nagaur,SPLIT,2023,1uUazshDPYeorUmpHVIci9ywHe1eT_k7J.csv,1.0
eda7e2a313fd,Jaipur Rural,Rajasthan,Jaipur,Jaipur Rural,SPLIT,2023,1uUazshDPYeorUmpHVIci9ywHe1eT_k7J.csv,1.0
9fb3f5324e25,Jaipur Urban,Rajasthan,Jaipur,Jaipur Urban,SPLIT,2023,1uUazshDPYeorUmpHVIci9ywHe1eT_k7J.csv,1.0
56d8d7c3fc32,Jodhpur Rural,Rajasthan,Jodhpur,Jodhpur Rural,SPLIT,2023,1uUazshDPYeorUmpHVIci9ywHe1eT_k7J.csv,1.0
32f426826173,Jodhpur Urban,Rajasthan,Jodhpur,Jodhpur Urban,SPLIT,2023,1uUazshDPYeorUmpHVIci9ywHe1eT_k7J.csv,1.0
148e42f538ca,Anupgarh District,Rajasthan,Sriganganagar,Anupgarh District,SPLIT,2023,1uUazshDPYeorUmpHVIci9ywHe1eT_k7J.csv,1.0
190526dcca97,Sriganganagar,Rajasthan,Sriganganagar,Sriganganagar,SPLIT,2023,1uUazshDPYeorUmpHVIci9ywHe1eT_k7J.csv,1.0
71c719a8fddc,Deeg District,Rajasthan,Bharatpur,Deeg District,SPLIT,2023,1uUazshDPYeorUmpHVIci9ywHe1eT_k7J.csv,1.0
68be6cacba1a,Bharatpur,Rajasthan,Bharatpur,Bharatpur,SPLIT,2023,1uUazshDPYeorUmpHVIci9ywHe1eT_k7J.csv,1.0
971f2f6cd3b2,Dudu District,Rajasthan,Jaipur,Dudu District,SPLIT,2023,1uUazshDPYeorUmpHVIci9ywHe1eT_k7J.csv,1.0
66133effdc69,Gangapur District,Rajasthan,Sawai Madhopur,Gangapur District,SPLIT,2023,1uUazshDPYeorUmpHVIci9ywHe1eT_k7J.csv,1.0
d4233e721f3f,Sawai Madhopur,Rajasthan,Sawai Madhopur,Sawai Madhopur,SPLIT,2023,1uUazshDPYeorUmpHVIci9ywHe1eT_k7J.csv,1.0
d120dd0e949a,Kekri District,Rajasthan,Ajmer,Kekri District,SPLIT,2023,1uUazshDPYeorUmpHVIci9ywHe1eT_k7J.csv,1.0
fe24995fbb6d,Khairthal-Tijara District,Rajasthan,Alwar,Khairthal-Tijara District,SPLIT,2023,1uUazshDPYeorUmpHVIci9ywHe1eT_k7J.csv,1.0
7d8622c1fd55,Alwar,Rajasthan,Alwar,Alwar,SPLIT,2023,1uUazshDPYeorUmpHVIci9ywHe1eT_k7J.csv,1.0
f28e98e7ea60,Kotputli-Behror District,Rajasthan,Jaipur,Kotputli-Behror District,SPLIT,2023,1uUazshDPYeorUmpHVIci9ywHe1eT_k7J.csv,1.0
929f7a742fe6,Neem Ka Thana,Rajasthan,Sikar,Neem Ka Thana,SPLIT,2023,1uUazshDPYeorUmpHVIci9ywHe1eT_k7J.csv,1.0
4a05a7a754a6,Sikar,Rajasthan,Sikar,Sikar,SPLIT,2023,1uUazshDPYeorUmpHVIci9ywHe1eT_k7J.csv,1.0
19d81026dcdd,Phalodi District,Rajasthan,Jodhpur,Phalodi District,SPLIT,2023,1uUazshDPYeorUmpHVIci9ywHe1eT_k7J.csv,1.0
fe9a9348fdcf,Salumbar District,Rajasthan,Udaipur,Salumbar District,SPLIT,2023,1uUazshDPYeorUmpHVIci9ywHe1eT_k7J.csv,1.0
a9d6c328a91c,Udaipur,Rajasthan,Udaipur,Udaipur,SPLIT,2023,1uUazshDPYeorUmpHVIci9ywHe1eT_k7J.csv,1.0
47850ff28195,Sanchore District,Rajasthan,Jalore,Sanchore District,SPLIT,2023,1uUazshDPYeorUmpHVIci9ywHe1eT_k7J.csv,1.0
6495bc209243,Jalore,Rajasthan,Jalore,Jalore,SPLIT,2023,1uUazshDPYeorUmpHVIci9ywHe1eT_k7J.csv,1.0
2808ad11dc3d,Shahpura District,Rajasthan,Bhilwara,Shahpura District,SPLIT,2023,1uUazshDPYeorUmpHVIci9ywHe1eT_k7J.csv,1.0
d4fe6badafe8,Bhilwara,Rajasthan,Bhilwara,Bhilwara,SPLIT,2023,1uUazshDPYeorUmpHVIci9ywHe1eT_k7J.csv,1.0
