relationship_id,event_id,from_ck,to_ck,from_area_km2,to_area_km2,raw_intersection_area_km2,physical_union_covered_area_km2,raw_intersection_sum_km2,overlap_area_km2,union_coverage_ratio,raw_weight_i,overlap_excess,normalized_weight_i,allocated_area_i,normalization_method,distribution_assumption,measurement_status,crosswalk_status,overlap_status,physical_uncovered_area_km2,split_semantics
ae14748c3003472c7a495bd07dd203e1,4f95b1a1-9e31-433e-9f1c-2ba314fc798f,IND-000622,IND-000761,8676.439506350998,4144.23289929674,4119.353396859265,440.6148270507038,4119.353396859265,3678.738569808561,0.05078290775014125,0.4747746346694369,0.42399172691929565,0.4747746346694369,209.19274354293503,NONE,Uniform spatial distribution assumed across district area; no ancillary data available for this build,MEASURED,MEASURED,EXTREME_OVERLAP,8235.824679300295,UNKNOWN
7776bfa3458353ef1346e0f6889d73b0,078f48f0-e028-4080-9a5c-c8f2c1f08481,IND-000686,IND-000685,5178.429151035631,2210.3677597710166,2210.330092146432,695.0531529791084,2210.330092146432,1515.2769391673237,0.13422084819681374,0.42683408958185504,0.2926132413850413,0.2133328765096384,148.27768845212694,PROPORTIONAL_APPORTIONMENT,Weights normalized (pre-normalization sum=2.001) due to overlapping target geometries detected in crosswalk_errors,MEASURED,MEASURED_NORMALIZED,EXTREME_OVERLAP,4483.375998056522,UNKNOWN
a9e0534e948be1fbb9da9493fa819c18,8ab735d6-444c-4f2f-baf7-7d718e56781c,IND-000661,IND-000805,10561.576512388689,5077.82020437052,5015.2071975921,781.259693863975,5015.2071975921,4233.9475037281245,0.07397188222303369,0.47485403260671183,0.40088215038367814,0.23882223850891826,186.58218894538672,PROPORTIONAL_APPORTIONMENT,Weights normalized (pre-normalization sum=1.988) due to overlapping target geometries detected in crosswalk_errors,MEASURED,MEASURED_NORMALIZED,EXTREME_OVERLAP,9780.316818524714,UNKNOWN
5eea85f3483f0677b1faaefd805fea81,f7aa6f82-85f4-46ab-89d1-a9753bf1a6f8,IND-000688,IND-000687,13192.198549347566,6054.796827098722,6054.709290994718,1789.9001889742572,6054.709290994718,4264.809102020461,0.1356786878456115,0.45896135267719723,0.32328266483158574,0.22865623140346128,409.27183179919683,PROPORTIONAL_APPORTIONMENT,Weights normalized (pre-normalization sum=2.007) due to overlapping target geometries detected in crosswalk_errors,MEASURED,MEASURED_NORMALIZED,EXTREME_OVERLAP,11402.298360373308,UNKNOWN
518c8aac62053b16af681a45831cadbb,edb0c8c4-541b-4516-9259-10db8b4c63c0,IND-000036,IND-000395,7959.739414241198,5105.1824787362975,5105.063273416816,,5105.063273416816,,,0.6413606033739085,,0.4626689395916662,,PROPORTIONAL_APPORTIONMENT,Weights normalized (pre-normalization sum=1.386) due to overlapping target geometries detected in crosswalk_errors,MEASURED,MEASURED_NORMALIZED,EXTREME_OVERLAP,,UNKNOWN
995e8db1e690c0bbab6817c1227fd357,7d6cdf23-15d7-49d6-93f1-8a844605bf82,IND-000036,IND-000394,7959.739414241198,2854.621014425809,2854.5923278271835,,2854.5923278271835,,,0.3586288670103796,,0.2587100559868956,,PROPORTIONAL_APPORTIONMENT,Weights normalized (pre-normalization sum=1.386) due to overlapping target geometries detected in crosswalk_errors,MEASURED,MEASURED_NORMALIZED,EXTREME_OVERLAP,,CLEAN_SPLIT
5b2ce94796063070e1d851b51b6536a2,e51f4a9c-bf71-46da-9aaf-26e2b2a1f03e,IND-000095,IND-000878,10863.678551326559,4188.210421040709,4142.319661521646,1584.197651369876,4142.319661521646,2558.1220101517697,0.14582515893536177,0.3812999107025151,0.23547475176715335,0.3812999107025151,604.0544230024678,NONE,Uniform spatial distribution assumed across district area; no ancillary data available for this build,MEASURED,MEASURED,EXTREME_OVERLAP,9279.480899956683,UNKNOWN
a5e51046a144baee828e541c248da44e,f323bc4b-a1a4-47e0-ae5e-d815e1ea2e02,IND-000095,IND-000879,10863.678551326559,4869.138398660632,20.529694764381578,7.504424395702515,20.529694764381578,13.025270368679063,0.000690781153018022,0.0018897553593275923,0.0011989742063095703,0.0018897553593275923,0.014181526220447558,NONE,Uniform spatial distribution assumed across district area; no ancillary data available for this build,MEASURED,MEASURED,NO_OVERLAP,10856.174126930857,CLEAN_SPLIT
eb0df4b36e8ee2129ccb21489608d676,3c56a4b2-5e68-4886-81c3-b132e2008327,IND-000120,IND-000491,18258.41543982621,8562.46190368956,8562.186812405565,897.9678809023649,8562.186812405565,7664.218931503201,0.049181041140277174,0.4689446814606527,0.41976364032037555,0.2529804802584957,227.16834576738393,PROPORTIONAL_APPORTIONMENT,Weights normalized (pre-normalization sum=1.854) due to overlapping target geometries detected in crosswalk_errors,MEASURED,MEASURED_NORMALIZED,EXTREME_OVERLAP,17360.447558923846,UNKNOWN
7f6e8bff9bb22e84503f66b9806a9587,7addf463-f29c-4d9d-b697-2b4ab2a54d17,IND-000120,IND-000495,18258.41543982621,1492.4072590152123,1492.2652780523795,152.86821507289847,1492.2652780523795,1339.397062979481,0.008372479834118263,0.08173027297852871,0.07335779314441045,0.044090837421089296,6.7400876176312785,PROPORTIONAL_APPORTIONMENT,Weights normalized (pre-normalization sum=1.854) due to overlapping target geometries detected in crosswalk_errors,MEASURED,MEASURED_NORMALIZED,EXTREME_OVERLAP,18105.54722475331,UNKNOWN
f2da81e4c68bbdb6592db93c496db421,f36e875b-001c-435f-bbe6-740da0f751f0,IND-000250,IND-000886,3639.7931767065006,951.3756982348065,930.3139352458293,275.76942650425235,930.3139352458293,654.5445087415769,0.07576513640090528,0.2555952742588611,0.17983013785795582,0.2555952742588611,70.48536219956321,NONE,Uniform spatial distribution assumed across district area; no ancillary data available for this build,MEASURED,MEASURED,EXTREME_OVERLAP,3364.0237502022483,UNKNOWN
a50d87e228799c8ae251c4b527ac8951,169b5e3e-19a0-43cb-9fb9-0a7d9ff2656b,IND-000263,IND-000859,5194.168485884748,2431.887269939046,903.3590833074112,207.0617357349061,903.3590833074112,696.297347572505,0.039864270151728866,0.17391794004416813,0.13405366989243928,0.17391794004416813,36.011750540984785,NONE,Uniform spatial distribution assumed across district area; no ancillary data available for this build,MEASURED,MEASURED,EXTREME_OVERLAP,4987.106750149842,CLEAN_SPLIT
8a8c9e43824645ea4d3fbe9a0652414b,07672b87-cd01-4597-a8ad-9ccf125488cc,IND-000314,IND-000874,6262.063523813318,2749.769589662794,2734.3807768220045,29.38505871484055,2734.3807768220045,2704.995718107164,0.004692552000326301,0.4366581026244346,0.4319655506241083,0.4366581026244346,12.831223983929881,NONE,Uniform spatial distribution assumed across district area; no ancillary data available for this build,MEASURED,MEASURED,EXTREME_OVERLAP,6232.678465098477,UNKNOWN
82375b59a78d19efec489c11ff0a0876,e119fdec-c024-40e6-ac94-ec9040d73354,IND-000332,IND-000829,12801.523008191938,1299.46337040526,824.3205360286769,159.71785815226374,824.3205360286769,664.6026778764132,0.012476473154800194,0.06439238014892279,0.051915906994122595,0.052630232470369534,8.405988004223147,PROPORTIONAL_APPORTIONMENT,Weights normalized (pre-normalization sum=1.223) due to overlapping target geometries detected in crosswalk_errors,MEASURED,MEASURED_NORMALIZED,EXTREME_OVERLAP,12641.805150039674,UNKNOWN
307a6f1380d78981bc50777d360c198a,e9ff3e82-e52f-4ce7-8a1e-1a22446b048f,IND-000332,IND-000905,12801.523008191938,2291.0544055699793,2097.5899091637234,414.6778082196336,2097.5899091637234,1682.9121009440898,0.03239284950347497,0.16385471539764726,0.1314618658941723,0.13392441377069797,55.53548236953235,PROPORTIONAL_APPORTIONMENT,Weights normalized (pre-normalization sum=1.223) due to overlapping target geometries detected in crosswalk_errors,MEASURED,MEASURED_NORMALIZED,EXTREME_OVERLAP,12386.845199972304,CLEAN_SPLIT
d5a8b518e4df6cd374e5cb696c7f8087,fbb5bba6-d605-438b-b149-e7e7393ee507,IND-000332,IND-000016,12801.523008191938,2085.2547300917554,2085.193683457765,394.7014497272336,2085.193683457765,1690.4922337305316,0.03083238216848547,0.1628863754823086,0.13205399331382314,0.13313295436607983,52.54777009476134,PROPORTIONAL_APPORTIONMENT,Weights normalized (pre-normalization sum=1.223) due to overlapping target geometries detected in crosswalk_errors,MEASURED,MEASURED_NORMALIZED,EXTREME_OVERLAP,12406.821558464704,CLEAN_SPLIT
e731cffeb42d015dec92960ef519e2dd,b4d87243-88ff-4013-bfb0-8009bbc05409,IND-000332,IND-000816,12801.523008191938,2749.53751080338,,0.0,,,,,,,,NONE,No geometric data available for this lineage pair,UNMEASURED,UNMEASURED,UNKNOWN,12801.523008191938,CLEAN_SPLIT
efd4e722c89af86052fa402a0854d190,4119216f-002e-4eb8-a300-398097694a10,IND-000332,IND-000813,12801.523008191938,3566.7800465627183,3038.076808855338,562.7190178005856,3038.076808855338,2475.357791054753,0.04395719301840031,0.23732151298804174,0.19336431996964143,0.1939714974022343,109.15145049949412,PROPORTIONAL_APPORTIONMENT,Weights normalized (pre-normalization sum=1.223) due to overlapping target geometries detected in crosswalk_errors,MEASURED,MEASURED_NORMALIZED,EXTREME_OVERLAP,12238.803990391352,CLEAN_SPLIT
f867a693a65bd668e724e51bc016ddc4,482b0338-70c1-4ea4-aada-42ec5e79465d,IND-000353,IND-000856,2972.6680226576245,1001.7639686359598,972.8233588248613,,972.8233588248613,,,0.3272559705322015,,0.164953327371185,,PROPORTIONAL_APPORTIONMENT,Weights normalized (pre-normalization sum=1.984) due to overlapping target geometries detected in crosswalk_errors,MEASURED,MEASURED_NORMALIZED,EXTREME_OVERLAP,,UNKNOWN
6fede2ace781f68e8c44bc6ea2b210a3,f0f72cc4-f670-4825-a71d-02d23b45db1e,IND-000353,IND-000843,2972.6680226576245,1041.76949839334,1012.4235090573493,,1012.4235090573493,,,0.34057738749859545,,0.17166798577858422,,PROPORTIONAL_APPORTIONMENT,Weights normalized (pre-normalization sum=1.984) due to overlapping target geometries detected in crosswalk_errors,MEASURED,MEASURED_NORMALIZED,EXTREME_OVERLAP,,UNKNOWN
f6196852fe18732a416c911f01dff883,aad118f7-ca91-417e-9f09-08d5c5674b6e,IND-000398,IND-000615,3951.591252332833,1873.260538160771,1873.2102747659494,,1873.2102747659494,,,0.4740394831221712,,0.23692604187712085,,PROPORTIONAL_APPORTIONMENT,Weights normalized (pre-normalization sum=2.001) due to overlapping target geometries detected in crosswalk_errors,MEASURED,MEASURED_NORMALIZED,EXTREME_OVERLAP,,CLEAN_SPLIT
a3c4418b484c1eebc83a009c718a2452,a537339d-7a92-4f66-b6b4-b719f4949c65,IND-000398,IND-000614,3951.591252332833,2078.305874895721,2078.3058525064857,,2078.3058525064857,,,0.5259415055338914,,0.26286679401539215,,PROPORTIONAL_APPORTIONMENT,Weights normalized (pre-normalization sum=2.001) due to overlapping target geometries detected in crosswalk_errors,MEASURED,MEASURED_NORMALIZED,EXTREME_OVERLAP,,UNKNOWN
3fcc88559bcf50c5a609e4dbffcb2349,8fe31875-4c70-4db2-9818-9748a16404b1,IND-000429,IND-000430,7416.438855801343,2673.482779835958,2673.482779835958,894.1431155058741,2673.482779835958,1779.339664330084,0.12056232551643713,0.36048066084232405,0.2399183353258869,0.15689411778819,140.2857952836778,PROPORTIONAL_APPORTIONMENT,Weights normalized (pre-normalization sum=2.298) due to overlapping target geometries detected in crosswalk_errors,MEASURED,MEASURED_NORMALIZED,EXTREME_OVERLAP,6522.295740295469,UNKNOWN
647b576de3d6f633073da871294e1eb4,ebcef40c-b395-45fa-bbf7-414bbf5a7b09,IND-000439,IND-000587,2623.2209773494837,444.1671057833394,444.1284221843512,41.04185272039316,444.1284221843512,403.0865694639581,0.01564559489069886,0.16930652278981884,0.15366092789911998,0.08465455451625033,3.4743797585664393,PROPORTIONAL_APPORTIONMENT,Weights normalized (pre-normalization sum=2.000) due to overlapping target geometries detected in crosswalk_errors,MEASURED,MEASURED_NORMALIZED,EXTREME_OVERLAP,2582.1791246290904,UNKNOWN
baa383470f8996e0c6996fb39730f51f,054634ab-1e42-4f94-9d46-10a2f83c9c4a,IND-000474,IND-000581,5360.606689055379,2848.8975527791185,2848.8804383035067,340.75229929966406,2848.8804383035067,2508.1281390038425,0.06356599524366706,0.5314473908559635,0.4678813956122964,0.5314473908559635,181.0919203909768,NONE,Uniform spatial distribution assumed across district area; no ancillary data available for this build,MEASURED,MEASURED,EXTREME_OVERLAP,5019.854389755716,UNKNOWN
8620155b9681334a9aa18d13b2342d6f,785669f0-14db-41f0-bf15-84b2df5be2d3,IND-000475,IND-000576,4398.121714805266,2395.598020044829,2395.460305905359,344.7989682519793,2395.460305905359,2050.6613376533796,0.07839686816562917,0.5446553008848283,0.4662584327191991,0.5439744432524255,187.56182678888118,PROPORTIONAL_APPORTIONMENT,Weights normalized (pre-normalization sum=1.001) due to overlapping target geometries detected in crosswalk_errors,MEASURED,MEASURED_NORMALIZED,EXTREME_OVERLAP,4053.3227465532864,UNKNOWN
59fef7523b0a4fcbbf131fdad71f1363,49dce1ce-8bf4-4495-aacc-f14d46d651c5,IND-000036,IND-000395,7959.739414241198,5105.1824787362975,5105.063273416816,,5105.063273416816,,,0.6413606033739085,,0.4626689395916662,,PROPORTIONAL_APPORTIONMENT,Weights normalized (pre-normalization sum=1.386) due to overlapping target geometries detected in crosswalk_errors,MEASURED,MEASURED_NORMALIZED,EXTREME_OVERLAP,,CLEAN_SPLIT
966c8fd98d76798c541a5e3eccdeef8e,413bcc11-50ec-4d53-ad98-f1019d6499b5,IND-000036,IND-000394,7959.739414241198,2854.621014425809,2854.5923278271835,,2854.5923278271835,,,0.3586288670103796,,0.2587100559868956,,PROPORTIONAL_APPORTIONMENT,Weights normalized (pre-normalization sum=1.386) due to overlapping target geometries detected in crosswalk_errors,MEASURED,MEASURED_NORMALIZED,EXTREME_OVERLAP,,UNKNOWN
91bed824e8d31594bbf9f2601f504fea,969181b0-e080-44a8-9b6a-fc88e683ee12,IND-000398,IND-000615,3951.591252332833,1873.260538160771,1873.2102747659494,,1873.2102747659494,,,0.4740394831221712,,0.23692604187712085,,PROPORTIONAL_APPORTIONMENT,Weights normalized (pre-normalization sum=2.001) due to overlapping target geometries detected in crosswalk_errors,MEASURED,MEASURED_NORMALIZED,EXTREME_OVERLAP,,UNKNOWN
fdade87a7f93c014262d4c36c8b1f89a,9fe5d3bd-19b5-4b77-b6ed-2750cc500cb5,IND-000398,IND-000614,3951.591252332833,2078.305874895721,2078.3058525064857,,2078.3058525064857,,,0.5259415055338914,,0.26286679401539215,,PROPORTIONAL_APPORTIONMENT,Weights normalized (pre-normalization sum=2.001) due to overlapping target geometries detected in crosswalk_errors,MEASURED,MEASURED_NORMALIZED,EXTREME_OVERLAP,,CLEAN_SPLIT
dfc17a820bbffa08efd9dd133ff44e77,b2977884-40e5-4eb8-9c4d-2fefa5a3ed12,IND-000609,IND-000869,580.5028572288168,329.65910159766497,161.36962780542902,,161.36962780542902,,,0.2779824867284365,,0.0803300767804544,,PROPORTIONAL_APPORTIONMENT,Weights normalized (pre-normalization sum=3.461) due to overlapping target geometries detected in crosswalk_errors,MEASURED,MEASURED_NORMALIZED,EXTREME_OVERLAP,,UNKNOWN
e74c0889dd8c6438cda9faba6abd354b,49663937-bc7f-499b-9eea-ee7ae41b5aa5,IND-000698,IND-000699,14024.136959900314,5571.663346105022,5571.565650537466,1393.6229515738903,5571.565650537466,4177.942698963576,0.09937317038180127,0.39728403013094005,0.2979108597491388,0.39728403013094005,553.664142684251,NONE,Uniform spatial distribution assumed across district area; no ancillary data available for this build,MEASURED,LOW_COVERAGE,EXTREME_OVERLAP,12630.514008326423,UNKNOWN
186be17e9c3373d8680ab5fc1fc15276,70ba7e6e-60c3-4e04-b4ec-2a572bddda68,IND-000712,IND-000800,9583.818078748158,5068.851676878484,5005.5631595021305,1076.361010839876,5005.5631595021305,3929.2021486622543,0.11231025067417293,0.5222932153315623,0.4099829646573893,0.5222932153315623,562.1760532090893,NONE,Uniform spatial distribution assumed across district area; no ancillary data available for this build,MEASURED,MEASURED,EXTREME_OVERLAP,8507.457067908283,UNKNOWN
aad664b2dfb5391b085049a9651bf274,9c7d1ac2-ad98-44df-9953-5332e9684b39,IND-000890,IND-000405,13408.958841883028,7137.061091359662,,,,,,,,,,NONE,No geometric data available for this lineage pair,UNMEASURED,UNMEASURED,UNKNOWN,,CLEAN_SPLIT
7759178199475d5dba76993fdecdc55b,a638752a-f852-48e5-95c3-46efce0a4ccf,IND-000890,IND-000406,13408.958841883028,6271.9410720056485,,,,,,,,,,NONE,No geometric data available for this lineage pair,UNMEASURED,UNMEASURED,UNKNOWN,,CLEAN_SPLIT
a8e74038f5f9dd171e785f13896b3c42,7e3d78c4-f6bd-4ce8-8a13-77aafc0439b5,IND-000890,IND-000405,13408.958841883028,7137.061091359662,,,,,,,,,,NONE,No geometric data available for this lineage pair,UNMEASURED,UNMEASURED,UNKNOWN,,UNKNOWN
e1e00f915f5cfdbe2b765077720b5f96,2819a0c8-bbfa-4328-a7cf-7e538e249d31,IND-000890,IND-000406,13408.958841883028,6271.9410720056485,,,,,,,,,,NONE,No geometric data available for this lineage pair,UNMEASURED,UNMEASURED,UNKNOWN,,UNKNOWN
2366a9c6304d30c5e96e511ecacb9e7e,2116e99b-74c8-4a29-adc0-0adff5ff2ea6,IND-000661,IND-000770,11380.833455543801,4910.951280325872,1052.2138585876505,170.22973596928966,1052.2138585876505,881.9841226183609,0.01495758079882698,0.09245490347414749,0.07749732267532052,0.06429031059314125,10.944122597654061,PROPORTIONAL_APPORTIONMENT,Weights normalized (pre-normalization sum=1.438) due to overlapping target geometries detected in crosswalk_errors,MEASURED,MEASURED_NORMALIZED,EXTREME_OVERLAP,11210.603719574512,UNKNOWN
cf49ba79dcb4a4c1cac1e934947ee2f5,8fbe904b-67b4-48eb-bc55-cf8429c6cf6f,IND-000668,IND-000667,9849.921438428515,4304.4250501525985,4304.2279356447925,1226.2831082376083,4304.2279356447925,3077.944827407184,0.12449673998955803,0.43698094066540105,0.31248420067584304,0.17963796945081656,220.28700753563984,PROPORTIONAL_APPORTIONMENT,Weights normalized (pre-normalization sum=2.433) due to overlapping target geometries detected in crosswalk_errors,MEASURED,MEASURED_NORMALIZED,EXTREME_OVERLAP,8623.638330190906,UNKNOWN
2bd3356a8454d840b660b5ec6796be1d,42de457c-7541-4e1b-971a-3b07a5e40d35,IND-000680,IND-000679,7149.583093413756,3167.0880305006376,3166.99206071467,1026.094438485538,3166.99206071467,2140.897622229132,0.14351808001655134,0.4429617810347745,0.29944370101822315,0.17563690274314966,180.22004909757118,PROPORTIONAL_APPORTIONMENT,Weights normalized (pre-normalization sum=2.522) due to overlapping target geometries detected in crosswalk_errors,MEASURED,MEASURED_NORMALIZED,EXTREME_OVERLAP,6123.488654928218,UNKNOWN
afe8b0189b46b5fc026c4e9baa74df85,5f01ec20-1655-4ac2-b282-c909aa100cf0,IND-000759,IND-000876,9348.95370700191,3096.254470396789,3067.7075913551166,178.13025688292817,3067.7075913551166,2889.5773344721883,0.01905349651582051,0.32813378774755864,0.30908029123173814,0.32813378774755864,58.45055590344084,NONE,Uniform spatial distribution assumed across district area; no ancillary data available for this build,MEASURED,LOW_COVERAGE,EXTREME_OVERLAP,9170.823450118982,UNKNOWN
185dd1da1fd8331a5eba22250e9d3388,2770c5bb-34ca-4eee-bdef-5734e5a6cd1a,IND-000772,IND-000947,6219.30033883042,2946.0786138211693,2916.254072785181,774.4305436246925,2916.254072785181,2141.8235291604888,0.12452052504837373,0.4689038820938501,0.34438335704547635,0.46828353775282044,362.65307471241096,PROPORTIONAL_APPORTIONMENT,Weights normalized (pre-normalization sum=1.001) due to overlapping target geometries detected in crosswalk_errors,MEASURED,MEASURED_NORMALIZED,EXTREME_OVERLAP,5444.869795205727,UNKNOWN
ee1ecb07dca194019df34abd8e2d2d44,0eaa62db-9625-4a1b-b917-2ca77df089a7,IND-000021,IND-000510,4076.6528671445417,1632.140233237213,0.029770806067300464,,0.029770806067300464,,,7.30275719751267e-06,,5.391309779743054e-06,,PROPORTIONAL_APPORTIONMENT,Weights normalized (pre-normalization sum=1.355) due to overlapping target geometries detected in crosswalk_errors,MEASURED,MEASURED_NORMALIZED,EXTREME_OVERLAP,,UNKNOWN
1cf1002dda39e21206607ea35392074d,146849f2-c70e-43ab-b5ab-e0e69eb264ae,IND-000021,IND-000864,3986.014683159142,1455.4770667676885,1399.3678273957944,,1399.3678273957944,,,0.35106941108574047,,0.3309418154310772,,PROPORTIONAL_APPORTIONMENT,Weights normalized (pre-normalization sum=1.061) due to overlapping target geometries detected in crosswalk_errors,MEASURED,MEASURED_NORMALIZED,EXTREME_OVERLAP,,UNKNOWN
ba4cfd976fca0d45fc1eff1aea6bf209,17624995-164f-402a-93b3-ddcf378fa923,IND-000022,IND-000423,2641.923935510518,3142.671754086188,0.07577037772222452,,0.07577037772222452,,,2.867999971679081e-05,,1.2093774713936512e-05,,PROPORTIONAL_APPORTIONMENT,Weights normalized (pre-normalization sum=2.371) due to overlapping target geometries detected in crosswalk_errors,MEASURED,MEASURED_NORMALIZED,EXTREME_OVERLAP,,UNKNOWN
6bd8a81c499224ded8fd798478d91eb1,8cc4e752-7fcf-4b21-90d8-8fe630d52f01,IND-000022,IND-000508,2641.923935510518,3223.7954340092306,,0.0,,,,,,,,NONE,No geometric data available for this lineage pair,UNMEASURED,UNMEASURED,UNKNOWN,2641.923935510518,UNKNOWN
742dadf6bcd1bebb92313b63aa3077e3,de7bbfd9-4dfb-4d99-ad0a-a1ab19bb9884,IND-000098,IND-000377,7230.064395931892,1737.277075172612,605.3720048002775,144.5510643205975,605.3720048002775,460.82094047968,0.019993053506125257,0.0837298219834528,0.06373676847732754,0.03842656035615085,5.5546001976612835,PROPORTIONAL_APPORTIONMENT,Weights normalized (pre-normalization sum=2.179) due to overlapping target geometries detected in crosswalk_errors,MEASURED,MEASURED_NORMALIZED,EXTREME_OVERLAP,7085.513331611295,CLEAN_SPLIT
69df30ebe354f51037bcea4964766d24,de7fabe4-8334-4d85-9ca8-254aa32fcade,IND-000119,IND-000360,18038.617920050838,11159.378512974208,,1013.2836759674642,,,,,,,,NONE,No geometric data available for this lineage pair,UNMEASURED,UNMEASURED,UNKNOWN,17025.334244083373,CLEAN_SPLIT
ea3f4088949629bf4bb7ce3f0d188ee8,610539a6-a5df-47dc-9b7c-e65b7e1dc653,IND-000119,IND-000446,18038.617920050838,6879.0701100425,6878.985662426625,525.6095754853134,6878.985662426625,6353.376086941312,0.029138018101767745,0.3813477114995758,0.35220969339780805,0.1552640977414347,81.6082965019857,PROPORTIONAL_APPORTIONMENT,Weights normalized (pre-normalization sum=2.456) due to overlapping target geometries detected in crosswalk_errors,MEASURED,MEASURED_NORMALIZED,EXTREME_OVERLAP,17513.008344565525,UNKNOWN
2ef322d58a4777e89a1259f07497e565,1c60d5b6-22d6-42c9-9ff0-8e43691b91b1,IND-000128,IND-000320,11524.45563362246,6511.891827794665,6511.832358538463,1549.7896610592734,6511.832358538463,4962.04269747919,0.13447833983045418,0.5650446811162404,0.4305663412857862,0.5283544211690295,818.8382193027188,PROPORTIONAL_APPORTIONMENT,Weights normalized (pre-normalization sum=1.069) due to overlapping target geometries detected in crosswalk_errors,MEASURED,MEASURED_NORMALIZED,EXTREME_OVERLAP,9974.665972563187,UNKNOWN
58f6f4a02d64553ff2a07cd684264bc9,a4f1dd5a-35b0-4819-a98d-604504b627cd,IND-000228,IND-000633,17378.071734007997,5720.333415050813,5720.188643285646,717.1518041126702,5720.188643285646,5003.036839172976,0.04126762825528225,0.3291612976882544,0.2878936694329722,0.32856079456287474,235.62796658145803,PROPORTIONAL_APPORTIONMENT,Weights normalized (pre-normalization sum=1.002) due to overlapping target geometries detected in crosswalk_errors,MEASURED,MEASURED_NORMALIZED,EXTREME_OVERLAP,16660.919929895328,UNKNOWN
2aca0f3becc52c5b0410af18fc450f81,21407708-04a3-47af-bd63-1262b915b356,IND-000228,IND-000634,17378.071734007997,2151.2705300220196,2151.220185584436,246.36193675080744,2151.220185584436,1904.8582488336285,0.014176597986339861,0.12378934892843192,0.10961275094209207,0.1235635146901958,30.441346790813483,PROPORTIONAL_APPORTIONMENT,Weights normalized (pre-normalization sum=1.002) due to overlapping target geometries detected in crosswalk_errors,MEASURED,MEASURED_NORMALIZED,EXTREME_OVERLAP,17131.70979725719,UNKNOWN
9cf31cd53c23d6df80c4b21bfaff4765,dd491feb-3012-4651-a956-344555d607ba,IND-000228,IND-000635,17378.071734007997,2915.3629961180895,2915.29861530478,288.26417893194605,2915.29861530478,2627.034436372834,0.01658781154458166,0.16775731277479364,0.15116950123021197,0.16745126588734344,48.27020167213004,PROPORTIONAL_APPORTIONMENT,Weights normalized (pre-normalization sum=1.002) due to overlapping target geometries detected in crosswalk_errors,MEASURED,MEASURED_NORMALIZED,EXTREME_OVERLAP,17089.80755507605,UNKNOWN
5be9541bf818b9918cbaa1a42233408e,175a3988-d6d1-486c-b789-93495960536c,IND-000264,IND-000859,3678.736464067826,2431.887269939046,1460.774446937944,331.79673141499245,1460.774446937944,1128.9777155229517,0.0901931232791007,0.3970859182782198,0.30689279499911915,0.3925260091339226,130.238846826007,PROPORTIONAL_APPORTIONMENT,Weights normalized (pre-normalization sum=1.012) due to overlapping target geometries detected in crosswalk_errors,MEASURED,MEASURED_NORMALIZED,EXTREME_OVERLAP,3346.9397326528338,CLEAN_SPLIT
ed98e8c39109af098a4a392d34c9238a,23590b9b-7cc3-497c-877c-83109a9e9bd6,IND-000267,IND-000571,4295.562503312894,2112.3805493247055,2112.3051078748845,428.58787689314056,2112.3051078748845,1683.7172309817438,0.09977456423055142,0.49174121113260444,0.391966646902053,0.49117704904927195,210.51252863066543,PROPORTIONAL_APPORTIONMENT,Weights normalized (pre-normalization sum=1.001) due to overlapping target geometries detected in crosswalk_errors,MEASURED,MEASURED_NORMALIZED,EXTREME_OVERLAP,3866.974626419753,UNKNOWN
77f0fc78b36c44b51be287ef61a257cb,24ca89e3-e783-4d46-bb91-b04b598d184a,IND-000287,IND-000326,14238.56924250547,8849.654718555492,8849.52535435625,1885.1259564705485,8849.52535435625,6964.399397885702,0.13239574316519143,0.6215178789128855,0.48912213574769403,0.18476183442600455,348.29932984157495,PROPORTIONAL_APPORTIONMENT,Weights normalized (pre-normalization sum=3.364) due to overlapping target geometries detected in crosswalk_errors,MEASURED,MEASURED_NORMALIZED,EXTREME_OVERLAP,12353.44328603492,UNKNOWN
99a0825335637f3ed221bee9fe13e315,0dd8891d-043d-4532-aa25-2afd3b1d2585,IND-000295,IND-000578,7367.872464736304,3417.403362851812,3417.403087284927,515.4170992496838,3417.403087284927,2901.9859880352433,0.06995467167985658,0.46382495131954427,0.3938702796396877,0.46382495131954427,239.0633109687453,NONE,Uniform spatial distribution assumed across district area; no ancillary data available for this build,MEASURED,MEASURED,EXTREME_OVERLAP,6852.45536548662,UNKNOWN
23d0ff6b72903eb32e5e49faff31b9f4,5bf1ab0f-1320-427e-a469-8ff5554a0f38,IND-000346,IND-000873,4788.416836475105,2121.610102299944,2074.6320112119097,,2074.6320112119097,,,0.4332605289098239,,0.21586983385414057,,PROPORTIONAL_APPORTIONMENT,Weights normalized (pre-normalization sum=2.007) due to overlapping target geometries detected in crosswalk_errors,MEASURED,MEASURED_NORMALIZED,EXTREME_OVERLAP,,UNKNOWN
cdb2e2fdd2890c1953362d073b94e097,b8b8b375-02d4-4b63-9335-ab1e10b07ad3,IND-000349,IND-000734,2036.9137477683262,1227.9356793397262,691.7516902239433,187.18892885016066,691.7516902239433,504.5627613737827,0.09189830892704598,0.3396077477418163,0.2477094388147703,0.3396077477418163,63.57081052900616,NONE,Uniform spatial distribution assumed across district area; no ancillary data available for this build,MEASURED,MEASURED,EXTREME_OVERLAP,1849.7248189181655,UNKNOWN
6daa2e868cbde73599487a1c77951fbd,00525c22-1a80-41d1-aa8b-bc70ed994752,IND-000364,IND-000447,7765.213542005201,3945.507444718086,3945.4587274148444,1067.149437918706,3945.4587274148444,2878.3092894961383,0.13742692743039975,0.508094040952287,0.3706671135218873,0.32989274072491975,352.04485283805957,PROPORTIONAL_APPORTIONMENT,Weights normalized (pre-normalization sum=1.540) due to overlapping target geometries detected in crosswalk_errors,MEASURED,MEASURED_NORMALIZED,EXTREME_OVERLAP,6698.064104086495,UNKNOWN
bf567b5b65166a50fb1f10733824a342,f5eb2209-7f61-4338-beb2-0a29afe18092,IND-000405,IND-000502,7137.061091359662,2335.219770590262,2335.1734776097437,,2335.1734776097437,,,0.3271897841026994,,0.3271897841026994,,NONE,Uniform spatial distribution assumed across district area; no ancillary data available for this build,MEASURED,LOW_COVERAGE,EXTREME_OVERLAP,,UNKNOWN
8d98e069859fb056caca5f643ff60b7b,b4d03807-ff3d-4722-aa85-20757f438c38,IND-000409,IND-000749,23804.684843820523,6130.836274812929,,,,,,,,,,NONE,No geometric data available for this lineage pair,UNMEASURED,UNMEASURED,UNKNOWN,,UNKNOWN
9a79faf40667c7f35d291cb40742f476,6520db72-f80b-4657-8949-38d5efaddf59,IND-000411,IND-000410,15647.27243167411,7975.344740510256,7975.218751601593,1787.8694434241454,7975.218751601593,6187.349308177448,0.1142607730025226,0.5096874734191817,0.39542670041665917,0.18908227509285844,338.05442193164,PROPORTIONAL_APPORTIONMENT,Weights normalized (pre-normalization sum=2.696) due to overlapping target geometries detected in crosswalk_errors,MEASURED,MEASURED_NORMALIZED,EXTREME_OVERLAP,13859.402988249964,UNKNOWN
4e238bf33cd82280b03eeb0844f9f268,89ce26ab-05c3-4b69-930d-cccc0e05c6af,IND-000422,IND-000758,5263.306763258943,2015.1520455754828,22.580347233545226,,22.580347233545226,,,0.004290144627550435,,0.0031778675640358987,,PROPORTIONAL_APPORTIONMENT,Weights normalized (pre-normalization sum=1.350) due to overlapping target geometries detected in crosswalk_errors,MEASURED,MEASURED_NORMALIZED,EXTREME_OVERLAP,,CLEAN_SPLIT
a8da9b877c5e6cd25c71695ab938d050,40230f2d-e948-4117-819f-fc1da38ee531,IND-000096,IND-000678,10598.910902093457,2316.460507742416,2316.3803561961568,870.0864953779961,2316.3803561961568,1446.2938608181607,0.08209206619579563,0.2185489035235341,0.13645683732773844,0.16769303382496067,145.9074441000638,PROPORTIONAL_APPORTIONMENT,Weights normalized (pre-normalization sum=1.303) due to overlapping target geometries detected in crosswalk_errors,MEASURED,MEASURED_NORMALIZED,EXTREME_OVERLAP,9728.824406715461,UNKNOWN
824f320020a9bdf4712cb7fbc01c7351,6731272e-e8ea-44b0-99fb-03c924fe3516,IND-000222,IND-000412,14238.369100802365,10927.221410698641,10927.122202887405,2222.0903438452933,10927.122202887405,8705.031859042112,0.15606354408385673,0.7674419819803405,0.6113784378964838,0.32643867860458403,725.3762355848634,PROPORTIONAL_APPORTIONMENT,Weights normalized (pre-normalization sum=2.351) due to overlapping target geometries detected in crosswalk_errors,MEASURED,MEASURED_NORMALIZED,EXTREME_OVERLAP,12016.278756957072,CLEAN_SPLIT
72c91beb690d075097e2b468028c7964,3b2bccbb-1965-4663-8622-432910db8ed6,IND-000222,IND-000413,14238.369100802365,4766.549459497346,3310.9054564960775,662.4525959602627,3310.9054564960775,2648.4528605358146,0.04652587605155789,0.23253403764547023,0.18600816159391234,0.09891054406966288,65.52354668679014,PROPORTIONAL_APPORTIONMENT,Weights normalized (pre-normalization sum=2.351) due to overlapping target geometries detected in crosswalk_errors,MEASURED,MEASURED_NORMALIZED,EXTREME_OVERLAP,13575.916504842102,UNKNOWN
3bbe858abe9355a1d722581b591df12c,d7eaff56-69e9-4bbf-89b1-ca4f6c7a516a,IND-000242,IND-000325,4148.213579618688,114.06279465581083,0.03327569143072352,0.008914434230018408,0.03327569143072352,0.024361257200705116,2.148981497437227e-06,8.021691938480732e-06,5.872710441043504e-06,4.889521851861824e-06,4.3587320964660037e-08,PROPORTIONAL_APPORTIONMENT,Weights normalized (pre-normalization sum=1.641) due to overlapping target geometries detected in crosswalk_errors,MEASURED,MEASURED_NORMALIZED,NO_OVERLAP,4148.204665184458,UNKNOWN
f2f716fd0531d409311a5184c72c8400,b2553a04-c3c5-416b-a3c0-8ca1280540fd,IND-000242,IND-000349,4148.213579618688,2036.9532876276662,0.019857340142954608,0.005341857676574146,0.019857340142954608,0.014515482466380462,1.2877489488053749e-06,4.786961847991428e-06,3.499212899186053e-06,2.917832639209517e-06,1.558664668271996e-08,PROPORTIONAL_APPORTIONMENT,Weights normalized (pre-normalization sum=1.641) due to overlapping target geometries detected in crosswalk_errors,MEASURED,MEASURED_NORMALIZED,NO_OVERLAP,4148.208237761011,UNKNOWN
73e19766674fd89620ab5bf9a0e03b98,d4e3ffd7-19df-4977-86ab-981d80f81b3c,IND-000283,IND-000580,7166.278863627633,1594.862172828602,1594.8313578382526,218.97846608097763,1594.8313578382526,1375.852891757275,0.03055678829251264,0.22254665052637027,0.1919898622338576,0.1381827744204652,30.25905198140722,PROPORTIONAL_APPORTIONMENT,Weights normalized (pre-normalization sum=1.611) due to overlapping target geometries detected in crosswalk_errors,MEASURED,MEASURED_NORMALIZED,EXTREME_OVERLAP,6947.300397546655,UNKNOWN
1697fcde6f2fe9868c033618425571c3,befbb401-114e-42c6-8ddb-8ad3ada37b8a,IND-000296,IND-000577,6944.86733780256,2510.098126074819,2510.0515830558043,403.33368982455073,2510.0515830558043,2106.7178932312536,0.058076514669921746,0.361425418365157,0.30334890369523526,0.361425418365157,145.77504758560073,NONE,Uniform spatial distribution assumed across district area; no ancillary data available for this build,MEASURED,MEASURED,EXTREME_OVERLAP,6541.533647978009,UNKNOWN
32707ffcc98d57708e8a0e930235c0e2,c2837a36-b285-4202-962a-47b946b52c26,IND-000334,IND-000428,3202.455973293259,1442.5532305247,1442.5252215378682,462.94730842709646,1442.5252215378682,979.5779131107718,0.14456008522453556,0.45044342016494343,0.30588333494040787,0.18395958012450353,85.1635924780177,PROPORTIONAL_APPORTIONMENT,Weights normalized (pre-normalization sum=2.449) due to overlapping target geometries detected in crosswalk_errors,MEASURED,MEASURED_NORMALIZED,EXTREME_OVERLAP,2739.5086648661627,UNKNOWN
e811fd2cf24d34133e9b961a5d584504,88a65872-6c53-4bee-9b15-f2c45065d491,IND-000334,IND-000427,3202.455973293259,1293.053798951279,0.036359838209703566,0.011503339618818834,0.036359838209703566,0.02485649859088473,3.592036772636511e-06,1.1353735543259561e-05,7.76169877062305e-06,4.636827467960053e-06,5.33390011178123e-08,PROPORTIONAL_APPORTIONMENT,Weights normalized (pre-normalization sum=2.449) due to overlapping target geometries detected in crosswalk_errors,MEASURED,MEASURED_NORMALIZED,NO_OVERLAP,3202.4444699536402,UNKNOWN
feb26ad7bf81c01e96be618586c0269b,4a23d6f8-2e99-4408-b7d4-68c2d2c89057,IND-000344,IND-000870,3533.2466287886123,1605.590573319022,1394.2627668767611,,1394.2627668767611,,,0.3946123532720357,,0.18811433612151163,,PROPORTIONAL_APPORTIONMENT,Weights normalized (pre-normalization sum=2.098) due to overlapping target geometries detected in crosswalk_errors,MEASURED,MEASURED_NORMALIZED,EXTREME_OVERLAP,,UNKNOWN
50539182761dc55cbf3d116bbbc660ac,21b2963a-e4c9-4c01-a623-1c85d006123b,IND-000358,IND-000440,7795.514249554497,2005.2464127643073,2005.2014785749386,181.7205394255817,2005.2014785749386,1823.4809391493568,0.02331091107119287,0.25722504178470756,0.2339141307135147,0.1250506556174457,22.72427259432488,PROPORTIONAL_APPORTIONMENT,Weights normalized (pre-normalization sum=2.057) due to overlapping target geometries detected in crosswalk_errors,MEASURED,MEASURED_NORMALIZED,EXTREME_OVERLAP,7613.793710128915,UNKNOWN
05f5be0e509ae3c39f80cb162ced230c,56a096b1-e880-48a5-8aeb-716b1fc7e79e,IND-000358,IND-000439,7795.514249554497,2623.1900820179985,2623.0725401654195,231.97829747853274,2623.0725401654195,2391.094242686887,0.029757921036676956,0.33648486247271303,0.30672694143603607,0.16358303361760945,37.94771363498663,PROPORTIONAL_APPORTIONMENT,Weights normalized (pre-normalization sum=2.057) due to overlapping target geometries detected in crosswalk_errors,MEASURED,MEASURED_NORMALIZED,EXTREME_OVERLAP,7563.535952075964,UNKNOWN
8e8d1721a9a07ca4e0a3e7f22d9d9c84,b661da75-34ef-4baf-90b2-55ed25443b2c,IND-000409,IND-000408,23804.684843820523,13498.610665069995,13498.505963657557,,13498.505963657557,,,0.5670524962720371,,0.19587756452950786,,PROPORTIONAL_APPORTIONMENT,Weights normalized (pre-normalization sum=2.895) due to overlapping target geometries detected in crosswalk_errors,MEASURED,MEASURED_NORMALIZED,EXTREME_OVERLAP,,UNKNOWN
de354ea0947c81681e4541424dbe7391,cfe15f88-a976-4bd7-911f-165d495e2e26,IND-000411,IND-000801,7672.040002079485,5189.799318363895,2949.0327071062325,669.3341428252204,2949.0327071062325,2279.6985642810123,0.08724330720952957,0.3843870347791338,0.2971437275696042,0.11351598782049599,75.98012640478984,PROPORTIONAL_APPORTIONMENT,Weights normalized (pre-normalization sum=3.386) due to overlapping target geometries detected in crosswalk_errors,MEASURED,MEASURED_NORMALIZED,EXTREME_OVERLAP,7002.705859254264,CLEAN_SPLIT
d8a04591fca5f2d57a54d899818297a7,f2cecfe3-b42b-4245-a150-a59336dc73e5,IND-000416,IND-000836,1993.079314068304,1117.0984910776401,1038.298480882825,250.8717137778249,1038.298480882825,787.4267671050002,0.1258714151549452,0.5209519127281665,0.39508049757322133,0.5200466837805969,130.46500280451292,PROPORTIONAL_APPORTIONMENT,Weights normalized (pre-normalization sum=1.002) due to overlapping target geometries detected in crosswalk_errors,MEASURED,MEASURED_NORMALIZED,EXTREME_OVERLAP,1742.2076002904791,CLEAN_SPLIT
619351defebb027c70928f50bc6ae575,83747410-b3a2-448d-9768-7b715fafd3b6,IND-000445,IND-000493,7887.115520686004,1481.0781691819543,1481.0289422695212,98.2764832366087,1481.0289422695212,1382.7524590329124,0.012460383390968872,0.18777827437485087,0.175317890983882,0.1151515434823816,11.316688732715892,PROPORTIONAL_APPORTIONMENT,Weights normalized (pre-normalization sum=1.631) due to overlapping target geometries detected in crosswalk_errors,MEASURED,MEASURED_NORMALIZED,EXTREME_OVERLAP,7788.839037449396,UNKNOWN
c74e1e5fb698dd66d141ac1d160f5b47,ec86495c-4809-493b-9664-2110f399b8e7,IND-000532,IND-000716,10927.182968699864,2874.884762692886,2874.601847784248,609.1677765740858,2874.601847784248,2265.434071210162,0.05574792499759576,0.2630688857337101,0.20732096073611436,0.22655654752526797,138.0109483242687,PROPORTIONAL_APPORTIONMENT,Weights normalized (pre-normalization sum=1.161) due to overlapping target geometries detected in crosswalk_errors,MEASURED,MEASURED_NORMALIZED,EXTREME_OVERLAP,10318.015192125778,UNKNOWN
0944cbc3186884ce789f21e47afd4760,f9151ee7-b3d6-4d50-8306-0c9830e30309,IND-000532,IND-000717,10927.182968699864,1730.1905198110492,1730.1847179994945,344.13956781192564,1730.1847179994945,1386.0451501875689,0.0314938963498359,0.1583376724774798,0.1268437761276439,0.13636138047886104,46.92734654423279,PROPORTIONAL_APPORTIONMENT,Weights normalized (pre-normalization sum=1.161) due to overlapping target geometries detected in crosswalk_errors,MEASURED,MEASURED_NORMALIZED,EXTREME_OVERLAP,10583.043400887938,CLEAN_SPLIT
16152afe8276397a08b3a930ffa4af1d,98056949-feff-471f-818d-465a2d738426,IND-000532,IND-000797,10927.182968699864,1930.7599553271316,,369.207133589009,,,,,,,,NONE,No geometric data available for this lineage pair,UNMEASURED,UNMEASURED,UNKNOWN,10557.975835110856,UNKNOWN
3c20dbdb87571624a947011ecaddcb2f,655f3b39-7ada-4be9-91ca-1895fde1bf9b,IND-000539,IND-000735,4625.553234164863,1366.352248056348,1285.0789114572021,376.7007588659281,1285.0789114572021,908.3781525912741,0.08143907113284815,0.277821667247382,0.19638259611453385,0.1391626934307128,52.42269222117602,PROPORTIONAL_APPORTIONMENT,Weights normalized (pre-normalization sum=1.996) due to overlapping target geometries detected in crosswalk_errors,MEASURED,MEASURED_NORMALIZED,EXTREME_OVERLAP,4248.852475298935,UNKNOWN
0910af3556e86a41d5b5f9b8d93124d2,adf3fc0f-853f-463a-9692-e9abcf596932,IND-000650,IND-000845,15765.011121275411,5454.156019133874,5423.171985419068,740.1066139555887,5423.171985419068,4683.065371463479,0.046946152353599675,0.3440005175829096,0.29705436522930995,0.21440655242691573,158.683707526576,PROPORTIONAL_APPORTIONMENT,Weights normalized (pre-normalization sum=1.604) due to overlapping target geometries detected in crosswalk_errors,MEASURED,MEASURED_NORMALIZED,EXTREME_OVERLAP,15024.904507319821,UNKNOWN
f848e277a23388abe9e62c63bef55886,5a91988b-7ad6-4e66-8595-306c195cd3e5,IND-000650,IND-000578,15765.011121275411,3345.013577586581,,0.0,,,,,,,,NONE,No geometric data available for this lineage pair,UNMEASURED,UNMEASURED,UNKNOWN,15765.011121275411,UNKNOWN
de023835127086b9539c67c5326608c3,10c24980-cf68-48fa-b574-0d21a41fd220,IND-000662,IND-000697,20514.976985628567,8191.851133304394,8025.119307882222,1377.0221160247565,8025.119307882222,6648.097191857465,0.06712277167015136,0.3911834419070559,0.32406067023690455,0.3078805716122419,423.95835620440096,PROPORTIONAL_APPORTIONMENT,Weights normalized (pre-normalization sum=1.271) due to overlapping target geometries detected in crosswalk_errors,MEASURED,MEASURED_NORMALIZED,EXTREME_OVERLAP,19137.95486960381,CLEAN_SPLIT
dd3b27a4e92f72438697175c93341249,c7d2cdd3-4479-4984-8c2e-ab4109cce4e1,IND-000532,IND-000716,10927.182968699864,2874.884762692886,2874.601847784248,609.1677765740858,2874.601847784248,2265.434071210162,0.05574792499759576,0.2630688857337101,0.20732096073611436,0.22655654752526797,138.0109483242687,PROPORTIONAL_APPORTIONMENT,Weights normalized (pre-normalization sum=1.161) due to overlapping target geometries detected in crosswalk_errors,MEASURED,MEASURED_NORMALIZED,EXTREME_OVERLAP,10318.015192125778,CLEAN_SPLIT
0be5e7346946ae92021e471ab8d5acdc,c9ba2f5f-48dc-4606-9184-139628552762,IND-000532,IND-000717,10927.182968699864,1730.1905198110492,1730.1847179994945,344.13956781192564,1730.1847179994945,1386.0451501875689,0.0314938963498359,0.1583376724774798,0.1268437761276439,0.13636138047886104,46.92734654423279,PROPORTIONAL_APPORTIONMENT,Weights normalized (pre-normalization sum=1.161) due to overlapping target geometries detected in crosswalk_errors,MEASURED,MEASURED_NORMALIZED,EXTREME_OVERLAP,10583.043400887938,UNKNOWN
e46ac04dfce0778ab6ab9398a0d5df78,f93d27fd-0dc7-4977-97ac-5fbe8e9b2ea5,IND-000662,IND-000697,20514.976985628567,8191.851133304394,8025.119307882222,1377.0221160247565,8025.119307882222,6648.097191857465,0.06712277167015136,0.3911834419070559,0.32406067023690455,0.3078805716122419,423.95835620440096,PROPORTIONAL_APPORTIONMENT,Weights normalized (pre-normalization sum=1.271) due to overlapping target geometries detected in crosswalk_errors,MEASURED,MEASURED_NORMALIZED,EXTREME_OVERLAP,19137.95486960381,UNKNOWN
3e58606c3d52987d9843a13489faa352,fe30fa76-0f8e-4e8e-bb10-213c16cf8c10,IND-000002,IND-000809,14756.90744277702,2572.679770725188,8.848612860144225,1.9544764755660966,8.848612860144225,6.894136384578129,0.00013244485561388699,0.0005996251514388475,0.0004671802958249605,0.00020846623632718726,0.00040744235485128995,PROPORTIONAL_APPORTIONMENT,Weights normalized (pre-normalization sum=2.876) due to overlapping target geometries detected in crosswalk_errors,MEASURED,MEASURED_NORMALIZED,NO_OVERLAP,14754.952966301453,UNKNOWN
2174d34910b72828cd20fe5b39067e24,e91618a3-37ea-42a2-a6e7-2ed81bfe3fa6,IND-000002,IND-000889,14756.90744277702,2361.3145152685793,1477.996034636568,335.86171861722573,1477.996034636568,1142.1343160193424,0.022759627646890074,0.1001562177148434,0.07739659006795332,0.034820403549915335,11.694840579219912,PROPORTIONAL_APPORTIONMENT,Weights normalized (pre-normalization sum=2.876) due to overlapping target geometries detected in crosswalk_errors,MEASURED,MEASURED_NORMALIZED,EXTREME_OVERLAP,14421.045724159794,UNKNOWN
75efa6fa6638971a93b0fca4594e3f5e,bcc6c824-d57f-49fd-b4e1-68f5f2fd6cd8,IND-000002,IND-000828,14756.90744277702,2171.8003701551897,1954.1573579794688,426.1258923399072,1954.1573579794688,1528.0314656395617,0.028876368168079865,0.13242323065026468,0.10354686248218481,0.04603838319607757,19.618147121315143,PROPORTIONAL_APPORTIONMENT,Weights normalized (pre-normalization sum=2.876) due to overlapping target geometries detected in crosswalk_errors,MEASURED,MEASURED_NORMALIZED,EXTREME_OVERLAP,14330.781550437112,UNKNOWN
421461fc5ea8defe7e61af9d1e3afcda,61617c40-d1e5-4fa9-8994-4515a7937387,IND-000002,IND-000817,14756.90744277702,6405.73640289616,6386.794991156544,1332.922373470585,6386.794991156544,5053.872617685959,0.0903253190845893,0.4328003693133315,0.3424750502287422,0.15046777783631443,200.56186756442492,PROPORTIONAL_APPORTIONMENT,Weights normalized (pre-normalization sum=2.876) due to overlapping target geometries detected in crosswalk_errors,MEASURED,MEASURED_NORMALIZED,EXTREME_OVERLAP,13423.985069306435,UNKNOWN
fa3a932559133d91eecd2625f4feb182,ecc30d14-b4e5-47cb-9503-4a12f0014ed7,IND-000010,IND-000426,3826.3754280742737,1771.942275941182,0.021235167657269516,,0.021235167657269516,,,5.54968221399976e-06,,5.50882185323687e-06,,PROPORTIONAL_APPORTIONMENT,Weights normalized (pre-normalization sum=1.007) due to overlapping target geometries detected in crosswalk_errors,MEASURED,MEASURED_NORMALIZED,EXTREME_OVERLAP,,UNKNOWN
d4a5241fbcdf7c32408208b8eb2c037a,c8b39090-25ea-460f-95de-2763d32266f0,IND-000010,IND-000509,3826.3754280742737,1341.7347721250133,0.10732585852245335,,0.10732585852245335,,,2.8048961880478096e-05,,2.784244722661743e-05,,PROPORTIONAL_APPORTIONMENT,Weights normalized (pre-normalization sum=1.007) due to overlapping target geometries detected in crosswalk_errors,MEASURED,MEASURED_NORMALIZED,EXTREME_OVERLAP,,UNKNOWN
fb1e9aa3c8ca0bf867b4199f4d356a7a,10e5f44a-daaf-4b61-8d8c-9958d768501b,IND-000016,IND-000331,21957.440193999504,16002.878702629729,11842.404571718733,2058.1338127581653,11842.404571718733,9784.270758960567,0.09373286660803971,0.5393344792055955,0.4456016125975558,0.28703462913604927,590.755675657403,PROPORTIONAL_APPORTIONMENT,Weights normalized (pre-normalization sum=1.879) due to overlapping target geometries detected in crosswalk_errors,MEASURED,MEASURED_NORMALIZED,EXTREME_OVERLAP,19899.30638124134,UNKNOWN
92ff24259d18f7d3c88fea9e4ed6237e,dec58c27-be67-4078-8b91-2065202b9b50,IND-000016,IND-000808,21957.440193999504,4278.748634069385,3070.3265021886464,554.3986641218114,3070.3265021886464,2515.9278380668347,0.025248783975889713,0.1398308033660363,0.11458201939014657,0.07441816596833227,41.257331799238656,PROPORTIONAL_APPORTIONMENT,Weights normalized (pre-normalization sum=1.879) due to overlapping target geometries detected in crosswalk_errors,MEASURED,MEASURED_NORMALIZED,EXTREME_OVERLAP,21403.041529877693,CLEAN_SPLIT
da31ca6b39d3057f1698f05b9a289e7a,abc4cea8-3652-456e-a4af-0a028dfd2375,IND-000018,IND-000419,1988.9759990736204,3324.5074077156423,,0.0,,,,,,,,NONE,No geometric data available for this lineage pair,UNMEASURED,UNMEASURED,UNKNOWN,1988.9759990736204,UNKNOWN
6ae4bca0a9679bfc654b4cdf9acac824,b02ee172-a3ea-4d35-9c5e-8bdac473851f,IND-000093,IND-000879,11131.136602404504,4869.138398660632,3530.7946237229326,1269.5774974642138,3530.7946237229326,2261.217126258719,0.11405641156087913,0.31719982871832014,0.203143417157441,0.31719982871832014,402.70976474028214,NONE,Uniform spatial distribution assumed across district area; no ancillary data available for this build,MEASURED,MEASURED,EXTREME_OVERLAP,9861.55910494029,CLEAN_SPLIT
28b0bbf722deda43afe5ac6e9fe8b5d9,64b5b58f-4fd1-4b73-92d4-93fa884ab594,IND-000097,IND-000337,3899.787638417159,1704.656042236707,1704.6294074048885,381.7098169775297,1704.6294074048885,1322.9195904273588,0.09787964175722595,0.4371082647199634,0.3392286229627374,0.4371082647199634,166.84851572562283,NONE,Uniform spatial distribution assumed across district area; no ancillary data available for this build,MEASURED,MEASURED,EXTREME_OVERLAP,3518.0778214396296,UNKNOWN
fc3b9de97f8d212603d2a0caae04c346,e0d3ff1f-33db-48e4-8087-f894f4c7dcb7,IND-000106,IND-000431,5606.499909467111,2378.732897715948,2378.719434593041,210.74903521628826,2378.719434593041,2167.970399376753,0.037590125500656546,0.4242788679219179,0.38668874242126133,0.42365018634619145,89.28386804166058,PROPORTIONAL_APPORTIONMENT,Weights normalized (pre-normalization sum=1.001) due to overlapping target geometries detected in crosswalk_errors,MEASURED,MEASURED_NORMALIZED,EXTREME_OVERLAP,5395.750874250823,UNKNOWN
2f90a2ae1c607d28410c2c36ef34c9a5,e4b8cf36-8fd7-4ae6-ba09-fb6a5fdbe68a,IND-000108,IND-000433,11320.00803793858,7225.163126117326,7225.089389174495,865.8325837241557,7225.089389174495,6359.25680545034,0.07648692305008534,0.6382583267573557,0.5617714037072704,0.4414588240153388,382.22943420502816,PROPORTIONAL_APPORTIONMENT,Weights normalized (pre-normalization sum=1.446) due to overlapping target geometries detected in crosswalk_errors,MEASURED,MEASURED_NORMALIZED,EXTREME_OVERLAP,10454.175454214424,CLEAN_SPLIT
475797d1a1256a55d54effa8a5629745,009aa08c-0639-4867-9e65-a4222fcedb37,IND-000108,IND-000432,11320.00803793858,4094.9306682466026,4094.8693752859585,450.454498344381,4094.8693752859585,3644.4148769415774,0.039792771951636406,0.36173732046498186,0.3219445485133455,0.2501998413498806,112.70364402110418,PROPORTIONAL_APPORTIONMENT,Weights normalized (pre-normalization sum=1.446) due to overlapping target geometries detected in crosswalk_errors,MEASURED,MEASURED_NORMALIZED,EXTREME_OVERLAP,10869.553539594199,UNKNOWN
44747fabda483425fd6107ecf6564fb0,167628a2-6f5f-4a1f-9dfd-898fb74a71b9,IND-000109,IND-000436,6902.697169128855,2216.6147347609412,2216.612648728768,244.12875853394536,2216.612648728768,1972.4838901948226,0.03536715468639851,0.3211226850052459,0.2857555303188474,0.3211226850052459,78.39528242741787,NONE,Uniform spatial distribution assumed across district area; no ancillary data available for this build,MEASURED,MEASURED,EXTREME_OVERLAP,6658.56841059491,UNKNOWN
e911be67126abc49c53ada88b35e7401,e7c08184-c912-49b1-8015-4d1f0f60c311,IND-000109,IND-000437,6902.697169128855,2035.0089148502723,2035.0005157242776,225.13815127956195,2035.0005157242776,1809.8623644447157,0.03261596818797936,0.2948123705651572,0.26219640237717784,0.2948123705651572,66.37351208338464,NONE,Uniform spatial distribution assumed across district area; no ancillary data available for this build,MEASURED,MEASURED,EXTREME_OVERLAP,6677.559017849293,UNKNOWN
ab35dfe60ca37e82d168bdb5305d095f,a289464b-6aff-4b56-802b-0bc726b510f9,IND-000150,IND-000362,9227.909743127711,674.9040071995253,674.8360494897149,220.91051353101122,674.8360494897149,453.9255359587037,0.02393938819086626,0.0731298927140336,0.04919050452316734,0.024700548139512474,5.4566107739971645,PROPORTIONAL_APPORTIONMENT,Weights normalized (pre-normalization sum=2.961) due to overlapping target geometries detected in crosswalk_errors,MEASURED,MEASURED_NORMALIZED,MATERIAL_OVERLAP,9006.9992295967,CLEAN_SPLIT
0e56d53e2822a78d62ed4a247a150837,87bc7bae-0148-4402-b518-a92e9f03d04e,IND-000150,IND-000849,9227.909743127711,2631.8585365191584,985.5818680724941,334.95337896947086,985.5818680724941,650.6284891030232,0.03629786032735314,0.10680445469316441,0.07050659436581128,0.03607455825183551,12.083295181283312,PROPORTIONAL_APPORTIONMENT,Weights normalized (pre-normalization sum=2.961) due to overlapping target geometries detected in crosswalk_errors,MEASURED,MEASURED_NORMALIZED,EXTREME_OVERLAP,8892.95636415824,CLEAN_SPLIT
970b72b31a6add4cc86c8507849a19e7,b0120f4c-7cec-4a68-9182-c429d0975fb2,IND-000180,IND-000323,20566.480661900627,8745.525497420696,8745.466699941166,1710.7113752054436,8745.466699941166,7034.755324735722,0.08317958737464178,0.4252291310171569,0.34204954364251516,0.4252291310171569,727.4443114997763,NONE,Uniform spatial distribution assumed across district area; no ancillary data available for this build,MEASURED,MEASURED,EXTREME_OVERLAP,18855.769286695184,UNKNOWN
c241f2deb1649f0326434948b7ba011c,d97261f7-b39f-4704-a5bc-2171af2f47ed,IND-000227,IND-000641,10438.302738207261,4046.0811398703527,4046.053343459304,380.0586874829535,4046.053343459304,3665.9946559763503,0.03641000812247251,0.3876160181338253,0.35120601001135276,0.3876160181338253,147.31683509931034,NONE,Uniform spatial distribution assumed across district area; no ancillary data available for this build,MEASURED,MEASURED,EXTREME_OVERLAP,10058.244050724308,UNKNOWN
ad002a2efde252261cc9aeec0ede15d1,56b1f4f9-5bc1-4082-bf67-65903c6fac37,IND-000227,IND-000642,10438.302738207261,2906.1005250847243,2906.0795535996854,244.5504863819055,2906.0795535996854,2661.52906721778,0.023428184879786894,0.2784053716858181,0.2549771868060312,0.2784053716858181,68.08416905710199,NONE,Uniform spatial distribution assumed across district area; no ancillary data available for this build,MEASURED,MEASURED,EXTREME_OVERLAP,10193.752251825355,UNKNOWN
b35aebefd6d60e2ac3af686e233dfce2,2613bf09-922f-4b7c-b9b3-cf1436ea588e,IND-000237,IND-000646,11707.64744078711,3788.1932841099047,3788.0773028508534,526.9803575918191,3788.0773028508534,3261.0969452590343,0.04501163536543854,0.32355580589606303,0.27854417053062447,0.32355580589606303,170.50755429201652,NONE,Uniform spatial distribution assumed across district area; no ancillary data available for this build,MEASURED,MEASURED,EXTREME_OVERLAP,11180.66708319529,UNKNOWN
ede42f40c5556e229e3aa969e604459d,457159e7-77d0-46f6-baad-67962f60c357,IND-000246,IND-000534,3426.8616141031916,1256.9869206107335,767.6448743124273,218.35455956039706,767.6448743124273,549.2903147520302,0.0637185227036197,0.22400813360924693,0.1602896109056272,0.22400813360924693,48.91319735219369,NONE,Uniform spatial distribution assumed across district area; no ancillary data available for this build,MEASURED,MEASURED,EXTREME_OVERLAP,3208.507054542795,UNKNOWN
df76046af0570ea5b0192c347370c106,58f12274-e1d7-446c-9b87-be8837adc5ae,IND-000305,IND-000759,13461.533561726172,9348.95370700191,9232.56719300441,481.7684323813194,9232.56719300441,8750.79876062309,0.03578852514627927,0.685848098262329,0.6500595731160497,0.5657594477799275,272.5650422618566,PROPORTIONAL_APPORTIONMENT,Weights normalized (pre-normalization sum=1.212) due to overlapping target geometries detected in crosswalk_errors,MEASURED,MEASURED_NORMALIZED,EXTREME_OVERLAP,12979.765129344853,UNKNOWN
7da4fadb414c3317e98fa0bf48a1d912,bb0968ae-240e-4392-b420-1a3c66bba671,IND-000305,IND-000760,13461.533561726172,4015.0700115809605,3978.6409591054726,168.80950228318204,3978.6409591054726,3809.8314568222904,0.012540139019757836,0.2955562931119188,0.28301615409216097,0.24380583047840462,41.15674089679734,PROPORTIONAL_APPORTIONMENT,Weights normalized (pre-normalization sum=1.212) due to overlapping target geometries detected in crosswalk_errors,MEASURED,MEASURED_NORMALIZED,EXTREME_OVERLAP,13292.72405944299,UNKNOWN
86b92e2b8b50d46cf8909ec04fb85739,3e57d40a-2e2f-4381-a070-ed90c4a207c3,IND-000338,IND-000727,3626.504557623516,1165.8537807228763,1114.3559452466864,352.81491927638416,1114.3559452466864,761.5410259703021,0.09728787422442596,0.30728099952449384,0.20999312530006786,0.30728099952449384,108.41332104240094,NONE,Uniform spatial distribution assumed across district area; no ancillary data available for this build,MEASURED,MEASURED,EXTREME_OVERLAP,3273.689638347132,CLEAN_SPLIT
ed43c2b20742f2077a130a55c325420f,a3d1d4a9-2e38-4b21-aab0-b794e42138a6,IND-000348,IND-000839,4484.602857347068,2314.207463754554,2292.001127360758,,2292.001127360758,,,0.5110822965306285,,0.2589348246765064,,PROPORTIONAL_APPORTIONMENT,Weights normalized (pre-normalization sum=1.974) due to overlapping target geometries detected in crosswalk_errors,MEASURED,MEASURED_NORMALIZED,EXTREME_OVERLAP,,UNKNOWN
27c073e28049193dc4b9292c67a896d1,b5902bc1-0c94-4031-9f24-8175443f77f0,IND-000359,IND-000494,7955.404411519088,1936.1510363077173,1935.9771844434945,78.60539978684912,1935.9771844434945,1857.3717846566453,0.00988075473234671,0.2433537107981942,0.2334729560658475,0.1216752030671791,9.564327981241664,PROPORTIONAL_APPORTIONMENT,Weights normalized (pre-normalization sum=2.000) due to overlapping target geometries detected in crosswalk_errors,MEASURED,MEASURED_NORMALIZED,EXTREME_OVERLAP,7876.799011732239,UNKNOWN
fbf8b934836ccef1b76009f7ab638a8a,620a75f9-c57c-4823-ab5a-b7d7e06f6752,IND-000359,IND-000488,7955.404411519088,2814.249311629958,2814.1202655860297,145.76990761380162,2814.1202655860297,2668.3503579722283,0.018323381197658913,0.3537369214708058,0.3354135402731469,0.17686605891952756,25.781749068716728,PROPORTIONAL_APPORTIONMENT,Weights normalized (pre-normalization sum=2.000) due to overlapping target geometries detected in crosswalk_errors,MEASURED,MEASURED_NORMALIZED,EXTREME_OVERLAP,7809.634503905287,UNKNOWN
2453a35ac78a390b7ecfd15fcd5d0ada,a6fa356a-05a0-46b6-a501-c1fe841a5321,IND-000367,IND-000453,8401.794323490636,944.8707207167976,944.771741477005,265.1430051885121,944.771741477005,679.6287362884929,0.031557902393206286,0.11244880618363996,0.08089090379043368,0.11244880618363996,29.815014401390844,NONE,Uniform spatial distribution assumed across district area; no ancillary data available for this build,MEASURED,MEASURED,EXTREME_OVERLAP,8136.651318302124,UNKNOWN
731abbf0abe447b7862ab0d17b1c2b00,7727e6c2-42d7-4796-a780-9bf0567a79ca,IND-000367,IND-000274,8401.794323490636,7096.521218080339,,0.0,,,,,,,,NONE,No geometric data available for this lineage pair,UNMEASURED,UNMEASURED,UNKNOWN,8401.794323490636,UNKNOWN
a5eb84c290d2604b2786a578ce465562,95149a4c-8507-4d8c-bde3-a64f5fd60ef4,IND-000369,IND-000454,1932.0828268602008,1932.0958357600216,1932.0713943144574,515.4241444123268,1932.0713943144574,1416.6472499021306,0.26677124668093805,0.9999940827869362,0.7332228361059983,0.9999940827869362,515.4210945378461,NONE,Uniform spatial distribution assumed across district area; no ancillary data available for this build,MEASURED,MEASURED,EXTREME_OVERLAP,1416.658682447874,UNKNOWN
644c6005e97ed55b00c0fc4fad928a03,ceb1b5de-9195-4424-b612-d32f43d28965,IND-000108,IND-000433,11320.00803793858,7225.163126117326,7225.089389174495,865.8325837241557,7225.089389174495,6359.25680545034,0.07648692305008534,0.6382583267573557,0.5617714037072704,0.4414588240153388,382.22943420502816,PROPORTIONAL_APPORTIONMENT,Weights normalized (pre-normalization sum=1.446) due to overlapping target geometries detected in crosswalk_errors,MEASURED,MEASURED_NORMALIZED,EXTREME_OVERLAP,10454.175454214424,UNKNOWN
a0d25748e222afb66effa5d003c3a821,951f916c-b4c9-458a-9fc2-d46701cf9931,IND-000108,IND-000432,11320.00803793858,4094.9306682466026,4094.8693752859585,450.454498344381,4094.8693752859585,3644.4148769415774,0.039792771951636406,0.36173732046498186,0.3219445485133455,0.2501998413498806,112.70364402110418,PROPORTIONAL_APPORTIONMENT,Weights normalized (pre-normalization sum=1.446) due to overlapping target geometries detected in crosswalk_errors,MEASURED,MEASURED_NORMALIZED,EXTREME_OVERLAP,10869.553539594199,CLEAN_SPLIT
77bc45198eb20d74d1ed8c04901ded50,e1cee189-b741-4f27-b543-20ec8a785d7b,IND-000305,IND-000759,13461.533561726172,9348.95370700191,9232.56719300441,481.7684323813194,9232.56719300441,8750.79876062309,0.03578852514627927,0.685848098262329,0.6500595731160497,0.5657594477799275,272.5650422618566,PROPORTIONAL_APPORTIONMENT,Weights normalized (pre-normalization sum=1.212) due to overlapping target geometries detected in crosswalk_errors,MEASURED,MEASURED_NORMALIZED,EXTREME_OVERLAP,12979.765129344853,CLEAN_SPLIT
2e8488537b7b3e9f32e05758b01986e3,43eed979-4ade-4701-b58f-17bc7ec9b6ed,IND-000305,IND-000760,13461.533561726172,4015.0700115809605,3978.6409591054726,168.80950228318204,3978.6409591054726,3809.8314568222904,0.012540139019757836,0.2955562931119188,0.28301615409216097,0.24380583047840462,41.15674089679734,PROPORTIONAL_APPORTIONMENT,Weights normalized (pre-normalization sum=1.212) due to overlapping target geometries detected in crosswalk_errors,MEASURED,MEASURED_NORMALIZED,EXTREME_OVERLAP,13292.72405944299,CLEAN_SPLIT
79e43e80cd983579858f5a72ce51698e,dcf7cd4a-a31d-4940-b72e-3bbf304450ab,IND-000369,IND-000454,1932.0828268602008,1932.0958357600216,1932.0713943144574,515.4241444123268,1932.0713943144574,1416.6472499021306,0.26677124668093805,0.9999940827869362,0.7332228361059983,0.9999940827869362,515.4210945378461,NONE,Uniform spatial distribution assumed across district area; no ancillary data available for this build,MEASURED,MEASURED,EXTREME_OVERLAP,1416.658682447874,CLEAN_SPLIT
8a8a42f8768d1f14ebb20cad088c490d,778c1e9f-a3cd-4859-909d-dff8ab33469a,IND-000631,IND-000768,9899.482822783024,2632.8853770971605,2615.27865649914,202.71409244878396,2615.27865649914,2412.5645640503562,0.020477240687993364,0.26418336223385774,0.24370612154586438,0.26418336223385774,53.55369051530482,NONE,Uniform spatial distribution assumed across district area; no ancillary data available for this build,MEASURED,MEASURED,EXTREME_OVERLAP,9696.768730334239,UNKNOWN
c3331294d9d1ec24b2358a35756ded3a,379a108f-f4dd-4240-8f57-5ea620ab4eb5,IND-000681,IND-000850,5276.7539306241115,2513.4935894554333,1928.240386445984,594.3145840566717,1928.240386445984,1333.9258023893124,0.11262882292227312,0.3654216989833976,0.2527928760611245,0.18290939120777147,108.70571875570575,PROPORTIONAL_APPORTIONMENT,Weights normalized (pre-normalization sum=1.998) due to overlapping target geometries detected in crosswalk_errors,MEASURED,MEASURED_NORMALIZED,EXTREME_OVERLAP,4682.43934656744,CLEAN_SPLIT
1a1e223b702373157975a085af7dba24,1c48a361-0353-4614-b943-ef474f915743,IND-000684,IND-000683,7493.071878274284,2808.9293175556413,2549.705148271257,780.7883056073146,2549.705148271257,1768.9168426639421,0.10420136337823793,0.3402750153330272,0.23607365195478924,0.3402750153330272,265.68275266237725,NONE,Uniform spatial distribution assumed across district area; no ancillary data available for this build,MEASURED,MEASURED,EXTREME_OVERLAP,6712.28357266697,UNKNOWN
0052513b6fd03d723b54f25476183c91,d8f01972-1535-4451-82c4-07aa1832b3dd,IND-000803,IND-000525,11376.40515852277,4705.2049335776555,4705.005667881201,1002.744754460115,4705.005667881201,3702.2609134210857,0.08814249672787865,0.4135757827116758,0.3254332859837971,0.4135757827116758,414.7109466858692,NONE,Uniform spatial distribution assumed across district area; no ancillary data available for this build,MEASURED,LOW_COVERAGE,EXTREME_OVERLAP,10373.660404062655,UNKNOWN
0519cf48b77373b90b88696667e521d5,9ee0418a-a8c5-4919-a9dc-1f3da534a16b,IND-000434,IND-000515,,7094.113369581251,,,,,,,,,,NONE,No geometric data available for this lineage pair,UNMEASURED,UNMEASURED,UNKNOWN,,UNKNOWN
928196cce1c4ab0b657d900d05ac022f,2002f075-abd7-4156-8c44-cb5a5c90031d,IND-000676,IND-000675,13243.48588794495,5799.616467677695,5799.474699667634,990.1769194559483,5799.474699667634,4809.297780211686,0.07476709137110717,0.43791149465766255,0.3631444032865554,0.21892517986933402,216.77466019435656,PROPORTIONAL_APPORTIONMENT,Weights normalized (pre-normalization sum=2.000) due to overlapping target geometries detected in crosswalk_errors,MEASURED,MEASURED_NORMALIZED,EXTREME_OVERLAP,12253.308968489,UNKNOWN
18f343eed3a8a2cf911024ad01920cb9,6e7e8fc4-120d-4f03-862e-64e13401a066,IND-000691,IND-000692,9364.941744834514,5210.464201778636,5210.431867604831,960.2757255351148,5210.431867604831,4250.156142069716,0.10253942327668837,0.556376324548819,0.45383690127213067,0.27818881355045566,267.13796476791657,PROPORTIONAL_APPORTIONMENT,Weights normalized (pre-normalization sum=2.000) due to overlapping target geometries detected in crosswalk_errors,MEASURED,MEASURED_NORMALIZED,EXTREME_OVERLAP,8404.666019299399,UNKNOWN
a7c8efab7133351861e11f1b6a270934,e3a0b693-d136-4e76-bfa4-b534f5f06aef,IND-000778,IND-000879,10599.132815978572,4869.138398660632,1297.37415377476,460.09305075553186,1297.37415377476,837.2811030192282,0.043408556034124336,0.1224038019241463,0.07899524589002196,0.06282577541027727,28.905702674596345,PROPORTIONAL_APPORTIONMENT,Weights normalized (pre-normalization sum=1.948) due to overlapping target geometries detected in crosswalk_errors,MEASURED,MEASURED_NORMALIZED,EXTREME_OVERLAP,10139.03976522304,CLEAN_SPLIT
f7e97c6fef02db219b9b545ff0359d26,f9555845-0e83-407f-9da2-097ab8553b36,IND-000789,IND-000790,8222.83094858753,4354.469074294818,4197.569331126571,920.9027479050122,4197.569331126571,3276.666583221559,0.11199339420485101,0.5104773960904067,0.39848400188555566,0.5104773960904067,470.10003680305084,NONE,Uniform spatial distribution assumed across district area; no ancillary data available for this build,MEASURED,MEASURED,EXTREME_OVERLAP,7301.928200682519,UNKNOWN
ad11ae1dae2775101fdb7bb46a0fe6dd,9b710ebd-e4ce-440e-b950-ec507cdfe926,IND-000803,IND-000893,6749.190757824033,2933.9785776380295,2780.316981019243,619.6066429048548,2780.316981019243,2160.7103381143884,0.09180458296968012,0.41194819953727735,0.3201436165675972,0.41194819953727735,255.24584096599168,NONE,Uniform spatial distribution assumed across district area; no ancillary data available for this build,MEASURED,MEASURED,EXTREME_OVERLAP,6129.584114919178,UNKNOWN
09b30bc1b47492d9704dac56670b7eac,58e531dd-043a-4475-85fd-1cdf2d3e30fa,IND-000070,IND-000920,8114.9813748781935,3047.055700460901,3046.703128817352,733.6728628523641,3046.703128817352,2313.030265964988,0.09040967920439331,0.37544178945981665,0.28503211025542335,0.27262783095958915,200.01964123335216,PROPORTIONAL_APPORTIONMENT,Weights normalized (pre-normalization sum=1.377) due to overlapping target geometries detected in crosswalk_errors,MEASURED,MEASURED_NORMALIZED,EXTREME_OVERLAP,7381.308512025829,UNKNOWN
85e2d46e8280bf4972199bacdc760089,a2c24185-acd8-4864-8d43-1205ca55af34,IND-000084,IND-000564,17883.2973925468,4702.702472492059,4702.395813074029,1457.3656076933796,4702.395813074029,3245.03020538065,0.08149311481565834,0.26294903617907966,0.1814559213634213,0.26294903617907966,383.2128819035129,NONE,Uniform spatial distribution assumed across district area; no ancillary data available for this build,MEASURED,MEASURED,EXTREME_OVERLAP,16425.93178485342,UNKNOWN
9693533073c599137419fe7bea180788,11378c49-1387-4f7e-8457-b5822eb43241,IND-000087,IND-000744,10534.77559157868,,,,,,,,,,,NONE,No geometric data available for this lineage pair,UNMEASURED,UNMEASURED,UNKNOWN,,UNKNOWN
5edaed18da514352699bb053816d1dcd,75b102cc-12de-4e31-a21a-b73df395384e,IND-000113,IND-000441,9825.28184221673,1938.174537489302,1938.1532931605532,146.46065360179972,1938.1532931605532,1791.6926395587534,0.014906509141803512,0.19726185205525637,0.18235534291345284,0.11904424478009674,17.435297898025603,PROPORTIONAL_APPORTIONMENT,Weights normalized (pre-normalization sum=1.657) due to overlapping target geometries detected in crosswalk_errors,MEASURED,MEASURED_NORMALIZED,EXTREME_OVERLAP,9678.82118861493,CLEAN_SPLIT
c735d90f45570366857342b1ba9921ec,798e8891-9200-43d7-a264-eec3625514ff,IND-000113,IND-000445,9825.28184221673,7887.115520686004,7887.034633494669,563.1608345192493,7887.034633494669,7323.87379897542,0.0573175246840748,0.8027285893831659,0.7454110646990911,0.48443334426234297,272.81388642373184,PROPORTIONAL_APPORTIONMENT,Weights normalized (pre-normalization sum=1.657) due to overlapping target geometries detected in crosswalk_errors,MEASURED,MEASURED_NORMALIZED,EXTREME_OVERLAP,9262.12100769748,CLEAN_SPLIT
5eb000644c9dfa5b9af277fea4423a72,ee738b4e-26b6-4cff-86ea-d7a0f02e69aa,IND-000118,IND-000498,,3930.9029986303653,,,,,,,,,,NONE,No geometric data available for this lineage pair,UNMEASURED,UNMEASURED,UNKNOWN,,CLEAN_SPLIT
0631e00053a618e37878a6748121db27,78738c30-d707-49e7-8f6d-3a85afb9fbd6,IND-000118,IND-000490,,2267.1217996613263,,,,,,,,,,NONE,No geometric data available for this lineage pair,UNMEASURED,UNMEASURED,UNKNOWN,,UNKNOWN
fc99601627802d258bdefaaf02ace538,f1ef96ff-b879-494b-9c01-51ac9de099d1,IND-000118,IND-000489,,2460.8511077592216,,,,,,,,,,NONE,No geometric data available for this lineage pair,UNMEASURED,UNMEASURED,UNKNOWN,,UNKNOWN
d7d45b2b2deddd5c3550fe9384722272,89e59207-8c24-4423-9e7b-b4795b177337,IND-000118,IND-000499,,5593.344178329527,,,,,,,,,,NONE,No geometric data available for this lineage pair,UNMEASURED,UNMEASURED,UNKNOWN,,CLEAN_SPLIT
f767ec97fab603d4d66173533c2e4727,c1369045-0ff1-42de-a57e-5714f795e0cc,IND-000122,IND-000629,2985.749724880524,2865.9355338888045,950.9617035586664,68.73401167171791,950.9617035586664,882.2276918869485,0.023020687601157976,0.31850013939018934,0.29547945178903134,0.31778632569398796,21.842729019362917,PROPORTIONAL_APPORTIONMENT,Weights normalized (pre-normalization sum=1.002) due to overlapping target geometries detected in crosswalk_errors,MEASURED,MEASURED_NORMALIZED,EXTREME_OVERLAP,2917.015713208806,CLEAN_SPLIT
239d3a63bddebc93c34ff694bff370c9,7cb0930c-b5cc-46c7-b2f2-0082add1c3f1,IND-000230,IND-000648,26858.56912775266,5659.534368239674,5659.269880193097,844.1185788088305,5659.269880193097,4815.151301384267,0.03142827805881186,0.21070630580783387,0.17927802774902202,0.21046198398987234,177.6548708188179,PROPORTIONAL_APPORTIONMENT,Weights normalized (pre-normalization sum=1.001) due to overlapping target geometries detected in crosswalk_errors,MEASURED,MEASURED_NORMALIZED,EXTREME_OVERLAP,26014.45054894383,UNKNOWN
4082439382913bedcf9dca103d447437,9f1207d3-e6ca-4724-b53f-b7bb557665b7,IND-000230,IND-000647,26858.56912775266,7383.273359721714,7382.910891932556,895.0011894584346,7382.910891932556,6487.909702474121,0.03332274274185514,0.274881020534481,0.24155827779262584,0.274562285741981,245.7335723194996,PROPORTIONAL_APPORTIONMENT,Weights normalized (pre-normalization sum=1.001) due to overlapping target geometries detected in crosswalk_errors,MEASURED,MEASURED_NORMALIZED,EXTREME_OVERLAP,25963.567938294225,CLEAN_SPLIT
a72753fde907b6ca5013231c5c90e2f8,94ecef3b-e84e-4876-9809-e7f83ac50b5e,IND-000255,IND-000568,4439.427884203284,1390.1559204402058,925.3026048985996,228.2314327405414,925.3026048985996,697.0711721580582,0.05141010028626711,0.2084283446051873,0.1570182443189202,0.20758264703374116,47.376884944584845,PROPORTIONAL_APPORTIONMENT,Weights normalized (pre-normalization sum=1.004) due to overlapping target geometries detected in crosswalk_errors,MEASURED,MEASURED_NORMALIZED,EXTREME_OVERLAP,4211.1964514627425,CLEAN_SPLIT
99f21272b8f6a0125dd53960045c2df4,145c918e-4a1d-4d6a-8b88-2595805fd618,IND-000271,IND-000575,7350.952351914067,1791.370493165363,1791.274838111757,299.4491455918457,1791.274838111757,1491.8256925199112,0.04073610210707924,0.2436792883911618,0.20294318628408256,0.2208188757544543,66.12402367522327,PROPORTIONAL_APPORTIONMENT,Weights normalized (pre-normalization sum=1.104) due to overlapping target geometries detected in crosswalk_errors,MEASURED,MEASURED_NORMALIZED,EXTREME_OVERLAP,7051.503206322221,UNKNOWN
32c3757675d8c3e5b613a9e8a5437fb8,7bd64fd6-e3ea-4b01-a0bd-5b6647973e4b,IND-000272,IND-000418,10063.1645196411,5036.455777449617,5036.161430946318,1110.4384314698177,5036.161430946318,3925.7229994765007,0.11034684261620531,0.5004550428562339,0.39010820024002857,0.33235581679838183,369.0606718954652,PROPORTIONAL_APPORTIONMENT,Weights normalized (pre-normalization sum=1.506) due to overlapping target geometries detected in crosswalk_errors,MEASURED,MEASURED_NORMALIZED,EXTREME_OVERLAP,8952.726088171281,UNKNOWN
a9068e8b34b4f9ad18ab96ef74d4a39f,99576adc-b35b-4c8a-a3b1-8408a29e8192,IND-000275,IND-000574,7696.634790293477,3257.9401681134086,3257.627294477207,564.7973907699828,3257.627294477207,2692.8299037072243,0.0733823815419007,0.42325345858757996,0.34987107704567927,0.42325345858757996,239.05244904463615,NONE,Uniform spatial distribution assumed across district area; no ancillary data available for this build,MEASURED,MEASURED,EXTREME_OVERLAP,7131.837399523494,UNKNOWN
d7e7cd9f40a50b54abc9140bf6bfd419,4df8d7e7-a9d0-4259-9868-d5dfe343ce4b,IND-000290,IND-000852,4561.5679445679025,3314.378847191413,1301.7783443280841,217.7314642853846,1301.7783443280841,1084.0468800426995,0.04773171570198092,0.28537958003635433,0.2376478643343734,0.28537958003635433,62.13611383846354,NONE,Uniform spatial distribution assumed across district area; no ancillary data available for this build,MEASURED,LOW_COVERAGE,EXTREME_OVERLAP,4343.836480282518,CLEAN_SPLIT
45403c39e11b7ac29f50851a0f919fb1,361828a5-9748-473c-ae9b-5d5a9bdb4ffd,IND-000302,IND-000900,7025.484441344885,5410.7688565254675,5359.174724284258,211.53776873018575,5359.174724284258,5147.636955554072,0.030110061519073146,0.762819243146506,0.7327091816274328,0.6080653962288302,128.62879716028303,PROPORTIONAL_APPORTIONMENT,Weights normalized (pre-normalization sum=1.255) due to overlapping target geometries detected in crosswalk_errors,MEASURED,MEASURED_NORMALIZED,EXTREME_OVERLAP,6813.946672614699,CLEAN_SPLIT
4a71e744c85ff8879c1f569f4984f650,5f47b35e-97e5-4e12-898b-3c3c1ceff2a7,IND-000363,IND-000469,4148.212516417549,1711.5239997902033,1711.4451195682993,439.44277257530075,1711.4451195682993,1272.0023469929986,0.10593545312254382,0.41257411783866993,0.3066386647161261,0.18517838448741666,81.37530270016543,PROPORTIONAL_APPORTIONMENT,Weights normalized (pre-normalization sum=2.228) due to overlapping target geometries detected in crosswalk_errors,MEASURED,MEASURED_NORMALIZED,EXTREME_OVERLAP,3708.769743842248,UNKNOWN
c946fa60220d0b544ffb9267ff2b3d5b,7c1e7b6f-d554-48b5-9dd5-83ef26cd75e9,IND-000389,IND-000516,14358.787551859918,6671.299823554572,6671.058201622651,1626.5427444507366,6671.058201622651,5044.515457171914,0.11327855771778222,0.46459759764037584,0.3513190399225936,0.27423376797230986,446.05294557874737,PROPORTIONAL_APPORTIONMENT,Weights normalized (pre-normalization sum=1.694) due to overlapping target geometries detected in crosswalk_errors,MEASURED,MEASURED_NORMALIZED,EXTREME_OVERLAP,12732.24480740918,UNKNOWN
202cfa64f9f251d60abd2067ad4258ed,2460f7bf-5624-493b-b64d-df9675e7ed7d,IND-000113,IND-000441,9825.28184221673,1938.174537489302,1938.1532931605532,146.46065360179972,1938.1532931605532,1791.6926395587534,0.014906509141803512,0.19726185205525637,0.18235534291345284,0.11904424478009674,17.435297898025603,PROPORTIONAL_APPORTIONMENT,Weights normalized (pre-normalization sum=1.657) due to overlapping target geometries detected in crosswalk_errors,MEASURED,MEASURED_NORMALIZED,EXTREME_OVERLAP,9678.82118861493,UNKNOWN
203b30524996ba8f12081892dec85629,be62b96f-8a86-4baa-bed6-a19817ee4a8f,IND-000118,IND-000498,,3930.9029986303653,,,,,,,,,,NONE,No geometric data available for this lineage pair,UNMEASURED,UNMEASURED,UNKNOWN,,UNKNOWN
af9d921b14163aa6ddd606f556ed22e5,95315bf8-5efa-4480-abc0-50af95899de4,IND-000118,IND-000490,,2267.1217996613263,,,,,,,,,,NONE,No geometric data available for this lineage pair,UNMEASURED,UNMEASURED,UNKNOWN,,CLEAN_SPLIT
b793e8333388ef3f1c54285bc7452e44,9f747e6f-8a9a-4b53-b3e1-431810e69cfa,IND-000118,IND-000489,,2460.8511077592216,,,,,,,,,,NONE,No geometric data available for this lineage pair,UNMEASURED,UNMEASURED,UNKNOWN,,CLEAN_SPLIT
08dadebcb84b1d80f8b2b00d47fd41d3,341c7196-ae0c-473b-803a-3277247790d8,IND-000118,IND-000499,,5593.344178329527,,,,,,,,,,NONE,No geometric data available for this lineage pair,UNMEASURED,UNMEASURED,UNKNOWN,,UNKNOWN
8a9ca97d65f6422d01f2e87a3b6530dc,d0958797-522c-410a-9f3a-6ecb69e95025,IND-000302,IND-000900,7025.484441344885,5410.7688565254675,5359.174724284258,211.53776873018575,5359.174724284258,5147.636955554072,0.030110061519073146,0.762819243146506,0.7327091816274328,0.6080653962288302,128.62879716028303,PROPORTIONAL_APPORTIONMENT,Weights normalized (pre-normalization sum=1.255) due to overlapping target geometries detected in crosswalk_errors,MEASURED,MEASURED_NORMALIZED,EXTREME_OVERLAP,6813.946672614699,UNKNOWN
8073c05203393b6cfbad75b8ba3ea82b,b58eb440-4477-4b2f-8eb4-95be20469f9f,IND-000394,IND-000855,2755.7943622965463,1181.0953982494816,1145.691594574162,,1145.691594574162,,,0.41573914594244177,,0.4150615800206426,,PROPORTIONAL_APPORTIONMENT,Weights normalized (pre-normalization sum=1.002) due to overlapping target geometries detected in crosswalk_errors,MEASURED,MEASURED_NORMALIZED,EXTREME_OVERLAP,,UNKNOWN
3b53b3db3df284d58aade773a40cae1c,0fb258cb-907c-48e0-bdce-29a85c897056,IND-000407,IND-000883,8361.155384251113,1750.42490157864,1198.8678980022432,,1198.8678980022432,,,0.14338543453700242,,0.08522512246334982,,PROPORTIONAL_APPORTIONMENT,Weights normalized (pre-normalization sum=1.682) due to overlapping target geometries detected in crosswalk_errors,MEASURED,MEASURED_NORMALIZED,EXTREME_OVERLAP,,CLEAN_SPLIT
d5b6acef29f24206f3f9125b5493a1ee,45c4d704-c84b-42bd-b052-074809c0e138,IND-000407,IND-000952,8361.155384251113,2640.0533486534114,2621.8094510263354,,2621.8094510263354,,,0.3135702340808924,,0.18637919316350673,,PROPORTIONAL_APPORTIONMENT,Weights normalized (pre-normalization sum=1.682) due to overlapping target geometries detected in crosswalk_errors,MEASURED,MEASURED_NORMALIZED,EXTREME_OVERLAP,,UNKNOWN
465d414a812f6962ce1c57bf83f3afca,fbdc99da-cd3b-4ee1-9f62-4062d00e18ce,IND-000025,IND-000752,2927.308471616352,1644.9246401522269,1501.640619251821,,1501.640619251821,,,0.5129765563868539,,0.5129765563868539,,NONE,Uniform spatial distribution assumed across district area; no ancillary data available for this build,MEASURED,MEASURED,EXTREME_OVERLAP,,UNKNOWN
51cd2d737c42a90ef8b61e2cdc1f7aa8,20a0b42c-f85e-4c24-8db3-021f589e15ce,IND-000096,IND-000851,8785.28990772323,3766.1794386648794,3745.14894441495,1334.2312628064758,3745.14894441495,2410.9176816084746,0.15187105682574467,0.4262977071618951,0.27442665033615044,0.4262977071618951,568.7797281581205,NONE,Uniform spatial distribution assumed across district area; no ancillary data available for this build,MEASURED,MEASURED,EXTREME_OVERLAP,7451.058644916755,UNKNOWN
cd7a4d97c31a16eb6d4fc226a3349221,1874ef8b-25d0-490f-8e58-e6d9c2926679,IND-000186,IND-000912,15145.52263508443,5139.28899604669,5139.118618102018,1067.8211092223678,5139.118618102018,4071.2975088796506,0.07050407800050243,0.3393160303492802,0.26881195234877775,0.17896462210590025,191.10220128868428,PROPORTIONAL_APPORTIONMENT,Weights normalized (pre-normalization sum=1.896) due to overlapping target geometries detected in crosswalk_errors,MEASURED,MEASURED_NORMALIZED,EXTREME_OVERLAP,14077.701525862061,UNKNOWN
20bfd20da0fa68ced617cca846746052,b751a57a-3dc6-496f-929e-d23ebbdd86ef,IND-000186,IND-000673,10006.261953968666,3326.5202816198303,3326.4049004189405,809.4556791762918,3326.4049004189405,2516.9492212426485,0.08089491189616987,0.3324323224518051,0.2515374105556352,0.3324323224518051,269.08923135037793,NONE,Uniform spatial distribution assumed across district area; no ancillary data available for this build,MEASURED,MEASURED,EXTREME_OVERLAP,9196.806274792374,UNKNOWN
090dafc2b7f74b9e572a8c9b5c7ae3cf,8a84dfc3-6779-4612-ad36-ddbdec3e712a,IND-000233,IND-000640,10880.880925313915,6401.512945175618,6401.458083625913,615.6723324361188,6401.458083625913,5785.785751189794,0.0565829491805009,0.5883216742803598,0.5317387250998589,0.5883216742803598,362.2133774269117,NONE,Uniform spatial distribution assumed across district area; no ancillary data available for this build,MEASURED,MEASURED,EXTREME_OVERLAP,10265.208592877796,UNKNOWN
3ac2f14923f387087a89098d4f8bc169,d80f1d95-fcad-4f60-a793-bfb9b8866b7b,IND-000256,IND-000569,5070.022346895715,1806.2002803693376,1341.9564516389773,312.6896414578987,1341.9564516389773,1029.2668101810787,0.061674213654966045,0.2646845240160793,0.20301031036111322,0.2623685533583715,82.03992887945675,PROPORTIONAL_APPORTIONMENT,Weights normalized (pre-normalization sum=1.009) due to overlapping target geometries detected in crosswalk_errors,MEASURED,MEASURED_NORMALIZED,EXTREME_OVERLAP,4757.332705437816,UNKNOWN
ebd245f855bbd407d81ad2142598219e,db065b56-4284-4aad-b6e7-1d8d3f92535d,IND-000352,IND-000413,9703.000183210383,4766.549459497346,1455.4856525407724,283.9689558257548,1455.4856525407724,1171.5166967150176,0.0292660981617955,0.15000367155091646,0.12073757338912096,0.03570552647817557,10.139261071216357,PROPORTIONAL_APPORTIONMENT,Weights normalized (pre-normalization sum=4.201) due to overlapping target geometries detected in crosswalk_errors,MEASURED,MEASURED_NORMALIZED,EXTREME_OVERLAP,9419.031227384628,CLEAN_SPLIT
c13241808620c1f3b0b95c4b18812a77,da4bc425-856a-413a-95b6-e647676bbe34,IND-000356,IND-000865,10454.006919961925,3072.8071069107364,3023.6861425655816,,3023.6861425655816,,,0.2892370519472159,,0.1470585744484485,,PROPORTIONAL_APPORTIONMENT,Weights normalized (pre-normalization sum=1.967) due to overlapping target geometries detected in crosswalk_errors,MEASURED,MEASURED_NORMALIZED,EXTREME_OVERLAP,,UNKNOWN
0654ce51669413597d052aa28787e79d,77931594-1fd7-4220-849b-6786614242f5,IND-000361,IND-000362,9060.481373241271,674.9040071995253,,0.0012152414459884167,,,,,,,,NONE,No geometric data available for this lineage pair,UNMEASURED,UNMEASURED,UNKNOWN,9060.480157999826,CLEAN_SPLIT
e30c3757b13741f305b935ae2e3114c3,b97e82fc-8351-4d63-8df2-9754bbb90104,IND-000376,IND-000381,2924.998493951632,5319.394260539433,808.9834360259337,189.384651202129,808.9834360259337,619.5987848238046,0.0647469226373081,0.2765756760896681,0.21182875345236002,0.19408082475936903,36.75592930207463,PROPORTIONAL_APPORTIONMENT,Weights normalized (pre-normalization sum=1.425) due to overlapping target geometries detected in crosswalk_errors,MEASURED,MEASURED_NORMALIZED,EXTREME_OVERLAP,2735.613842749503,CLEAN_SPLIT
f60cde49436171f55a841b18a13f6d43,db8cf9b2-6805-4622-a6c6-eb3a0b99ac97,IND-000377,IND-000524,1417.8172970192677,2640.3034789244102,0.09364180137631968,0.02221105075313698,0.09364180137631968,0.0714307506231827,1.5665664962497026e-05,6.604645152318742e-05,5.0380786560690395e-05,4.198513475926981e-05,9.325339590154373e-07,PROPORTIONAL_APPORTIONMENT,Weights normalized (pre-normalization sum=1.573) due to overlapping target geometries detected in crosswalk_errors,MEASURED,MEASURED_NORMALIZED,NO_OVERLAP,1417.7950859685145,CLEAN_SPLIT
498dc4bbba976ab51d9b79e101f21fff,cad89170-fc17-4191-8ae1-4763ec902a5e,IND-000409,IND-000867,23804.684843820523,1340.95042730987,,,,,,,,,,NONE,No geometric data available for this lineage pair,UNMEASURED,UNMEASURED,UNKNOWN,,UNKNOWN
8cc6a881dec0ce62a753f7376d67a081,a5f7ca5b-6963-4a19-9d3c-40e0bb5f3618,IND-000423,IND-000862,3182.507326082613,787.0629156092028,769.2466791380022,,769.2466791380022,,,0.24171089028878287,,0.24171089028878287,,NONE,Uniform spatial distribution assumed across district area; no ancillary data available for this build,MEASURED,MEASURED,EXTREME_OVERLAP,,UNKNOWN
d6135534c3272af09f32e463523890d1,b1b63888-c5c8-4d41-983e-628daefebac4,IND-000449,IND-000743,2744.2975534521975,1385.3701505832648,41.3461383061003,10.508178569247173,41.3461383061003,30.83795973685313,0.0038290959214784775,0.015066200913267878,0.0112371049917894,0.010533045049035664,0.1106831182531916,PROPORTIONAL_APPORTIONMENT,Weights normalized (pre-normalization sum=1.430) due to overlapping target geometries detected in crosswalk_errors,MEASURED,MEASURED_NORMALIZED,MINOR_OVERLAP,2733.78937488295,UNKNOWN
a072f15393b5eb9c6cfbc9865b762ee3,4d324947-c272-4257-8de7-98459d1c0740,IND-000466,IND-000468,3265.5533489664476,1431.3390256906937,1431.1944707841808,381.3583718631828,1431.1944707841808,1049.836098920998,0.11678215944133429,0.4382701238787466,0.3214879644374123,0.21894652154555178,83.4970889817189,PROPORTIONAL_APPORTIONMENT,Weights normalized (pre-normalization sum=2.002) due to overlapping target geometries detected in crosswalk_errors,MEASURED,MEASURED_NORMALIZED,EXTREME_OVERLAP,2884.194977103265,UNKNOWN
8b0917cebf464a059348f9c126a611a0,d950787d-b5fc-4349-867b-8fdc3ed81031,IND-000023,IND-000507,2192.377776070499,2975.1737963544847,0.19965149922044687,,0.19965149922044687,,,9.106619370056359e-05,,9.044313523866804e-05,,PROPORTIONAL_APPORTIONMENT,Weights normalized (pre-normalization sum=1.007) due to overlapping target geometries detected in crosswalk_errors,MEASURED,MEASURED_NORMALIZED,EXTREME_OVERLAP,,UNKNOWN
67efaf43ceb5929237a5122f27b7430c,f60921d1-4463-4d42-a660-9f51536a4915,IND-000107,IND-000435,12341.759304097304,2481.1294262539122,2481.054317491127,212.35948702908743,2481.054317491127,2268.6948304620396,0.0172065814764826,0.2010292257658476,0.183822644289365,0.2010292257658476,42.69046326149,NONE,Uniform spatial distribution assumed across district area; no ancillary data available for this build,MEASURED,MEASURED,EXTREME_OVERLAP,12129.399817068217,UNKNOWN
63b7192ed2841f9a443b5cfa6f829ba0,090a2a30-449d-4d44-b174-6d916b2f8a49,IND-000117,IND-000444,10980.479973380885,3025.0575983286535,3024.980857427464,139.4694830831326,3024.980857427464,2885.511374344331,0.012701583484623396,0.2754871248579923,0.2627855413733689,0.16127379459165445,22.49277276655335,PROPORTIONAL_APPORTIONMENT,Weights normalized (pre-normalization sum=1.708) due to overlapping target geometries detected in crosswalk_errors,MEASURED,MEASURED_NORMALIZED,EXTREME_OVERLAP,10841.010490297753,UNKNOWN
783ec02463813041a04cfac70b6af82a,089f4409-b14d-4cdb-89dc-78819baa9a33,IND-000117,IND-000359,10980.479973380885,7955.404411519088,,387.30112894618634,,,,,,,,NONE,No geometric data available for this lineage pair,UNMEASURED,UNMEASURED,UNKNOWN,10593.178844434698,CLEAN_SPLIT
bf34081d98563590094d9af7961a7dee,32ab8eb4-23a3-451e-ac2a-a1007a2586c9,IND-000141,IND-000937,7090.027624325411,1173.7069954160215,1155.0014208077694,41.75071836205267,1155.0014208077694,1113.2507024457168,0.005888653835255698,0.162905066384373,0.1570164125491173,0.08228489207855214,3.435453354623529,PROPORTIONAL_APPORTIONMENT,Weights normalized (pre-normalization sum=1.980) due to overlapping target geometries detected in crosswalk_errors,MEASURED,MEASURED_NORMALIZED,EXTREME_OVERLAP,7048.276905963358,UNKNOWN
90b0420091cdb1abfd63078698b49404,76e6c690-ac96-401f-95a0-53224da46af1,IND-000141,IND-000936,7090.027624325411,4211.78123411149,4134.342141955316,121.32228539032785,4134.342141955316,4013.019856564988,0.01711168021039568,0.5831207381718323,0.5660090579614366,0.2945398082096583,35.73424267042459,PROPORTIONAL_APPORTIONMENT,Weights normalized (pre-normalization sum=1.980) due to overlapping target geometries detected in crosswalk_errors,MEASURED,MEASURED_NORMALIZED,EXTREME_OVERLAP,6968.705338935083,UNKNOWN
179026aeb4847d4a81264d1eca0ac862,4a96dfdc-5221-4f02-be27-bc62b9cd48a7,IND-000141,IND-000938,7090.027624325411,708.9850692614582,707.7164784093187,22.67856634006861,707.7164784093187,685.0379120692501,0.0031986569787485685,0.09981857841867792,0.09661992143992935,0.05041930944759928,1.1434376541278282,PROPORTIONAL_APPORTIONMENT,Weights normalized (pre-normalization sum=1.980) due to overlapping target geometries detected in crosswalk_errors,MEASURED,MEASURED_NORMALIZED,EXTREME_OVERLAP,7067.349057985342,CLEAN_SPLIT
4b99a41a326a49b132bf3a2805ae615f,44e63bba-1bd2-4e57-b5d2-94c84b29db43,IND-000141,IND-000939,7090.027624325411,954.1557954837031,947.783666201435,25.030646376511868,947.783666201435,922.7530198249232,0.0035304018126295295,0.13367841656210938,0.13014801474947985,0.06752223441652319,1.6901251722319313,PROPORTIONAL_APPORTIONMENT,Weights normalized (pre-normalization sum=1.980) due to overlapping target geometries detected in crosswalk_errors,MEASURED,MEASURED_NORMALIZED,EXTREME_OVERLAP,7064.996977948899,CLEAN_SPLIT
2fbc23ce6b162995acaf8f79e5200cb3,0110aee8-99a8-4d53-b456-593c60f4a4d2,IND-000212,IND-000335,12789.189098051245,6574.145904678048,6573.846948370346,1637.181464368416,6573.846948370346,4936.665484001929,0.1280129218370758,0.5140159315786516,0.38600300974157575,0.3705636849384977,606.679996349366,PROPORTIONAL_APPORTIONMENT,Weights normalized (pre-normalization sum=1.387) due to overlapping target geometries detected in crosswalk_errors,MEASURED,MEASURED_NORMALIZED,EXTREME_OVERLAP,11152.00763368283,CLEAN_SPLIT
a2e6deb2fabd4da565ab48b64645b81c,306f1901-39ca-4f9d-8208-03f47dbe2fe0,IND-000212,IND-000374,12789.189098051245,5193.869904128577,2506.545347182684,600.074396378743,2506.545347182684,1906.470950803941,0.046920441302269855,0.19598938822201162,0.14906894691974176,0.14129241030591977,84.78595782722249,PROPORTIONAL_APPORTIONMENT,Weights normalized (pre-normalization sum=1.387) due to overlapping target geometries detected in crosswalk_errors,MEASURED,MEASURED_NORMALIZED,EXTREME_OVERLAP,12189.114701672503,UNKNOWN
b6355c65e827bccdc6fc79c60b5d9f6f,584c88f9-c84d-4042-b181-90231d5a7513,IND-000212,IND-000372,12789.189098051245,5718.289464230443,3700.5973316145123,951.1882562635093,3700.5973316145123,2749.409075351003,0.07437439926573974,0.2893535550411395,0.21497915577539978,0.2086003818535191,198.418233471151,PROPORTIONAL_APPORTIONMENT,Weights normalized (pre-normalization sum=1.387) due to overlapping target geometries detected in crosswalk_errors,MEASURED,MEASURED_NORMALIZED,EXTREME_OVERLAP,11838.000841787736,CLEAN_SPLIT
0b5723fed00cff4e0cc3378b18060b99,e0172320-9e8f-4b53-991e-834af105cafc,IND-000252,IND-000478,6048.474155701494,2274.6578583021446,2274.524331618291,550.310715086197,2274.524331618291,1724.213616532094,0.09098339530267409,0.37604927673771216,0.2850658814350381,0.21549931715795292,118.59158332578023,PROPORTIONAL_APPORTIONMENT,Weights normalized (pre-normalization sum=1.745) due to overlapping target geometries detected in crosswalk_errors,MEASURED,MEASURED_NORMALIZED,EXTREME_OVERLAP,5498.163440615297,UNKNOWN
e290fb42469c41420615d6452a105a67,7b9c55d4-e247-45ac-ba81-07a04f0cfd5f,IND-000308,IND-000924,11290.395332520051,7276.049655554871,7275.532159606172,203.30190393160942,7275.532159606172,7072.230255674563,0.018006624032555627,0.6444001246484476,0.626393500615892,0.3256896844155866,66.21333293257378,PROPORTIONAL_APPORTIONMENT,Weights normalized (pre-normalization sum=1.979) due to overlapping target geometries detected in crosswalk_errors,MEASURED,MEASURED_NORMALIZED,EXTREME_OVERLAP,11087.093428588441,CLEAN_SPLIT
c25d62a3e8691ee9ab8e3ed411b67fa5,3e8e12f0-f849-4aed-906f-ef0be8a91fe4,IND-000308,IND-000923,11290.395332520051,4014.357079558181,4014.2198130828347,97.40659853765001,4014.2198130828347,3916.8132145451846,0.008627385992152726,0.3555428924194144,0.34691550642726166,0.17969681879167354,17.503655886533387,PROPORTIONAL_APPORTIONMENT,Weights normalized (pre-normalization sum=1.979) due to overlapping target geometries detected in crosswalk_errors,MEASURED,MEASURED_NORMALIZED,EXTREME_OVERLAP,11192.988733982402,UNKNOWN
01f8db7c215c92cebfa2adc01c8d309a,d30a0df7-b20d-4e4a-914c-5d0f63faf101,IND-000322,IND-000425,96362.68229164062,16826.933448942847,16826.900140210597,4805.109132440181,16826.900140210597,12021.791007770415,0.04986483375273397,0.17462050391337347,0.1247556701606395,0.05877170169746725,282.40444055555,PROPORTIONAL_APPORTIONMENT,Weights normalized (pre-normalization sum=2.971) due to overlapping target geometries detected in crosswalk_errors,MEASURED,MEASURED_NORMALIZED,EXTREME_OVERLAP,91557.57315920044,UNKNOWN
d85afd3064ce73ac97a5741b56a26484,25eb8098-a769-4a80-86a9-d0061337dcf7,IND-000343,IND-000910,23196.390123451634,,,,,,,,,,,NONE,No geometric data available for this lineage pair,UNMEASURED,UNMEASURED,UNKNOWN,,UNKNOWN
bf5a83f09a8e0ac49071af6e6badc432,c842a552-cadf-4fc9-9424-59b02f398fd1,IND-000345,IND-000872,4111.341987282279,1217.0130097569465,1026.518540573278,,1026.518540573278,,,0.24967967728022492,,0.1251995487117318,,PROPORTIONAL_APPORTIONMENT,Weights normalized (pre-normalization sum=1.994) due to overlapping target geometries detected in crosswalk_errors,MEASURED,MEASURED_NORMALIZED,EXTREME_OVERLAP,,UNKNOWN
007c028a6b06b80c6d985b5e5e14e21a,f93ba5c5-7a45-43e0-b8b0-8ca9af8502a0,IND-000365,IND-000448,5757.252582251001,1324.2597284357191,1324.0971193011007,344.0607847145789,1324.0971193011007,980.0363345865219,0.05976128019383444,0.22998767213777485,0.1702263919439404,0.16808054337844902,57.82992365004199,PROPORTIONAL_APPORTIONMENT,Weights normalized (pre-normalization sum=1.368) due to overlapping target geometries detected in crosswalk_errors,MEASURED,MEASURED_NORMALIZED,EXTREME_OVERLAP,5413.191797536421,UNKNOWN
ea733c0791b1152dc85f6859885a1e16,7bd2ff2b-fd20-4f09-a535-82ca13ef7e4d,IND-000374,IND-000373,5193.869904128577,3546.7579108764435,712.2307967268283,175.7867901267594,712.2307967268283,536.4440066000689,0.03384505067926855,0.137129117570057,0.10328406689078845,0.137129117570057,24.105487410555323,NONE,Uniform spatial distribution assumed across district area; no ancillary data available for this build,MEASURED,MEASURED,EXTREME_OVERLAP,5018.083114001818,CLEAN_SPLIT
02d6fbf72309c1ce034aa0137ec66a58,758e8778-f9d7-4bc9-bb74-6f6f41d3a979,IND-000384,IND-000383,11965.335601381099,6157.370011308436,1226.941711486508,153.1635791039549,1226.941711486508,1073.7781323825532,0.0128006087089004,0.10254135382085633,0.08974074511195593,0.03417995065779611,5.2351235763446295,PROPORTIONAL_APPORTIONMENT,Weights normalized (pre-normalization sum=3.000) due to overlapping target geometries detected in crosswalk_errors,MEASURED,MEASURED_NORMALIZED,EXTREME_OVERLAP,11812.172022277144,CLEAN_SPLIT
a95ba3920ca6a266ebf8847bedea1299,e4df7c0e-37bc-40b7-9753-76ab661bc8c2,IND-000408,IND-000748,13498.574694867002,3680.7433986718675,3661.1488919263606,,3661.1488919263606,,,0.2712248496367959,,0.13683538834158832,,PROPORTIONAL_APPORTIONMENT,Weights normalized (pre-normalization sum=1.982) due to overlapping target geometries detected in crosswalk_errors,MEASURED,MEASURED_NORMALIZED,EXTREME_OVERLAP,,UNKNOWN
c4507ae14cc7a5f2e05a6b6612d2e4bb,a6b5d506-1f60-477e-af22-56455b003d62,IND-000479,IND-000573,5036.48156019621,3171.894576142459,,0.0,,,,,,,,NONE,No geometric data available for this lineage pair,UNMEASURED,UNMEASURED,UNKNOWN,5036.48156019621,UNKNOWN
40b9c52bb59b83b03e3ae833f820116a,2cc846fd-244b-49fb-9d36-408a49911e77,IND-000117,IND-000444,10980.479973380885,3025.0575983286535,3024.980857427464,139.4694830831326,3024.980857427464,2885.511374344331,0.012701583484623396,0.2754871248579923,0.2627855413733689,0.16127379459165445,22.49277276655335,PROPORTIONAL_APPORTIONMENT,Weights normalized (pre-normalization sum=1.708) due to overlapping target geometries detected in crosswalk_errors,MEASURED,MEASURED_NORMALIZED,EXTREME_OVERLAP,10841.010490297753,CLEAN_SPLIT
b13f4cae5db4fa50ce82142b1ea1bade,b8843595-8ab4-46a0-8c65-a8bf4bb5addb,IND-000141,IND-000937,7090.027624325411,1173.7069954160215,1155.0014208077694,41.75071836205267,1155.0014208077694,1113.2507024457168,0.005888653835255698,0.162905066384373,0.1570164125491173,0.08228489207855214,3.435453354623529,PROPORTIONAL_APPORTIONMENT,Weights normalized (pre-normalization sum=1.980) due to overlapping target geometries detected in crosswalk_errors,MEASURED,MEASURED_NORMALIZED,EXTREME_OVERLAP,7048.276905963358,CLEAN_SPLIT
d31344d41793c15357153d658eb0b171,1bf8425d-1f71-411f-876d-d4854b6f3a1f,IND-000141,IND-000936,7090.027624325411,4211.78123411149,4134.342141955316,121.32228539032785,4134.342141955316,4013.019856564988,0.01711168021039568,0.5831207381718323,0.5660090579614366,0.2945398082096583,35.73424267042459,PROPORTIONAL_APPORTIONMENT,Weights normalized (pre-normalization sum=1.980) due to overlapping target geometries detected in crosswalk_errors,MEASURED,MEASURED_NORMALIZED,EXTREME_OVERLAP,6968.705338935083,CLEAN_SPLIT
41fa55c7f6a0c46f598c5f89302d2e2f,e9672a9a-f006-47a1-9453-91d2844fc1aa,IND-000141,IND-000938,7090.027624325411,708.9850692614582,707.7164784093187,22.67856634006861,707.7164784093187,685.0379120692501,0.0031986569787485685,0.09981857841867792,0.09661992143992935,0.05041930944759928,1.1434376541278282,PROPORTIONAL_APPORTIONMENT,Weights normalized (pre-normalization sum=1.980) due to overlapping target geometries detected in crosswalk_errors,MEASURED,MEASURED_NORMALIZED,EXTREME_OVERLAP,7067.349057985342,UNKNOWN
f942856298894799ce468bd92836f465,87aa186d-7c22-4655-8508-b44ed5b1b740,IND-000141,IND-000939,7090.027624325411,954.1557954837031,947.783666201435,25.030646376511868,947.783666201435,922.7530198249232,0.0035304018126295295,0.13367841656210938,0.13014801474947985,0.06752223441652319,1.6901251722319313,PROPORTIONAL_APPORTIONMENT,Weights normalized (pre-normalization sum=1.980) due to overlapping target geometries detected in crosswalk_errors,MEASURED,MEASURED_NORMALIZED,EXTREME_OVERLAP,7064.996977948899,UNKNOWN
ad2cf6058c9b84a4a35300cc54e017f7,ba1a9425-92e1-44a1-a6a7-7be34b595617,IND-000212,IND-000335,12789.189098051245,6574.145904678048,6573.846948370346,1637.181464368416,6573.846948370346,4936.665484001929,0.1280129218370758,0.5140159315786516,0.38600300974157575,0.3705636849384977,606.679996349366,PROPORTIONAL_APPORTIONMENT,Weights normalized (pre-normalization sum=1.387) due to overlapping target geometries detected in crosswalk_errors,MEASURED,MEASURED_NORMALIZED,EXTREME_OVERLAP,11152.00763368283,UNKNOWN
0612726c5f3e0ddd4efd8adf0050d6c0,413ae984-036c-4f67-8128-d925464b9b2b,IND-000212,IND-000374,12789.189098051245,5193.869904128577,2506.545347182684,600.074396378743,2506.545347182684,1906.470950803941,0.046920441302269855,0.19598938822201162,0.14906894691974176,0.14129241030591977,84.78595782722249,PROPORTIONAL_APPORTIONMENT,Weights normalized (pre-normalization sum=1.387) due to overlapping target geometries detected in crosswalk_errors,MEASURED,MEASURED_NORMALIZED,EXTREME_OVERLAP,12189.114701672503,CLEAN_SPLIT
26ddd73aecd4c7347652b446751592a0,d14ca541-a16c-425b-93ca-ffdf8425f12e,IND-000308,IND-000924,11290.395332520051,7276.049655554871,7275.532159606172,203.30190393160942,7275.532159606172,7072.230255674563,0.018006624032555627,0.6444001246484476,0.626393500615892,0.3256896844155866,66.21333293257378,PROPORTIONAL_APPORTIONMENT,Weights normalized (pre-normalization sum=1.979) due to overlapping target geometries detected in crosswalk_errors,MEASURED,MEASURED_NORMALIZED,EXTREME_OVERLAP,11087.093428588441,UNKNOWN
631a658081ce5e0f42bc10adb1866a1e,24d95431-5dc9-475a-963e-1d0f100a356a,IND-000308,IND-000923,11290.395332520051,4014.357079558181,4014.2198130828347,97.40659853765001,4014.2198130828347,3916.8132145451846,0.008627385992152726,0.3555428924194144,0.34691550642726166,0.17969681879167354,17.503655886533387,PROPORTIONAL_APPORTIONMENT,Weights normalized (pre-normalization sum=1.979) due to overlapping target geometries detected in crosswalk_errors,MEASURED,MEASURED_NORMALIZED,EXTREME_OVERLAP,11192.988733982402,CLEAN_SPLIT
437e437467cecde7856b6ff42a710bb9,15cc9080-5d4a-498a-b3d0-bfeada3829a9,IND-000019,IND-000421,4588.649941153584,2141.1934239571174,0.052142363088123256,,0.052142363088123256,,,1.1363334261016802e-05,,9.553248537488536e-06,,PROPORTIONAL_APPORTIONMENT,Weights normalized (pre-normalization sum=1.189) due to overlapping target geometries detected in crosswalk_errors,MEASURED,MEASURED_NORMALIZED,EXTREME_OVERLAP,,UNKNOWN
63687a7b30afe2fdd37516148876e3f3,c121addd-804e-4e9b-a419-4e7860e282a8,IND-000019,IND-000420,4588.649941153584,2866.10635503291,0.10100090252652318,,0.10100090252652318,,,2.2011028041317877e-05,,1.850485223916342e-05,,PROPORTIONAL_APPORTIONMENT,Weights normalized (pre-normalization sum=1.189) due to overlapping target geometries detected in crosswalk_errors,MEASURED,MEASURED_NORMALIZED,EXTREME_OVERLAP,,UNKNOWN
7f5d62e8bdbd95d591e2b0de706c98a5,8763ea68-e006-4f01-9281-aad5c2b0e576,IND-000025,IND-000399,6393.641098031671,1781.4159542930972,1781.3332396893886,,1781.3332396893886,,,0.27861013972739024,,0.19813538449323193,,PROPORTIONAL_APPORTIONMENT,Weights normalized (pre-normalization sum=1.406) due to overlapping target geometries detected in crosswalk_errors,MEASURED,MEASURED_NORMALIZED,EXTREME_OVERLAP,,UNKNOWN
23fc35fc9d7a858429f13c906de0f18f,8f09c5a6-6223-4a2c-87e8-c6f96d6eb8a8,IND-000094,IND-000849,8875.032771653432,2631.8585365191584,1656.7399053660126,569.7855697850447,1656.7399053660126,1086.9543355809678,0.06420095389449393,0.18667422960482877,0.12247327571033484,0.18667422960482877,106.36428227957161,NONE,Uniform spatial distribution assumed across district area; no ancillary data available for this build,MEASURED,MEASURED,EXTREME_OVERLAP,8305.247201868387,CLEAN_SPLIT
e3cc8e0d8b5d64caba97bcb80845ed7e,83644129-a25a-44a9-b086-e34de29cb6d1,IND-000098,IND-000524,5143.403505248164,2640.3034789244102,2640.1891257715683,612.6780351350457,2640.1891257715683,2027.5110906365226,0.1191191852845861,0.5133155746146698,0.3941963893300837,0.48265257908480347,295.71063380653965,PROPORTIONAL_APPORTIONMENT,Weights normalized (pre-normalization sum=1.064) due to overlapping target geometries detected in crosswalk_errors,MEASURED,MEASURED_NORMALIZED,EXTREME_OVERLAP,4530.725470113119,CLEAN_SPLIT
e82e9330a020aae4fb0e1b36d709a9db,a4107320-26bb-47ec-a37a-e63c0e1ab741,IND-000107,IND-000492,6555.03320593457,1562.3070430128323,1562.2161145163755,155.69740938801064,1562.2161145163755,1406.518705128365,0.023752344877071056,0.2383231427572373,0.21457079788016623,0.21815668209776878,33.9664302433064,PROPORTIONAL_APPORTIONMENT,Weights normalized (pre-normalization sum=1.092) due to overlapping target geometries detected in crosswalk_errors,MEASURED,MEASURED_NORMALIZED,EXTREME_OVERLAP,6399.335796546559,UNKNOWN
d1eeb065ac237ab1b1481e5f3acc7661,553e0c01-7ad1-4846-bc7e-6eac3856a350,IND-000144,IND-000695,422.43417271016455,70.92808130559163,70.8481126697417,22.347408268286078,70.8481126697417,48.50070440145562,0.05290151628812192,0.1677139711856388,0.11481245489751687,0.14346730404535687,3.2061224166519207,PROPORTIONAL_APPORTIONMENT,Weights normalized (pre-normalization sum=1.169) due to overlapping target geometries detected in crosswalk_errors,MEASURED,MEASURED_NORMALIZED,EXTREME_OVERLAP,400.0867644418785,UNKNOWN
f40d6bbfe784159d4f3fce555279a59d,6b2414ae-6d94-4f13-8b5a-67b798c502a9,IND-000253,IND-000884,4056.223428929055,1263.9358676228933,1234.4851967770448,315.1542982122131,1234.4851967770448,919.3308985648317,0.07769648386835086,0.3043434905416391,0.22664700667328824,0.3009964719945743,94.86033189580212,PROPORTIONAL_APPORTIONMENT,Weights normalized (pre-normalization sum=1.011) due to overlapping target geometries detected in crosswalk_errors,MEASURED,MEASURED_NORMALIZED,EXTREME_OVERLAP,3741.0691307168418,CLEAN_SPLIT
5cc4e66d615e5a9e1ecc03fdf3a3fd05,6ff81d97-b9b6-4759-b28b-022ebf7515c1,IND-000297,IND-000852,4466.126340628052,3314.378847191413,1978.0474216397033,319.7301604356949,1978.0474216397033,1658.3172612040084,0.07159003934284865,0.4429000146380854,0.3713099752952368,0.3096377313466904,99.00052152042194,PROPORTIONAL_APPORTIONMENT,Weights normalized (pre-normalization sum=1.430) due to overlapping target geometries detected in crosswalk_errors,MEASURED,MEASURED_NORMALIZED,EXTREME_OVERLAP,4146.396180192357,CLEAN_SPLIT
c158234dea269dcc3a4a510a4eb18297,d1d2c275-6c65-46c2-8baf-2a88222a3b8d,IND-000327,IND-000686,12625.329167375983,,,,,,,,,,,NONE,No geometric data available for this lineage pair,UNMEASURED,UNMEASURED,UNKNOWN,,UNKNOWN
a104be442c925dfba88fea1c6d6373c8,1119b82c-06a2-40aa-ae2e-08d56c71f288,IND-000335,IND-000380,3739.9212754241466,2124.706066360751,1381.3483305474767,341.3352459632858,1381.3483305474767,1040.013084584191,0.09126802967920086,0.3693522480338352,0.27808421835463437,0.18467487520918047,63.03604395276472,PROPORTIONAL_APPORTIONMENT,Weights normalized (pre-normalization sum=2.000) due to overlapping target geometries detected in crosswalk_errors,MEASURED,MEASURED_NORMALIZED,EXTREME_OVERLAP,3398.586029460861,CLEAN_SPLIT
4ed4148042d63332f44e802ab90f5945,05ec14fc-0900-4074-aae4-6f1d071a40f2,IND-000341,IND-000402,6018.659594649014,2223.058517373301,2222.969060351226,,2222.969060351226,,,0.3693462016571916,,0.16251206113048125,,PROPORTIONAL_APPORTIONMENT,Weights normalized (pre-normalization sum=2.273) due to overlapping target geometries detected in crosswalk_errors,MEASURED,MEASURED_NORMALIZED,EXTREME_OVERLAP,,UNKNOWN
9434aef765400601731fadd2c2291bb5,2d96c4e4-197c-474b-9667-691ece1738c4,IND-000372,IND-000523,,2017.453177101139,,,,,,,,,,NONE,No geometric data available for this lineage pair,UNMEASURED,UNMEASURED,UNKNOWN,,UNKNOWN
c9b5a2f21f1b91711bfb6af9b99e6c40,c004e142-a8c7-418a-8ce1-3af758f13553,IND-000385,IND-000033,11631.731832989019,8757.867252086264,,0.0,,,,,,,,NONE,No geometric data available for this lineage pair,UNMEASURED,UNMEASURED,UNKNOWN,11631.731832989019,UNKNOWN
4f06e94355e6ae1684cf61f316c34487,257b4378-9ec2-4edd-b241-f516cc61b387,IND-000393,IND-000854,5121.116080207762,1436.3775682060223,1410.4811376744103,,1410.4811376744103,,,0.27542455894051665,,0.1400112389251338,,PROPORTIONAL_APPORTIONMENT,Weights normalized (pre-normalization sum=1.967) due to overlapping target geometries detected in crosswalk_errors,MEASURED,MEASURED_NORMALIZED,EXTREME_OVERLAP,,UNKNOWN
3ef71488d12397725fb0696d1cdfcd7a,a65e59fc-b035-48a5-84c3-fe138980b7e5,IND-000396,IND-000611,12668.614066431102,1533.4883465460039,1533.47324195526,,1533.47324195526,,,0.12104506727524438,,0.05422030234655468,,PROPORTIONAL_APPORTIONMENT,Weights normalized (pre-normalization sum=2.232) due to overlapping target geometries detected in crosswalk_errors,MEASURED,MEASURED_NORMALIZED,EXTREME_OVERLAP,,UNKNOWN
dd0ef418ef21c5115f7a863007b931c0,6a6fca94-91fe-45d2-8cac-dad52d7b4f47,IND-000396,IND-000610,12668.614066431102,3001.0028967521644,3000.9251832105842,,3000.9251832105842,,,0.2368787278130401,,0.10610623407135725,,PROPORTIONAL_APPORTIONMENT,Weights normalized (pre-normalization sum=2.232) due to overlapping target geometries detected in crosswalk_errors,MEASURED,MEASURED_NORMALIZED,EXTREME_OVERLAP,,UNKNOWN
ef3d892491b2355072a4e1e4779e19ee,24239bbe-3d01-4ca6-95f6-6684ac90bfc9,IND-000396,IND-000612,12668.614066431102,3856.805502217708,3856.716534371368,,3856.716534371368,,,0.3044308173054837,,0.1363651681929205,,PROPORTIONAL_APPORTIONMENT,Weights normalized (pre-normalization sum=2.232) due to overlapping target geometries detected in crosswalk_errors,MEASURED,MEASURED_NORMALIZED,EXTREME_OVERLAP,,UNKNOWN
20312e6d4aaffa9d436d8a52a57448cd,1741867d-8975-4130-8136-8132eaf76a70,IND-000396,IND-000613,12668.614066431102,931.0285391292106,931.0285325855173,,931.0285325855173,,,0.07349095391993411,,0.032919158384329135,,PROPORTIONAL_APPORTIONMENT,Weights normalized (pre-normalization sum=2.232) due to overlapping target geometries detected in crosswalk_errors,MEASURED,MEASURED_NORMALIZED,EXTREME_OVERLAP,,UNKNOWN
6ea14f232e5221776165de5b99441707,a97a1bed-a54a-4e5a-8b00-e0ca7f49ced1,IND-000422,IND-000863,5199.65820659401,1782.8821581204222,1732.266049147766,,1732.266049147766,,,0.3331499841568378,,0.3331499841568378,,NONE,Uniform spatial distribution assumed across district area; no ancillary data available for this build,MEASURED,MEASURED,EXTREME_OVERLAP,,UNKNOWN
d0cbd5200e06b72d7f280e6f8bb419c7,cc279ae3-29e3-4379-be37-6b3fa65018a4,IND-000424,IND-000511,3387.1400086496506,3784.521523674734,0.0670809723960851,,0.0670809723960851,,,1.980460572187219e-05,,1.949376688640478e-05,,PROPORTIONAL_APPORTIONMENT,Weights normalized (pre-normalization sum=1.016) due to overlapping target geometries detected in crosswalk_errors,MEASURED,MEASURED_NORMALIZED,EXTREME_OVERLAP,,UNKNOWN
bcc8a1ff882fae127969b79a04188edc,173bf2fe-208f-461d-93b5-f1eada2f986f,IND-000427,IND-000726,1293.05347422686,492.00625703696244,416.1378707692238,132.14208586806726,416.1378707692238,283.9957849011565,0.10219382918179573,0.321825724197555,0.21963189501575928,0.321825724197555,42.526722481466244,NONE,Uniform spatial distribution assumed across district area; no ancillary data available for this build,MEASURED,MEASURED,EXTREME_OVERLAP,1160.911388358793,UNKNOWN
0294e7b085c56c7098b6824ef56e5bf1,2e44cca1-7966-48e0-bfdc-61645e30d80c,IND-000427,IND-000727,1293.05347422686,1165.8537807228763,5.5743072994914,1.7619660964232642,5.5743072994914,3.8123412030681356,0.0013626397759588214,0.004310964249041887,0.002948324473083066,0.004310964249041887,0.0075957728497045825,NONE,Uniform spatial distribution assumed across district area; no ancillary data available for this build,MEASURED,MEASURED,NO_OVERLAP,1291.2915081304368,CLEAN_SPLIT
0812a2fe50c82e32718acfa511d313f4,ff9237d0-5e15-4c7c-9c15-90662555f717,IND-000449,IND-000456,5984.5736525535385,2068.227960655609,2068.182448836282,519.1556379415256,2068.182448836282,1549.0268108947566,0.08674897629842165,0.34558559538386097,0.2588366190854393,0.20697703342576765,107.45329382739887,PROPORTIONAL_APPORTIONMENT,Weights normalized (pre-normalization sum=1.670) due to overlapping target geometries detected in crosswalk_errors,MEASURED,MEASURED_NORMALIZED,EXTREME_OVERLAP,5465.4180146120125,UNKNOWN
0d652489ef24d75f1ce1c664f9b6b34d,c7e89bc8-b0df-4fac-ae3b-b18c9a0cfa4e,IND-000498,IND-000626,3930.9029986303653,1803.1577412669683,1803.085667611365,81.73077533707436,1803.085667611365,1721.3548922742905,0.02079185758731559,0.458695029676288,0.4379031720889724,0.458695029676288,37.489500418705354,NONE,Uniform spatial distribution assumed across district area; no ancillary data available for this build,MEASURED,MEASURED,EXTREME_OVERLAP,3849.172223293291,UNKNOWN
ea453888227c1668f7528ab3fdc4e4bd,184c66ad-6d32-4fee-be48-9433df36b72c,IND-000680,IND-000850,3991.4134874396195,2513.4935894554333,567.3241391021301,178.02797857458347,567.3241391021301,389.2961605275466,0.044602740140757366,0.14213614823105003,0.09753340809029266,0.0712616023203348,12.686559011075051,PROPORTIONAL_APPORTIONMENT,Weights normalized (pre-normalization sum=1.995) due to overlapping target geometries detected in crosswalk_errors,MEASURED,MEASURED_NORMALIZED,EXTREME_OVERLAP,3813.385508865036,CLEAN_SPLIT
11ffeda75dbafc3e41ee46d40cee9f93,9a58b082-9198-4d0d-b81b-a777e1d0f64c,IND-000769,IND-000834,8430.995588576707,3368.914090652495,3230.2067558099793,535.3406295443033,3230.2067558099793,2694.866126265676,0.0634967275121867,0.3831346751250397,0.31963794761285297,0.19372563456394398,103.7092031663314,PROPORTIONAL_APPORTIONMENT,Weights normalized (pre-normalization sum=1.978) due to overlapping target geometries detected in crosswalk_errors,MEASURED,MEASURED_NORMALIZED,EXTREME_OVERLAP,7895.654959032403,UNKNOWN
26ba9a8c478ba3fc65db4b4193152730,2fa6d566-3a2a-4213-956b-8471ee054a23,IND-000769,IND-000902,8430.995588576707,2865.3426023560155,2809.552373776672,450.99416387064434,2809.552373776672,2358.5582099060275,0.05349239708791968,0.33324087816904807,0.2797484810811284,0.16849767138637578,75.99146642104914,PROPORTIONAL_APPORTIONMENT,Weights normalized (pre-normalization sum=1.978) due to overlapping target geometries detected in crosswalk_errors,MEASURED,MEASURED_NORMALIZED,EXTREME_OVERLAP,7980.001424706063,UNKNOWN
9ae7159ccee57215118628904c3972c4,f449dde7-e986-44be-9805-04d2f22acc76,IND-000838,IND-000875,3175.972639915969,1084.278449740641,1079.8847836244274,29.317748902897108,1079.8847836244274,1050.5670347215303,0.009231108774184153,0.3400170297603695,0.33078592098618537,0.1712605010678967,5.020972367292938,PROPORTIONAL_APPORTIONMENT,Weights normalized (pre-normalization sum=1.985) due to overlapping target geometries detected in crosswalk_errors,MEASURED,MEASURED_NORMALIZED,EXTREME_OVERLAP,3146.654891013072,UNKNOWN
190c8af05204d07513a12a2b149f4a8a,07c1b9ef-1b88-47ec-a73b-160c7a598866,IND-000841,IND-000888,5024.781801973254,1317.31913627127,1246.0303940633326,271.81658631556274,1246.0303940633326,974.2138077477698,0.054095201946643565,0.24797701535497738,0.19388181340833383,0.12619611264551536,34.30219654559821,PROPORTIONAL_APPORTIONMENT,Weights normalized (pre-normalization sum=1.965) due to overlapping target geometries detected in crosswalk_errors,MEASURED,MEASURED_NORMALIZED,EXTREME_OVERLAP,4752.965215657691,UNKNOWN
567ac778556a4922ac0bce1227b64a70,6e9a9874-482a-4ea7-abf0-1ba16356720b,IND-000885,IND-000407,24257.047925301682,7909.430936785123,,,,,,,,,,NONE,No geometric data available for this lineage pair,UNMEASURED,UNMEASURED,UNKNOWN,,UNKNOWN
93784fc5ddd81845869e714724e37025,f5f3cd29-f163-49a0-9705-b5f70d166c94,IND-000020,IND-000422,3655.9736335853536,5263.306763258943,0.044035966710081836,,0.044035966710081836,,,1.2044935528404368e-05,,7.816949811194943e-06,,PROPORTIONAL_APPORTIONMENT,Weights normalized (pre-normalization sum=1.541) due to overlapping target geometries detected in crosswalk_errors,MEASURED,MEASURED_NORMALIZED,EXTREME_OVERLAP,,UNKNOWN
4b94c3238a96b6e88292b3efe5ff614c,0aee44d9-4a09-44d0-b5f5-6706cbbe1d8c,IND-000124,IND-000632,13468.991605306794,13469.032827303636,13468.933370871073,1066.8139123301164,13468.933370871073,12402.119458540956,0.07920518058009561,0.999995676407156,0.9207904958270604,0.1980430375684011,211.2750677180862,PROPORTIONAL_APPORTIONMENT,Weights normalized (pre-normalization sum=5.049) due to overlapping target geometries detected in crosswalk_errors,MEASURED,MEASURED_NORMALIZED,EXTREME_OVERLAP,12402.177692976677,UNKNOWN
d12ee084cfdae28857703bdad3ee6a7c,ca589753-4a18-4d26-9e3d-c01158e780c1,IND-000124,IND-000631,13468.991605306794,9899.482822783024,9899.33962849302,824.9515721749972,9899.33962849302,9074.388056318023,0.061248205979278034,0.734972588786281,0.673724382807003,0.14555683334122949,120.07733850566132,PROPORTIONAL_APPORTIONMENT,Weights normalized (pre-normalization sum=5.049) due to overlapping target geometries detected in crosswalk_errors,MEASURED,MEASURED_NORMALIZED,EXTREME_OVERLAP,12644.040033131796,UNKNOWN
36d164941ef711809646378930a423a3,e881e0f5-94e7-4c88-91c9-9a39f6588df0,IND-000130,IND-000347,22478.364538398026,5459.080902710379,5458.986113113225,,5458.986113113225,,,0.24285512870778775,,0.1392665587849922,,PROPORTIONAL_APPORTIONMENT,Weights normalized (pre-normalization sum=1.744) due to overlapping target geometries detected in crosswalk_errors,MEASURED,MEASURED_NORMALIZED,EXTREME_OVERLAP,,CLEAN_SPLIT
65e58b818b662e3fbad3d910610ab1f9,60567416-0ec4-449a-9145-1e34d10cd639,IND-000130,IND-000348,22478.364538398026,4530.03530654014,4529.96684522807,,4529.96684522807,,,0.20152564202301657,,0.11556594592347075,,PROPORTIONAL_APPORTIONMENT,Weights normalized (pre-normalization sum=1.744) due to overlapping target geometries detected in crosswalk_errors,MEASURED,MEASURED_NORMALIZED,EXTREME_OVERLAP,,CLEAN_SPLIT
8a13464fda81720d93e367b1bc467ab3,99ef0550-df40-44e7-996d-f242feb6b409,IND-000130,IND-000344,22478.364538398026,3521.6914129097686,3521.6407308441903,,3521.6407308441903,,,0.1566680140287096,,0.08984210175651769,,PROPORTIONAL_APPORTIONMENT,Weights normalized (pre-normalization sum=1.744) due to overlapping target geometries detected in crosswalk_errors,MEASURED,MEASURED_NORMALIZED,EXTREME_OVERLAP,,UNKNOWN
b158496e47a6a2c39a1abb455c4cbe5c,0d2afe3f-8189-4318-8ea3-0dd0d1dfb3ab,IND-000130,IND-000346,22478.364538398026,4859.794302034519,4859.794302034519,,4859.794302034519,,,0.2161987494122588,,0.12398031700822223,,PROPORTIONAL_APPORTIONMENT,Weights normalized (pre-normalization sum=1.744) due to overlapping target geometries detected in crosswalk_errors,MEASURED,MEASURED_NORMALIZED,EXTREME_OVERLAP,,CLEAN_SPLIT
7985ac5bc64a5175f9a55b7be2e49e11,d9476df2-7efb-4539-9bcd-199128a25c7d,IND-000130,IND-000345,22478.364538398026,4107.877080035651,4107.863153295256,,4107.863153295256,,,0.18274742124935806,,0.10479747584352052,,PROPORTIONAL_APPORTIONMENT,Weights normalized (pre-normalization sum=1.744) due to overlapping target geometries detected in crosswalk_errors,MEASURED,MEASURED_NORMALIZED,EXTREME_OVERLAP,,UNKNOWN
a88f20bf779f6a16305d8c9edaea259e,a978a046-99bf-4476-b397-22ec3eef37fd,IND-000143,IND-000322,,96362.68229164062,,,,,,,,,,NONE,No geometric data available for this lineage pair,UNMEASURED,UNMEASURED,UNKNOWN,,CLEAN_SPLIT
9e93462d5921c4650308a9360c4e8251,53b84933-4c83-4ef4-b896-448c5e73e81e,IND-000143,IND-000338,,4919.607845164943,,,,,,,,,,NONE,No geometric data available for this lineage pair,UNMEASURED,UNMEASURED,UNKNOWN,,CLEAN_SPLIT
14ba10712cab42c5969b7705b932782f,edf34e4b-056d-4ac3-902a-5205d38cfbb6,IND-000143,IND-000328,,6141.542496970918,,,,,,,,,,NONE,No geometric data available for this lineage pair,UNMEASURED,UNMEASURED,UNKNOWN,,UNKNOWN
825cff5a2b0707d3b16913933882f027,ed63a7f4-931c-489d-bd97-e2d7f0e4cfad,IND-000143,IND-000334,,4477.322152290479,,,,,,,,,,NONE,No geometric data available for this lineage pair,UNMEASURED,UNMEASURED,UNKNOWN,,UNKNOWN
40775ff1d378d68651ec1a234228f8f9,123781cf-36c7-45c2-b716-4d55980ce69d,IND-000143,IND-000340,,4569.978690755184,,,,,,,,,,NONE,No geometric data available for this lineage pair,UNMEASURED,UNMEASURED,UNKNOWN,,UNKNOWN
0e6a7d6f8415a33594406ac7bfc0cec3,5941fc41-29dd-4915-b3f9-2a0c6de882d6,IND-000143,IND-000317,,3718.277915752788,,,,,,,,,,NONE,No geometric data available for this lineage pair,UNMEASURED,UNMEASURED,UNKNOWN,,UNKNOWN
31698711a39f619b92ed0d160f0ea3b9,8fad2a26-c1d8-4525-8290-7a711490629f,IND-000143,IND-000339,,11864.263743717482,,,,,,,,,,NONE,No geometric data available for this lineage pair,UNMEASURED,UNMEASURED,UNKNOWN,,UNKNOWN
2ceeaad4981b58a5e6b1938cc5dd6397,244b866d-0dff-4263-ab1c-60e30e4d076d,IND-000143,IND-000319,,2458.9154786752542,,,,,,,,,,NONE,No geometric data available for this lineage pair,UNMEASURED,UNMEASURED,UNKNOWN,,CLEAN_SPLIT
601d39151e5daf5146233e937d9803e8,78e2f6bc-53c3-4bd4-98d8-fc918a843af9,IND-000166,IND-000651,13059.796718790642,5876.078401311067,5875.8661933533285,688.9446829530249,5875.8661933533285,5186.921510400303,0.05275309392540241,0.4499201878769705,0.39716709395156813,0.293214110148056,202.00830215330575,PROPORTIONAL_APPORTIONMENT,Weights normalized (pre-normalization sum=1.534) due to overlapping target geometries detected in crosswalk_errors,MEASURED,MEASURED_NORMALIZED,EXTREME_OVERLAP,12370.852035837617,UNKNOWN
5bf479d06b6b9702affe811de8f41e8b,e034d4c9-48ac-4d96-a57c-c5db2b232df5,IND-000183,IND-000674,10167.849727430192,5116.479925799009,5116.232587186475,942.1765353617787,5116.232587186475,4174.056051824697,0.09266231903683958,0.5031774391181472,0.4105151200813076,0.5031774391181472,474.08197626054823,NONE,Uniform spatial distribution assumed across district area; no ancillary data available for this build,MEASURED,MEASURED,EXTREME_OVERLAP,9225.673192068412,UNKNOWN
6d08df39d2ac94ae51ff80cf1f0a6c82,dc172576-4c93-4562-b398-486bfdd168b0,IND-000187,IND-000670,,13437.265236033483,,,,,,,,,,NONE,No geometric data available for this lineage pair,UNMEASURED,UNMEASURED,UNKNOWN,,CLEAN_SPLIT
a0b43a3a7808c2888918915588d3cf0c,dfe14e43-1f5c-4f8b-8035-014eeeb04a17,IND-000187,IND-000672,,10740.826704630923,,,,,,,,,,NONE,No geometric data available for this lineage pair,UNMEASURED,UNMEASURED,UNKNOWN,,UNKNOWN
2e4cac8631b9a8a275037bffefe12a8b,8fc581ca-60c5-4d64-a2ec-16ebcf916582,IND-000254,IND-000567,3933.4866543045064,1335.9942296332545,1335.9764666740282,339.0668306729237,1335.9764666740282,996.9096360011044,0.08620007145616598,0.3396417946942919,0.2534417232381259,0.33870955947584086,114.84517685009551,PROPORTIONAL_APPORTIONMENT,Weights normalized (pre-normalization sum=1.003) due to overlapping target geometries detected in crosswalk_errors,MEASURED,MEASURED_NORMALIZED,EXTREME_OVERLAP,3594.419823631583,UNKNOWN
105e9b1f0b6035ecbbd6b2a73018c3f7,ac3cb67f-3383-4a54-9ea1-0d932480085c,IND-000340,IND-000730,4569.964730614893,2148.4343114731414,1950.6949176011944,615.4288619461432,1950.6949176011944,1335.2660556550513,0.13466818634798014,0.42685119745743133,0.2921830111094512,0.42685119745743133,262.69654667157545,NONE,Uniform spatial distribution assumed across district area; no ancillary data available for this build,MEASURED,MEASURED,EXTREME_OVERLAP,3954.5358686687496,UNKNOWN
548a8935adeaf5243d0e68017767a023,b622248f-a38e-4a95-858b-639b4cb21f98,IND-000366,IND-000450,14448.868217361625,4907.662181610147,3485.273701933175,977.9025513835239,3485.273701933175,2507.371150549651,0.0676802180400874,0.24121430478169234,0.17353408674160492,0.2025082394757729,198.033324059544,PROPORTIONAL_APPORTIONMENT,Weights normalized (pre-normalization sum=1.191) due to overlapping target geometries detected in crosswalk_errors,MEASURED,MEASURED_NORMALIZED,EXTREME_OVERLAP,13470.965665978101,UNKNOWN
653907cc1bbe0a07618c1b6f39fd3182,1fc5b22c-9ba3-4961-8570-caba2f0933d9,IND-000366,IND-000550,14448.868217361625,2595.201774983028,2595.1214412063696,749.1394052771554,2595.1214412063696,1845.9820359292141,0.05184761837449638,0.1796072468906662,0.12775962851616982,0.15078685900422542,112.96037787803573,PROPORTIONAL_APPORTIONMENT,Weights normalized (pre-normalization sum=1.191) due to overlapping target geometries detected in crosswalk_errors,MEASURED,MEASURED_NORMALIZED,EXTREME_OVERLAP,13699.72881208447,UNKNOWN
df7622a7210f30f20f13c1eb0a1ccafa,23cb9b25-7fa4-4551-9cce-ea41939dd3e3,IND-000366,IND-000451,14448.868217361625,4349.740753487852,4349.68462981887,1314.931081549847,4349.68462981887,3034.753548269023,0.09100581870971998,0.30103981601772306,0.2100339973080031,0.252733946309832,332.3277213655483,PROPORTIONAL_APPORTIONMENT,Weights normalized (pre-normalization sum=1.191) due to overlapping target geometries detected in crosswalk_errors,MEASURED,MEASURED_NORMALIZED,EXTREME_OVERLAP,13133.937135811779,UNKNOWN
53c496821845cb6f2f55b050b8874da0,62a252d3-ee23-4e60-bd94-beaee86a2121,IND-000124,IND-000632,13468.991605306794,13469.032827303636,13468.933370871073,1066.8139123301164,13468.933370871073,12402.119458540956,0.07920518058009561,0.999995676407156,0.9207904958270604,0.1980430375684011,211.2750677180862,PROPORTIONAL_APPORTIONMENT,Weights normalized (pre-normalization sum=5.049) due to overlapping target geometries detected in crosswalk_errors,MEASURED,MEASURED_NORMALIZED,EXTREME_OVERLAP,12402.177692976677,CLEAN_SPLIT
af42971d7119ed33b505965a10f3fcdd,3c13a119-198e-42ca-a26a-a9b42ccaed0f,IND-000124,IND-000631,13468.991605306794,9899.482822783024,9899.33962849302,824.9515721749972,9899.33962849302,9074.388056318023,0.061248205979278034,0.734972588786281,0.673724382807003,0.14555683334122949,120.07733850566132,PROPORTIONAL_APPORTIONMENT,Weights normalized (pre-normalization sum=5.049) due to overlapping target geometries detected in crosswalk_errors,MEASURED,MEASURED_NORMALIZED,EXTREME_OVERLAP,12644.040033131796,CLEAN_SPLIT
d0d24da3da17fb9209a75e080632beae,f99d621e-1eda-4173-a750-016996c87219,IND-000130,IND-000347,22478.364538398026,5459.080902710379,5458.986113113225,,5458.986113113225,,,0.24285512870778775,,0.1392665587849922,,PROPORTIONAL_APPORTIONMENT,Weights normalized (pre-normalization sum=1.744) due to overlapping target geometries detected in crosswalk_errors,MEASURED,MEASURED_NORMALIZED,EXTREME_OVERLAP,,UNKNOWN
579eb42dc766a2586d634741b4193e25,c5f4bdec-3d54-48c5-a253-88fdd4f2237a,IND-000130,IND-000348,22478.364538398026,4530.03530654014,4529.96684522807,,4529.96684522807,,,0.20152564202301657,,0.11556594592347075,,PROPORTIONAL_APPORTIONMENT,Weights normalized (pre-normalization sum=1.744) due to overlapping target geometries detected in crosswalk_errors,MEASURED,MEASURED_NORMALIZED,EXTREME_OVERLAP,,UNKNOWN
d08b6796669b9e048cba8e013078b294,4fe0f5c4-b4bc-4c0e-ab38-3a3d5cc9495c,IND-000130,IND-000344,22478.364538398026,3521.6914129097686,3521.6407308441903,,3521.6407308441903,,,0.1566680140287096,,0.08984210175651769,,PROPORTIONAL_APPORTIONMENT,Weights normalized (pre-normalization sum=1.744) due to overlapping target geometries detected in crosswalk_errors,MEASURED,MEASURED_NORMALIZED,EXTREME_OVERLAP,,CLEAN_SPLIT
07e969fe740f740754aac70c4fac115b,393205d9-5618-49f4-ac1b-ef6e614704b1,IND-000130,IND-000346,22478.364538398026,4859.794302034519,4859.794302034519,,4859.794302034519,,,0.2161987494122588,,0.12398031700822223,,PROPORTIONAL_APPORTIONMENT,Weights normalized (pre-normalization sum=1.744) due to overlapping target geometries detected in crosswalk_errors,MEASURED,MEASURED_NORMALIZED,EXTREME_OVERLAP,,UNKNOWN
f8173c1191721c4c3d3691eaf2184548,adf7dedc-5678-481b-b72a-b881ad284091,IND-000130,IND-000345,22478.364538398026,4107.877080035651,4107.863153295256,,4107.863153295256,,,0.18274742124935806,,0.10479747584352052,,PROPORTIONAL_APPORTIONMENT,Weights normalized (pre-normalization sum=1.744) due to overlapping target geometries detected in crosswalk_errors,MEASURED,MEASURED_NORMALIZED,EXTREME_OVERLAP,,CLEAN_SPLIT
1be322729cc6940a5b5c8063e0b02119,010a97d3-a255-4fd8-a610-fa81e819f64c,IND-000143,IND-000322,,96362.68229164062,,,,,,,,,,NONE,No geometric data available for this lineage pair,UNMEASURED,UNMEASURED,UNKNOWN,,UNKNOWN
af4dab9bf4755641cbcc8f6204eac625,f8eef427-11fd-4832-8ff9-5fb0ea2989c8,IND-000143,IND-000338,,4919.607845164943,,,,,,,,,,NONE,No geometric data available for this lineage pair,UNMEASURED,UNMEASURED,UNKNOWN,,UNKNOWN
d7a913286d0da5d153f1fb7343558e73,8f97db52-3c41-41c3-bee7-66a16e964f13,IND-000143,IND-000328,,6141.542496970918,,,,,,,,,,NONE,No geometric data available for this lineage pair,UNMEASURED,UNMEASURED,UNKNOWN,,CLEAN_SPLIT
aa11c226c2bfe0d08d819acc6bb5a16d,e1b94570-8f69-48d3-b078-53ed9bb49591,IND-000143,IND-000334,,4477.322152290479,,,,,,,,,,NONE,No geometric data available for this lineage pair,UNMEASURED,UNMEASURED,UNKNOWN,,CLEAN_SPLIT
dc85f7c39c52db89dbcaa8ab96dce767,a268ef0a-b42c-49ba-b172-b213fe9dc5a9,IND-000143,IND-000340,,4569.978690755184,,,,,,,,,,NONE,No geometric data available for this lineage pair,UNMEASURED,UNMEASURED,UNKNOWN,,CLEAN_SPLIT
e840349ac9da483b9f6cbada45e47bde,90ada2ae-2485-4735-9612-293c5d68084c,IND-000143,IND-000317,,3718.277915752788,,,,,,,,,,NONE,No geometric data available for this lineage pair,UNMEASURED,UNMEASURED,UNKNOWN,,CLEAN_SPLIT
453fe8df9c1f9995327ce46fa2bb2e79,932b6514-3620-44e2-894d-ff8b6085c1a0,IND-000143,IND-000339,,11864.263743717482,,,,,,,,,,NONE,No geometric data available for this lineage pair,UNMEASURED,UNMEASURED,UNKNOWN,,CLEAN_SPLIT
d3b638bd6e8957cb0af28a50eba0fb9d,7ed9fe58-9eaa-4285-b606-9f49f94b9ebe,IND-000143,IND-000319,,2458.9154786752542,,,,,,,,,,NONE,No geometric data available for this lineage pair,UNMEASURED,UNMEASURED,UNKNOWN,,UNKNOWN
3270404e3dab9b61be7280c295c46da4,26fc7e8e-10ca-47df-aa0b-97cd72c2c14d,IND-000187,IND-000670,,13437.265236033483,,,,,,,,,,NONE,No geometric data available for this lineage pair,UNMEASURED,UNMEASURED,UNKNOWN,,UNKNOWN
d885e0ac12ac4dbdb0e7ca4ea2fd5107,4eff639d-9b0f-46b1-90a0-6253a1d77112,IND-000187,IND-000672,,10740.826704630923,,,,,,,,,,NONE,No geometric data available for this lineage pair,UNMEASURED,UNMEASURED,UNKNOWN,,CLEAN_SPLIT
f48856320a92e28118f2d4524b063b19,d59778cb-c936-46f5-bf5c-33f9bd969e17,IND-000044,IND-000357,15178.317373301981,4896.225097753689,4895.965562028954,,4895.965562028954,,,0.32256313012934823,,0.2696684253701333,,PROPORTIONAL_APPORTIONMENT,Weights normalized (pre-normalization sum=1.196) due to overlapping target geometries detected in crosswalk_errors,MEASURED,MEASURED_NORMALIZED,EXTREME_OVERLAP,,CLEAN_SPLIT
1d4db8cf27c7d602864971fec17ebef8,c97bc74e-a010-4316-88c4-f70c491fd895,IND-000044,IND-000356,15178.317373301981,10282.027432826195,10281.97700894336,,10281.97700894336,,,0.6774121765979755,,0.5663284421765039,,PROPORTIONAL_APPORTIONMENT,Weights normalized (pre-normalization sum=1.196) due to overlapping target geometries detected in crosswalk_errors,MEASURED,MEASURED_NORMALIZED,EXTREME_OVERLAP,,CLEAN_SPLIT
5c52bc172cbf490a16187cffaf9b5034,10ed26e7-2924-4b7a-bafb-14c01276cc82,IND-000076,IND-000561,20606.767819247565,9597.034169048084,9596.984514601709,2955.698916213095,9596.984514601709,6641.285598388614,0.1434334070310799,0.46572002939916335,0.3222866223680835,0.46572002939916335,1376.5281861538379,NONE,Uniform spatial distribution assumed across district area; no ancillary data available for this build,MEASURED,MEASURED,EXTREME_OVERLAP,17651.06890303447,UNKNOWN
c75b846c2f341bcf5af3c16228064b84,382f46d9-4874-45f8-9a57-844af630ad59,IND-000268,IND-000572,4330.027933819654,2007.7614562042734,2007.6081492246678,414.3468129217442,2007.6081492246678,1593.2613363029236,0.0956914872732093,0.46364785167879813,0.3679563644055888,0.46364785167879813,192.11100966112355,NONE,Uniform spatial distribution assumed across district area; no ancillary data available for this build,MEASURED,MEASURED,EXTREME_OVERLAP,3915.68112089791,UNKNOWN
539484df147602b12ba2cd72ce42186f,9cd0263b-f69b-4746-ae22-894b56e3f25c,IND-000269,IND-000918,6176.028245495687,1053.119509808084,1053.043113805283,199.39131399512033,1053.043113805283,853.6517998101626,0.0322847153655006,0.17050490573343643,0.13822019036793584,0.10294552445561056,20.526443391120985,PROPORTIONAL_APPORTIONMENT,Weights normalized (pre-normalization sum=1.656) due to overlapping target geometries detected in crosswalk_errors,MEASURED,MEASURED_NORMALIZED,EXTREME_OVERLAP,5976.636931500567,UNKNOWN
6bd73c4744ff6b0bc54ee384309d6483,2e6b55a6-ee5b-4e12-ace7-62a2fe160425,IND-000269,IND-000417,6176.028245495687,6176.028223503255,6176.028141490837,1206.5380372426532,6176.028141490837,4969.490104248183,0.19535824469757046,0.9999999831599135,0.804641738462343,0.6037686850074669,728.469884157487,PROPORTIONAL_APPORTIONMENT,Weights normalized (pre-normalization sum=1.656) due to overlapping target geometries detected in crosswalk_errors,MEASURED,MEASURED_NORMALIZED,EXTREME_OVERLAP,4969.490208253033,UNKNOWN
b590895fa79c4b70f02d17cacbe548dc,1269ac1f-35d2-49ec-8709-556f3dca81ce,IND-000390,IND-000609,1060.9735665754404,567.4296255619096,567.3848376130807,,567.3848376130807,,,0.5347775434636494,,0.1643516206008934,,PROPORTIONAL_APPORTIONMENT,Weights normalized (pre-normalization sum=3.254) due to overlapping target geometries detected in crosswalk_errors,MEASURED,MEASURED_NORMALIZED,EXTREME_OVERLAP,,UNKNOWN
2cefd549d4bc9ce239c8ade2ecec783c,d4a351ed-a384-443b-a68d-538ddf34663d,IND-000390,IND-000608,1060.9735665754404,519.4862202995649,339.09834427202105,,339.09834427202105,,,0.31961054917376164,,0.09822497664661155,,PROPORTIONAL_APPORTIONMENT,Weights normalized (pre-normalization sum=3.254) due to overlapping target geometries detected in crosswalk_errors,MEASURED,MEASURED_NORMALIZED,EXTREME_OVERLAP,,CLEAN_SPLIT
02a4034b27bf70fb7da04c2d58fe7b06,74d0da2f-60c4-4f8e-941f-a1209b6e3b3d,IND-000445,IND-000594,6405.989090355114,3094.7870902491654,3094.7450063991014,222.67421989128474,3094.7450063991014,2872.0707865078166,0.034760318313146056,0.4831018228018158,0.4483415044886697,0.2415443396264612,53.78569739547778,PROPORTIONAL_APPORTIONMENT,Weights normalized (pre-normalization sum=2.000) due to overlapping target geometries detected in crosswalk_errors,MEASURED,MEASURED_NORMALIZED,EXTREME_OVERLAP,6183.31487046383,UNKNOWN
cdf6804d387abc81133acd159e1efa04,e21a44c0-cf92-4343-953e-b20052d8ae46,IND-000445,IND-000590,6405.989090355114,1211.0280605540493,1210.9526007793613,91.1592788768908,1210.9526007793613,1119.7933219024706,0.014230320656359003,0.18903444631252603,0.17480412565616701,0.09451465166577139,8.615887489152245,PROPORTIONAL_APPORTIONMENT,Weights normalized (pre-normalization sum=2.000) due to overlapping target geometries detected in crosswalk_errors,MEASURED,MEASURED_NORMALIZED,EXTREME_OVERLAP,6314.829811478223,UNKNOWN
31b69b43c339e46275caabbe4ef5cdd2,ba13e49c-61ea-4dd0-bdee-00789f41a6ff,IND-000445,IND-000591,6405.989090355114,668.4336572419069,668.3760656835619,54.146341655262994,668.3760656835619,614.229724028299,0.00845245611435492,0.10433612300243719,0.09588366688808227,0.05216664218662558,2.8246328308448847,PROPORTIONAL_APPORTIONMENT,Weights normalized (pre-normalization sum=2.000) due to overlapping target geometries detected in crosswalk_errors,MEASURED,MEASURED_NORMALIZED,EXTREME_OVERLAP,6351.842748699851,UNKNOWN
7d8a4eab0d963d55252af3106ba45e46,38edb2c5-1c61-48b5-9b74-b4a1f712f5bb,IND-000505,IND-000842,638.1524112322946,303.96022972151263,279.16241270181473,,279.16241270181473,,,0.43745413758249746,,0.13894151581024952,,PROPORTIONAL_APPORTIONMENT,Weights normalized (pre-normalization sum=3.148) due to overlapping target geometries detected in crosswalk_errors,MEASURED,MEASURED_NORMALIZED,EXTREME_OVERLAP,,UNKNOWN
83d2d890a4166d3676779b4300fee680,05afed2e-bb89-49df-81de-7d1e6ae7e698,IND-000559,IND-000556,415.03411761464355,157.11028205164723,117.24648425387103,30.02969891570115,117.24648425387103,87.21678533816988,0.072354771911989,0.2824984242927557,0.21014365238076668,0.1424393780933772,4.277411637883835,PROPORTIONAL_APPORTIONMENT,Weights normalized (pre-normalization sum=1.983) due to overlapping target geometries detected in crosswalk_errors,MEASURED,MEASURED_NORMALIZED,EXTREME_OVERLAP,385.0044186989424,CLEAN_SPLIT
e2ff8e495bc1723d0481129c6e3dc8a4,8ff2af7e-bea3-446b-822c-d884e267dd44,IND-000044,IND-000357,15178.317373301981,4896.225097753689,4895.965562028954,,4895.965562028954,,,0.32256313012934823,,0.2696684253701333,,PROPORTIONAL_APPORTIONMENT,Weights normalized (pre-normalization sum=1.196) due to overlapping target geometries detected in crosswalk_errors,MEASURED,MEASURED_NORMALIZED,EXTREME_OVERLAP,,UNKNOWN
7608111dfd2987e5c8b756a20ec78438,3cf211dc-5177-499b-8b65-455538abfb29,IND-000044,IND-000356,15178.317373301981,10282.027432826195,10281.97700894336,,10281.97700894336,,,0.6774121765979755,,0.5663284421765039,,PROPORTIONAL_APPORTIONMENT,Weights normalized (pre-normalization sum=1.196) due to overlapping target geometries detected in crosswalk_errors,MEASURED,MEASURED_NORMALIZED,EXTREME_OVERLAP,,UNKNOWN
3db6f6c97919daceca5b27b0b1705d5d,9b5cbf7b-704b-42ed-8402-0eac8281640a,IND-000390,IND-000609,1060.9735665754404,567.4296255619096,567.3848376130807,,567.3848376130807,,,0.5347775434636494,,0.1643516206008934,,PROPORTIONAL_APPORTIONMENT,Weights normalized (pre-normalization sum=3.254) due to overlapping target geometries detected in crosswalk_errors,MEASURED,MEASURED_NORMALIZED,EXTREME_OVERLAP,,CLEAN_SPLIT
47f200b4a4bb4f1b7e6c1c0ad58ba45e,0f5b8b88-8075-469e-9104-009e96ecfb21,IND-000390,IND-000608,1060.9735665754404,519.4862202995649,339.09834427202105,,339.09834427202105,,,0.31961054917376164,,0.09822497664661155,,PROPORTIONAL_APPORTIONMENT,Weights normalized (pre-normalization sum=3.254) due to overlapping target geometries detected in crosswalk_errors,MEASURED,MEASURED_NORMALIZED,EXTREME_OVERLAP,,UNKNOWN
41545a2dbb0e49036dd5c76a2cefa8ec,e0344fdf-3fdb-407a-9310-b31654b44ec7,IND-000019,IND-000757,4588.641089611689,982.7515363488567,864.9264824412012,,864.9264824412012,,,0.18849294716017878,,0.18849294716017878,,NONE,Uniform spatial distribution assumed across district area; no ancillary data available for this build,MEASURED,MEASURED,EXTREME_OVERLAP,,UNKNOWN
b234f8000b165ab73516664403528b63,4e3a0965-3826-4f8b-81ad-06d660a7e97a,IND-000131,IND-000353,10370.715090609212,2543.8778379435203,2543.7576494890122,,2543.7576494890122,,,0.24528276278579966,,0.1493609329802101,,PROPORTIONAL_APPORTIONMENT,Weights normalized (pre-normalization sum=1.642) due to overlapping target geometries detected in crosswalk_errors,MEASURED,MEASURED_NORMALIZED,EXTREME_OVERLAP,,UNKNOWN
0ead29b24a9fede6bea510e8f86bfbe5,fbdf11d1-e6e4-488c-9693-a76ff4a1a5a6,IND-000131,IND-000355,10370.715090609212,3510.422656748302,3510.3027874483228,,3510.3027874483228,,,0.3384822316280714,,0.20611322760312287,,PROPORTIONAL_APPORTIONMENT,Weights normalized (pre-normalization sum=1.642) due to overlapping target geometries detected in crosswalk_errors,MEASURED,MEASURED_NORMALIZED,EXTREME_OVERLAP,,UNKNOWN
ff7c00fe2ed6979685d0e904a202e64a,08ba2767-5a0e-4f5b-8b41-80d83960d2bd,IND-000131,IND-000354,10370.715090609212,4316.269914408081,4316.157918375231,,4316.157918375231,,,0.416187107703263,,0.25343034298410694,,PROPORTIONAL_APPORTIONMENT,Weights normalized (pre-normalization sum=1.642) due to overlapping target geometries detected in crosswalk_errors,MEASURED,MEASURED_NORMALIZED,EXTREME_OVERLAP,,CLEAN_SPLIT
a29b090a0bd71e642bd32311f1d2bb23,d0552555-5d0e-4084-a17f-0424d2962f5d,IND-000191,IND-000656,19678.070072747803,11142.427173263304,,1910.2347116864041,,,,,,,,NONE,No geometric data available for this lineage pair,UNMEASURED,UNMEASURED,UNKNOWN,17767.8353610614,UNKNOWN
8e585fe16e3176c85afe55cc31b62361,ed9eea9b-2d25-4710-8262-22846a220ea4,IND-000231,IND-000644,11200.06889810001,3106.691806661081,3106.6078712780427,340.96282936607327,3106.6078712780427,2765.645041911969,0.030442922491656685,0.2773739964943475,0.24693107400269082,0.2773739964943475,94.57422263728802,NONE,Uniform spatial distribution assumed across district area; no ancillary data available for this build,MEASURED,MEASURED,EXTREME_OVERLAP,10859.106068733936,CLEAN_SPLIT
489ae96f9f09076323c6bb15335c8b85,f42a0337-7a3f-4e4f-8f79-d21daf8539a7,IND-000231,IND-000643,11200.06889810001,8093.316748345512,8093.282318331395,904.4478238394692,8093.282318331395,7188.834494491925,0.08075377321945766,0.7226100474885782,0.6418562742691205,0.7226100474885782,653.5630849355799,NONE,Uniform spatial distribution assumed across district area; no ancillary data available for this build,MEASURED,MEASURED,EXTREME_OVERLAP,10295.62107426054,CLEAN_SPLIT
0fefc9d62f586f699f50c282c32d7ca1,47de039d-e8fc-46c1-bba5-4df12827e806,IND-000264,IND-000566,5953.943521594346,2190.758864965997,2190.7237243793406,510.69371979088555,2190.7237243793406,1680.030004588455,0.0857740282450869,0.3679449958559078,0.2821709676108209,0.29203313368846,149.13948734554862,PROPORTIONAL_APPORTIONMENT,Weights normalized (pre-normalization sum=1.260) due to overlapping target geometries detected in crosswalk_errors,MEASURED,MEASURED_NORMALIZED,EXTREME_OVERLAP,5443.24980180346,UNKNOWN
d8cc8979b06b38d14c34be7ab4c2c9f3,9529b636-3b79-46bf-b9c4-cf6e9f562f0d,IND-000355,IND-000844,3118.948320105907,1614.6735518672574,1555.0346400095625,,1555.0346400095625,,,0.49857659711295244,,0.25543755098397175,,PROPORTIONAL_APPORTIONMENT,Weights normalized (pre-normalization sum=1.952) due to overlapping target geometries detected in crosswalk_errors,MEASURED,MEASURED_NORMALIZED,EXTREME_OVERLAP,,UNKNOWN
e6293360d6cdab5630fea18a716635c1,5bfb361d-0a36-4e42-bded-05d9b50046c4,IND-000360,IND-000624,,1399.7452563222992,,,,,,,,,,NONE,No geometric data available for this lineage pair,UNMEASURED,UNMEASURED,UNKNOWN,,CLEAN_SPLIT
ebbafe4e4cfb396067c59be48f8b397a,28249b42-17b4-4a10-b034-11d075116dd1,IND-000360,IND-000763,,1334.5467363172343,,,,,,,,,,NONE,No geometric data available for this lineage pair,UNMEASURED,UNMEASURED,UNKNOWN,,UNKNOWN
14d3de57fc4f1302286cbf46198bf0a5,d289a1ff-2330-4841-9678-b3300ff862d9,IND-000360,IND-000623,,3784.1655567055273,,,,,,,,,,NONE,No geometric data available for this lineage pair,UNMEASURED,UNMEASURED,UNKNOWN,,CLEAN_SPLIT
230fd1c5ea1e4920d9920e3c9e289cc8,05aab76a-c10e-49bb-a1ce-d80e199a29b2,IND-000360,IND-000762,,4291.408556556065,,,,,,,,,,NONE,No geometric data available for this lineage pair,UNMEASURED,UNMEASURED,UNKNOWN,,CLEAN_SPLIT
047631903294a32409f0f01b2c08ed3c,7d6f32cc-e7ee-4ffb-bf6b-b166e1860913,IND-000382,IND-000383,11387.309814255597,6157.370011308436,4930.260549392094,603.3873699660087,4930.260549392094,4326.873179426085,0.05298770120495337,0.4329609565219677,0.3799732553170143,0.1729426039662109,104.35138296224501,PROPORTIONAL_APPORTIONMENT,Weights normalized (pre-normalization sum=2.503) due to overlapping target geometries detected in crosswalk_errors,MEASURED,MEASURED_NORMALIZED,EXTREME_OVERLAP,10783.922444289588,CLEAN_SPLIT
3b74d9df5223bae4ff87c57b6887f923,cbb90321-2cde-498a-93bf-979d6cff4e16,IND-000388,IND-000517,13378.296173600285,5087.485402885069,5087.191020456337,1499.8623926954556,5087.191020456337,3587.328627760882,0.11211161520367371,0.3802570188642567,0.26814540366058304,0.19314370111409376,289.68897368704063,PROPORTIONAL_APPORTIONMENT,Weights normalized (pre-normalization sum=1.969) due to overlapping target geometries detected in crosswalk_errors,MEASURED,MEASURED_NORMALIZED,EXTREME_OVERLAP,11878.43378090483,UNKNOWN
853904212b0ada7936d6bb487e035264,197b80a4-b5b1-429f-a17a-c5f2ae45b991,IND-000391,IND-000840,3792.8859428381875,1917.5796813692682,1896.745627329167,,1896.745627329167,,,0.500079795679236,,0.25064162009283464,,PROPORTIONAL_APPORTIONMENT,Weights normalized (pre-normalization sum=1.995) due to overlapping target geometries detected in crosswalk_errors,MEASURED,MEASURED_NORMALIZED,EXTREME_OVERLAP,,CLEAN_SPLIT
fed10722498ade0b732a40bcb689d11d,8e7f3fcf-20cb-49cc-a15f-9894daf26b5f,IND-000391,IND-000853,3792.8859428381875,1892.5440674297884,1865.341133639166,,1865.341133639166,,,0.49179995437546575,,0.2464917367013855,,PROPORTIONAL_APPORTIONMENT,Weights normalized (pre-normalization sum=1.995) due to overlapping target geometries detected in crosswalk_errors,MEASURED,MEASURED_NORMALIZED,EXTREME_OVERLAP,,CLEAN_SPLIT
da82b45a575c5b161a14afbceeb290b6,5d819867-7a0f-4517-a3be-7bd279ff5956,IND-000484,IND-000547,6654.122360154444,2520.0808966019913,2519.929095033532,531.3081817436278,2519.929095033532,1988.6209132899044,0.07984647005067937,0.37870194725049267,0.2988554771998133,0.19018597538382667,101.04736477431929,PROPORTIONAL_APPORTIONMENT,Weights normalized (pre-normalization sum=1.991) due to overlapping target geometries detected in crosswalk_errors,MEASURED,MEASURED_NORMALIZED,EXTREME_OVERLAP,6122.814178410817,UNKNOWN
bdfcee107b9f4bb6fef101962facefb0,5a226355-b406-4cf2-97b3-8b008fae6fbf,IND-000601,IND-000890,2711.551861880562,13408.958841883028,,0.0,,,,,,,,NONE,No geometric data available for this lineage pair,UNMEASURED,UNMEASURED,UNKNOWN,2711.551861880562,CLEAN_SPLIT
3b6c5db33c656973c64dfc1fc28fecce,64d3108c-b431-4b28-af95-920246bc4789,IND-000606,IND-000868,2019.3050992620617,936.9571277842723,916.9990092719552,,916.9990092719552,,,0.4541161261896802,,0.15373429015462942,,PROPORTIONAL_APPORTIONMENT,Weights normalized (pre-normalization sum=2.954) due to overlapping target geometries detected in crosswalk_errors,MEASURED,MEASURED_NORMALIZED,EXTREME_OVERLAP,,UNKNOWN
e9ceea4e46d7e6b7858505d691025ba9,637e27d1-8ede-4deb-9582-9886489ebf27,IND-000630,IND-000767,2267.1217996613263,3776.8880391396497,,0.0,,,,,,,,NONE,No geometric data available for this lineage pair,UNMEASURED,UNMEASURED,UNKNOWN,2267.1217996613263,UNKNOWN
99bafcab0bf4a3a661fdc076af2b539f,743c7c67-a1f3-473c-a7d7-db82fe066b3f,IND-000657,IND-000846,12545.692191244243,4666.846611667777,4582.077654039514,665.6577802530174,4582.077654039514,3916.4198737864963,0.05305867305732132,0.36523115537916584,0.3121724823218445,0.36389481442069843,242.22941441286585,PROPORTIONAL_APPORTIONMENT,Weights normalized (pre-normalization sum=1.004) due to overlapping target geometries detected in crosswalk_errors,MEASURED,MEASURED_NORMALIZED,EXTREME_OVERLAP,11880.034410991226,UNKNOWN
04d838b638de49561dfa1262baf13156,477290ef-6700-4d31-a677-a35dc3063c24,IND-000657,IND-000901,12545.692191244243,4839.118509898371,4756.324555225885,693.8581486866238,4756.324555225885,4062.4664065392612,0.05530648593234848,0.3791201380299581,0.3238136520976096,0.3777329787989684,262.09310536733597,PROPORTIONAL_APPORTIONMENT,Weights normalized (pre-normalization sum=1.004) due to overlapping target geometries detected in crosswalk_errors,MEASURED,MEASURED_NORMALIZED,EXTREME_OVERLAP,11851.834042557619,UNKNOWN
9006bccc173ea53603883cc796c58fcb,ba4fff59-5c35-4b6f-a102-826b432523e9,IND-000665,IND-000664,14039.843444701533,4584.062914005914,4583.955227210299,793.1004345772661,4583.955227210299,3790.854792633033,0.05648926483411555,0.32649617819921123,0.2700069133650957,0.16314601745771118,129.39117734526099,PROPORTIONAL_APPORTIONMENT,Weights normalized (pre-normalization sum=2.001) due to overlapping target geometries detected in crosswalk_errors,MEASURED,MEASURED_NORMALIZED,EXTREME_OVERLAP,13246.743010124268,UNKNOWN
48022c4e335a01a40e5819ea6a3c8646,1f1fbd6a-3972-45e0-b606-661202eb26c6,IND-000131,IND-000353,10370.715090609212,2543.8778379435203,2543.7576494890122,,2543.7576494890122,,,0.24528276278579966,,0.1493609329802101,,PROPORTIONAL_APPORTIONMENT,Weights normalized (pre-normalization sum=1.642) due to overlapping target geometries detected in crosswalk_errors,MEASURED,MEASURED_NORMALIZED,EXTREME_OVERLAP,,CLEAN_SPLIT
167eedc5d104b7063eed45b5f484483c,87dc091d-7467-4586-aeda-515c079af644,IND-000131,IND-000355,10370.715090609212,3510.422656748302,3510.3027874483228,,3510.3027874483228,,,0.3384822316280714,,0.20611322760312287,,PROPORTIONAL_APPORTIONMENT,Weights normalized (pre-normalization sum=1.642) due to overlapping target geometries detected in crosswalk_errors,MEASURED,MEASURED_NORMALIZED,EXTREME_OVERLAP,,CLEAN_SPLIT
77de175fda841c0a0ed073ee9f5d0733,598013ec-a2aa-4bce-a030-bcf69205221c,IND-000131,IND-000354,10370.715090609212,4316.269914408081,4316.157918375231,,4316.157918375231,,,0.416187107703263,,0.25343034298410694,,PROPORTIONAL_APPORTIONMENT,Weights normalized (pre-normalization sum=1.642) due to overlapping target geometries detected in crosswalk_errors,MEASURED,MEASURED_NORMALIZED,EXTREME_OVERLAP,,UNKNOWN
272f78bfede9feea7a700fdb089bc21a,07e4cab3-7f35-471e-b3cc-b070ae8f90eb,IND-000231,IND-000644,11200.06889810001,3106.691806661081,3106.6078712780427,340.96282936607327,3106.6078712780427,2765.645041911969,0.030442922491656685,0.2773739964943475,0.24693107400269082,0.2773739964943475,94.57422263728802,NONE,Uniform spatial distribution assumed across district area; no ancillary data available for this build,MEASURED,MEASURED,EXTREME_OVERLAP,10859.106068733936,UNKNOWN
48df55d4643a40cb310b9d302d847d73,bc71d75c-420c-4048-a0c5-db359c3c03e7,IND-000231,IND-000643,11200.06889810001,8093.316748345512,8093.282318331395,904.4478238394692,8093.282318331395,7188.834494491925,0.08075377321945766,0.7226100474885782,0.6418562742691205,0.7226100474885782,653.5630849355799,NONE,Uniform spatial distribution assumed across district area; no ancillary data available for this build,MEASURED,MEASURED,EXTREME_OVERLAP,10295.62107426054,UNKNOWN
9ae37b5d5674e0314f2e0ecd2f6099c7,2ef25821-5642-40d8-96d0-d6b8a715ea07,IND-000360,IND-000624,,1399.7452563222992,,,,,,,,,,NONE,No geometric data available for this lineage pair,UNMEASURED,UNMEASURED,UNKNOWN,,UNKNOWN
5c141772106e6330590f48ea9005d845,ad921dd0-5f47-4355-b3ee-55dccec8f8de,IND-000360,IND-000763,,1334.5467363172343,,,,,,,,,,NONE,No geometric data available for this lineage pair,UNMEASURED,UNMEASURED,UNKNOWN,,CLEAN_SPLIT
1418b20dbc0591cb36a62db7e322378c,090cd293-9588-4266-a8e8-4187f57e0dd0,IND-000360,IND-000623,,3784.1655567055273,,,,,,,,,,NONE,No geometric data available for this lineage pair,UNMEASURED,UNMEASURED,UNKNOWN,,UNKNOWN
c25aa2367ea2c1fe27486a599a55db4d,db3b1555-b274-430e-998a-28aff22a834d,IND-000387,IND-000823,7761.908860119769,4996.185161930081,3186.557340806338,676.6582634852871,3186.557340806338,2509.8990773210508,0.08717678546342092,0.41053784555223033,0.3233610600888094,0.10506644161899079,71.0940759364846,PROPORTIONAL_APPORTIONMENT,Weights normalized (pre-normalization sum=3.907) due to overlapping target geometries detected in crosswalk_errors,MEASURED,MEASURED_NORMALIZED,EXTREME_OVERLAP,7085.250596634482,CLEAN_SPLIT
ee9fe09ca0e41926b810056b74d7824b,4000c70f-38fc-40d1-83e0-4e13fd907c9a,IND-000387,IND-000941,7761.908860119769,7548.432991832963,7274.950633880117,1579.4685187307314,7274.950633880117,5695.482115149385,0.20348970172091915,0.9372630837316817,0.7337733820107625,0.23986801249971879,378.8639743938154,PROPORTIONAL_APPORTIONMENT,Weights normalized (pre-normalization sum=3.907) due to overlapping target geometries detected in crosswalk_errors,MEASURED,MEASURED_NORMALIZED,EXTREME_OVERLAP,6182.440341389038,UNKNOWN
2f17398db71f6bf1d06c6361103ee557,19152a7c-fd4b-4b9a-bd27-d8ee7b4fcbf8,IND-000396,IND-000896,3173.5352243124976,1750.5747277547766,1023.7499584165544,,1023.7499584165544,,,0.3225897574961802,,0.1612974492493487,,PROPORTIONAL_APPORTIONMENT,Weights normalized (pre-normalization sum=2.000) due to overlapping target geometries detected in crosswalk_errors,MEASURED,MEASURED_NORMALIZED,EXTREME_OVERLAP,,UNKNOWN
af3202c62ce754d3d04eef7beeb5633a,68828fc3-69cd-4d62-8963-3a5dd55893fa,IND-000447,IND-000465,3945.507444718086,2298.254253784867,2298.005047640534,627.982208240755,2298.005047640534,1670.022839399779,0.15916386346740893,0.5824358665745036,0.4232720031070947,0.5824358665745036,365.75936165007454,NONE,Uniform spatial distribution assumed across district area; no ancillary data available for this build,MEASURED,MEASURED,EXTREME_OVERLAP,3317.525236477331,UNKNOWN
ddde61f8f012f527420410e11f37738d,11c38136-c469-42d5-a945-8c60f652fd9f,IND-000497,IND-000621,12750.333480171043,4073.9434564588605,4073.928419835921,495.2478931906272,4073.928419835921,3578.680526645294,0.038841956091644404,0.31951544060957926,0.28067348451793483,0.1375372970239646,68.115056586252,PROPORTIONAL_APPORTIONMENT,Weights normalized (pre-normalization sum=2.323) due to overlapping target geometries detected in crosswalk_errors,MEASURED,MEASURED_NORMALIZED,EXTREME_OVERLAP,12255.085586980415,UNKNOWN
3e910365cd400d0fe1d3e2475dc6d91b,9f1e5c7f-a21e-42dd-974e-9f605e53f0d3,IND-000603,IND-000883,3789.2943149938,1750.42490157864,525.7486937832152,,525.7486937832152,,,0.13874580596785221,,0.08650118865420937,,PROPORTIONAL_APPORTIONMENT,Weights normalized (pre-normalization sum=1.604) due to overlapping target geometries detected in crosswalk_errors,MEASURED,MEASURED_NORMALIZED,EXTREME_OVERLAP,,CLEAN_SPLIT
7d445e533f4ee2c757c150f8a6d274fd,70f2d426-0ff9-4784-9078-877f593ff147,IND-000627,IND-000764,5593.344178329527,1862.126701906132,1801.0928955981965,107.61446008235077,1801.0928955981965,1693.4784355158458,0.019239735058551366,0.32200644876748846,0.3027667137089371,0.3211032021776387,34.555347733060515,PROPORTIONAL_APPORTIONMENT,Weights normalized (pre-normalization sum=1.003) due to overlapping target geometries detected in crosswalk_errors,MEASURED,MEASURED_NORMALIZED,EXTREME_OVERLAP,5485.729718247176,UNKNOWN
b8bdebb498c1dac6452c57a78c39fda8,8b5b80e9-eee5-47a6-ad88-40b3444ccb70,IND-000779,IND-000903,7560.107478888427,3458.306374457974,3410.4870610673265,1034.1619562084952,3410.4870610673265,2376.3251048588313,0.13679196480954653,0.45111621370345584,0.3143242488939093,0.22630206101152567,234.03298210969362,PROPORTIONAL_APPORTIONMENT,Weights normalized (pre-normalization sum=1.993) due to overlapping target geometries detected in crosswalk_errors,MEASURED,MEASURED_NORMALIZED,EXTREME_OVERLAP,6525.945522679932,UNKNOWN
8abedb5dcc67cc1d7578e4a0aead28d9,5c614fe1-696f-408e-a69c-e5bdb8baa75d,IND-000020,IND-000758,3655.969523090336,2015.1520455754828,1973.1002033146885,,1973.1002033146885,,,0.5396927383702194,,0.5396927383702194,,NONE,Uniform spatial distribution assumed across district area; no ancillary data available for this build,MEASURED,MEASURED,EXTREME_OVERLAP,,UNKNOWN
9d51cdf659bb8a0f38f9e205e87af0c5,311ce791-7592-4240-97bd-800a009c234d,IND-000100,IND-000376,7415.923673119696,2924.998493951632,1681.9222995504472,406.40372641511044,1681.9222995504472,1275.5185731353367,0.054801498010044435,0.2267987608403882,0.17199726283034375,0.15050478803975312,61.16570670267201,PROPORTIONAL_APPORTIONMENT,Weights normalized (pre-normalization sum=1.507) due to overlapping target geometries detected in crosswalk_errors,MEASURED,MEASURED_NORMALIZED,EXTREME_OVERLAP,7009.519946704586,CLEAN_SPLIT
f8d3163bf28afdcd1cfb93ff48548160,ec373fc2-1bbf-4f30-947a-83809578e3de,IND-000110,IND-000438,9204.087187145422,5236.669329716247,5236.407847513494,585.9640681672752,5236.407847513494,4650.443779346218,0.06366346344324532,0.5689220170389896,0.5052585535957442,0.3975520360297854,232.95120834019622,PROPORTIONAL_APPORTIONMENT,Weights normalized (pre-normalization sum=1.431) due to overlapping target geometries detected in crosswalk_errors,MEASURED,MEASURED_NORMALIZED,EXTREME_OVERLAP,8618.123118978147,UNKNOWN
74085194780fdab862145a4178089bed,3af96d14-28f1-4bd4-87ab-cfce2816a4ac,IND-000110,IND-000922,9204.087187145422,3967.5174826318616,3967.3824168926703,396.8166817409845,3967.3824168926703,3570.5657351516857,0.043113094614660445,0.4310457230819783,0.38793262846731785,0.30120666752369263,119.52383032501167,PROPORTIONAL_APPORTIONMENT,Weights normalized (pre-normalization sum=1.431) due to overlapping target geometries detected in crosswalk_errors,MEASURED,MEASURED_NORMALIZED,EXTREME_OVERLAP,8807.270505404438,CLEAN_SPLIT
82efa5d0eeec47af33cfdb6e9b6d2608,4934b3f5-156f-4c91-852c-f5f768891c63,IND-000245,IND-000535,3837.37631725848,1165.5520901420919,,0.0,,,,,,,,NONE,No geometric data available for this lineage pair,UNMEASURED,UNMEASURED,UNKNOWN,3837.37631725848,UNKNOWN
f9106b5b6193244276249c9d54bbdf16,9a889d8a-8888-4371-8f9d-e3c9d958713a,IND-000245,IND-000534,3837.37631725848,1256.9869206107335,489.3014437156328,136.20268257003053,489.3014437156328,353.0987611456022,0.03549369968159318,0.12750937183695402,0.09201567215536083,0.12750937183695402,17.36711849701264,NONE,Uniform spatial distribution assumed across district area; no ancillary data available for this build,MEASURED,MEASURED,EXTREME_OVERLAP,3701.1736346884495,CLEAN_SPLIT
7b499c9f45cd84a2105fac2454854dc4,0aab1525-5678-4cdc-b99a-5d8c63bcd364,IND-000317,IND-000731,3718.2779960789117,788.3985396964733,738.0234921330849,227.7326174413644,738.0234921330849,510.29087469172055,0.06124679695319137,0.19848529155468292,0.13723849460149154,0.19848529155468292,45.20157496936028,NONE,Uniform spatial distribution assumed across district area; no ancillary data available for this build,MEASURED,LOW_COVERAGE,EXTREME_OVERLAP,3490.5453786375474,UNKNOWN
ac9debd270b159d10bb8a84709d2cbe5,8733945d-47d7-4876-87c9-5d90c5fea134,IND-000336,IND-000381,6711.357397694583,5319.394260539433,4510.362511289505,1039.714112661689,4510.362511289505,3470.6483986278163,0.15491860305619262,0.6720492210471252,0.5171306179909325,0.3878220962180907,403.2241066399883,PROPORTIONAL_APPORTIONMENT,Weights normalized (pre-normalization sum=1.733) due to overlapping target geometries detected in crosswalk_errors,MEASURED,MEASURED_NORMALIZED,EXTREME_OVERLAP,5671.643285032894,CLEAN_SPLIT
2887074efa85742c7aa7bdd066efc07e,9c4b80eb-8d1d-4746-a482-383c32b131ce,IND-000347,IND-000504,5459.080902710379,618.3850795725539,618.3693828011463,,618.3693828011463,,,0.11327353336971653,,0.0658333679252836,,PROPORTIONAL_APPORTIONMENT,Weights normalized (pre-normalization sum=1.721) due to overlapping target geometries detected in crosswalk_errors,MEASURED,MEASURED_NORMALIZED,EXTREME_OVERLAP,,UNKNOWN
996b3855808aad3ed567fd8bf6d95d6a,67448b45-e624-452c-b658-982f119b49be,IND-000347,IND-000505,5459.080902710379,547.4321584339217,547.4098935781159,,547.4098935781159,,,0.10027510185942333,,0.05827881834417633,,PROPORTIONAL_APPORTIONMENT,Weights normalized (pre-normalization sum=1.721) due to overlapping target geometries detected in crosswalk_errors,MEASURED,MEASURED_NORMALIZED,EXTREME_OVERLAP,,CLEAN_SPLIT
32b7342c111f1e128d3dab50e4fa1a60,afe4b946-11a5-48eb-847d-fde2f0c361cd,IND-000347,IND-000390,5459.080902710379,1060.9735665754404,,,,,,,,,,NONE,No geometric data available for this lineage pair,UNMEASURED,UNMEASURED,UNKNOWN,,UNKNOWN
368ab1425cfab35cac9982f6d917f1cf,42b263e3-caa2-4dfc-a767-8c862726ea99,IND-000347,IND-000871,5459.080902710379,1142.328650637007,1097.4399016461402,,1097.4399016461402,,,0.20103015895977513,,0.11683658154884874,,PROPORTIONAL_APPORTIONMENT,Weights normalized (pre-normalization sum=1.721) due to overlapping target geometries detected in crosswalk_errors,MEASURED,MEASURED_NORMALIZED,EXTREME_OVERLAP,,UNKNOWN
9b9de055ed32687441c69d66af7dfe22,98d4552e-5b21-4d21-b11f-dc5b8430b0bd,IND-000364,IND-000467,3819.800352357889,1881.957569917799,1881.8665131164328,496.0112079318974,1881.8665131164328,1385.8553051845354,0.12985265254130868,0.49266096118211855,0.3628083086408099,0.24586701792830376,121.95279655323142,PROPORTIONAL_APPORTIONMENT,Weights normalized (pre-normalization sum=2.004) due to overlapping target geometries detected in crosswalk_errors,MEASURED,MEASURED_NORMALIZED,EXTREME_OVERLAP,3323.7891444259917,UNKNOWN
69561b1e479b94f36e5f36748d21aa27,2cbda86d-ca5a-4efa-a0d1-24f17fce406b,IND-000365,IND-000551,4173.937505322121,1811.607118529297,1811.577243813164,480.7587781312736,1811.577243813164,1330.8184656818903,0.11518111555773553,0.4340211710173549,0.31884005545961935,0.21503898952608733,103.38188185514548,PROPORTIONAL_APPORTIONMENT,Weights normalized (pre-normalization sum=2.018) due to overlapping target geometries detected in crosswalk_errors,MEASURED,MEASURED_NORMALIZED,EXTREME_OVERLAP,3693.1787271908474,UNKNOWN
b0399ef0b557bcbbb37002aed36df293,f5a5be07-98a5-4933-b887-b960b1786372,IND-000372,IND-000380,5718.289464230443,2124.706066360751,743.1965480868932,186.27846533073827,743.1965480868932,556.918082756155,0.03257590692041108,0.1299683327917908,0.09739242587137971,0.11502059991042882,21.42586083273553,PROPORTIONAL_APPORTIONMENT,Weights normalized (pre-normalization sum=1.130) due to overlapping target geometries detected in crosswalk_errors,MEASURED,MEASURED_NORMALIZED,EXTREME_OVERLAP,5532.010998899705,CLEAN_SPLIT
c37def6975eac06139cd175559b68fbb,1ce29893-3b8d-4ebf-816d-67201d636c64,IND-000403,IND-000538,,2579.8106939183426,,,,,,,,,,NONE,No geometric data available for this lineage pair,UNMEASURED,UNMEASURED,UNKNOWN,,UNKNOWN
440b2ce108412525daca6eb53bae09f2,8daba9d1-7a6d-4273-93ea-a238465150c8,IND-000492,IND-000746,1562.3070430128323,626.7224278826883,603.9989552146371,62.568282634498395,603.9989552146371,541.4306725801388,0.04004864659243841,0.38660707440059594,0.34655842780815754,0.38660707440059594,24.189340699593036,NONE,Uniform spatial distribution assumed across district area; no ancillary data available for this build,MEASURED,MEASURED,EXTREME_OVERLAP,1499.7387603783338,UNKNOWN
c21700ea293a8c47a03c08ad90556c9d,11bf4916-7756-4f7c-8fbf-9e56b8823492,IND-000110,IND-000438,9204.087187145422,5236.669329716247,5236.407847513494,585.9640681672752,5236.407847513494,4650.443779346218,0.06366346344324532,0.5689220170389896,0.5052585535957442,0.3975520360297854,232.95120834019622,PROPORTIONAL_APPORTIONMENT,Weights normalized (pre-normalization sum=1.431) due to overlapping target geometries detected in crosswalk_errors,MEASURED,MEASURED_NORMALIZED,EXTREME_OVERLAP,8618.123118978147,CLEAN_SPLIT
ac17fe77cfbb72b1d0ba01f91261cb61,0e66ed3d-e143-4d1f-8627-4779db8cc5cb,IND-000110,IND-000922,9204.087187145422,3967.5174826318616,3967.3824168926703,396.8166817409845,3967.3824168926703,3570.5657351516857,0.043113094614660445,0.4310457230819783,0.38793262846731785,0.30120666752369263,119.52383032501167,PROPORTIONAL_APPORTIONMENT,Weights normalized (pre-normalization sum=1.431) due to overlapping target geometries detected in crosswalk_errors,MEASURED,MEASURED_NORMALIZED,EXTREME_OVERLAP,8807.270505404438,UNKNOWN
cb08c7bfccef78d0f94b5c784e76a032,45b5997f-6624-4945-91b0-b2e6ea107ae1,IND-000347,IND-000504,5459.080902710379,618.3850795725539,618.3693828011463,,618.3693828011463,,,0.11327353336971653,,0.0658333679252836,,PROPORTIONAL_APPORTIONMENT,Weights normalized (pre-normalization sum=1.721) due to overlapping target geometries detected in crosswalk_errors,MEASURED,MEASURED_NORMALIZED,EXTREME_OVERLAP,,CLEAN_SPLIT
cbee24578f6a4b21cf59594bfae7ddfd,ab1f6581-dbb4-4238-bc29-23f56414c7c7,IND-000347,IND-000505,5459.080902710379,547.4321584339217,547.4098935781159,,547.4098935781159,,,0.10027510185942333,,0.05827881834417633,,PROPORTIONAL_APPORTIONMENT,Weights normalized (pre-normalization sum=1.721) due to overlapping target geometries detected in crosswalk_errors,MEASURED,MEASURED_NORMALIZED,EXTREME_OVERLAP,,UNKNOWN
55aa4d6b8d0105be9e4eb99ad00cfb22,a3314608-660c-4492-88f2-db87b5073bf5,IND-000347,IND-000390,5459.080902710379,1060.9735665754404,,,,,,,,,,NONE,No geometric data available for this lineage pair,UNMEASURED,UNMEASURED,UNKNOWN,,CLEAN_SPLIT
e889b1939f601e19e5366ce0f4c2ceba,1da26724-b6e7-4257-be1b-2d960a553e8f,IND-000347,IND-000871,5459.080902710379,1142.328650637007,1097.4399016461402,,1097.4399016461402,,,0.20103015895977513,,0.11683658154884874,,PROPORTIONAL_APPORTIONMENT,Weights normalized (pre-normalization sum=1.721) due to overlapping target geometries detected in crosswalk_errors,MEASURED,MEASURED_NORMALIZED,EXTREME_OVERLAP,,CLEAN_SPLIT
46e07ed859ee33b67360ad84b3093c66,761ab0ee-9171-4f27-af18-09edbddcccc1,IND-000601,IND-000747,9423.178915753346,7082.750321792326,6571.421863661335,,6571.421863661335,,,0.6973678333407698,,0.31344745903639254,,PROPORTIONAL_APPORTIONMENT,Weights normalized (pre-normalization sum=2.225) due to overlapping target geometries detected in crosswalk_errors,MEASURED,MEASURED_NORMALIZED,EXTREME_OVERLAP,,UNKNOWN
594a12d4231990c09ba6c35a0183c63c,4cf3359b-b184-448d-9d1b-96764a8284cc,IND-000612,IND-000897,3496.558735539142,1168.7535424861871,1136.0948113499553,,1136.0948113499553,,,0.3249179828734604,,0.1648947462129426,,PROPORTIONAL_APPORTIONMENT,Weights normalized (pre-normalization sum=1.970) due to overlapping target geometries detected in crosswalk_errors,MEASURED,MEASURED_NORMALIZED,EXTREME_OVERLAP,,UNKNOWN
023478425ef120c152a4b6e8765ae349,c890b71c-192c-461a-949e-c96066f9f6fc,IND-000662,IND-000891,,5274.410766981711,,,,,,,,,,NONE,No geometric data available for this lineage pair,UNMEASURED,UNMEASURED,UNKNOWN,,UNKNOWN
e555a782c6ec65b8d36bd9e2d1cd7371,cc32d82d-1145-484f-abcc-09191cd45d90,IND-000681,IND-000682,8891.957069089576,3630.960988590402,3630.7700821213184,1089.8671965062872,3630.7700821213184,2540.902885615031,0.12256775286229264,0.40832069407337607,0.2857529412110834,0.18363441419519194,200.1371241809882,PROPORTIONAL_APPORTIONMENT,Weights normalized (pre-normalization sum=2.224) due to overlapping target geometries detected in crosswalk_errors,MEASURED,MEASURED_NORMALIZED,EXTREME_OVERLAP,7802.0898725832885,UNKNOWN
8001b22b8f7921739c9c1aaf3363dca9,08126cfb-ac02-4539-b0a9-341f79057b68,IND-000753,IND-000871,3261.919155083064,1142.328650637007,1111.3005640812157,,1111.3005640812157,,,0.34068918058544484,,0.1149069090428441,,PROPORTIONAL_APPORTIONMENT,Weights normalized (pre-normalization sum=2.965) due to overlapping target geometries detected in crosswalk_errors,MEASURED,MEASURED_NORMALIZED,EXTREME_OVERLAP,,UNKNOWN
e0a8273b7eee98b2f2fdd7b9aa1ab0d9,ff8d634d-5ef5-497a-89d6-f963ea32a9aa,IND-000787,IND-000788,16230.803378630126,5334.94789238664,,1259.9109160820485,,,,,,,,NONE,No geometric data available for this lineage pair,UNMEASURED,UNMEASURED,UNKNOWN,14970.892462548078,UNKNOWN
8a23cd87f354c40ee1e293d272b73715,491cebb5-871a-49f7-a630-88194f7a9b24,IND-000793,IND-000895,4430.778043579327,2737.6868594718308,2693.45907201198,485.2096143737597,2693.45907201198,2208.2494576382205,0.10950889654174407,0.6078975397820009,0.49838864324025683,0.6078975397820009,294.9577308563819,NONE,Uniform spatial distribution assumed across district area; no ancillary data available for this build,MEASURED,MEASURED,EXTREME_OVERLAP,3945.5684292055666,UNKNOWN
ce2dbe12a0034d2ab67374047ebceec7,7ffc8f49-5103-466b-9212-1f5cd21edc38,IND-000023,IND-000424,12685.685691568387,3387.1400086496506,3386.8585074388443,,3386.8585074388443,,,0.2669826913408346,,0.26504477511828456,,PROPORTIONAL_APPORTIONMENT,Weights normalized (pre-normalization sum=1.007) due to overlapping target geometries detected in crosswalk_errors,MEASURED,MEASURED_NORMALIZED,EXTREME_OVERLAP,,UNKNOWN
fdcba45fee3edeafc69b85cb155ce930,d405bed1-dcaf-407a-a1a4-bbe72e0b3cd1,IND-000201,IND-000713,,7202.29671420198,,,,,,,,,,NONE,No geometric data available for this lineage pair,UNMEASURED,UNMEASURED,UNKNOWN,,UNKNOWN
ee2afc4c062bb7fac682953d0a005b17,96264202-71ea-40f5-81b8-23cd37e2720c,IND-000201,IND-000718,,3650.7368249795168,,,,,,,,,,NONE,No geometric data available for this lineage pair,UNMEASURED,UNMEASURED,UNKNOWN,,CLEAN_SPLIT
30365f147f749c66e310d4f5a3725472,40cb224c-f815-4d30-b904-b5521d04ba00,IND-000226,IND-000636,6302.237168674421,2488.3224426277584,2488.2991393441016,159.1166748351079,2488.2991393441016,2329.1824645089937,0.02524764945787904,0.39482791154105,0.36958026208317096,0.39341242685235317,62.59847719955655,PROPORTIONAL_APPORTIONMENT,Weights normalized (pre-normalization sum=1.004) due to overlapping target geometries detected in crosswalk_errors,MEASURED,MEASURED_NORMALIZED,EXTREME_OVERLAP,6143.120493839313,CLEAN_SPLIT
758bce3b8ddadb79535fa647ead42b0a,b156d368-4bd3-4e95-8599-bbdd40f7781d,IND-000226,IND-000645,6302.237168674421,2316.256529827146,,0.0,,,,,,,,NONE,No geometric data available for this lineage pair,UNMEASURED,UNMEASURED,UNKNOWN,6302.237168674421,UNKNOWN
6f1484e3ab138442c11c978af3d04647,b85b08fc-41f7-44c3-b813-3ebdd67a3873,IND-000249,IND-000733,5070.593651211352,2380.3904003896455,2347.4174227715043,725.3071821339194,2347.4174227715043,1622.1102406375849,0.14304186689474618,0.4629472571146994,0.31990539021995323,0.4629472571146994,335.7789705344897,NONE,Uniform spatial distribution assumed across district area; no ancillary data available for this build,MEASURED,MEASURED,EXTREME_OVERLAP,4345.286469077433,UNKNOWN
1de8b7cac127d44e7dfd9c0ce6e1ab6e,1faf98a1-20b6-42f1-be2d-afaf3bee3622,IND-000363,IND-000549,2436.6840580358676,912.1894252715093,912.1735023324854,241.15455350109139,912.1735023324854,671.018948831394,0.09896833063186627,0.3743503386597272,0.27538200802786095,0.1859075816903112,44.832459854994674,PROPORTIONAL_APPORTIONMENT,Weights normalized (pre-normalization sum=2.014) due to overlapping target geometries detected in crosswalk_errors,MEASURED,MEASURED_NORMALIZED,EXTREME_OVERLAP,2195.529504534776,UNKNOWN
9ed196501f72f697212d942ca2198219,1bc64c76-a024-4a9e-a072-331b65a996ed,IND-000381,IND-000524,5319.394260539433,2640.3034789244102,0.036428072166835974,0.008360243780313886,0.036428072166835974,0.028067828386522088,1.5716533445043203e-06,6.848161723425601e-06,5.276508378921281e-06,6.8383617861173e-06,5.717037158992332e-08,PROPORTIONAL_APPORTIONMENT,Weights normalized (pre-normalization sum=1.001) due to overlapping target geometries detected in crosswalk_errors,MEASURED,MEASURED_NORMALIZED,NO_OVERLAP,5319.385900295653,CLEAN_SPLIT
4026e6bb2e4aa43e76b60a43361a43a3,ad95f972-f170-4062-8724-ef51f4dbae3b,IND-000403,IND-000404,7429.163388680452,5143.0017330046485,1475.135700041974,454.05644660469005,1475.135700041974,1021.0792534372838,0.061118112881528415,0.1985601369717598,0.1374420240902314,0.1281239520688683,58.17550640133997,PROPORTIONAL_APPORTIONMENT,Weights normalized (pre-normalization sum=1.550) due to overlapping target geometries detected in crosswalk_errors,MEASURED,MEASURED_NORMALIZED,EXTREME_OVERLAP,6975.106942075762,CLEAN_SPLIT
1339d8dcec35bc9daadab2696b02d690,b51c213b-6f15-469d-ae78-c6abfcf5b269,IND-000415,IND-000527,12652.424760914375,4323.393603507275,4323.312018552735,929.9747800139361,4323.312018552735,3393.337238538799,0.07350170402805288,0.3416982989622848,0.2681965949342319,0.17136946983768503,159.369285013406,PROPORTIONAL_APPORTIONMENT,Weights normalized (pre-normalization sum=1.994) due to overlapping target geometries detected in crosswalk_errors,MEASURED,MEASURED_NORMALIZED,EXTREME_OVERLAP,11722.44998090044,UNKNOWN
6a6a90d866d2b750438ff989f45bc648,3cf83578-c42c-4d53-921e-458e0af5884b,IND-000464,IND-000535,4264.19262087592,1165.5520901420919,980.8785538237665,270.77040104666673,980.8785538237665,710.1081527770998,0.06349863271210461,0.23002679311946314,0.16652816040735852,0.1086788536050211,29.427016775923544,PROPORTIONAL_APPORTIONMENT,Weights normalized (pre-normalization sum=2.117) due to overlapping target geometries detected in crosswalk_errors,MEASURED,MEASURED_NORMALIZED,EXTREME_OVERLAP,3993.4222198292528,CLEAN_SPLIT
116b09105efad9d7b87f9b64de7d41c1,1584bacc-0738-41fa-aa15-f85da7b8e9f0,IND-000470,IND-000565,12119.039138128759,6993.184686081395,6992.899741230893,1786.8291110723899,6992.899741230893,5206.070630158503,0.14743983336522876,0.5770176712467183,0.42957783788148957,0.28849373217074925,515.4889990046161,PROPORTIONAL_APPORTIONMENT,Weights normalized (pre-normalization sum=2.000) due to overlapping target geometries detected in crosswalk_errors,MEASURED,MEASURED_NORMALIZED,EXTREME_OVERLAP,10332.21002705637,UNKNOWN
9826602ef58e88405254cee32421a17d,b2b7eb9a-cb0a-4534-a366-b5d18f6d5bf1,IND-000487,IND-000585,5061.339481773637,978.6539282858423,978.6451708399925,143.42654185128066,978.6451708399925,835.2186289887118,0.02833766483512383,0.19335695113204449,0.16501928629692064,0.19335695113204449,27.73251884377621,NONE,Uniform spatial distribution assumed across district area; no ancillary data available for this build,MEASURED,MEASURED,EXTREME_OVERLAP,4917.912939922357,UNKNOWN
52afbb3cc68fe1f2fdd3c849d4d12315,de64eb3a-34b3-4160-92f4-2a16ead57a69,IND-000506,IND-000756,2936.8241069565947,1931.8955413019653,1742.7617540419965,,1742.7617540419965,,,0.593417137210851,,0.593417137210851,,NONE,Uniform spatial distribution assumed across district area; no ancillary data available for this build,MEASURED,MEASURED,EXTREME_OVERLAP,,CLEAN_SPLIT
81ae7ff29977a4a326d4a24fb56b6e89,591739cf-4c21-49e8-b786-1309e2628257,IND-000560,IND-000858,276.12906284745236,101.59505683239126,97.08662188078814,24.585326849270814,97.08662188078814,72.50129503151733,0.08903563643662163,0.35159870851560343,0.2625630720789818,0.17816462119118154,4.380235444961719,PROPORTIONAL_APPORTIONMENT,Weights normalized (pre-normalization sum=1.973) due to overlapping target geometries detected in crosswalk_errors,MEASURED,MEASURED_NORMALIZED,EXTREME_OVERLAP,251.54373599818155,UNKNOWN
a00b3e1321a281a9ebbf4226a530ee57,62a0e443-4d7f-45e1-878a-847978e260c7,IND-000201,IND-000713,,7202.29671420198,,,,,,,,,,NONE,No geometric data available for this lineage pair,UNMEASURED,UNMEASURED,UNKNOWN,,CLEAN_SPLIT
d8701e8d12f4c9412f9d515413cc66dd,404e274e-f244-430c-988b-1ca05920ca54,IND-000201,IND-000718,,3650.7368249795168,,,,,,,,,,NONE,No geometric data available for this lineage pair,UNMEASURED,UNMEASURED,UNKNOWN,,UNKNOWN
39bb49000ec031e2e3d65545ba8ae8c7,17f316e5-9e67-4fba-adad-1e938854af05,IND-000403,IND-000404,7429.163388680452,5143.0017330046485,1475.135700041974,454.05644660469005,1475.135700041974,1021.0792534372838,0.061118112881528415,0.1985601369717598,0.1374420240902314,0.1281239520688683,58.17550640133997,PROPORTIONAL_APPORTIONMENT,Weights normalized (pre-normalization sum=1.550) due to overlapping target geometries detected in crosswalk_errors,MEASURED,MEASURED_NORMALIZED,EXTREME_OVERLAP,6975.106942075762,UNKNOWN
e528c3decf3893504e0addb3788822d7,4a7c22c1-bf1e-47db-a20d-fdba2fcad1e9,IND-000112,IND-000442,8702.390506157917,2714.225177362466,2714.136010469875,219.23501650694632,2714.136010469875,2494.9009939629286,0.02519250501937519,0.3118839597636212,0.286691454744246,0.3118839597636212,68.37588506702927,NONE,Uniform spatial distribution assumed across district area; no ancillary data available for this build,MEASURED,MEASURED,EXTREME_OVERLAP,8483.155489650972,UNKNOWN
827747170f53717fd5474fbff741e934,d756fde2-21fa-4436-8fcb-f4b61389efc9,IND-000112,IND-000443,8702.390506157917,3502.4393875517994,3502.2981539631605,260.2859443385926,3502.2981539631605,3242.0122096245677,0.029909706322005562,0.40245242401899706,0.3725427176969915,0.40245242401899706,104.75270923714035,NONE,Uniform spatial distribution assumed across district area; no ancillary data available for this build,MEASURED,MEASURED,EXTREME_OVERLAP,8442.104561819324,UNKNOWN
a334840958d6d1b5a1eea987f12f227b,297955c4-1f30-4c6d-8872-7d23733f3fba,IND-000114,IND-000589,5583.5020705443785,3033.2670903363296,3033.1719962630696,186.32840683148484,3033.1719962630696,2846.843589431585,0.033371243437779946,0.5432382683736235,0.5098670249358436,0.5432382683736235,101.22072107595187,NONE,Uniform spatial distribution assumed across district area; no ancillary data available for this build,MEASURED,MEASURED,EXTREME_OVERLAP,5397.173663712893,UNKNOWN
32c804690f68748534dae2dfe9451e67,0d878470-4f4d-47ed-84d9-adfb86691a70,IND-000218,IND-000350,18298.56165499695,9583.864306877003,9583.665418611326,2046.5435737821765,9583.665418611326,7537.12184482915,0.1118417727233391,0.5237387287210211,0.411896955997682,0.21267505970735628,435.2487767478307,PROPORTIONAL_APPORTIONMENT,Weights normalized (pre-normalization sum=2.463) due to overlapping target geometries detected in crosswalk_errors,MEASURED,MEASURED_NORMALIZED,EXTREME_OVERLAP,16252.018081214772,UNKNOWN
679687a9badc3c75635d3d9ec9a39a5d,31f59aeb-c6e8-4f17-aa3c-641fce4c8aee,IND-000300,IND-000324,12782.52102566644,8034.842068633491,8034.699984904809,1868.640749729144,8034.699984904809,6166.059235175665,0.14618718373136563,0.6285692758706732,0.4823820921393076,0.3736615416906287,698.2391834097242,PROPORTIONAL_APPORTIONMENT,Weights normalized (pre-normalization sum=1.682) due to overlapping target geometries detected in crosswalk_errors,MEASURED,MEASURED_NORMALIZED,EXTREME_OVERLAP,10913.880275937296,UNKNOWN
8d840ff063cf6d03c9d73ae6ed1ea9df,dac4eb8f-ae42-451b-81d8-15fb26affdfe,IND-000379,IND-000386,9326.438405497007,2765.2209933997824,2765.160042136085,665.1140816045335,2765.160042136085,2100.0459605315514,0.07131490636473993,0.2964861742405652,0.2251712678758253,0.148240251196786,98.59667853157566,PROPORTIONAL_APPORTIONMENT,Weights normalized (pre-normalization sum=2.000) due to overlapping target geometries detected in crosswalk_errors,MEASURED,MEASURED_NORMALIZED,EXTREME_OVERLAP,8661.324323892473,UNKNOWN
0d573ed45de3257d88f50be3258818af,f796f70e-1f3f-4613-b9ef-25aaf118cf99,IND-000025,IND-000607,3895.444702587952,968.1508373835234,968.1400281214487,,968.1400281214487,,,0.24853132364534955,,0.17563495480268781,,PROPORTIONAL_APPORTIONMENT,Weights normalized (pre-normalization sum=1.415) due to overlapping target geometries detected in crosswalk_errors,MEASURED,MEASURED_NORMALIZED,EXTREME_OVERLAP,,UNKNOWN
408afe5ff11a49b16206957413f9bda7,eb962fc4-88c8-4bc4-a941-1eec05638769,IND-000067,IND-000563,14080.675430751999,3417.026884228206,2912.3997885178696,772.8069221216876,2912.3997885178696,2139.592866396182,0.05488422241690822,0.20683665374156904,0.15195243132466082,0.20683665374156904,159.84479775997121,NONE,Uniform spatial distribution assumed across district area; no ancillary data available for this build,MEASURED,MEASURED,EXTREME_OVERLAP,13307.86850863031,UNKNOWN
3d0d81202751df64ca6f46bde7d80ef9,d0ee6ee5-9464-430f-93e8-9de7ec47dda8,IND-000115,IND-000588,4081.1590558337907,2416.3136661746416,2416.1778555657083,151.5336696277771,2416.1778555657083,2264.644185937931,0.03713005730839334,0.5920322688996685,0.5549022115912752,0.5920322688996685,89.71282224442567,NONE,Uniform spatial distribution assumed across district area; no ancillary data available for this build,MEASURED,MEASURED,EXTREME_OVERLAP,3929.6253862060134,UNKNOWN
f5f79858dc195c79b826fdb7d6d4fdca,7b591880-04e8-4762-9f78-1469e8dd7655,IND-000116,IND-000559,1467.8300703301863,405.2254382514587,405.17112485718167,104.63274077397638,405.17112485718167,300.5383840832053,0.07128396051352143,0.2760340812244288,0.20475012071090737,0.2514045839172707,26.30515065840518,PROPORTIONAL_APPORTIONMENT,Weights normalized (pre-normalization sum=1.098) due to overlapping target geometries detected in crosswalk_errors,MEASURED,MEASURED_NORMALIZED,EXTREME_OVERLAP,1363.19732955621,CLEAN_SPLIT
5f6186990add620e38986bed087cd879,0b509387-7355-43b5-9ba0-d81eae13ad22,IND-000116,IND-000595,1467.8300703301863,,,,,,,,,,,NONE,No geometric data available for this lineage pair,UNMEASURED,UNMEASURED,UNKNOWN,,UNKNOWN
c85ae2771c11a3df45bc155608b0c3b6,f44e14c5-a560-4fee-b739-33000d498714,IND-000116,IND-000557,1467.8300703301863,15.026797016577724,15.026797016577724,3.8233506461682842,15.026797016577724,11.20344637040944,0.0026047638098245438,0.010237422791861368,0.007632658982036824,0.009323975524893691,0.03564882784795956,PROPORTIONAL_APPORTIONMENT,Weights normalized (pre-normalization sum=1.098) due to overlapping target geometries detected in crosswalk_errors,MEASURED,MEASURED_NORMALIZED,MINOR_OVERLAP,1464.006719684018,CLEAN_SPLIT
5f147f79efca4a9e550e58502c56131e,5304cdeb-e515-440b-90c8-8850f7b3cdbb,IND-000116,IND-000555,1467.8300703301863,70.75049775110703,70.7492739687798,17.900888484339976,70.7492739687798,52.84838548443983,0.012195477423563885,0.04819990774059074,0.03600443031702685,0.043899208737640645,0.7858348401632683,PROPORTIONAL_APPORTIONMENT,Weights normalized (pre-normalization sum=1.098) due to overlapping target geometries detected in crosswalk_errors,MEASURED,MEASURED_NORMALIZED,MATERIAL_OVERLAP,1449.9291818458464,CLEAN_SPLIT
d5fede357f1e83848b868d62f3cfef6f,93ba635f-9f98-45b3-8c9a-d90c9acf25d6,IND-000116,IND-000597,1467.8300703301863,,,,,,,,,,,NONE,No geometric data available for this lineage pair,UNMEASURED,UNMEASURED,UNKNOWN,,CLEAN_SPLIT
e266dba926d77b9f0dd4cf8e813a4ddf,d7288eac-7a5b-4036-b542-2e5a811d45e5,IND-000116,IND-000552,1467.8300703301863,395.6674479016636,395.64655796616717,101.79991540115607,395.64655796616717,293.8466425650111,0.0693540195550404,0.2695452055135831,0.20019118595854268,0.24549468652003703,24.9913383191731,PROPORTIONAL_APPORTIONMENT,Weights normalized (pre-normalization sum=1.098) due to overlapping target geometries detected in crosswalk_errors,MEASURED,MEASURED_NORMALIZED,EXTREME_OVERLAP,1366.0301549290302,UNKNOWN
afac9177191568113d0a580038723cf0,6b2b511d-c1bb-45a1-bf25-e47925cd5493,IND-000116,IND-000556,1467.8300703301863,37.909151826886806,37.909151826886806,9.6565528484113,37.909151826886806,28.252598978475504,0.0065787948098372665,0.025826662495311323,0.019247867685474058,0.02352224518727619,0.22714380376422086,PROPORTIONAL_APPORTIONMENT,Weights normalized (pre-normalization sum=1.098) due to overlapping target geometries detected in crosswalk_errors,MEASURED,MEASURED_NORMALIZED,MINOR_OVERLAP,1458.173517481775,UNKNOWN
bb77ad7b67ac5fb0691c8d94dc939c31,62ff4bfb-8ce4-4854-9268-1109416da383,IND-000116,IND-000596,1467.8300703301863,,,,,,,,,,,NONE,No geometric data available for this lineage pair,UNMEASURED,UNMEASURED,UNKNOWN,,UNKNOWN
f9e9fa84b9e7df7d23b45f5846580ef6,f5385ab6-8095-4065-b570-c125d5237913,IND-000116,IND-000554,1467.8300703301863,48.13271838060808,48.13066033377815,12.209331118987642,48.13066033377815,35.92132921479051,0.008317945902444395,0.032790349037440845,0.024472403134996448,0.029864587806305777,0.36462664125926797,PROPORTIONAL_APPORTIONMENT,Weights normalized (pre-normalization sum=1.098) due to overlapping target geometries detected in crosswalk_errors,MEASURED,MEASURED_NORMALIZED,MATERIAL_OVERLAP,1455.6207392111987,CLEAN_SPLIT
80015a60f5b4a9998676eecd59044d0d,ef2c361a-5a4f-4def-a31c-90e26f755996,IND-000260,IND-000745,4363.360813344221,1942.4112554220758,1881.7762922273319,415.4861417927531,1881.7762922273319,1466.2901504345787,0.09522158711287299,0.4312676335343163,0.3360460464214433,0.4312676335343163,179.185725137264,NONE,Uniform spatial distribution assumed across district area; no ancillary data available for this build,MEASURED,MEASURED,EXTREME_OVERLAP,3947.874671551468,CLEAN_SPLIT
7b4c40f954003af2b069d086003f2b2a,24d85574-dd75-4326-b84a-57c3f61deca0,IND-000286,IND-000333,13998.047041010894,6895.5670688749815,6895.49696606625,1347.6823148771164,6895.49696606625,5547.814651189134,0.09627645277435724,0.4926042144210625,0.39632776164670525,0.16453726995665344,221.74396885874373,PROPORTIONAL_APPORTIONMENT,Weights normalized (pre-normalization sum=2.994) due to overlapping target geometries detected in crosswalk_errors,MEASURED,MEASURED_NORMALIZED,EXTREME_OVERLAP,12650.364726133777,UNKNOWN
d562340176e753dc4ae6a46ae7976a5e,af47b02f-a31b-4de5-9e12-37c3e2a4ed37,IND-000329,IND-000709,3646.8273636421522,,,,,,,,,,,NONE,No geometric data available for this lineage pair,UNMEASURED,UNMEASURED,UNKNOWN,,CLEAN_SPLIT
aff96835b6a6112db48b309f77b0f0cb,6be6d897-b94e-404e-a344-d9325344cce8,IND-000329,IND-000708,3646.8273636421522,,,,,,,,,,,NONE,No geometric data available for this lineage pair,UNMEASURED,UNMEASURED,UNKNOWN,,UNKNOWN
5cf34aa9585e102ef0ea420bce4cac68,5da46199-6375-437b-ae3a-fd451539069d,IND-000335,IND-000373,6574.145904678048,3546.7579108764435,2834.0627933895457,699.7159262659284,2834.0627933895457,2134.3468671236174,0.10643449908345093,0.43109216535228945,0.3246576662688385,0.35622747622109513,249.25803848541756,PROPORTIONAL_APPORTIONMENT,Weights normalized (pre-normalization sum=1.210) due to overlapping target geometries detected in crosswalk_errors,MEASURED,MEASURED_NORMALIZED,EXTREME_OVERLAP,5874.429978412119,CLEAN_SPLIT
0dd4ab7e02b5ce2df1b0a22e9b236b98,be9747d2-5e42-426b-ad09-0f38c4d82e68,IND-000341,IND-000750,3795.5883605093786,565.2438020335437,538.2715694826985,,538.2715694826985,,,0.1418150543096462,,0.07116823140262517,,PROPORTIONAL_APPORTIONMENT,Weights normalized (pre-normalization sum=1.993) due to overlapping target geometries detected in crosswalk_errors,MEASURED,MEASURED_NORMALIZED,EXTREME_OVERLAP,,UNKNOWN
790bbc73d8f965d8ffb23ba4a79c071c,432422cf-43f9-43e1-8a27-a3337e2b664f,IND-000341,IND-000751,3795.5883605093786,1106.7607919617608,1075.4254860757696,,1075.4254860757696,,,0.28333564758098384,,0.14218869096667214,,PROPORTIONAL_APPORTIONMENT,Weights normalized (pre-normalization sum=1.993) due to overlapping target geometries detected in crosswalk_errors,MEASURED,MEASURED_NORMALIZED,EXTREME_OVERLAP,,UNKNOWN
a351808c24ad050122ff48fd8501c230,6c4162bd-fd31-4a4d-9fcb-55fd6372503a,IND-000404,IND-000537,5142.992654388533,2641.210721265118,2641.179320079911,822.8645431639959,2641.179320079911,1818.3147769159152,0.15999722310741446,0.5135491138269824,0.35355189071956794,0.2560865258614584,210.7245221134438,PROPORTIONAL_APPORTIONMENT,Weights normalized (pre-normalization sum=2.005) due to overlapping target geometries detected in crosswalk_errors,MEASURED,MEASURED_NORMALIZED,EXTREME_OVERLAP,4320.128111224537,UNKNOWN
591a378b1de0e6a21d8035f7d19b13b4,8c48c751-5421-4cfb-84e0-73ad96bb1d2f,IND-000404,IND-000536,5142.992654388533,2203.078675439314,1026.6182370818642,308.7005428105297,1026.6182370818642,717.9176942713345,0.06002352395878196,0.19961495301881238,0.13959142906003041,0.09954004096637985,30.728064677703824,PROPORTIONAL_APPORTIONMENT,Weights normalized (pre-normalization sum=2.005) due to overlapping target geometries detected in crosswalk_errors,MEASURED,MEASURED_NORMALIZED,EXTREME_OVERLAP,4834.292111578004,UNKNOWN
d9acc9b908b5ebeb9d91d157bba9a5ac,118c5ddb-b533-45dd-bd8e-c32c20acdc6e,IND-000456,IND-000742,2068.258233646709,1531.0877073368088,13.067505351158633,3.2908822270592526,13.067505351158633,9.77662312409938,0.0015911370125464648,0.006318120792933233,0.004726983780386768,0.006309997318124102,0.020765458027006155,PROPORTIONAL_APPORTIONMENT,Weights normalized (pre-normalization sum=1.001) due to overlapping target geometries detected in crosswalk_errors,MEASURED,MEASURED_NORMALIZED,NO_OVERLAP,2064.9673514196497,UNKNOWN
5313f8b4658b4453d970a42a23caa297,48c75aed-2adf-488d-b86d-bb5d1c6562aa,IND-000512,IND-000645,8742.81853255147,2316.256529827146,2316.1494480266074,270.24708826129,2316.1494480266074,2045.9023597653174,0.030910751178821753,0.2649202244565714,0.23400947327774962,0.1324591769811368,35.79670689263911,PROPORTIONAL_APPORTIONMENT,Weights normalized (pre-normalization sum=2.000) due to overlapping target geometries detected in crosswalk_errors,MEASURED,MEASURED_NORMALIZED,EXTREME_OVERLAP,8472.571444290179,UNKNOWN
75ffcb67731384e1f50562c857ff59e6,2feed954-5cf3-487e-b193-fdd70d2012cb,IND-000554,IND-000857,54.46544335949743,36.12157767492555,13.593799103576366,3.4408700924043583,13.593799103576366,10.152929011172008,0.0631752884061368,0.24958576053169945,0.18641047212556267,0.13516316858173566,0.46507890436750265,PROPORTIONAL_APPORTIONMENT,Weights normalized (pre-normalization sum=1.847) due to overlapping target geometries detected in crosswalk_errors,MEASURED,MEASURED_NORMALIZED,EXTREME_OVERLAP,51.02457326709307,CLEAN_SPLIT
4291512cff47918bf68b5d4ebe720fe6,5f17cab2-4d07-4546-b7e0-03574743b9f0,IND-000555,IND-000857,70.96017046231076,36.12157767492555,21.858465399911623,5.531619939469953,21.858465399911623,16.32684546044167,0.07795387050835757,0.3080385131194317,0.23008464261107414,0.1548753693066453,0.8567116809894119,PROPORTIONAL_APPORTIONMENT,Weights normalized (pre-normalization sum=1.989) due to overlapping target geometries detected in crosswalk_errors,MEASURED,MEASURED_NORMALIZED,EXTREME_OVERLAP,65.42855052284081,CLEAN_SPLIT
b13858d92e3173caaaa5d25dd899cb92,6cc37dc1-e55a-4058-81db-cca21ad244a7,IND-000116,IND-000559,1467.8300703301863,405.2254382514587,405.17112485718167,104.63274077397638,405.17112485718167,300.5383840832053,0.07128396051352143,0.2760340812244288,0.20475012071090737,0.2514045839172707,26.30515065840518,PROPORTIONAL_APPORTIONMENT,Weights normalized (pre-normalization sum=1.098) due to overlapping target geometries detected in crosswalk_errors,MEASURED,MEASURED_NORMALIZED,EXTREME_OVERLAP,1363.19732955621,UNKNOWN
15ef21c568dbb54d23b400cbb2efba8c,cb1c59e1-28b2-4fe4-a941-493f6171fb94,IND-000116,IND-000595,1467.8300703301863,,,,,,,,,,,NONE,No geometric data available for this lineage pair,UNMEASURED,UNMEASURED,UNKNOWN,,CLEAN_SPLIT
b2a40c941d9c09bd97a96efe39a30968,7a676869-5268-4f87-b234-60da2181d58d,IND-000116,IND-000557,1467.8300703301863,15.026797016577724,15.026797016577724,3.8233506461682842,15.026797016577724,11.20344637040944,0.0026047638098245438,0.010237422791861368,0.007632658982036824,0.009323975524893691,0.03564882784795956,PROPORTIONAL_APPORTIONMENT,Weights normalized (pre-normalization sum=1.098) due to overlapping target geometries detected in crosswalk_errors,MEASURED,MEASURED_NORMALIZED,MINOR_OVERLAP,1464.006719684018,UNKNOWN
e1c6ebb0d6ffedc34609877dcdec806a,a08769bf-432c-4ebc-82fb-f30f5fdb1ba6,IND-000116,IND-000555,1467.8300703301863,70.75049775110703,70.7492739687798,17.900888484339976,70.7492739687798,52.84838548443983,0.012195477423563885,0.04819990774059074,0.03600443031702685,0.043899208737640645,0.7858348401632683,PROPORTIONAL_APPORTIONMENT,Weights normalized (pre-normalization sum=1.098) due to overlapping target geometries detected in crosswalk_errors,MEASURED,MEASURED_NORMALIZED,MATERIAL_OVERLAP,1449.9291818458464,UNKNOWN
07cb603f479474bea5c5c1be5acb2d96,b793006b-9e89-47fe-9e43-c733d8745b2f,IND-000116,IND-000597,1467.8300703301863,,,,,,,,,,,NONE,No geometric data available for this lineage pair,UNMEASURED,UNMEASURED,UNKNOWN,,UNKNOWN
e69a9842f4bc8ae1ad27237cb2741a6c,63bea055-41ca-43c8-a8a9-f353949c7c4e,IND-000116,IND-000552,1467.8300703301863,395.6674479016636,395.64655796616717,101.79991540115607,395.64655796616717,293.8466425650111,0.0693540195550404,0.2695452055135831,0.20019118595854268,0.24549468652003703,24.9913383191731,PROPORTIONAL_APPORTIONMENT,Weights normalized (pre-normalization sum=1.098) due to overlapping target geometries detected in crosswalk_errors,MEASURED,MEASURED_NORMALIZED,EXTREME_OVERLAP,1366.0301549290302,CLEAN_SPLIT
8341b94b70f428e9b9a1f2308b3c822e,1b7d3429-cbff-451e-87a9-5f876557d467,IND-000116,IND-000556,1467.8300703301863,37.909151826886806,37.909151826886806,9.6565528484113,37.909151826886806,28.252598978475504,0.0065787948098372665,0.025826662495311323,0.019247867685474058,0.02352224518727619,0.22714380376422086,PROPORTIONAL_APPORTIONMENT,Weights normalized (pre-normalization sum=1.098) due to overlapping target geometries detected in crosswalk_errors,MEASURED,MEASURED_NORMALIZED,MINOR_OVERLAP,1458.173517481775,CLEAN_SPLIT
3045249a14eac37a36ecfe700033fa11,c0249205-a3ec-4947-be91-5b40547c9208,IND-000116,IND-000596,1467.8300703301863,,,,,,,,,,,NONE,No geometric data available for this lineage pair,UNMEASURED,UNMEASURED,UNKNOWN,,CLEAN_SPLIT
d8f54a9a88ba77cca9e2d8c6572d9c2e,1a9655ff-d92b-4839-bcf9-d008f7d311c2,IND-000116,IND-000554,1467.8300703301863,48.13271838060808,48.13066033377815,12.209331118987642,48.13066033377815,35.92132921479051,0.008317945902444395,0.032790349037440845,0.024472403134996448,0.029864587806305777,0.36462664125926797,PROPORTIONAL_APPORTIONMENT,Weights normalized (pre-normalization sum=1.098) due to overlapping target geometries detected in crosswalk_errors,MEASURED,MEASURED_NORMALIZED,MATERIAL_OVERLAP,1455.6207392111987,UNKNOWN
8a69cbfa624214dc0aa6d3f3a2455085,474f1589-af74-4e96-aea8-d4e8b65b739e,IND-000329,IND-000709,3646.8273636421522,,,,,,,,,,,NONE,No geometric data available for this lineage pair,UNMEASURED,UNMEASURED,UNKNOWN,,UNKNOWN
26fc8359e977ac8ab3108118ee87788b,439f0ac2-23fc-412d-94f9-f4cf19ac981f,IND-000329,IND-000708,3646.8273636421522,,,,,,,,,,,NONE,No geometric data available for this lineage pair,UNMEASURED,UNMEASURED,UNKNOWN,,CLEAN_SPLIT
2a4b566ad7ec0dfc62ec27a211f20021,e0a7cae9-7fbc-42e6-93bb-176708fbe7d0,IND-000024,IND-000392,14088.541902295321,5191.325569542654,5191.287905281777,,5191.287905281777,,,0.3684758821234727,,0.23756527093987093,,PROPORTIONAL_APPORTIONMENT,Weights normalized (pre-normalization sum=1.551) due to overlapping target geometries detected in crosswalk_errors,MEASURED,MEASURED_NORMALIZED,EXTREME_OVERLAP,,CLEAN_SPLIT
805fe52527f1ed28d80358b693eb5949,abdae3a7-2ab7-4b71-ad11-0d34a593847b,IND-000024,IND-000391,14088.541902295321,3860.2273866365904,3860.1998696276264,,3860.1998696276264,,,0.2739956978087788,,0.1766516218407203,,PROPORTIONAL_APPORTIONMENT,Weights normalized (pre-normalization sum=1.551) due to overlapping target geometries detected in crosswalk_errors,MEASURED,MEASURED_NORMALIZED,EXTREME_OVERLAP,,UNKNOWN
72713fcaf846fba6c0f0080b6c019d99,29fb3cf8-fd73-4318-b806-f8f0d825e183,IND-000024,IND-000393,14088.541902295321,5037.100821525741,5036.990862360423,,5036.990862360423,,,0.35752392953736334,,0.2305042834786404,,PROPORTIONAL_APPORTIONMENT,Weights normalized (pre-normalization sum=1.551) due to overlapping target geometries detected in crosswalk_errors,MEASURED,MEASURED_NORMALIZED,EXTREME_OVERLAP,,UNKNOWN
45b9380e3d83d7a54fe2a1930085bbbe,c0d378b4-20e0-4402-a84d-b07364f1580a,IND-000115,IND-000496,5894.935645083876,1813.859168051643,1813.7597260866087,110.14416588993741,1813.7597260866087,1703.6155601966714,0.018684540853604218,0.3076810054065996,0.2889964645529954,0.21822678995937358,24.03640775491377,PROPORTIONAL_APPORTIONMENT,Weights normalized (pre-normalization sum=1.410) due to overlapping target geometries detected in crosswalk_errors,MEASURED,MEASURED_NORMALIZED,EXTREME_OVERLAP,5784.791479193938,UNKNOWN
48c4b39549d492a06ef1d4d0ae490f30,4ee825ca-86b6-4852-9b9a-e02703f46d8e,IND-000179,IND-000514,25296.06808298661,14535.808890913504,14535.55643426219,2648.5934975165214,14535.55643426219,11886.962936745667,0.1047037622142505,0.5746172245653615,0.469913462351111,0.5437639921850644,1440.2097738849864,PROPORTIONAL_APPORTIONMENT,Weights normalized (pre-normalization sum=1.057) due to overlapping target geometries detected in crosswalk_errors,MEASURED,MEASURED_NORMALIZED,EXTREME_OVERLAP,22647.47458547009,UNKNOWN
d996ebfaf400147287a25ec855ba4d65,a533239c-5153-497d-b3dc-e885053d706f,IND-000225,IND-000637,10898.219863729146,2489.891040735567,2489.7832596015683,159.14532754766225,2489.7832596015683,2330.637932053906,0.01460287363786089,0.22845779317482184,0.21385491953696095,0.22845779317482184,36.3579903256231,NONE,Uniform spatial distribution assumed across district area; no ancillary data available for this build,MEASURED,MEASURED,EXTREME_OVERLAP,10739.074536181484,UNKNOWN
81ee31a3299e62c07f9a385ecca97daa,dc33f423-4f98-48cc-936b-334c6b0e8e26,IND-000225,IND-000638,10898.219863729146,1749.6375723775918,1749.62627214074,120.428368262052,1749.62627214074,1629.197903878688,0.01105027883157827,0.16054239077739196,0.1494921119458137,0.16054239077739196,19.33385815821002,NONE,Uniform spatial distribution assumed across district area; no ancillary data available for this build,MEASURED,MEASURED,EXTREME_OVERLAP,10777.791495467094,UNKNOWN
ca73ad4dc8a2b690f9ccf2f47ee837c2,36381add-71d3-4361-b2eb-bd76a296d66e,IND-000225,IND-000639,10898.219863729146,2972.5682839907204,2972.511639771137,216.15475511290015,2972.511639771137,2756.356884658237,0.01983395066494249,0.27275203445510277,0.2529180837901603,0.27275203445510277,58.95664921418804,NONE,Uniform spatial distribution assumed across district area; no ancillary data available for this build,MEASURED,MEASURED,EXTREME_OVERLAP,10682.065108616245,UNKNOWN
157eb759356d167d60ad68001f85691e,a5c46434-e1c2-406a-b39f-1fcd6ba03e24,IND-000255,IND-000416,4904.261601182354,2504.6186892096807,464.87064550772817,115.55310879811617,464.87064550772817,349.317536709612,0.023561775083584004,0.09478912083230917,0.07122734574872516,0.07362789852688024,8.507932569053251,PROPORTIONAL_APPORTIONMENT,Weights normalized (pre-normalization sum=1.287) due to overlapping target geometries detected in crosswalk_errors,MEASURED,MEASURED_NORMALIZED,EXTREME_OVERLAP,4788.708492384238,CLEAN_SPLIT
150030462ca7ea4ae2140a56e7975ac2,4876e23d-1940-4b06-83f9-f72b199772cf,IND-000318,IND-000401,4162.630923380044,1632.4986454638074,1632.3304872340648,,1632.3304872340648,,,0.39213913442718035,,0.3903311909572903,,PROPORTIONAL_APPORTIONMENT,Weights normalized (pre-normalization sum=1.005) due to overlapping target geometries detected in crosswalk_errors,MEASURED,MEASURED_NORMALIZED,EXTREME_OVERLAP,,UNKNOWN
6c2f743c65f380134c758e28fd9168fd,08fbbcc1-9b01-4f23-bd57-47cca900d702,IND-000318,IND-000400,4162.630923380044,1643.6841609009043,926.8614855459589,,926.8614855459589,,,0.22266242254149934,,0.22163584539710937,,PROPORTIONAL_APPORTIONMENT,Weights normalized (pre-normalization sum=1.005) due to overlapping target geometries detected in crosswalk_errors,MEASURED,MEASURED_NORMALIZED,EXTREME_OVERLAP,,UNKNOWN
f49de75051570ffe75e47a57bf27378d,4ed08270-3099-4771-a4f4-7e35000f1faf,IND-000327,IND-000780,7446.842515317025,3210.399303707554,3095.6364693871674,946.1113093900113,3095.6364693871674,2149.525159997156,0.12704865282755798,0.4156978562417445,0.28864920341418654,0.20846425394052612,197.230388256683,PROPORTIONAL_APPORTIONMENT,Weights normalized (pre-normalization sum=1.994) due to overlapping target geometries detected in crosswalk_errors,MEASURED,MEASURED_NORMALIZED,EXTREME_OVERLAP,6500.731205927013,UNKNOWN
b3e4610a2defad58adbcf515cda04f66,ba3fe8d5-0dee-48d6-a023-0751ef3123f4,IND-000339,IND-000729,11864.261557729396,7831.507421820365,7539.5204555837745,2217.0230336457257,7539.5204555837745,5322.497421938049,0.18686565723944,0.6354816453512764,0.4486159881118364,0.6354816453512764,1408.877445202864,NONE,Uniform spatial distribution assumed across district area; no ancillary data available for this build,MEASURED,MEASURED,EXTREME_OVERLAP,9647.23852408367,UNKNOWN
a374dc69c4ce46471debb379ae7d769e,cc630202-debc-4bfb-b66a-a9d497564653,IND-000339,IND-000728,11864.261557729396,1167.414121285927,1062.1111677409413,327.7340027167637,1062.1111677409413,734.3771650241775,0.02762363263167017,0.08952189418388126,0.06189826155221109,0.08952189418388126,29.339368711669977,NONE,Uniform spatial distribution assumed across district area; no ancillary data available for this build,MEASURED,MEASURED,EXTREME_OVERLAP,11536.527555012633,UNKNOWN
e3033c14bcd191ce1520f488eee7ae72,25ac03b7-b02f-49d2-b95e-cb18e2679430,IND-000354,IND-000616,,2367.6966243262973,,,,,,,,,,NONE,No geometric data available for this lineage pair,UNMEASURED,UNMEASURED,UNKNOWN,,UNKNOWN
c6e8ecde48ff02288fb461fd6c80479c,62b0c13c-1b18-444c-80d7-79e90307cccb,IND-000416,IND-000568,2504.6456811336257,1390.1559204402058,464.82103399420095,115.54098013219071,464.82103399420095,349.2800538620102,0.04613066870196818,0.1855835488011297,0.1394528800991615,0.12924125339315296,14.93266109055771,PROPORTIONAL_APPORTIONMENT,Weights normalized (pre-normalization sum=1.436) due to overlapping target geometries detected in crosswalk_errors,MEASURED,MEASURED_NORMALIZED,EXTREME_OVERLAP,2389.104701001435,CLEAN_SPLIT
2a92d1e5692291a7515639f697fae307,fe36e0a6-9e61-4ccb-985a-cceb295068dc,IND-000429,IND-000724,4742.946953088398,2587.3876752226,2026.7592689638113,649.5248216125512,2026.7592689638113,1377.23444735126,0.13694541137332547,0.42732066983040473,0.29037525845707923,0.2672955508793769,173.6150950027559,PROPORTIONAL_APPORTIONMENT,Weights normalized (pre-normalization sum=1.599) due to overlapping target geometries detected in crosswalk_errors,MEASURED,MEASURED_NORMALIZED,EXTREME_OVERLAP,4093.422131475847,UNKNOWN
d92942c2df2a0ee2c6ac002061c1173f,d10f9dae-e7dc-49e9-862f-b9cbe22f472f,IND-000429,IND-000725,4742.946953088398,1286.6328115941467,41.04814460856768,13.201430082284018,41.04814460856768,27.846714526283662,0.002783381347684656,0.008654565403022048,0.0058711840553373916,0.0054135617355942295,0.07146675674857535,PROPORTIONAL_APPORTIONMENT,Weights normalized (pre-normalization sum=1.599) due to overlapping target geometries detected in crosswalk_errors,MEASURED,MEASURED_NORMALIZED,MINOR_OVERLAP,4729.745523006114,UNKNOWN
bc08c2918519915dd5a3c1a6efd05334,c5f0e0a7-500f-4e16-aa7d-562a695bde99,IND-000024,IND-000392,14088.541902295321,5191.325569542654,5191.287905281777,,5191.287905281777,,,0.3684758821234727,,0.23756527093987093,,PROPORTIONAL_APPORTIONMENT,Weights normalized (pre-normalization sum=1.551) due to overlapping target geometries detected in crosswalk_errors,MEASURED,MEASURED_NORMALIZED,EXTREME_OVERLAP,,UNKNOWN
ebbb25d0257aebf5fdb07b7bb94ecbc6,2ae43a35-6fcf-428e-8b5a-6edf6a41ff17,IND-000024,IND-000391,14088.541902295321,3860.2273866365904,3860.1998696276264,,3860.1998696276264,,,0.2739956978087788,,0.1766516218407203,,PROPORTIONAL_APPORTIONMENT,Weights normalized (pre-normalization sum=1.551) due to overlapping target geometries detected in crosswalk_errors,MEASURED,MEASURED_NORMALIZED,EXTREME_OVERLAP,,CLEAN_SPLIT
70720860a9366a827d3b60ffc8dfbbb8,1cb60171-22b6-46cd-9430-a1100dcf1ac5,IND-000024,IND-000393,14088.541902295321,5037.100821525741,5036.990862360423,,5036.990862360423,,,0.35752392953736334,,0.2305042834786404,,PROPORTIONAL_APPORTIONMENT,Weights normalized (pre-normalization sum=1.551) due to overlapping target geometries detected in crosswalk_errors,MEASURED,MEASURED_NORMALIZED,EXTREME_OVERLAP,,CLEAN_SPLIT
da92f5307778327be6db519f495430cb,a2b8967f-200d-4393-980f-9ae772d4ad9b,IND-000432,IND-000592,4094.9179271696253,1692.6279617377859,1692.5737082018195,194.77007844023217,1692.5737082018195,1497.8036297615872,0.047563854002528376,0.41333519701864035,0.36577134301611197,0.2064941499627302,40.21888178569002,PROPORTIONAL_APPORTIONMENT,Weights normalized (pre-normalization sum=2.002) due to overlapping target geometries detected in crosswalk_errors,MEASURED,MEASURED_NORMALIZED,EXTREME_OVERLAP,3900.147848729393,UNKNOWN
8d729d378e1b8429eb0af26a0ed19cf5,35f40788-783c-4a17-ae33-5890221118e1,IND-000433,IND-000593,7225.164621925851,3343.9076893378847,3343.8685988431257,415.3489505046433,3343.8685988431257,2928.5196483384825,0.057486434183686874,0.46280863811679146,0.4053222039331046,0.23136266991748383,96.09624213617911,PROPORTIONAL_APPORTIONMENT,Weights normalized (pre-normalization sum=2.000) due to overlapping target geometries detected in crosswalk_errors,MEASURED,MEASURED_NORMALIZED,EXTREME_OVERLAP,6809.815671421207,UNKNOWN
a0a2e9874343b02d46a9ede807afaf2e,ceb0957b-31ba-43d7-8e26-d1ba634ded80,IND-000450,IND-000907,4629.888132040494,1380.6427704247228,1335.8255605768807,367.516185661709,1335.8255605768807,968.3093749151717,0.0793790638521835,0.28852221100818537,0.20914314715600185,0.22604289871002858,83.07442392982576,PROPORTIONAL_APPORTIONMENT,Weights normalized (pre-normalization sum=1.276) due to overlapping target geometries detected in crosswalk_errors,MEASURED,MEASURED_NORMALIZED,EXTREME_OVERLAP,4262.371946378786,UNKNOWN
9d50002def36a03700a3f0c4173a9e7b,a0a56f88-9603-44e2-b066-6a747b6d5973,IND-000531,IND-000719,8247.541264911484,2548.2077350814984,2547.934169456294,467.9031207281718,2547.934169456294,2080.031048728122,0.05673243766828168,0.30893257609953156,0.2522001384312499,0.1942816873082079,90.90500779184534,PROPORTIONAL_APPORTIONMENT,Weights normalized (pre-normalization sum=1.590) due to overlapping target geometries detected in crosswalk_errors,MEASURED,MEASURED_NORMALIZED,EXTREME_OVERLAP,7779.638144183313,UNKNOWN
d30b826db677aa986947724a8c117979,90341948-5dde-4a03-83e2-982bfee10ec7,IND-000552,IND-000553,458.36135759278613,286.8950891333297,282.47479845650645,72.61497694316726,282.47479845650645,209.85982151333917,0.1584229903771236,0.6162709700049814,0.45784797962785784,0.3097372684529281,22.491564607148984,PROPORTIONAL_APPORTIONMENT,Weights normalized (pre-normalization sum=1.990) due to overlapping target geometries detected in crosswalk_errors,MEASURED,MEASURED_NORMALIZED,EXTREME_OVERLAP,385.74638064961886,UNKNOWN
64bdd15a5cee213894cc3d5297eb8d81,0b71a670-920d-4278-b014-d7a5c5f35fc4,IND-000602,IND-000890,6736.204796401924,13408.958841883028,,0.0,,,,,,,,NONE,No geometric data available for this lineage pair,UNMEASURED,UNMEASURED,UNKNOWN,6736.204796401924,CLEAN_SPLIT
a6170ce54f8c3a838dab610c1dd19a66,dec53a00-a198-4a1d-a2d4-d645277cc70f,IND-000669,IND-000775,6776.418174539772,3317.1906227037666,3238.5409600300786,953.5114073330699,3238.5409600300786,2285.0295526970085,0.14071023699741328,0.47791338677973894,0.3372031497823257,0.23877818207174314,227.6777204276598,PROPORTIONAL_APPORTIONMENT,Weights normalized (pre-normalization sum=2.001) due to overlapping target geometries detected in crosswalk_errors,MEASURED,MEASURED_NORMALIZED,EXTREME_OVERLAP,5822.906767206702,UNKNOWN
835eeca47deceaddaee37b6365b4c0ca,d194478d-a3bf-4a67-8369-988c5933a16e,IND-000694,IND-000693,10913.548958105644,4619.302082499568,4619.224043791827,1107.4548756722043,4619.224043791827,3511.769168119623,0.10147522862850972,0.42325590525353946,0.32178067662502974,0.21162927888470773,234.36987673586225,PROPORTIONAL_APPORTIONMENT,Weights normalized (pre-normalization sum=2.000) due to overlapping target geometries detected in crosswalk_errors,MEASURED,MEASURED_NORMALIZED,EXTREME_OVERLAP,9806.09408243344,UNKNOWN
38f07b99ab77f01435324d6e58070d93,af80eca8-ef88-40df-b51a-4396a7b026b6,IND-000701,IND-000700,13721.858592257608,4133.783082262012,,0.0,,,,,,,,NONE,No geometric data available for this lineage pair,UNMEASURED,UNMEASURED,UNKNOWN,13721.858592257608,UNKNOWN
12bf0f90ceff966b0cb4d30fe1c794ea,865641ce-a103-4bcb-acb7-e73614f0f3f1,IND-000701,IND-000702,13721.858592257608,4812.279323328407,4812.004677047353,1267.5911267884503,4812.004677047353,3544.4135502589024,0.0923775098151553,0.35068169845172925,0.25830418863657395,0.06553845669012734,83.07596616381457,PROPORTIONAL_APPORTIONMENT,Weights normalized (pre-normalization sum=5.351) due to overlapping target geometries detected in crosswalk_errors,MEASURED,MEASURED_NORMALIZED,EXTREME_OVERLAP,12454.267465469158,UNKNOWN
7524a420e576897c98808ce40f2586ce,ad02d109-6fbb-4dd7-9fc8-bdbb6542c45a,IND-000703,IND-000704,10892.96291780399,6015.117095848846,2458.7877841338627,618.8493190428312,2458.7877841338627,1839.9384650910315,0.05681184483161635,0.2257225883065387,0.16891074347492235,0.04318375515115055,26.72423746900187,PROPORTIONAL_APPORTIONMENT,Weights normalized (pre-normalization sum=5.227) due to overlapping target geometries detected in crosswalk_errors,MEASURED,MEASURED_NORMALIZED,EXTREME_OVERLAP,10274.11359876116,UNKNOWN
4a20c9cb37683de743b05ac3bf832f99,5596f20b-e540-4840-9ae6-46d008bb0149,IND-000584,IND-000583,5061.2553260683035,2562.406365437229,2562.2880978111184,335.8110954446147,2562.2880978111184,2226.4770023665037,0.06634936864674644,0.5062554510170427,0.43990608237029627,0.20627234278642173,69.26854139103534,PROPORTIONAL_APPORTIONMENT,Weights normalized (pre-normalization sum=2.454) due to overlapping target geometries detected in crosswalk_errors,MEASURED,MEASURED_NORMALIZED,EXTREME_OVERLAP,4725.444230623689,UNKNOWN
e8b5617a955641c089262752973782b7,189cdb87-6d9b-4afd-b8c5-04a326f2f4eb,IND-000666,IND-000774,10515.09444441573,5764.657793425316,5701.360391013113,833.4201487462906,5701.360391013113,4867.940242266823,0.07925940686047728,0.5422072451323483,0.462947838271871,0.2708644469350649,225.7438876547035,PROPORTIONAL_APPORTIONMENT,Weights normalized (pre-normalization sum=2.002) due to overlapping target geometries detected in crosswalk_errors,MEASURED,MEASURED_NORMALIZED,EXTREME_OVERLAP,9681.67429566944,UNKNOWN
fff993f3fd7aa58b3f710116d973821a,b9739609-f30b-42d7-bd67-c023bf5fa402,IND-000672,IND-000776,10740.816873917358,3238.6663260244195,3224.7093166640902,825.0072137953,3224.7093166640902,2399.7021028687905,0.07681047200410986,0.3002294289640918,0.22341895695998198,0.3002294289640918,247.69144468901933,NONE,Uniform spatial distribution assumed across district area; no ancillary data available for this build,MEASURED,MEASURED,EXTREME_OVERLAP,9915.809660122059,UNKNOWN
6bd956e2a4875e6537844f9261cb403b,0ce84210-38a0-40fb-8cc4-4f9f08d3d343,IND-000697,IND-000696,17080.889373353533,6585.251999009194,6584.946393284519,1722.253202370572,6584.946393284519,4862.693190913948,0.10082924634224931,0.38551542893060026,0.28468618258835093,0.07157307071942516,123.2669502500254,PROPORTIONAL_APPORTIONMENT,Weights normalized (pre-normalization sum=5.386) due to overlapping target geometries detected in crosswalk_errors,MEASURED,MEASURED_NORMALIZED,EXTREME_OVERLAP,15358.636170982962,UNKNOWN
daf341ce3d1d770ea7c17c6cdda60228,1983caa5-bf02-4e89-b62b-7fe4f947faf5,IND-000706,IND-000707,11954.373198796366,5662.850825170579,5662.8148747508285,1308.2179829930678,5662.8148747508285,4354.596891757761,0.10943425985101307,0.47370236653821324,0.36426810668720017,0.32078412668698836,419.65556319064467,PROPORTIONAL_APPORTIONMENT,Weights normalized (pre-normalization sum=1.477) due to overlapping target geometries detected in crosswalk_errors,MEASURED,MEASURED_NORMALIZED,EXTREME_OVERLAP,10646.155215803297,UNKNOWN
b64b1408d9b4396961d5ecbd076a9a33,fbde7320-06fc-4211-a007-4329211d04fe,IND-000765,IND-000766,7651.21934868889,2677.698873038364,2642.0593839900284,239.85676137011103,2642.0593839900284,2402.2026226199173,0.03134882826372149,0.345312199740133,0.3139633714764115,0.345312199740133,82.8254658912572,NONE,Uniform spatial distribution assumed across district area; no ancillary data available for this build,MEASURED,MEASURED,EXTREME_OVERLAP,7411.362587318779,UNKNOWN
92f411ce5c4028c717056eac8026df5f,8b8e7360-279a-4771-aeaa-38c446f03183,IND-000781,IND-000831,9553.88511364411,5169.629163909381,5110.312752789768,1603.4655366393445,5110.312752789768,3506.8472161504233,0.16783387256241972,0.5348936785404317,0.36705980597801197,0.27320821953069785,438.0799643440703,PROPORTIONAL_APPORTIONMENT,Weights normalized (pre-normalization sum=1.958) due to overlapping target geometries detected in crosswalk_errors,MEASURED,MEASURED_NORMALIZED,EXTREME_OVERLAP,7950.419577004765,UNKNOWN
e0e26b6ce631eb9ce5b40e0fe1423720,fc8fb0f3-d391-414e-9cd6-a43bdc040e1e,IND-000898,IND-000791,5815.983966864355,3510.551090275548,3460.800510745794,787.1097177754435,3460.800510745794,2673.6907929703502,0.13533560653878624,0.5950498712622241,0.45971426472343785,0.5950498712622241,468.3695362315232,NONE,Uniform spatial distribution assumed across district area; no ancillary data available for this build,MEASURED,MEASURED,EXTREME_OVERLAP,5028.874249088912,UNKNOWN
462c07d28bacab6b53892d3a353a9995,d20ff19c-fe7b-44cd-97ca-35e304eefcdb,IND-000689,IND-000690,10626.638831167655,5068.70750192437,5068.4766630558215,1208.791219326037,5068.4766630558215,3859.6854437297843,0.11375104005423463,0.476959530062329,0.36320849000809435,0.2384779090017232,288.2700024045167,PROPORTIONAL_APPORTIONMENT,Weights normalized (pre-normalization sum=2.000) due to overlapping target geometries detected in crosswalk_errors,MEASURED,MEASURED_NORMALIZED,EXTREME_OVERLAP,9417.847611841618,UNKNOWN
ce0a5b05760f1524ae9beb491f734aa9,a689edca-f4f5-4c42-a505-64e241e9754a,IND-000747,IND-000866,7082.750321792326,2201.6740463214437,2178.8556025782214,,2178.8556025782214,,,0.3076284640267894,,0.3076284640267894,,NONE,Uniform spatial distribution assumed across district area; no ancillary data available for this build,MEASURED,MEASURED,EXTREME_OVERLAP,,UNKNOWN
ac575096a72c3ec712874e98570ef84c,9f61c6dc-deaa-4c5b-9180-7278890f5aaf,IND-000755,IND-000861,2620.057509906646,1068.1810339706828,1051.1674361474604,,1051.1674361474604,,,0.4012001386125735,,0.4012001386125735,,NONE,Uniform spatial distribution assumed across district area; no ancillary data available for this build,MEASURED,MEASURED,EXTREME_OVERLAP,,UNKNOWN
cfe7451f046191caaf91c640be3ad6d3,441a2429-56eb-4d02-ac5d-e8221f98dfc1,IND-000414,IND-000919,12648.634772287765,,,,,,,,,,,NONE,No geometric data available for this lineage pair,UNMEASURED,UNMEASURED,UNKNOWN,,UNKNOWN
d777ecf2e8eb694686793c6fa94e7d4e,dc1ec3de-de22-46ba-81f7-90399134a3f4,IND-000654,IND-000908,,1994.2731325151938,,,,,,,,,,NONE,No geometric data available for this lineage pair,UNMEASURED,UNMEASURED,UNKNOWN,,UNKNOWN
9dd3bb03a8b4dd58476ca499a30e2a8a,67d1edb6-d6ef-411a-bb4a-a2db05491c92,IND-000654,IND-000847,,2772.2793076245134,,,,,,,,,,NONE,No geometric data available for this lineage pair,UNMEASURED,UNMEASURED,UNKNOWN,,UNKNOWN
a036b577a41bc9767345a2c7e4c3f016,23931bf8-c1d9-4eb5-ae98-380886e7740c,IND-000663,IND-000773,11108.879917934166,4825.877662007143,4717.6521200907355,1101.3652941909538,4717.6521200907355,3616.2868258997814,0.09914278508069123,0.4246739684776466,0.32553118339695536,0.21233514488485694,233.85855931318926,PROPORTIONAL_APPORTIONMENT,Weights normalized (pre-normalization sum=2.000) due to overlapping target geometries detected in crosswalk_errors,MEASURED,MEASURED_NORMALIZED,EXTREME_OVERLAP,10007.514623743213,UNKNOWN
97fd3e46f99cc221423c3e704c006e9c,886fc587-6407-4aeb-bd73-5b99509c7bf0,IND-000732,IND-000882,5319.541577903904,2884.0338114463357,2865.1682183658068,913.642257005934,2865.1682183658068,1951.5259613598728,0.17175206615565974,0.5386118665313241,0.36685980037566435,0.2703889888533075,247.03880604548817,PROPORTIONAL_APPORTIONMENT,Weights normalized (pre-normalization sum=1.992) due to overlapping target geometries detected in crosswalk_errors,MEASURED,MEASURED_NORMALIZED,EXTREME_OVERLAP,4405.89932089797,UNKNOWN
b7e54f4705fe145e5ebb6f40de8d91f6,d0892f39-6eb4-4277-ba88-b90e5b5a0b02,IND-000833,IND-000892,7195.058381544387,3275.7790130662725,3249.568475288236,640.7263590300698,3249.568475288236,2608.8421162581662,0.08905089091056698,0.4516389309117365,0.3625880400011695,0.4516389309117365,289.3769677993102,NONE,Uniform spatial distribution assumed across district area; no ancillary data available for this build,MEASURED,MEASURED,EXTREME_OVERLAP,6554.332022514317,UNKNOWN
fe3f7b7665538cbd726089646b3ab5b4,7f7333f2-d516-42a9-9839-121edc62f294,IND-000899,IND-000894,6081.484154795334,1874.2895534747174,1827.3451629185606,347.2707921053805,1827.3451629185606,1480.0743708131802,0.057102967510250395,0.3004768435477504,0.2433738760375,0.3004768435477504,104.34683146815178,NONE,Uniform spatial distribution assumed across district area; no ancillary data available for this build,MEASURED,LOW_COVERAGE,EXTREME_OVERLAP,5734.213362689953,UNKNOWN
ae7c7a2174007438b87c8113ce40d746,44258886-c003-46ab-916e-ff8965129137,IND-000811,IND-000807,,2866.248706081469,,,,,,,,,,,,,,INVALID_GEOMETRY,,CLEAN_SPLIT
8c9602b92de74706192beadff260cac0,4d102134-8e97-4d97-b6e9-da2ca78788a6,IND-000184,IND-000321,17562.35670911488,2187.252175685989,,0.0,,,0.0,,,,,,,,,NO_OVERLAP,17562.35670911488,UNKNOWN
a9f1ea3ae0a353e27d4a7a4ec549d1db,ac81a85e-8023-4527-aed4-6a5cf320e1fe,IND-000811,IND-000825,,3626.567979082939,,,,,,,,,,,,,,INVALID_GEOMETRY,,CLEAN_SPLIT
23f537f0d9973c9ee3fcd19d7b46fb30,2a3d4f4d-2792-49a6-9d12-26a1e6c373b2,IND-000336,IND-000376,,2924.998493951632,,,,,,,,,,,,,,INVALID_GEOMETRY,,CLEAN_SPLIT
90b0f97924c048d8b3befd43631ba7b5,04af41e0-082f-4f6c-a530-5973f35c0b8d,IND-000816,IND-000825,,3626.567979082939,,,,,,,,,,,,,,INVALID_GEOMETRY,,CLEAN_SPLIT
bf6266111350746ffc87368cec5c5ddd,116466c9-78fb-400d-9402-de3ae17a3088,IND-000816,IND-000824,,4437.188370874527,,,,,,,,,,,,,,INVALID_GEOMETRY,,UNKNOWN
41661f42c0fa0cb846bce75a6485d599,d5eff0cb-ff9d-4a66-b5ca-787f2a6ddacb,IND-000654,IND-000929,,3879.252460092769,,,,,,,,,,,,,,INVALID_GEOMETRY,,UNKNOWN
2d4a38662f49e0307f0759bd617e5638,8d6be908-64bd-4a42-90a2-b74a6061a5c9,IND-000654,IND-000653,,6602.6028780373335,,,,,,,,,,,,,,INVALID_GEOMETRY,,UNKNOWN
848b156c712b6ee470df6b0b3c2e1b41,be93d1d1-d98b-4ec8-8505-bad7d778770b,IND-000540,IND-000541,,1961.8187602760506,,,,,,,,,,,,,,INVALID_GEOMETRY,,UNKNOWN
48672600f2db6f4c1f4b156c2d9beb1c,dc01bec1-1586-4407-879b-e172501a25c2,IND-000471,IND-000476,,2420.6113210977114,,,,,,,,,,,,,,INVALID_GEOMETRY,,CLEAN_SPLIT
5903a662effc68b70428764c2d102a24,3528586d-156d-4742-8a50-1ef898dba89a,IND-000823,IND-000944,,1075.3041092109559,,,,,,,,,,,,,,INVALID_GEOMETRY,,UNKNOWN
e13509b8935a9d8ed4e99d05f19c34c9,363e2cec-7bd7-4869-b898-8f486e2cf899,IND-000811,IND-000904,,2885.1344350079767,,,,,,,,,,,,,,INVALID_GEOMETRY,,UNKNOWN
47ca26dda321e360ee4edb785d6d4d12,44212bcc-ec3e-4d50-a645-35a9d3fdd772,IND-000656,IND-000655,,4213.241173465679,,,,,,,,,,,,,,INVALID_GEOMETRY,,UNKNOWN
b2d54d050dfa6882280801fc1f8193e9,b2b118cd-91ea-41aa-87b9-19b6bef96236,IND-000481,IND-000476,,2420.6113210977114,,,,,,,,,,,,,,INVALID_GEOMETRY,,CLEAN_SPLIT
2bbcb52131487efadc4315f8ae6bc826,1fcc5483-e8cd-4c87-a8b5-4ed1e30a1586,IND-000069,IND-000562,,5006.646616228917,,,,,,,,,,,,,,INVALID_GEOMETRY,,UNKNOWN
2754ce359ad0f0a3705a78bdb0877d8c,c019f07e-4a2b-448a-a935-9d9279d7c3b0,IND-000018,IND-000506,1988.9759990736204,2765.653636538783,,,,,,,,,,,,,,NO_OVERLAP,,UNKNOWN
6c8f5c1d526575c76ea067afae571b13,4c024612-3d01-43a3-87be-9b87f1c826b8,IND-000795,IND-000801,,5189.799318363895,,,,,,,,,,,,,,INVALID_GEOMETRY,,CLEAN_SPLIT
236855e224fc856991def30a492bbc11,514470f7-ab66-495c-98e5-28ade8b8e4f3,IND-000811,IND-000816,,2749.53751080338,,,,,,,,,,,,,,INVALID_GEOMETRY,,CLEAN_SPLIT
aab1ea2ed1af6d53795b5808fe1816ba,fc86fd22-c259-4bc0-bd5b-fd4b80fd11da,IND-000814,IND-000828,,2171.8003701551897,,,,,,,,,,,,,,INVALID_GEOMETRY,,CLEAN_SPLIT
aa9d650d4add0e6de87d3d6c52c4603f,2015d866-1a6a-4854-9944-99583b5a2d81,IND-000806,IND-000819,,3714.586247986853,,,,,,,,,,,,,,INVALID_GEOMETRY,,UNKNOWN
6c56c22a7d930331907a44218e23b0d5,62877773-acab-45f6-a195-a14046282bda,IND-000812,IND-000808,,4278.748634069385,,,,,,,,,,,,,,INVALID_GEOMETRY,,CLEAN_SPLIT
f1cea4db440f8cc015e204ef3a8a8205,fdaaf342-b1a0-4939-8d8a-9f4799f9b11a,IND-000361,IND-000677,,5730.926074433454,,,,,,,,,,,,,,INVALID_GEOMETRY,,CLEAN_SPLIT
4a424c6d88fb3deba2ddbaf0c47c712c,cda74b70-1b64-4b00-8cd4-1a17bc33e8b6,IND-000657,IND-000658,,4738.910776417443,,,,,,,,,,,,,,INVALID_GEOMETRY,,UNKNOWN
c1a053dbd38d3a884b3a4d317a90a98f,dc90f197-e97f-4be0-b67d-89e8559c0fcc,IND-000603,IND-000604,,6854.764038560141,,,,,,,,,,,,,,INVALID_GEOMETRY,,UNKNOWN
68d1ee4ad86e8ca52e491a3b1d936d78,7410d011-b27f-4fe3-9499-ff2f5988c703,IND-000312,IND-000620,,2225.720882332637,,,,,,,,,,,,,,INVALID_GEOMETRY,,UNKNOWN
0abf4de8737ab365769e8b592d7ef173,8c44c6ff-1eb4-4f39-bc88-1b1f2bc380e9,IND-000796,IND-000797,,1930.7599553271316,,,,,,,,,,,,,,INVALID_GEOMETRY,,CLEAN_SPLIT
ce69e3942343ce530839bd09dee3bac7,b107e7d8-969e-4bd5-88a4-437b67ab275d,IND-000483,IND-000486,,6885.263212977541,,,,,,,,,,,,,,INVALID_GEOMETRY,,UNKNOWN
c242f04849de0d6090fdbe412ba4df15,bffa9ec5-5a04-4127-83d7-3a83d332ba58,IND-000312,IND-000620,,2225.720882332637,,,,,,,,,,,,,,INVALID_GEOMETRY,,CLEAN_SPLIT
cdd67a2bc9e40796697e9131d15f37b0,ed577464-89ae-4054-91db-cf48bf745fa8,IND-000395,IND-000617,,1867.7633795747004,,,,,,,,,,,,,,INVALID_GEOMETRY,,UNKNOWN
5269de4c4b360fc72bb6919bc8c4787b,0585ef2a-050d-4878-8ec8-23abda9c4d40,IND-000503,IND-000500,,4973.193940622871,,,,,,,,,,,,,,INVALID_GEOMETRY,,UNKNOWN
55b81ce2d8cc01a366e1905ec481c3c4,773c2ceb-c3f0-4fb4-a54f-cf0840b2f9bc,IND-000336,IND-000377,,1737.277075172612,,,,,,,,,,,,,,INVALID_GEOMETRY,,CLEAN_SPLIT
e6b614d52d44b703c6677a41c9bfcb0f,d15ed765-11c1-4bf8-a3e3-4b2d2fe0fa64,IND-000312,IND-000619,,3134.277241089086,,,,,,,,,,,,,,INVALID_GEOMETRY,,CLEAN_SPLIT
93241753daf9b5ba27fa2e13af1d1ec6,712d3eea-b4e0-479a-80ad-dd885086c6b7,IND-000542,IND-000545,,1802.994701468622,,,,,,,,,,,,,,INVALID_GEOMETRY,,UNKNOWN
c958077687f1277f3404ddd53bc1d458,964662ec-35f2-46bf-a3d6-d0770ea6b089,IND-000312,IND-000619,,3134.277241089086,,,,,,,,,,,,,,INVALID_GEOMETRY,,UNKNOWN
b2a79493043ff733507743c4aa638b00,101875e1-333d-4002-8843-0fdf209f8a5f,IND-000806,IND-000815,,3923.882386935616,,,,,,,,,,,,,,INVALID_GEOMETRY,,UNKNOWN
284df5437d89f6bea63f9bf451d6dfdc,c53dcb64-5c5c-4944-b082-06bd861501e4,IND-000814,IND-000889,,2361.3145152685793,,,,,,,,,,,,,,INVALID_GEOMETRY,,CLEAN_SPLIT
b6ab38c73bb7e99cab7d25e449d90266,a38e121a-a1fc-4e9b-8756-2149826604f3,IND-000777,IND-000848,10656.956944060976,3255.420939324468,,0.0,,,0.0,,,,,,,,,NO_OVERLAP,10656.956944060976,UNKNOWN
59009ab451ecfae3542c1662e6289108,888a52c7-1548-4102-b0c3-bae467224010,IND-000840,IND-000853,,1892.5440674297884,,,,,,,,,,,,,,INVALID_GEOMETRY,,UNKNOWN
a8806aa19a593ba9e1bf688465214262,97e4331e-f925-4909-8590-3d818f398c08,IND-000392,IND-000618,,2444.284937767046,,,,,,,,,,,,,,INVALID_GEOMETRY,,UNKNOWN
706c4803c85185c2582d5d313c36668b,f13f1a45-ecfb-41cb-9aaa-a1ab727daab8,IND-000722,IND-000723,,2748.351401854618,,,,,,,,,,,,,,INVALID_GEOMETRY,,UNKNOWN
1bfd04f7b10f6eb24bf4753441a27136,c376ba7b-b43f-4658-8e3d-ae133a859646,IND-000473,IND-000485,,2780.18627994716,,,,,,,,,,,,,,INVALID_GEOMETRY,,UNKNOWN
9d23e6a42277dea2be208891c53c431d,f46b8683-4406-4435-874a-530d79dee7b3,IND-000477,IND-000480,,3003.911021885727,,,,,,,,,,,,,,INVALID_GEOMETRY,,UNKNOWN
98d48fb3544a5e64d94fa302fa0a43ff,6aba09f3-2536-4718-97ac-a7030cfb6ce6,IND-000814,IND-000809,,2572.679770725188,,,,,,,,,,,,,,INVALID_GEOMETRY,,CLEAN_SPLIT
ee89c66c3a53fedd141ff206335d30d9,773a5862-9358-43bc-8033-5d60244e5665,IND-000341,IND-000318,,4162.630923380044,,,,,,,,,,,,,,INVALID_GEOMETRY,,UNKNOWN
4bd2d834fbfd4639f57d53b4f363139e,0271f61f-a9fe-43da-80e2-50c0b02ec05d,IND-000601,IND-000600,,3364.3232481089512,,,,,,,,,,,,,,INVALID_GEOMETRY,,UNKNOWN
488c4eaf9d2fc5aafd23cf834f9d60ab,588c9130-8e0e-4547-b313-47dbdb16574f,IND-000818,IND-000826,,3594.035539385791,,,,,,,,,,,,,,INVALID_GEOMETRY,,UNKNOWN
a91dbba8d6fadd15f90dccfeb13717cc,8c42c5f4-dc3e-477c-a32b-baffb71e7f0b,IND-000811,IND-000821,,2212.22820154744,,,,,,,,,,,,,,INVALID_GEOMETRY,,UNKNOWN
5a9fe0f706aeecd6457b847f265b3821,09924361-de6d-4cfb-a5f8-ec18340a9525,IND-000811,IND-000822,,1790.2006229066897,,,,,,,,,,,,,,INVALID_GEOMETRY,,UNKNOWN
3042b399d5f2068f9d8679779be25784,5a557b91-dfb4-4d85-b0b7-27dd839bc4e9,IND-000657,IND-000659,,4079.7352095240594,,,,,,,,,,,,,,INVALID_GEOMETRY,,UNKNOWN
04852002c0a796935711df41d065fa1d,3d6fb073-1533-45f2-b062-54897a000018,IND-000107,IND-000342,12341.759304097304,19056.46441556442,,0.0,,,0.0,,,,,,,,,NO_OVERLAP,12341.759304097304,UNKNOWN
0a60f864187e2ee17c594fcf1b4078a9,dd01e377-8bb0-4e96-86d4-d5636393b0c0,IND-000883,IND-000954,,836.8119782633613,,,,,,,,,,,,,,INVALID_GEOMETRY,,UNKNOWN
69ff9c9cc9eb343a54239dd830461f2a,c0546caa-414c-4194-bbae-689362bad9b4,IND-000818,IND-000830,,3260.815212580919,,,,,,,,,,,,,,INVALID_GEOMETRY,,UNKNOWN
fcb34f43d90776aa0023196fac3a1c80,21c5ae07-488e-4d9e-8833-ddfc738dc2fd,IND-000812,IND-000813,,3566.7800465627183,,,,,,,,,,,,,,INVALID_GEOMETRY,,CLEAN_SPLIT
533bc3fb6903b5cc76acda792f5c48cb,0615b53c-a108-4335-a439-b3f7515a7614,IND-000367,IND-000368,,5431.778141776359,,,,,,,,,,,,,,INVALID_GEOMETRY,,UNKNOWN
c69998acf693439cef18aa6f41d87c35,c92c5513-f102-4e4b-a44e-e691a3705c4d,IND-000661,IND-000660,,7239.028613937452,,,,,,,,,,,,,,INVALID_GEOMETRY,,UNKNOWN
4f47936627b1e5b1cf3da0a38441e1b4,894a3ac5-0dae-4a65-b824-6ff8b2672b50,IND-000661,IND-000662,,20514.976985628567,,,,,,,,,,,,,,INVALID_GEOMETRY,,UNKNOWN
6436d2d5d6d9c37350f360e38e16c1c0,0ff9eb50-e72f-4abc-8769-0196e4e23490,IND-000820,IND-000810,,3746.142571171392,,,,,,,,,,,,,,INVALID_GEOMETRY,,UNKNOWN
f822d2dc58d0e2505fe37ee72532679b,d47b69fa-c7ab-4c53-9763-6f69b6203766,IND-000806,IND-000906,,4536.315773196092,,,,,,,,,,,,,,INVALID_GEOMETRY,,UNKNOWN
54582c8fd2a3d414ad15a4c5dc11578c,465516b2-691c-472c-b63f-b3725de6a398,IND-000823,IND-000827,,3620.0380748814237,,,,,,,,,,,,,,INVALID_GEOMETRY,,UNKNOWN
3c16bd62f0bfd899537e600a214509df,2054b337-dac8-45f6-b6eb-b2f97dd08d9a,IND-000670,IND-000671,,5306.132931320291,,,,,,,,,,,,,,INVALID_GEOMETRY,,UNKNOWN
9d8a91ea0e9d728a061605b7b35bfa4e,8f131114-36dc-4ec5-b969-be23cf94d8f5,IND-000650,IND-000649,,6589.765023243174,,,,,,,,,,,,,,INVALID_GEOMETRY,,UNKNOWN
5b4530ce0f28faf32908d5a245df35bd,da2f1571-3fbe-4785-b5ab-c2bf88cd9f24,IND-000818,IND-000905,,2291.0544055699793,,,,,,,,,,,,,,INVALID_GEOMETRY,,CLEAN_SPLIT
cf57378efa70bc2c95de07206e245407,ad4447dc-d962-48c9-9271-094ac97de81f,IND-000407,IND-000603,7909.430936785123,,,,,,,,,,,,,,,INVALID_GEOMETRY,,UNKNOWN
8c74d8888129548a39df2172bf7901aa,c8c0b7dd-a1a3-4b80-b226-a1e8e6ca648b,IND-000472,IND-000482,,2219.6736403044138,,,,,,,,,,,,,,INVALID_GEOMETRY,,UNKNOWN
267be80a9390717d15332a3c9bf400e0,e0cf5dc5-144c-4e03-948b-6d560a934b1e,IND-000544,IND-000543,,2297.1205167674216,,,,,,,,,,,,,,INVALID_GEOMETRY,,UNKNOWN
d7967f73253a3927961ade828bba288b,b54078c4-eb81-41f8-95bb-f9ada9abbcd9,IND-000522,IND-000898,,5815.983966864355,,,,,,,,,,,,,,INVALID_GEOMETRY,,UNKNOWN
4d9c3c940cf587dafa0ff56d9011da49,c5f524a5-0847-40a1-a809-b5c9ae3f7952,IND-000714,IND-000715,,3453.0861597488383,,,,,,,,,,,,,,INVALID_GEOMETRY,,UNKNOWN
4a8f295ced93e7cabb1039e174e8311a,2a4d382b-3c7d-421b-a90f-475f2122c420,IND-000812,IND-000835,,7025.890852964756,,,,,,,,,,,,,,INVALID_GEOMETRY,,UNKNOWN
ac39f73da76612f1d631244a3eedb311,5867ba3e-2ee5-48ad-b161-4f9dd52c4af9,IND-000814,IND-000817,,6405.73640289616,,,,,,,,,,,,,,INVALID_GEOMETRY,,CLEAN_SPLIT
bbe45f17f198221ce012e1e835a839e7,010b7fd8-bc16-4959-bb0c-5ad3acba19e5,,,,,,,,,,,,,,,,,,INVALID_GEOMETRY,,UNKNOWN
2713455e49a84d071d82e1f11f8092cd,01c15e1c-06f7-4669-bba3-c4d9cd16f90f,,,,,,,,,,,,,,,,,,INVALID_GEOMETRY,,CLEAN_SPLIT
11b22d130b75448f18a00d073d143d57,029b70dc-ef7e-45b7-8a28-f815036b0677,,,,,,,,,,,,,,,,,,INVALID_GEOMETRY,,CLEAN_SPLIT
1a856250956c5f2b58bc07da6f36f160,109e157f-9741-43b3-9fd4-86f978124e85,,,,,,,,,,,,,,,,,,INVALID_GEOMETRY,,CLEAN_SPLIT
6e04b3abb33fde143e9a6395854a655f,151bed2e-2591-40a8-b249-561c7383bb93,,,,,,,,,,,,,,,,,,INVALID_GEOMETRY,,UNKNOWN
0617942aa01350c589ec024cb00f5dc2,15400476-0346-4bb8-b6bf-375d69290dc3,,,,,,,,,,,,,,,,,,INVALID_GEOMETRY,,CLEAN_SPLIT
340e0a4f04da853c92a8fccce5752db9,22931999-da4c-4b44-9802-66156d33c0b3,,,,,,,,,,,,,,,,,,INVALID_GEOMETRY,,CLEAN_SPLIT
cbe236884cd6bc01b66ffc325e9b57bc,283ad4c4-6869-43a9-90c6-5507232ac01f,,,,,,,,,,,,,,,,,,INVALID_GEOMETRY,,CLEAN_SPLIT
5c0edd5edd9a13173b833fbd299857fd,2d674216-0f41-448a-a8aa-81201bbc9b4d,,,,,,,,,,,,,,,,,,INVALID_GEOMETRY,,CLEAN_SPLIT
6e26446ea1c13ddd2aa75e30bd445e6a,3365d923-eab4-4440-ae0b-aa109a76fc0c,,,,,,,,,,,,,,,,,,INVALID_GEOMETRY,,CLEAN_SPLIT
7bc6a1fb2f3b3912c9a3b6118643d919,336d9ff9-5087-45f1-adab-d7282bbb7f3f,,,,,,,,,,,,,,,,,,INVALID_GEOMETRY,,CLEAN_SPLIT
271b18ad5bc143affbe68372d058eb6c,33adabb7-0206-4f06-af83-20a58470aa05,,,,,,,,,,,,,,,,,,INVALID_GEOMETRY,,CLEAN_SPLIT
7c03f27a7c84e9be5077a572f4d77bd1,36caf7c9-ea95-4f4b-9764-9023d674513e,,,,,,,,,,,,,,,,,,INVALID_GEOMETRY,,UNKNOWN
c2ff930d4783d671fe9315c6b3c459c6,36f6dcc5-9291-4d8a-9ece-17d2c1c30d4c,,,,,,,,,,,,,,,,,,INVALID_GEOMETRY,,CLEAN_SPLIT
68cb55cdaa702ba84b68db34fb07c00b,3a0566bc-d42b-4aae-b502-7a9805b57f1a,,,,,,,,,,,,,,,,,,INVALID_GEOMETRY,,CLEAN_SPLIT
019086c7f3ae7d39abb535acd941c148,404ef373-32f0-43a1-a421-77be58292b21,,,,,,,,,,,,,,,,,,INVALID_GEOMETRY,,CLEAN_SPLIT
a9817c284ee08ddaa22c352ae4629df1,427ac992-33fc-4b84-9f9e-853a55ef9a76,,,,,,,,,,,,,,,,,,INVALID_GEOMETRY,,CLEAN_SPLIT
749c79a00e77912ecc4bf575434a55d3,44a1a0d5-40ba-4340-9606-5d9952312de0,,,,,,,,,,,,,,,,,,INVALID_GEOMETRY,,CLEAN_SPLIT
60012fcd059780b87c93b4f5e7e96bc5,47264928-e1c1-4185-bf94-b77e44cca16c,,,,,,,,,,,,,,,,,,INVALID_GEOMETRY,,CLEAN_SPLIT
3632536942b03e69a626aeb8b00ebec2,479bd657-df2b-4395-8dc0-c602a84d10da,,,,,,,,,,,,,,,,,,INVALID_GEOMETRY,,CLEAN_SPLIT
a31afb8ea547f6097576a3c70619857f,4ccea326-cb28-4a50-9794-b8c2dfafd488,,,,,,,,,,,,,,,,,,INVALID_GEOMETRY,,CLEAN_SPLIT
a3f9454a637915275a984e18f8a25452,4e798adc-7cd3-418f-9d46-f89c23d8aa45,,,,,,,,,,,,,,,,,,INVALID_GEOMETRY,,UNKNOWN
ad9f25ada2db97eb22c5615f443f42c0,5032cea0-9932-45a3-8379-77d90f08602e,,,,,,,,,,,,,,,,,,INVALID_GEOMETRY,,CLEAN_SPLIT
e3fe5c0e2da75ad13314a8cd5a75da0e,5117542b-8615-40ba-8d62-875963d86cd2,,,,,,,,,,,,,,,,,,INVALID_GEOMETRY,,CLEAN_SPLIT
976b51c3067ccf267eb48268b6014b84,58b30421-212a-4c25-91e9-f3c04eed52c7,,,,,,,,,,,,,,,,,,INVALID_GEOMETRY,,CLEAN_SPLIT
9586df7e20385d4d4df16843c307c7b1,5c7ecfa6-b175-4c68-976f-fd0a41c5a1d8,,,,,,,,,,,,,,,,,,INVALID_GEOMETRY,,CLEAN_SPLIT
c583e59a591e2d94ca740d6aed371114,5cc510d3-75c5-43b6-a8b4-2e5e47d3f207,,,,,,,,,,,,,,,,,,INVALID_GEOMETRY,,UNKNOWN
b8fedb89f891dda20d9b665e1536763a,5d8aacb7-0b80-4da4-a7d5-b0a6e47e6d19,,,,,,,,,,,,,,,,,,INVALID_GEOMETRY,,CLEAN_SPLIT
bfb0af1dbe71bbd2845ba24203024ae5,5dadff71-f64a-495b-a3ec-9573beb44db6,,,,,,,,,,,,,,,,,,INVALID_GEOMETRY,,CLEAN_SPLIT
6b26eb22d756c3abad543df1b367a5b9,6a7993b4-eace-47e2-8ea6-66b014cc0b09,,,,,,,,,,,,,,,,,,INVALID_GEOMETRY,,CLEAN_SPLIT
54ea075abb9ed658ba7aba971db4a8e1,6e213d3a-f420-45fa-b314-443f1512d5d4,,,,,,,,,,,,,,,,,,INVALID_GEOMETRY,,CLEAN_SPLIT
b006acabfed0c37b68d22f6761fca8ba,74b5a3f7-0749-41dc-864e-84786be34eca,,,,,,,,,,,,,,,,,,INVALID_GEOMETRY,,CLEAN_SPLIT
72f717a2155b10041149b0ca1c264cd7,797a4cc2-b30c-40f1-aadc-8ba3de501b99,,,,,,,,,,,,,,,,,,INVALID_GEOMETRY,,CLEAN_SPLIT
99392a2e6a2aaec7a071f323ddeabf9e,8030e10c-d555-431d-acc8-b609cb4072e7,,,,,,,,,,,,,,,,,,INVALID_GEOMETRY,,CLEAN_SPLIT
b79eb225f81bd8c73ae47263b35107a9,8723ab13-19c0-4a7d-bff3-b805ba4fc66f,,,,,,,,,,,,,,,,,,INVALID_GEOMETRY,,CLEAN_SPLIT
f5f900cfe985f4ed2994e53ac4aca96e,89cd0dc8-4a08-4d8c-8485-05b0996046fa,,,,,,,,,,,,,,,,,,INVALID_GEOMETRY,,CLEAN_SPLIT
a426a3e6a558b0da755d47789b61cdbc,8e56f21a-50b7-41f1-ba02-28376368edca,,,,,,,,,,,,,,,,,,INVALID_GEOMETRY,,CLEAN_SPLIT
5c624254fe3c73b38cb847578349211b,981427d0-6f93-43c5-9c7c-2f587afb0a70,,,,,,,,,,,,,,,,,,INVALID_GEOMETRY,,CLEAN_SPLIT
68cbb5d7028759d80f1b214502a719da,9887859d-7ce3-44ff-a1c6-156ebdb680f7,,,,,,,,,,,,,,,,,,INVALID_GEOMETRY,,CLEAN_SPLIT
4fd914f29a5730d9ea844e7962ce813a,9a5c76b3-3c0c-4d9f-bd4e-0f120b7b53af,,,,,,,,,,,,,,,,,,INVALID_GEOMETRY,,UNKNOWN
af7ded7e5fb9c149af1f3e00fe04a353,9b5fa074-24ff-4acb-b79c-be90509f9235,,,,,,,,,,,,,,,,,,INVALID_GEOMETRY,,CLEAN_SPLIT
050e7787e81da38fd0c6359fd084d526,9cafbae0-d284-4c9b-a636-20e759a47834,,,,,,,,,,,,,,,,,,INVALID_GEOMETRY,,UNKNOWN
a699622cd971224d258e0a1b50d704e1,a20d2d11-33b9-4baa-89dd-bbb49b197656,,,,,,,,,,,,,,,,,,INVALID_GEOMETRY,,CLEAN_SPLIT
6fa67dfc9b2b636bb5642dd67d432294,a5ea9ea8-d3f3-4686-9144-396c794b7b7e,,,,,,,,,,,,,,,,,,INVALID_GEOMETRY,,CLEAN_SPLIT
b2fd5e392b40a752be587fb97b545278,ac407450-1148-47b6-85e1-0799da1ee749,,,,,,,,,,,,,,,,,,INVALID_GEOMETRY,,UNKNOWN
ca5bb9e1dca65cbf8cdfa0f31abaa956,b50e6452-8af0-4a95-89fe-da14af358fd6,,,,,,,,,,,,,,,,,,INVALID_GEOMETRY,,CLEAN_SPLIT
cff95f25c1c728ca027c09912d39cffa,be9a6b5b-4b77-4f17-85dd-28b979b0de34,,,,,,,,,,,,,,,,,,INVALID_GEOMETRY,,UNKNOWN
5cab3f23ebffd2d8f842122c11d6bdc3,c23f08dd-708e-4029-b712-cd397b4f58ed,,,,,,,,,,,,,,,,,,INVALID_GEOMETRY,,CLEAN_SPLIT
d9bd9f2cbbc42c1fe1ff52fd117af58e,c4b7e400-da02-42ef-87f6-d55c3a8125c9,,,,,,,,,,,,,,,,,,INVALID_GEOMETRY,,CLEAN_SPLIT
6be5583a4137aca905c20c6697115b21,c85dbaff-0607-404c-96e4-0f2f26811191,,,,,,,,,,,,,,,,,,INVALID_GEOMETRY,,CLEAN_SPLIT
d38771c11a9265d4c858ff5de8d36277,c8f69520-688a-4298-9116-0e4f2d94c621,,,,,,,,,,,,,,,,,,INVALID_GEOMETRY,,CLEAN_SPLIT
02787aa0361fc3d982a1271a0bcd01b7,cb1920c5-7fef-4aac-b00d-74b0d6d1937f,,,,,,,,,,,,,,,,,,INVALID_GEOMETRY,,CLEAN_SPLIT
4fe68caaa4abd67750bd0cba2ebfb6d5,d137f9b2-a871-447c-8a0d-43bb9927413b,,,,,,,,,,,,,,,,,,INVALID_GEOMETRY,,CLEAN_SPLIT
b9b589caf12b720f6399b661a8bc52ac,d5783d84-5243-41ec-b227-acb89d40abf6,,,,,,,,,,,,,,,,,,INVALID_GEOMETRY,,CLEAN_SPLIT
de3dbc7a3a428c4dd0532c527c57e3c0,d9424ffd-dc8d-4e1b-b97e-700417a918eb,,,,,,,,,,,,,,,,,,INVALID_GEOMETRY,,CLEAN_SPLIT
744c8f0c0e5959959544d19e60d4be0a,d995868b-ff7b-4c4c-89cc-0f1f7a27b9d2,,,,,,,,,,,,,,,,,,INVALID_GEOMETRY,,CLEAN_SPLIT
da0fd08cb128bd399cd71ff5c8cf9cca,da2b9d1a-c744-457c-b58f-17a144f81284,,,,,,,,,,,,,,,,,,INVALID_GEOMETRY,,UNKNOWN
74ad9118527eee86a2bc5932d30edd66,e0a4261d-b551-4c83-9416-d1ffd712c7e7,,,,,,,,,,,,,,,,,,INVALID_GEOMETRY,,CLEAN_SPLIT
6bcb7cabbbef2773b7b5d270a88aaf05,e5d082a7-cfff-49e6-995f-da97d8ca8fdf,,,,,,,,,,,,,,,,,,INVALID_GEOMETRY,,CLEAN_SPLIT
34f2af01e25c10c993c20a051335e363,e8cae023-e9a2-497a-bf00-b39941f16f05,,,,,,,,,,,,,,,,,,INVALID_GEOMETRY,,CLEAN_SPLIT
ceac2c65b89138120096d21238e758a1,ea2fd172-11e1-4407-aac9-adf98b7af405,,,,,,,,,,,,,,,,,,INVALID_GEOMETRY,,UNKNOWN
78f4931dd027aaf3b50cb071878f9bf9,eaada6b7-a9e9-4aee-9b6e-e837f8a08892,,,,,,,,,,,,,,,,,,INVALID_GEOMETRY,,CLEAN_SPLIT
a13050d9d57a2184e30c703f51016821,eb411d0a-5cee-44fd-9c92-daf4233e11ca,,,,,,,,,,,,,,,,,,INVALID_GEOMETRY,,CLEAN_SPLIT
d9386dd51186be005fed899488c1b24d,ec48ce6a-3b44-423d-bf58-69e4259c07bd,,,,,,,,,,,,,,,,,,INVALID_GEOMETRY,,CLEAN_SPLIT
0ed45191b5d5f148555b47646be03275,f2c24000-06df-4690-9e88-270867993a7a,,,,,,,,,,,,,,,,,,INVALID_GEOMETRY,,CLEAN_SPLIT
d327bad70d3def4b07986b01cd355fcd,f65a94f4-f9ff-4124-816b-378490787252,,,,,,,,,,,,,,,,,,INVALID_GEOMETRY,,CLEAN_SPLIT
4e5ade908548adb6517e2ea0e91552b5,068bbd76-ca45-4289-8de9-401677229cbf,,,,,,,,,,,,,,,,,,INVALID_GEOMETRY,,CLEAN_SPLIT
5b8da6177131216cca0e9ad9ea55e54a,0e4acfbe-ae21-430c-b977-746f67ee8368,,,,,,,,,,,,,,,,,,INVALID_GEOMETRY,,UNKNOWN
143d5cda319b3b0a10711da5ca0a5a9f,0f9be379-bc69-4765-bd3c-2364589d8c2e,,,,,,,,,,,,,,,,,,INVALID_GEOMETRY,,CLEAN_SPLIT
3dc46160c962cffb58c62450e1c9dfed,11bbe28d-55f2-4c6e-be27-abd4d3275574,,,,,,,,,,,,,,,,,,INVALID_GEOMETRY,,UNKNOWN
d959e8a78f5c5b2aaeafd90277f33dce,251a597d-a7da-4e95-9eec-60dec842f7f9,,,,,,,,,,,,,,,,,,INVALID_GEOMETRY,,CLEAN_SPLIT
e08a3ca9f7cdefa40dd5a34ba46f187b,26492435-cf86-4e5f-ae07-4f5fd26620b5,,,,,,,,,,,,,,,,,,INVALID_GEOMETRY,,CLEAN_SPLIT
26b782f894ac1ccbbfc0cf69cc43d5e1,268f6500-074a-4328-9750-e19b21ee4d31,,,,,,,,,,,,,,,,,,INVALID_GEOMETRY,,CLEAN_SPLIT
7d384fb6e968710ea2eb15966c65a1d4,26f4ac0f-f907-4cdd-8020-597d4f7bc935,,,,,,,,,,,,,,,,,,INVALID_GEOMETRY,,CLEAN_SPLIT
b709e0027786d3bb494349310ce450af,2bd49a8a-9582-4c8c-9f49-791d38ff0cb8,,,,,,,,,,,,,,,,,,INVALID_GEOMETRY,,CLEAN_SPLIT
8848707446f4d9e48a060e260004672c,2d0129c1-f9b0-4129-9b73-e309c390f955,,,,,,,,,,,,,,,,,,INVALID_GEOMETRY,,UNKNOWN
a80d65d5c0dfcc3c0f7d9c180808a989,33de677d-f500-4547-914f-6cfb23b6ddb1,,,,,,,,,,,,,,,,,,INVALID_GEOMETRY,,CLEAN_SPLIT
24195ab1111e37ba61fe1d0324772f4c,34d66b01-5631-4464-9026-99b6a35d5b00,,,,,,,,,,,,,,,,,,INVALID_GEOMETRY,,UNKNOWN
3baade62af9b87a13a6fe4d27413ce17,372c9a34-d5ac-48fe-84db-13876c2bd21d,,,,,,,,,,,,,,,,,,INVALID_GEOMETRY,,CLEAN_SPLIT
e1db6f9e534783eb7d03feeca80b863a,38e23711-f444-4249-a4f5-f66d65e47c4b,,,,,,,,,,,,,,,,,,INVALID_GEOMETRY,,CLEAN_SPLIT
c993721e43f7d3d17782d908c40116d8,3ea13871-608e-4ceb-af0a-e35e4fb9ce5d,,,,,,,,,,,,,,,,,,INVALID_GEOMETRY,,UNKNOWN
7177be75f2e7db5101ba7c04ed67bf53,3ed7c82d-63d4-4a14-828a-5cf328fee89e,,,,,,,,,,,,,,,,,,INVALID_GEOMETRY,,UNKNOWN
f420e28291fb0ec52b93d5efc83c5354,402fb3ef-739f-448d-880e-8ffd10992504,,,,,,,,,,,,,,,,,,INVALID_GEOMETRY,,CLEAN_SPLIT
128b08d33d4bdd7a86c1b05186c6b5c4,4bf51cab-6cb3-4afb-85bf-5035eef06c80,,,,,,,,,,,,,,,,,,INVALID_GEOMETRY,,CLEAN_SPLIT
360c36568be500779652d9c94f609e26,4c024a57-e32a-43cb-9db7-74864e9fb20c,,,,,,,,,,,,,,,,,,INVALID_GEOMETRY,,CLEAN_SPLIT
93c7ff88ea06364c6cb941436db6f0ab,4e83cc20-0e51-4d7d-829c-c263a9298cf5,,,,,,,,,,,,,,,,,,INVALID_GEOMETRY,,CLEAN_SPLIT
26a31441639294add3366be135a9a24f,4f37734f-4cbb-48a6-bc49-967847dab68b,,,,,,,,,,,,,,,,,,INVALID_GEOMETRY,,CLEAN_SPLIT
4e4a680a14a2728a8bfa28a08af16234,5209c254-6ece-467c-9d62-ed5280c6fde1,,,,,,,,,,,,,,,,,,INVALID_GEOMETRY,,CLEAN_SPLIT
a4ef7520bc6701181814d39f1a8ae124,5446aed2-0222-465f-94b7-572a72731bbc,,,,,,,,,,,,,,,,,,INVALID_GEOMETRY,,CLEAN_SPLIT
5430eb0045d4d1a4f67ac9a646744b65,5687e441-0615-4e9f-b165-c08e75e4f320,,,,,,,,,,,,,,,,,,INVALID_GEOMETRY,,CLEAN_SPLIT
7f0cba90fac23d5ab47458c972e627ff,5762e073-6c12-47f6-a6f6-773052f0ef43,,,,,,,,,,,,,,,,,,INVALID_GEOMETRY,,CLEAN_SPLIT
51d8b08973789ab981cf632e2f717f63,62f5ddad-877b-4153-9289-dbedf6261159,,,,,,,,,,,,,,,,,,INVALID_GEOMETRY,,UNKNOWN
8544c99439a303061d805e6de2be6d18,65725bc7-906d-4fb9-96c3-d035b8be7a01,,,,,,,,,,,,,,,,,,INVALID_GEOMETRY,,CLEAN_SPLIT
c6762f60fc2fd43d6407d87eb270dc4e,68217559-f6e1-4ab3-89c7-01a6b6d7549c,,,,,,,,,,,,,,,,,,INVALID_GEOMETRY,,CLEAN_SPLIT
84cde3bd7a1b865e2280133440ec1658,69d695d1-8dde-4169-98f3-919e5b30964c,,,,,,,,,,,,,,,,,,INVALID_GEOMETRY,,CLEAN_SPLIT
88565665b4ce4f8aba9afaccf6785864,6f84a30f-44db-48af-a096-2530b9d91dbf,,,,,,,,,,,,,,,,,,INVALID_GEOMETRY,,CLEAN_SPLIT
b623ab7edfbbafb068af544b5fd17ae9,7458de2d-2fce-4e26-a84d-49584389f0e0,,,,,,,,,,,,,,,,,,INVALID_GEOMETRY,,UNKNOWN
845b73a8aa083b36bd5ea9068d73577d,762e7b97-5ff6-41b8-910d-da342b4c0ee0,,,,,,,,,,,,,,,,,,INVALID_GEOMETRY,,CLEAN_SPLIT
ab45794c66e333cb8a4e8793a7c1d08b,7d22524f-7aaf-4f9f-8d0c-6dd94c9e5e9e,,,,,,,,,,,,,,,,,,INVALID_GEOMETRY,,CLEAN_SPLIT
02a907c19fed554fab7d4891bb1af8da,7ecf4f79-5d09-406a-a623-bcac74cec751,,,,,,,,,,,,,,,,,,INVALID_GEOMETRY,,CLEAN_SPLIT
f0782835fe3c2999ecd01c28009bec5c,813ffff7-7d92-42f8-a5ae-1fc2ec9c66c3,,,,,,,,,,,,,,,,,,INVALID_GEOMETRY,,CLEAN_SPLIT
ead913e65c0279f568d013c6c0bbb9b7,868140fa-a374-4835-a9cc-2fe91022eb38,,,,,,,,,,,,,,,,,,INVALID_GEOMETRY,,CLEAN_SPLIT
e924f44222c3d795c3ea9e78112e1f08,8876f483-0ba1-4e6f-8eab-d7c429d1c2d5,,,,,,,,,,,,,,,,,,INVALID_GEOMETRY,,UNKNOWN
0e3e8edccc8b0b37ad82cbc4f672a46c,8ec39a59-1ee5-4f95-928e-42f2adb641f0,,,,,,,,,,,,,,,,,,INVALID_GEOMETRY,,CLEAN_SPLIT
06e81e983c44f6422993aaddeaf97f4d,903d0671-2a7b-461e-8697-9c93f63fa524,,,,,,,,,,,,,,,,,,INVALID_GEOMETRY,,CLEAN_SPLIT
6ed23f012baace3d0089b3e8b1b2d9f9,9693a14f-f8b8-4ef9-92a0-97ce23cffb2a,,,,,,,,,,,,,,,,,,INVALID_GEOMETRY,,CLEAN_SPLIT
2f3437f48826995eae7356df3c33fbf4,97f66d8f-3840-4866-812b-02e732ba62a7,,,,,,,,,,,,,,,,,,INVALID_GEOMETRY,,CLEAN_SPLIT
6c05f9c4b50546f2fe2ce45af234cded,98b19ded-e03d-4fb2-8590-feea34e2dcff,,,,,,,,,,,,,,,,,,INVALID_GEOMETRY,,CLEAN_SPLIT
359f24c53f3ac405ccfc21b4b2d2a512,9a973c3a-bd47-4310-a819-c6b1c9a42de8,,,,,,,,,,,,,,,,,,INVALID_GEOMETRY,,UNKNOWN
0650a6ec78261987d41fcd320265dfb3,a17d9fb3-3f9c-4f80-81de-7a9df5514ecb,,,,,,,,,,,,,,,,,,INVALID_GEOMETRY,,CLEAN_SPLIT
a0be147efa56b4725bf4c718e6bfece1,a34946a6-19b4-4575-b2a1-e7d7d73a28b1,,,,,,,,,,,,,,,,,,INVALID_GEOMETRY,,UNKNOWN
e5a93e9ea7309955b50fbb39a8b10ef2,abf25537-52de-429c-a8cb-1e2300c19e5c,,,,,,,,,,,,,,,,,,INVALID_GEOMETRY,,CLEAN_SPLIT
dca6e3208bb86ef9004178e8b4952fcb,b3fcd793-922e-4e06-99d5-e32faa66ef0b,,,,,,,,,,,,,,,,,,INVALID_GEOMETRY,,CLEAN_SPLIT
ca035029492f19f40b9f49c154b7f396,b449492f-e958-4576-8adc-21044c40c0dc,,,,,,,,,,,,,,,,,,INVALID_GEOMETRY,,CLEAN_SPLIT
83b436e888a1872a0265f06a286a3dc1,b6c0ca4f-8ecc-4666-a61c-85539eab5b27,,,,,,,,,,,,,,,,,,INVALID_GEOMETRY,,CLEAN_SPLIT
4a09f2f832a1b6887c714fc62c80bf93,c924ea3f-20a3-4d25-824f-dba4e19fe0fe,,,,,,,,,,,,,,,,,,INVALID_GEOMETRY,,CLEAN_SPLIT
f116aa3a695890e60097fc7c8887c4be,d0629089-f038-44b9-ad1e-9d77a94cc37b,,,,,,,,,,,,,,,,,,INVALID_GEOMETRY,,CLEAN_SPLIT
a5d5b68422c283a8c86a733b67f8443d,d3243590-d339-4c0d-bf59-07c899b20e46,,,,,,,,,,,,,,,,,,INVALID_GEOMETRY,,CLEAN_SPLIT
565d52755ba8fc14b7d5bc2ca9b89029,d3f4ab31-f7af-49b1-a430-64e185b30ee4,,,,,,,,,,,,,,,,,,INVALID_GEOMETRY,,UNKNOWN
0d9fb62e62cd63caacc3b9dbd6a1dc38,d8c5d120-d4b5-47fd-9fff-dfd295f58838,,,,,,,,,,,,,,,,,,INVALID_GEOMETRY,,UNKNOWN
0f65f1a6c9f1e0a701d53689cbdfbbc4,dbc3434f-84ed-48e2-99a2-113fe059db97,,,,,,,,,,,,,,,,,,INVALID_GEOMETRY,,UNKNOWN
bd8ad5d780981321428f78c5ce222bf9,dd2bb1a2-6916-4690-8a3c-783d0be2c696,,,,,,,,,,,,,,,,,,INVALID_GEOMETRY,,UNKNOWN
b43ff637333d2d41bdc1c0ccd4730d01,de6fc419-8ae7-40a4-93ca-5bed48ecf2bd,,,,,,,,,,,,,,,,,,INVALID_GEOMETRY,,CLEAN_SPLIT
27351bc976c2c56e12561234a5d4defb,dfe181f5-050f-4251-b4bf-e04b984dbc9e,,,,,,,,,,,,,,,,,,INVALID_GEOMETRY,,UNKNOWN
30d29ae22c63aeb020e0d54fafcd2b43,e0d9216c-424a-4094-8e89-2c62c36bd41a,,,,,,,,,,,,,,,,,,INVALID_GEOMETRY,,UNKNOWN
1590774098a36067db7eca8a00dedb39,e1c3176c-8ea7-4e9f-9dc8-eccc2eee432d,,,,,,,,,,,,,,,,,,INVALID_GEOMETRY,,UNKNOWN
0afb2e7d4ac885bc2826a9103e68db8c,e2037173-b792-4461-a961-02db3669e1de,,,,,,,,,,,,,,,,,,INVALID_GEOMETRY,,CLEAN_SPLIT
7c4c154924dd71a6515f8dce1fb18184,e41cc13c-f80e-42b1-9c21-b10f075028c7,,,,,,,,,,,,,,,,,,INVALID_GEOMETRY,,CLEAN_SPLIT
19f100eda4d7434f12d639dcf74f8dfe,e5b739ad-dfa2-45fe-93f2-984fe5bfb52f,,,,,,,,,,,,,,,,,,INVALID_GEOMETRY,,UNKNOWN
093e7b70bfd35defcda0bb59fe16d37f,e6469962-be57-4d32-ab73-77f1b6a8f6ee,,,,,,,,,,,,,,,,,,INVALID_GEOMETRY,,CLEAN_SPLIT
1edbaa11ba9c9d4bd9bb692b8100a95a,ee8bfbda-3841-49c2-a80b-4d5fd1c2b64f,,,,,,,,,,,,,,,,,,INVALID_GEOMETRY,,CLEAN_SPLIT
683fab55acd668ee5fd06b82af896ce9,f051efa4-4c6b-49cb-a929-92f9113ef458,,,,,,,,,,,,,,,,,,INVALID_GEOMETRY,,CLEAN_SPLIT
2099879d5a51f08f17251753956fdd35,f0a29bfa-4a71-4c13-a159-afae6058cee3,,,,,,,,,,,,,,,,,,INVALID_GEOMETRY,,CLEAN_SPLIT
df0970bc3e27bc67699c9abacede9094,f21c09dc-999f-42dc-b68f-c45a503865af,,,,,,,,,,,,,,,,,,INVALID_GEOMETRY,,CLEAN_SPLIT
962646ca7248035505277de35bb9b9a1,f6d25112-4a56-4ebe-8388-d876f93012ec,,,,,,,,,,,,,,,,,,INVALID_GEOMETRY,,CLEAN_SPLIT
6cf7e95717886e3b451f1887a7683076,f7b174fc-205c-4699-8464-3838884f3446,,,,,,,,,,,,,,,,,,INVALID_GEOMETRY,,CLEAN_SPLIT
956a636b7176b89d741abf2ffa0c480b,f9fb136c-0ccc-432a-b1d5-40b5f4621369,,,,,,,,,,,,,,,,,,INVALID_GEOMETRY,,UNKNOWN
a51576fd87bc0d1b1ce2c1d5309825a8,feebf22d-8f3d-4c33-96a4-a6fb8e52d152,,,,,,,,,,,,,,,,,,INVALID_GEOMETRY,,CLEAN_SPLIT
391988d4a169d10ff27859ab78cf9277,07c6c190-c97b-4720-bdf9-c1c3fed2965e,,,,,,,,,,,,,,,,,,INVALID_GEOMETRY,,CLEAN_SPLIT
c3702a52899c77f1f2ecea6aaa92aa2c,0c54624c-1cc8-4cb8-8306-edc8451a5426,,,,,,,,,,,,,,,,,,INVALID_GEOMETRY,,UNKNOWN
944ca3c8a1d273c138bc4a4ac9a3cdad,0c94727f-67d3-42bf-83f8-ae68070d8839,,,,,,,,,,,,,,,,,,INVALID_GEOMETRY,,UNKNOWN
bb4ba7e8354b34d9a868fd9cc8b7347c,184fb9f0-dc9a-4931-8aae-5f1701e1ea3f,,,,,,,,,,,,,,,,,,INVALID_GEOMETRY,,UNKNOWN
c3692690f65983c95a5542d408f4688b,1cd9069e-c16e-41bf-955f-22f7d599cf99,,,,,,,,,,,,,,,,,,INVALID_GEOMETRY,,UNKNOWN
a771469a1f07660c11a8ff05325db9dc,1ef05969-428e-42b4-9598-5cfafd994032,,,,,,,,,,,,,,,,,,INVALID_GEOMETRY,,UNKNOWN
f5ad9c6d9174ac6c4f09b4ddd1f87d89,222062b7-12f1-4647-8c2e-8bb2235015af,,,,,,,,,,,,,,,,,,INVALID_GEOMETRY,,CLEAN_SPLIT
1bea78ce827da576134a5b06745e25a6,2aa448d7-f68c-431c-b59b-8a3982b50a54,,,,,,,,,,,,,,,,,,INVALID_GEOMETRY,,UNKNOWN
d1b6ec64d04f1f5191fbc560cf1843d7,2bf4a9c3-6afb-4f72-a7a4-97b6dad8f680,,,,,,,,,,,,,,,,,,INVALID_GEOMETRY,,UNKNOWN
34e127c268e6273a909089a4aca29b7e,2d327de0-67c0-42a8-b5b5-781c76831639,,,,,,,,,,,,,,,,,,INVALID_GEOMETRY,,CLEAN_SPLIT
6d8b3551b895b7511f8c1c07c02136c9,2d7aa2c4-397a-44b3-b751-592c0d0c7e73,,,,,,,,,,,,,,,,,,INVALID_GEOMETRY,,CLEAN_SPLIT
551f1254551064fd464a39392142966f,3032148a-0c74-4907-aca5-bf8ed7cd2667,,,,,,,,,,,,,,,,,,INVALID_GEOMETRY,,CLEAN_SPLIT
2d044e0f6151cb4b079bdc30c62d4d4a,30c3ddc4-529f-4622-9d2c-c34dd420c584,,,,,,,,,,,,,,,,,,INVALID_GEOMETRY,,UNKNOWN
d1a4ceea17366e9b5b55d1e28af993ea,330f0887-cce2-44a0-b15c-70d048b4605e,,,,,,,,,,,,,,,,,,INVALID_GEOMETRY,,UNKNOWN
fc56be8e13a291524650cf25104a6121,38f93825-bb57-4af7-9795-224ef051a024,,,,,,,,,,,,,,,,,,INVALID_GEOMETRY,,CLEAN_SPLIT
ef6e6e19c15361563e1237213f0e783c,3a5314e2-d2de-4094-9ddb-7009ce633ad6,,,,,,,,,,,,,,,,,,INVALID_GEOMETRY,,UNKNOWN
aac7fdf8f8a968bcccf2ccff83a2c299,3cc208cb-e64b-4159-bc9e-fc3c502848ef,,,,,,,,,,,,,,,,,,INVALID_GEOMETRY,,CLEAN_SPLIT
e08a5482d6cbdb7f1e8d4115fb08300e,3d9d2826-9d0a-414e-8f8f-7d588fe00d23,,,,,,,,,,,,,,,,,,INVALID_GEOMETRY,,CLEAN_SPLIT
9a931e99f4596c5024a5822d1cb35904,3f229326-7600-4562-97f9-9b23f001cf58,,,,,,,,,,,,,,,,,,INVALID_GEOMETRY,,CLEAN_SPLIT
737be906e89d2f592a25c55f18a6c3bd,3f320923-885b-4e80-9a70-12e880296373,,,,,,,,,,,,,,,,,,INVALID_GEOMETRY,,CLEAN_SPLIT
067078da979ab0f2b6bbbf960a9087be,40f105aa-9a0f-4318-a74c-eb41094646c0,,,,,,,,,,,,,,,,,,INVALID_GEOMETRY,,UNKNOWN
230839ac6cfbc7c3aff8a219bc0c1d98,41d25d9b-6292-485b-8f22-8531e0d850a8,,,,,,,,,,,,,,,,,,INVALID_GEOMETRY,,CLEAN_SPLIT
05603acef42c2cdfc5e2ab81579db2f2,455f04b6-cb6a-44aa-904a-d3af38158a53,,,,,,,,,,,,,,,,,,INVALID_GEOMETRY,,UNKNOWN
3d7c72e497609420ea5c04cb3aef690e,46115908-bd46-4813-b9f2-cdd5a99bf837,,,,,,,,,,,,,,,,,,INVALID_GEOMETRY,,CLEAN_SPLIT
bf339e9b2d52f11dc1da5f622388aa6a,4cf57b69-24ad-42a0-a126-299ab121e7f4,,,,,,,,,,,,,,,,,,INVALID_GEOMETRY,,CLEAN_SPLIT
fb9861a1c443556120e48a792c1af335,4d63c4a4-e42e-4e5c-8cf9-cfbe11bf7b37,,,,,,,,,,,,,,,,,,INVALID_GEOMETRY,,CLEAN_SPLIT
5dfa75301d09576cbba473009cfb7a33,4fd0433b-dcd9-4316-8d2e-df2959e11172,,,,,,,,,,,,,,,,,,INVALID_GEOMETRY,,CLEAN_SPLIT
b18f49baa4de824d7089414bfea286e7,5937f02d-3408-4008-86a1-dfc073deaa79,,,,,,,,,,,,,,,,,,INVALID_GEOMETRY,,UNKNOWN
49f68af230e27bcb0cb06fcea1fa6f99,5aae53d3-2827-4489-a574-5b51c7d3b9b0,,,,,,,,,,,,,,,,,,INVALID_GEOMETRY,,CLEAN_SPLIT
917a31c60529c9d9fea14bc866e2593d,5acff2ac-ec5a-461c-b808-11df9d11da47,,,,,,,,,,,,,,,,,,INVALID_GEOMETRY,,CLEAN_SPLIT
afad52a3dadbbb3ed29ba859ad0dd78c,5e625307-c768-40f5-ade1-99d15935e89b,,,,,,,,,,,,,,,,,,INVALID_GEOMETRY,,UNKNOWN
cd4e95eecdd3758e77a8bed36c1240fe,64e6c5e7-4376-4a6f-8561-cc1ac2c508c4,,,,,,,,,,,,,,,,,,INVALID_GEOMETRY,,CLEAN_SPLIT
046d94a7b60adfa590b82197ab88e19a,6501094d-ae4a-47ba-85da-8fa136a0d6fa,,,,,,,,,,,,,,,,,,INVALID_GEOMETRY,,UNKNOWN
64bccb627b124876a387fd8695d0cbb6,67cbde8a-9588-4ca1-a6bb-c95135c55869,,,,,,,,,,,,,,,,,,INVALID_GEOMETRY,,CLEAN_SPLIT
08a1b56944fa4f989db1ff97671e94f1,69248789-aba3-4342-943f-d20ea5f57826,,,,,,,,,,,,,,,,,,INVALID_GEOMETRY,,CLEAN_SPLIT
983eeb2c7153ef96ab07020cb0cad5cc,6978ed40-ccf4-4892-8b88-12789d7730ae,,,,,,,,,,,,,,,,,,INVALID_GEOMETRY,,CLEAN_SPLIT
3b54f25e7f773b6f6c73669e0dda93c4,6c0f1493-615a-463c-98c5-6b8988116a55,,,,,,,,,,,,,,,,,,INVALID_GEOMETRY,,CLEAN_SPLIT
490ece3afa7b7296bc1fca4a6c7dcb28,6f5fecbb-56f5-43ba-89a5-189c4d23609a,,,,,,,,,,,,,,,,,,INVALID_GEOMETRY,,CLEAN_SPLIT
a01ffc257f02391a4e22864ba6e88e2d,731de343-f8f8-4fa3-9ae5-60d92e01d3d7,,,,,,,,,,,,,,,,,,INVALID_GEOMETRY,,CLEAN_SPLIT
d17ee9817524c5aeefccf129936cb5ce,73d4229c-a98d-4689-8fd6-0079c09a66e5,,,,,,,,,,,,,,,,,,INVALID_GEOMETRY,,UNKNOWN
9dc8e27f21005be5d1c0c9c4b9d95ccf,7b04c5ae-4a2d-4629-a5b8-bcaf7abf0df0,,,,,,,,,,,,,,,,,,INVALID_GEOMETRY,,CLEAN_SPLIT
a755c1725f4bd0141677819b289abc76,7c6b0002-0bdd-4f32-9934-26d0490da6e5,,,,,,,,,,,,,,,,,,INVALID_GEOMETRY,,CLEAN_SPLIT
f51f35f3779d3e8e623eb378b35e8956,80b1b52b-56ae-4d57-9f93-8c7b4f4eab34,,,,,,,,,,,,,,,,,,INVALID_GEOMETRY,,CLEAN_SPLIT
eb1b6d2fd8ba36d315f4b17a303b5c75,8e1c5f5e-ee37-4c65-8121-f58f2909f82d,,,,,,,,,,,,,,,,,,INVALID_GEOMETRY,,CLEAN_SPLIT
8525c49da140d2448ba4e7a2665578d6,8e89a47c-f0ce-452d-9cfd-f76b3634925c,,,,,,,,,,,,,,,,,,INVALID_GEOMETRY,,UNKNOWN
a8b9e08910167d148e5fd385fa4aebae,92f1eb5c-790f-49d2-8094-f78c873fa489,,,,,,,,,,,,,,,,,,INVALID_GEOMETRY,,UNKNOWN
8bd3ce5b70138164fec0f1fcf2194fcc,9616b420-4e90-4d28-b4ec-887ca7439c19,,,,,,,,,,,,,,,,,,INVALID_GEOMETRY,,UNKNOWN
7a1ade227c2ce2045c329df5ad21d834,98af9fdb-8aea-4d0d-995a-c85eab4f0f6a,,,,,,,,,,,,,,,,,,INVALID_GEOMETRY,,CLEAN_SPLIT
3bfadd71c1800eec01c7f6042da65c68,99245661-93c0-49ab-a6f5-51a34e1cdc59,,,,,,,,,,,,,,,,,,INVALID_GEOMETRY,,CLEAN_SPLIT
d97d48f87a34b1794cf291f39cb771ab,998d38e2-8b5e-4504-a088-f263495a00f6,,,,,,,,,,,,,,,,,,INVALID_GEOMETRY,,CLEAN_SPLIT
647cf856bf203554ae9faaad0870d489,99d43ce7-9037-40b9-aad4-e9cab165baa2,,,,,,,,,,,,,,,,,,INVALID_GEOMETRY,,CLEAN_SPLIT
f7d8aca70d2c572dc4f2149b4b415167,9c9e7a94-f4e0-4129-a379-b0d7f5fd3bef,,,,,,,,,,,,,,,,,,INVALID_GEOMETRY,,CLEAN_SPLIT
5d006459054a4291b1a559dd8df885d9,a8944c2a-ee83-49ef-b95a-c0df2427a22c,,,,,,,,,,,,,,,,,,INVALID_GEOMETRY,,CLEAN_SPLIT
15ac41d880c0378a248adff7a555c606,a8fac086-983c-4774-85a1-a2ba5ede31f3,,,,,,,,,,,,,,,,,,INVALID_GEOMETRY,,UNKNOWN
097cd450bf3d21898255a82355b2b403,ab54f6ba-7fb7-4bdd-ada3-a82bc3dbef4b,,,,,,,,,,,,,,,,,,INVALID_GEOMETRY,,CLEAN_SPLIT
d888466ca893a5aac444a5675f38c9a8,b82b944c-821a-4982-89cb-1c27421a95bf,,,,,,,,,,,,,,,,,,INVALID_GEOMETRY,,CLEAN_SPLIT
e9dc78bf1b63772b870702b99d8afe5c,c21f5f1b-9576-4e8c-bbe9-e3e0b9123325,,,,,,,,,,,,,,,,,,INVALID_GEOMETRY,,CLEAN_SPLIT
12650a3451afaa15c151bdcd2dcf18fb,c4ccbb91-2a14-41f1-9aa1-9be79679c518,,,,,,,,,,,,,,,,,,INVALID_GEOMETRY,,CLEAN_SPLIT
5be867f29c8c35d7c01ebca2a0707eaa,c895ec68-54be-4fca-9ce3-c112d7e32dff,,,,,,,,,,,,,,,,,,INVALID_GEOMETRY,,CLEAN_SPLIT
78a689127eaf0ced3b73f82a6d2d889d,caee3e28-8614-4d11-8812-65c5dd9d1372,,,,,,,,,,,,,,,,,,INVALID_GEOMETRY,,CLEAN_SPLIT
3920482ac9ca3291671b2b30643baacf,d7f17335-0957-4efc-b812-1c43007be50f,,,,,,,,,,,,,,,,,,INVALID_GEOMETRY,,UNKNOWN
a8229d4fa3b42cffadfc4e98e10dada4,d91a7114-5319-497e-920f-75be62a9ab21,,,,,,,,,,,,,,,,,,INVALID_GEOMETRY,,UNKNOWN
d53a6e033b086959001ca119952e6d85,e10fa354-77c2-405d-9df5-9493b5e9ddaa,,,,,,,,,,,,,,,,,,INVALID_GEOMETRY,,CLEAN_SPLIT
0e55dcdc7a730da07ef097decb0cdf2b,e800464b-a9a0-454d-9524-385965dd5faf,,,,,,,,,,,,,,,,,,INVALID_GEOMETRY,,UNKNOWN
c35e71dac38aa9b33fdbe07cf4ee5cca,e8340ea6-4d15-4db2-a94f-29beec9455ea,,,,,,,,,,,,,,,,,,INVALID_GEOMETRY,,UNKNOWN
f598cd0c09647ee8b9fc46cadc1904a6,eceed985-17db-4bee-b3de-08d4a1e625d1,,,,,,,,,,,,,,,,,,INVALID_GEOMETRY,,CLEAN_SPLIT
f474e6a0d981e67155c93b21dca02e8e,f0541955-ef88-40cd-ab9a-7ae672600fad,,,,,,,,,,,,,,,,,,INVALID_GEOMETRY,,CLEAN_SPLIT
9042db979cfee0d5321843db0de31cc9,f5e8dbe2-97b6-4771-bb22-66c98f5c3a7e,,,,,,,,,,,,,,,,,,INVALID_GEOMETRY,,CLEAN_SPLIT
cb56a47c734cee49660ebdd68eca27a0,f642ff2a-4296-44c2-9e5a-bc3ab2603db7,,,,,,,,,,,,,,,,,,INVALID_GEOMETRY,,CLEAN_SPLIT
296c2acd91859dc985642b5bbcf0949f,f877e647-7707-4cc0-ae30-38bf9fa7c5a5,,,,,,,,,,,,,,,,,,INVALID_GEOMETRY,,CLEAN_SPLIT
6ba859e2b51c20aa1156785f8c0ec795,f99a5980-751b-4228-adef-491e07139db1,,,,,,,,,,,,,,,,,,INVALID_GEOMETRY,,UNKNOWN
aba696ca45bc2d470b724c5feabc35b6,07600426-793b-4f51-9864-292e8c8c1634,,,,,,,,,,,,,,,,,,INVALID_GEOMETRY,,CLEAN_SPLIT
60dfdddae747e637c46f3888fd7ec696,091cf6ff-fb4c-4670-8e44-0333ee33ab19,,,,,,,,,,,,,,,,,,INVALID_GEOMETRY,,UNKNOWN
2937ca1d1440b4e1fda28a53b8ceff8c,0a2928b3-9b6b-450a-b9c3-b71472e1d830,,,,,,,,,,,,,,,,,,INVALID_GEOMETRY,,CLEAN_SPLIT
ca14acc028e19924d3fbca6b1750e803,0c159886-6d3a-4135-b0cd-d8765ac2f5bc,,,,,,,,,,,,,,,,,,INVALID_GEOMETRY,,CLEAN_SPLIT
09829aaa8f31aaa3d15cbd50015f9dbc,0cdca7d0-0c22-40aa-9b75-1dfae314cd0d,,,,,,,,,,,,,,,,,,INVALID_GEOMETRY,,UNKNOWN
ba9bd3bfb22942d98cc38cb0c66c60f9,11e5cc63-bdd2-4d1e-9261-d00bcce23c70,,,,,,,,,,,,,,,,,,INVALID_GEOMETRY,,CLEAN_SPLIT
3fdd34078f437c99f25a6fbf1d149334,13a8ad42-5534-42eb-b270-72b7372c1090,,,,,,,,,,,,,,,,,,INVALID_GEOMETRY,,CLEAN_SPLIT
8b286becb1b5c9dd048945027c47de20,1d468113-3453-44ab-ad26-5084dc45dabb,,,,,,,,,,,,,,,,,,INVALID_GEOMETRY,,CLEAN_SPLIT
416a2c8bf64760e81614f99d22746cd3,1f03778e-a60b-4cb0-83a3-58a1d82dae17,,,,,,,,,,,,,,,,,,INVALID_GEOMETRY,,CLEAN_SPLIT
25694db17ce833d6531bc581a9c491d2,2142d8ac-21b3-4c0b-bf62-a3f46f1dc203,,,,,,,,,,,,,,,,,,INVALID_GEOMETRY,,CLEAN_SPLIT
f29d79fc7b59b00a5d0ff50397612ab0,22d8cc12-de9e-4580-9ca9-a8bcf1073124,,,,,,,,,,,,,,,,,,INVALID_GEOMETRY,,CLEAN_SPLIT
971da3ad5c43611fbbf63e75bfd23ee1,2e7dfe54-648e-4ed7-8ca4-80b35575a838,,,,,,,,,,,,,,,,,,INVALID_GEOMETRY,,CLEAN_SPLIT
fa9be33ab8da76b04dd518f1cb902ced,33be14e9-fc2f-4486-8008-32e153b16761,,,,,,,,,,,,,,,,,,INVALID_GEOMETRY,,CLEAN_SPLIT
8d5783760eb99b63b527e778dabc186f,3971ff56-73e3-4fb7-bd21-786dbd406a69,,,,,,,,,,,,,,,,,,INVALID_GEOMETRY,,CLEAN_SPLIT
25467ed3e045110f7b297f0f136dfe09,3fa12b02-0cdb-47ce-972c-729e9a62d587,,,,,,,,,,,,,,,,,,INVALID_GEOMETRY,,UNKNOWN
ddf9f3bc9b768fbf4258f61b047d237d,3ff3c8ef-7e22-47cc-990d-8df660e58821,,,,,,,,,,,,,,,,,,INVALID_GEOMETRY,,CLEAN_SPLIT
79096cbef0ce48000cb87460a2a430dc,40109f59-04aa-44b8-bf90-3fbb5d85c5fb,,,,,,,,,,,,,,,,,,INVALID_GEOMETRY,,CLEAN_SPLIT
cbfeae45f8236141c6548ff824344234,423f196f-f924-4751-b6fc-d24f4fcb3b95,,,,,,,,,,,,,,,,,,INVALID_GEOMETRY,,CLEAN_SPLIT
07297252c5c7b951ce8ba5618e4d4996,4525acb4-ace5-4501-9916-f70405f0331f,,,,,,,,,,,,,,,,,,INVALID_GEOMETRY,,UNKNOWN
76d2f3419cf8274538d3f29ff0a4368a,48a812b1-0633-495d-9458-05f9abfea779,,,,,,,,,,,,,,,,,,INVALID_GEOMETRY,,CLEAN_SPLIT
b9f4e4a0c917058e522f84a975b880c9,4ce17bec-827c-4399-a6ac-2a783e52bcc9,,,,,,,,,,,,,,,,,,INVALID_GEOMETRY,,UNKNOWN
39e08aa935c5e74afcedc4f2b3cee552,501f2a1e-d3f6-484d-825b-ddbb5c326fde,,,,,,,,,,,,,,,,,,INVALID_GEOMETRY,,CLEAN_SPLIT
40e5ec64a39c12e397bd7fc376b716d6,54753d13-10a8-49b4-88b7-64e9ae2868e4,,,,,,,,,,,,,,,,,,INVALID_GEOMETRY,,CLEAN_SPLIT
dd6d948e25cb722871fbcf58728c1540,5a0bb03a-aa97-44ac-b476-d4c7c2e40551,,,,,,,,,,,,,,,,,,INVALID_GEOMETRY,,UNKNOWN
20e8858ae89226438a07abf24d261406,5bf03f85-6e9c-4e00-8faa-135881ff1c8d,,,,,,,,,,,,,,,,,,INVALID_GEOMETRY,,CLEAN_SPLIT
c806d6d6d1d6f7f7f5ae933a20163cb2,65c4280f-8f1b-47a5-af5d-c03ae6172849,,,,,,,,,,,,,,,,,,INVALID_GEOMETRY,,CLEAN_SPLIT
3d442e5fcf6ee9079684a3b9d59ac25f,66683bcf-7290-4b62-909b-378cb3bfad3a,,,,,,,,,,,,,,,,,,INVALID_GEOMETRY,,CLEAN_SPLIT
40c4cfb53ee44b081c055f240a7e4aa6,67cad0c3-eb18-4683-8ea7-2d93613948fa,,,,,,,,,,,,,,,,,,INVALID_GEOMETRY,,CLEAN_SPLIT
ff23ecf2b342a9125a70156820bcf2b3,74da71b2-a6b5-4698-b94d-194ebb3767ba,,,,,,,,,,,,,,,,,,INVALID_GEOMETRY,,CLEAN_SPLIT
6dd32659b23c463b95493de3503674f5,7524f8d4-6dd8-4304-9148-15016b925206,,,,,,,,,,,,,,,,,,INVALID_GEOMETRY,,UNKNOWN
12f2ad03b15a4c32f0a9e83a747c2d38,75e13506-fe7f-4737-9b85-668699bf4bb8,,,,,,,,,,,,,,,,,,INVALID_GEOMETRY,,CLEAN_SPLIT
766ff01f6cba082f0bee781e4fd4489a,7760fc76-ba71-4c04-8247-bf2daeda6033,,,,,,,,,,,,,,,,,,INVALID_GEOMETRY,,CLEAN_SPLIT
db139718a0d55fabd06eeca578f85588,792e90a1-a354-4039-bf3d-3cbb46c42f87,,,,,,,,,,,,,,,,,,INVALID_GEOMETRY,,CLEAN_SPLIT
0d24b4c2a3a1d6b7a5ef961d5d05fa86,79b05c0b-469f-4384-9c06-32e8e0bfa670,,,,,,,,,,,,,,,,,,INVALID_GEOMETRY,,CLEAN_SPLIT
45f662b2d87dadc46a2db839cc923cec,7a488f09-e6a2-46fc-8cba-bf4262e7ba82,,,,,,,,,,,,,,,,,,INVALID_GEOMETRY,,CLEAN_SPLIT
e0f722c29f7abd1212540c82e9599496,80a87e56-78a6-4857-8546-6db36d3e37f4,,,,,,,,,,,,,,,,,,INVALID_GEOMETRY,,CLEAN_SPLIT
5ccbf3333d762d8a24fc27af6c61c10c,8219aa6c-6d3b-43c9-9215-0defacfbd06e,,,,,,,,,,,,,,,,,,INVALID_GEOMETRY,,CLEAN_SPLIT
705218a62486c93df83ba228447634ca,8393a900-f7c3-4559-a476-c22a865e3561,,,,,,,,,,,,,,,,,,INVALID_GEOMETRY,,UNKNOWN
82787c321362fd566dbd5f09cf64824b,8a13f756-3a73-49c7-a161-299a7504ab18,,,,,,,,,,,,,,,,,,INVALID_GEOMETRY,,CLEAN_SPLIT
0750abdb8346c91c3e2c6749a7e4f1d1,8e10bbbc-b55d-45be-a241-891b784cb071,,,,,,,,,,,,,,,,,,INVALID_GEOMETRY,,CLEAN_SPLIT
bdc4363c60c69fd19f56d86f55144231,8e17e354-52bd-4bd8-b855-4182ef7fb961,,,,,,,,,,,,,,,,,,INVALID_GEOMETRY,,CLEAN_SPLIT
89e6cb15ab61071abf47eab360190bfc,95b1fc3f-fb29-43a8-94db-bedb4267431a,,,,,,,,,,,,,,,,,,INVALID_GEOMETRY,,CLEAN_SPLIT
aa8a308773a238c2b8868046acf4403f,9dbd0974-d9eb-45b4-98b4-30d0c06e0af9,,,,,,,,,,,,,,,,,,INVALID_GEOMETRY,,CLEAN_SPLIT
dc78e65547090460b0bfc7c932fa346b,a1ff70c7-ca4d-4d47-98a4-18743a7350ba,,,,,,,,,,,,,,,,,,INVALID_GEOMETRY,,CLEAN_SPLIT
320b035d8dfe3b7ff0d0199570cf5dfd,a5ab1912-76c2-450f-8404-d3e52cc9bacc,,,,,,,,,,,,,,,,,,INVALID_GEOMETRY,,CLEAN_SPLIT
c54b0af6fed3eec5e251885def2e9e27,aaa7acd8-fbe0-48f9-921d-5e47ff11a742,,,,,,,,,,,,,,,,,,INVALID_GEOMETRY,,CLEAN_SPLIT
43af5a24163bab7ce2c0f8d6bad467ad,abf2ecaf-7f6e-4b5e-bd9f-db043cbd855f,,,,,,,,,,,,,,,,,,INVALID_GEOMETRY,,CLEAN_SPLIT
674570fa01d3b73e412fad828ff0c15d,ade8e0b0-46bc-4c1c-aa65-a17b24e71142,,,,,,,,,,,,,,,,,,INVALID_GEOMETRY,,CLEAN_SPLIT
cdb006dce85e723a45f7e7c768314992,aef76f53-c36a-4769-87a0-a3ea43c1c835,,,,,,,,,,,,,,,,,,INVALID_GEOMETRY,,CLEAN_SPLIT
954befeb9d4432ffbda156e4ae18bebd,b7472fa2-8b9e-4c8f-8f7d-936c1907793a,,,,,,,,,,,,,,,,,,INVALID_GEOMETRY,,CLEAN_SPLIT
266dbff27574823709b6b4f0298e874c,b8ac3175-6978-478c-86ed-75c3ce981a36,,,,,,,,,,,,,,,,,,INVALID_GEOMETRY,,CLEAN_SPLIT
a6687918b84359069127b182bc6245f4,bd94ec90-d0cc-459a-81ed-1cb515324c54,,,,,,,,,,,,,,,,,,INVALID_GEOMETRY,,CLEAN_SPLIT
b8d703818ebacc3c85dbfe82034ebd78,c1056f69-1359-4387-9005-01ca18b8be51,,,,,,,,,,,,,,,,,,INVALID_GEOMETRY,,CLEAN_SPLIT
395cf711557ea11761aad93f80476132,c78f812e-64d4-462d-a9fd-5cf5636f2fdc,,,,,,,,,,,,,,,,,,INVALID_GEOMETRY,,CLEAN_SPLIT
717f9987461b2313a93536b83cbd4275,c8755bfb-91b9-49a9-ad61-ef4009fc9f10,,,,,,,,,,,,,,,,,,INVALID_GEOMETRY,,CLEAN_SPLIT
f4b83760fb6513763f6c289d889d8bfe,d0be964c-9184-475b-b398-b0b7dc190a48,,,,,,,,,,,,,,,,,,INVALID_GEOMETRY,,CLEAN_SPLIT
78ac8c901a90cb8df822d26f5757fc98,d4083c81-446c-4364-96a1-8b668304d7e0,,,,,,,,,,,,,,,,,,INVALID_GEOMETRY,,CLEAN_SPLIT
a9b0cf342d9d954c8bbd6fb3b5d97bc3,d42ecb2b-ba78-4e39-8f5f-11e4c47047fa,,,,,,,,,,,,,,,,,,INVALID_GEOMETRY,,UNKNOWN
c18a7edd138c8332b440194d613ecc28,d5125885-a63a-45a2-a441-fbf26cc284cf,,,,,,,,,,,,,,,,,,INVALID_GEOMETRY,,CLEAN_SPLIT
4f50b004262d1ff5a1b822ffcd9d0392,d709260a-fa8b-48c9-8ee0-29c52dc26c22,,,,,,,,,,,,,,,,,,INVALID_GEOMETRY,,UNKNOWN
8a70189dc881c54ce5043819928591ff,d9692acd-e5d4-4b0e-bf71-56b681dd99bf,,,,,,,,,,,,,,,,,,INVALID_GEOMETRY,,UNKNOWN
776998c0f8f19edf90d33ee9df48e045,dc611ecf-7175-4226-af71-6d583543f73a,,,,,,,,,,,,,,,,,,INVALID_GEOMETRY,,UNKNOWN
bf9ea33e59f171c375a1f4ceb91e910a,df68e4ff-9a0d-45c0-8f03-138e50b22b2b,,,,,,,,,,,,,,,,,,INVALID_GEOMETRY,,UNKNOWN
8fdaf4709bb864649a2dd2a455181a35,e846d6c4-8227-49a0-9b54-6c9a268c783b,,,,,,,,,,,,,,,,,,INVALID_GEOMETRY,,CLEAN_SPLIT
006ca1a8e6d063d73df1f73c42473208,f07d1c27-8438-4893-ac2e-27e25e6e9fca,,,,,,,,,,,,,,,,,,INVALID_GEOMETRY,,CLEAN_SPLIT
364d87679867272dc92b8333b560c8a7,f38d5351-9b5f-4edf-8ef1-e20c727106fe,,,,,,,,,,,,,,,,,,INVALID_GEOMETRY,,CLEAN_SPLIT
35c5e2331ff4b4b4d5838962bb85f9d1,f9bf7907-a78d-40cd-8ef6-c259c8adf081,,,,,,,,,,,,,,,,,,INVALID_GEOMETRY,,UNKNOWN
14b9f21ef2e79ed01ec8a17c75cd865e,001b4f47-1e20-4917-98f6-b25a7138951c,,,,,,,,,,,,,,,,,,INVALID_GEOMETRY,,UNKNOWN
1ef1ce0ea15306e5936b21763ddef5a5,073f6657-8245-4773-897c-51c868d87e52,,,,,,,,,,,,,,,,,,INVALID_GEOMETRY,,CLEAN_SPLIT
1fa8135d5c3af62942fb213c694aba6c,11e198e8-cbdc-4faa-834b-7320bbea442b,,,,,,,,,,,,,,,,,,INVALID_GEOMETRY,,CLEAN_SPLIT
012fab0805101546d0e3e5a156d2ae29,1240e309-fc1d-46a5-b2fa-5aaeb9124ca9,,,,,,,,,,,,,,,,,,INVALID_GEOMETRY,,CLEAN_SPLIT
6cbd8598db9d513bdce01d964e90de12,12be5a01-c054-4153-9568-8dadc2a2d037,,,,,,,,,,,,,,,,,,INVALID_GEOMETRY,,UNKNOWN
cadce3beff1386ad80986ee76930a338,19210377-4e13-4373-a0f2-65d1a4488d6c,,,,,,,,,,,,,,,,,,INVALID_GEOMETRY,,CLEAN_SPLIT
c93c70ebd2ecd223200417a282356122,1ad8a143-61d6-4109-9747-1d1c254b49cd,,,,,,,,,,,,,,,,,,INVALID_GEOMETRY,,UNKNOWN
66e7e5bcb99e4044a8efaeeeb18aaaee,1c57d946-6ca3-4257-89c2-0292c0d09754,,,,,,,,,,,,,,,,,,INVALID_GEOMETRY,,CLEAN_SPLIT
6fec33720a8979943bb0e6168f6de994,20654473-f8fd-4cac-8d7d-dbfa672fc712,,,,,,,,,,,,,,,,,,INVALID_GEOMETRY,,UNKNOWN
42ddbd7c0197482f802a25677396d957,27cc7433-7629-4c74-ac4a-dbc583496b1d,,,,,,,,,,,,,,,,,,INVALID_GEOMETRY,,UNKNOWN
570d8871e12b05b9e542f8f24d82f71f,28dde404-cff8-41ea-8848-efa6a1080382,,,,,,,,,,,,,,,,,,INVALID_GEOMETRY,,CLEAN_SPLIT
98eb85eb9798a6f07266576628916148,2db81a55-4f59-4556-ae6f-17c17c785892,,,,,,,,,,,,,,,,,,INVALID_GEOMETRY,,CLEAN_SPLIT
5b7444bc7bc82afdbf11b9208758d92d,2ef6c264-dc2f-466b-870f-95f9f1920024,,,,,,,,,,,,,,,,,,INVALID_GEOMETRY,,CLEAN_SPLIT
eabe6b0e5b020a6c71c05fbcf6101c1b,2fcf25e2-684e-4248-a7d6-09fc985c04bc,,,,,,,,,,,,,,,,,,INVALID_GEOMETRY,,CLEAN_SPLIT
0f3d1718a25f117dd8cdaabfabecbfa6,34a675cc-0ff9-4fba-98ae-bbf38a02f6b8,,,,,,,,,,,,,,,,,,INVALID_GEOMETRY,,CLEAN_SPLIT
0cd13740f6508b45ff931dd76268ecb0,34cacb9a-a8fa-45e4-ab77-2e5de2378b06,,,,,,,,,,,,,,,,,,INVALID_GEOMETRY,,UNKNOWN
4063831a8dbd565a8c5d8d5a9823b01d,3617c5ef-b4b7-4005-801a-4339e7a9e606,,,,,,,,,,,,,,,,,,INVALID_GEOMETRY,,CLEAN_SPLIT
717687c73bcd692a24b304c0288b99a0,362c2e42-5254-45d5-9d6d-72c9d103385b,,,,,,,,,,,,,,,,,,INVALID_GEOMETRY,,CLEAN_SPLIT
387ca4ce304187f533e585481dc2fad2,37dd4274-ce22-4e9e-ba49-1e95414ee404,,,,,,,,,,,,,,,,,,INVALID_GEOMETRY,,UNKNOWN
b038d069213c5282f96523d6a1141e70,3811f898-05af-482b-bfdd-9fe89ffb8fec,,,,,,,,,,,,,,,,,,INVALID_GEOMETRY,,CLEAN_SPLIT
1f3837df2a8e8b2d40cff915a447c292,3a53b186-c491-41a5-9673-61ba040818d0,,,,,,,,,,,,,,,,,,INVALID_GEOMETRY,,CLEAN_SPLIT
bbff5e2dd4bff2edf2b40f1fcd3d05c3,3bd434e2-f114-4cf8-b721-421431b1d084,,,,,,,,,,,,,,,,,,INVALID_GEOMETRY,,UNKNOWN
01d98872e6b831d26e394be6f95c371f,3f55bdc3-7623-425b-ae2b-4144642f5747,,,,,,,,,,,,,,,,,,INVALID_GEOMETRY,,CLEAN_SPLIT
56f17a325340798fe25e79ba45949062,3f70c3cf-a409-4bc5-a9fd-7bd59ad56a06,,,,,,,,,,,,,,,,,,INVALID_GEOMETRY,,CLEAN_SPLIT
2aeeb2ed31ce52615d856abbf4b7f3b7,41e64655-48ce-4e6d-b222-02f4f3a37a9b,,,,,,,,,,,,,,,,,,INVALID_GEOMETRY,,CLEAN_SPLIT
7599f32f95b54e49e324fef69db895c9,4a958d25-3b28-45fc-bc4e-0a236fb23ae5,,,,,,,,,,,,,,,,,,INVALID_GEOMETRY,,CLEAN_SPLIT
c599d3f52524d937cb98203fa3392066,544539b9-d82a-49ea-87c2-37369b31cb33,,,,,,,,,,,,,,,,,,INVALID_GEOMETRY,,UNKNOWN
daa719af6ea6e7515d16b4ef25538d3f,54a5545c-efbb-4492-84a1-4b9cb40e17af,,,,,,,,,,,,,,,,,,INVALID_GEOMETRY,,UNKNOWN
8e7be62d92890e258199ab385ef35111,552c57fc-62d6-458a-b8c5-17225c8330d8,,,,,,,,,,,,,,,,,,INVALID_GEOMETRY,,UNKNOWN
ed41b80e049fb72ec45d0b8673e62337,57ae5a75-a83f-460a-b9b5-bb3fe698d7d3,,,,,,,,,,,,,,,,,,INVALID_GEOMETRY,,UNKNOWN
504b1af0e253614f4222a144f0f6838c,58862bf8-bda8-4706-aae1-90c49c0b6c61,,,,,,,,,,,,,,,,,,INVALID_GEOMETRY,,CLEAN_SPLIT
f64f376bc4f258b8d1e7029ae4a825e6,5b18c5e3-a1d9-4c58-a78e-2cd3db65f705,,,,,,,,,,,,,,,,,,INVALID_GEOMETRY,,CLEAN_SPLIT
6051a36c38b375b5c0fc71099128e1af,5febd270-6a08-4537-97ed-09d27a6e7e93,,,,,,,,,,,,,,,,,,INVALID_GEOMETRY,,CLEAN_SPLIT
a555942a84e8bd2833b90ea5441ca0c2,631f8b7f-7fb9-444d-a56b-2ad7203af8f2,,,,,,,,,,,,,,,,,,INVALID_GEOMETRY,,CLEAN_SPLIT
374c6f953ee9094abe2a9e15ee0590b9,64449251-ba87-4a10-bcab-e5d4f83470b3,,,,,,,,,,,,,,,,,,INVALID_GEOMETRY,,CLEAN_SPLIT
39839e216bc5cdb41005e818859d7de0,6770c43b-d5a7-4cec-b54c-de5b963878c2,,,,,,,,,,,,,,,,,,INVALID_GEOMETRY,,CLEAN_SPLIT
ad9c056e7735d0ec905b856d3f24c2bb,684a4331-cdf3-4ae5-80bb-61e832c979d8,,,,,,,,,,,,,,,,,,INVALID_GEOMETRY,,CLEAN_SPLIT
517ee2d68fecc53d1516b5a516210d54,7732d2d6-c7db-4f1d-a98f-08188489c220,,,,,,,,,,,,,,,,,,INVALID_GEOMETRY,,CLEAN_SPLIT
1eab2d4581e48652fc98a3b245340edd,78cd5212-de65-4be7-8ca0-a3006a593d49,,,,,,,,,,,,,,,,,,INVALID_GEOMETRY,,CLEAN_SPLIT
98d8531648f35d7c1108e7efae31f5d1,805a4a33-6d7d-42e5-9263-29c425879fd1,,,,,,,,,,,,,,,,,,INVALID_GEOMETRY,,CLEAN_SPLIT
5a3c6a52f51e976d24a32f144a9f32f1,833e6add-ea1c-48bc-b906-d174d897a487,,,,,,,,,,,,,,,,,,INVALID_GEOMETRY,,CLEAN_SPLIT
c49d655175ff67e304ab67ab9ac179a3,8598df48-b661-401d-865c-833604ac486e,,,,,,,,,,,,,,,,,,INVALID_GEOMETRY,,UNKNOWN
a56f7b1dc93dbc19e659604fc8790c81,879b7571-2401-4f91-b3a4-7a872689f5de,,,,,,,,,,,,,,,,,,INVALID_GEOMETRY,,CLEAN_SPLIT
1b8283c8de38a0aa694dd2a36d9857a5,890bb3b0-468d-4c56-b4fa-56bd34537064,,,,,,,,,,,,,,,,,,INVALID_GEOMETRY,,UNKNOWN
6e5b1e385ef8863ea8fd4c0624085c6d,895734cd-e938-4630-9b16-7630d861d271,,,,,,,,,,,,,,,,,,INVALID_GEOMETRY,,UNKNOWN
e1d1a9cd27cf2780eb35bd010938d694,8c02499d-5fb8-4142-bee0-95d7df6396bf,,,,,,,,,,,,,,,,,,INVALID_GEOMETRY,,UNKNOWN
0cbc994cf2d0554f4e752ccc7086809a,9864f5e7-b76a-46f6-a648-13970484ed35,,,,,,,,,,,,,,,,,,INVALID_GEOMETRY,,CLEAN_SPLIT
6a6fe5cb8c904e7a6d1e9e8125f447a4,9c4cc4c2-a237-4381-b9f0-f1511a7ee3af,,,,,,,,,,,,,,,,,,INVALID_GEOMETRY,,UNKNOWN
7dba414dfb264c8638d2e9f7f090884b,9d04dcbc-0988-4aa1-97ef-29607e0ba335,,,,,,,,,,,,,,,,,,INVALID_GEOMETRY,,CLEAN_SPLIT
d4dcaa7ba83962eec5e375352b500702,a7fea005-d996-42b7-bcb9-cb6e8eade2b0,,,,,,,,,,,,,,,,,,INVALID_GEOMETRY,,CLEAN_SPLIT
a906f364189cb7f437724401950e1077,a9eee4a4-a17f-4cc0-8d49-2a6320fcb882,,,,,,,,,,,,,,,,,,INVALID_GEOMETRY,,CLEAN_SPLIT
b36cda9c3a1da0e70245dfafa88da208,ac97c6ac-2547-43d7-8253-3a424ebff2cf,,,,,,,,,,,,,,,,,,INVALID_GEOMETRY,,CLEAN_SPLIT
d919acd5d94cf8d755fbe544f9e9e2b3,b1a89ee2-f50c-4725-b993-78248afd86b4,,,,,,,,,,,,,,,,,,INVALID_GEOMETRY,,CLEAN_SPLIT
271352fc966398c560529e254e40cbc4,bb1e4033-cddd-4ec9-adc5-85e8b3ba23d8,,,,,,,,,,,,,,,,,,INVALID_GEOMETRY,,CLEAN_SPLIT
fc8b031200a7788eaa7e797756050c5d,bd5ac5fc-097e-44c8-a3ca-b598df378c5d,,,,,,,,,,,,,,,,,,INVALID_GEOMETRY,,UNKNOWN
bc2f69c31f17528b4ff4f8bd256092bb,bfb82e32-e16f-41c2-a60d-e8bce6369dc3,,,,,,,,,,,,,,,,,,INVALID_GEOMETRY,,CLEAN_SPLIT
1dec3eaf15a57f4391194378d9dfa736,c375ba12-91c3-4df7-9352-2ff204a17ed8,,,,,,,,,,,,,,,,,,INVALID_GEOMETRY,,UNKNOWN
6d242be06e07da77eb16d6e72aa35847,c6b9d243-e257-4de5-99dd-200aec5cb97d,,,,,,,,,,,,,,,,,,INVALID_GEOMETRY,,CLEAN_SPLIT
0fa7fb3839fce325c267df0360b81c93,c7d7da70-585f-43ee-8618-9c28407b6998,,,,,,,,,,,,,,,,,,INVALID_GEOMETRY,,CLEAN_SPLIT
649e3f990832fb3b03dcd8ced3a5495f,c8952077-97aa-4898-b7b0-69e45207a201,,,,,,,,,,,,,,,,,,INVALID_GEOMETRY,,CLEAN_SPLIT
9fb656c194e1cde5519f83d72185d908,ca80deb0-03e4-44a2-8660-43dccc7641fa,,,,,,,,,,,,,,,,,,INVALID_GEOMETRY,,CLEAN_SPLIT
5686eabf492120ab1d2fe2cf413f58c7,d72007a5-1020-4121-bccf-713b099faaf3,,,,,,,,,,,,,,,,,,INVALID_GEOMETRY,,CLEAN_SPLIT
f4235b6cecf0a9cb45c5ceefa5b740c8,d7bee9e7-4f8d-4414-9a86-4cfa2ceab8bd,,,,,,,,,,,,,,,,,,INVALID_GEOMETRY,,CLEAN_SPLIT
a2cde2f69b1218a12f54cfa262f70b96,d88193a7-6cbd-4397-a2d5-9b3ce952526a,,,,,,,,,,,,,,,,,,INVALID_GEOMETRY,,UNKNOWN
c1c7378d84c32aecce27a4efd52ca8ef,da8903f9-fa3c-416e-b571-4bf3a28bf922,,,,,,,,,,,,,,,,,,INVALID_GEOMETRY,,UNKNOWN
347db96d6c6ff154510280d0c15a40b7,df4b8c2a-118f-4f8c-b5a7-649f0aa4d679,,,,,,,,,,,,,,,,,,INVALID_GEOMETRY,,UNKNOWN
d6a52d1f531eab665028edddde02e2e8,e6791a8f-ae76-48b0-bcd7-0c90527ed484,,,,,,,,,,,,,,,,,,INVALID_GEOMETRY,,CLEAN_SPLIT
c50d08016e19b70278730b6cd522c948,e67b0ff8-e4a9-46aa-923c-1c1223633509,,,,,,,,,,,,,,,,,,INVALID_GEOMETRY,,CLEAN_SPLIT
793b230d748bfa383c232d9610232690,ec909699-7c97-48ce-9df8-02d01ca272c4,,,,,,,,,,,,,,,,,,INVALID_GEOMETRY,,CLEAN_SPLIT
8e8277567de137079d44bf9024419bfd,ed036269-4590-4d54-bc61-4adf6892aed5,,,,,,,,,,,,,,,,,,INVALID_GEOMETRY,,CLEAN_SPLIT
f6c1cdd27e9b41c166fbd46fce9ba52f,f0e114ce-b076-4699-b97f-8a2a4ff86076,,,,,,,,,,,,,,,,,,INVALID_GEOMETRY,,UNKNOWN
32ed56d3e480e3336c33dc136c1ca964,f596d28b-f658-4f26-897f-36e756d0b884,,,,,,,,,,,,,,,,,,INVALID_GEOMETRY,,CLEAN_SPLIT
a84fba005f00cf9b1828c6a0adda90fc,07c51b37-67b3-427b-b6c9-707dbe1c083a,,,,,,,,,,,,,,,,,,INVALID_GEOMETRY,,CLEAN_SPLIT
fefe676ac6b9025b33317388c823b0f0,094b5618-692d-42f3-95af-11a67cf687dd,,,,,,,,,,,,,,,,,,INVALID_GEOMETRY,,CLEAN_SPLIT
49919ad9a5960b73f4f530df9935bf20,09dca6c3-ba5b-4a46-a4cf-84d5c3cd98df,,,,,,,,,,,,,,,,,,INVALID_GEOMETRY,,CLEAN_SPLIT
512c974c7909d51c60c561639c6617ef,0f54f041-8bbf-44ed-bc90-337c5d71c2ea,,,,,,,,,,,,,,,,,,INVALID_GEOMETRY,,CLEAN_SPLIT
86e264a6c852cfba4497856aee2de33a,0fbacdf7-ceaf-4c70-9557-068b0f7b6ec9,,,,,,,,,,,,,,,,,,INVALID_GEOMETRY,,CLEAN_SPLIT
aa9b6cd609075b01c777adc4b10f61b1,118f6407-0d82-4eb9-8113-3189ce0ff00f,,,,,,,,,,,,,,,,,,INVALID_GEOMETRY,,CLEAN_SPLIT
e62c1c6b2e42ebcbe143bda715c1d095,1b848d42-0a71-4cf3-a615-5ef31de0be76,,,,,,,,,,,,,,,,,,INVALID_GEOMETRY,,CLEAN_SPLIT
112de027465edb2d194ff47cd23e6cea,1ca19213-d6bb-4419-8b30-398ab1b32104,,,,,,,,,,,,,,,,,,INVALID_GEOMETRY,,UNKNOWN
8f51212d564ffdccf9a4f9c68b5b8f12,1fb3e2c9-713a-4bc2-b871-374f78e7b50d,,,,,,,,,,,,,,,,,,INVALID_GEOMETRY,,UNKNOWN
3ba092f4a5a2d3f321a98c22f2a9586a,20c8ace7-3c07-4213-a4e9-a77b1dc8f1ef,,,,,,,,,,,,,,,,,,INVALID_GEOMETRY,,CLEAN_SPLIT
20962c7da9719cadb7dc37d2e2293e70,216704d8-1894-4b66-af4d-bb54e0e00f6b,,,,,,,,,,,,,,,,,,INVALID_GEOMETRY,,UNKNOWN
6996e9741914b2f185644b832c7700d8,2d5cee81-237a-4383-b11f-cc913d615618,,,,,,,,,,,,,,,,,,INVALID_GEOMETRY,,UNKNOWN
678a80d8587105b1a57cc0637257e493,30774841-7f1e-4821-8fe4-ee8a3c21f3f1,,,,,,,,,,,,,,,,,,INVALID_GEOMETRY,,CLEAN_SPLIT
98f4aaf173cc22caf71ad94e02b2c455,30c58c61-9b43-4b1d-93ac-e3617e514fe4,,,,,,,,,,,,,,,,,,INVALID_GEOMETRY,,UNKNOWN
98fa7ad6c01221300b5937ac507c4900,38d23b27-17d2-4048-a6ae-008fda371be5,,,,,,,,,,,,,,,,,,INVALID_GEOMETRY,,CLEAN_SPLIT
7b609003ad87a32f6379905a8b373550,3b0b94c8-9b98-460c-9318-311ed21ccef0,,,,,,,,,,,,,,,,,,INVALID_GEOMETRY,,UNKNOWN
2a18196f457282484bc209ceb1501aff,3e7456e2-5e36-4684-887d-c11931d3bb05,,,,,,,,,,,,,,,,,,INVALID_GEOMETRY,,CLEAN_SPLIT
d790218254d99dd399eeb0d89ceb2812,400d6263-6b00-41e7-abaa-4f7c8e8392db,,,,,,,,,,,,,,,,,,INVALID_GEOMETRY,,CLEAN_SPLIT
cfe62780364de13241043ac3b44bee6a,41205bce-8b98-4e48-a6b6-f2b68a6cb07f,,,,,,,,,,,,,,,,,,INVALID_GEOMETRY,,CLEAN_SPLIT
ef4031744eb4cdc33bb02567721456e7,43f5b7fe-a077-45ef-a240-5a7977ecc03d,,,,,,,,,,,,,,,,,,INVALID_GEOMETRY,,UNKNOWN
450bad5ec48be3bb6754d04ec0512001,440e6086-4e3d-47d1-946d-d241dca55a14,,,,,,,,,,,,,,,,,,INVALID_GEOMETRY,,CLEAN_SPLIT
5dd33649ed7e0bc2c4e9e175e646fc27,46e224f0-11c9-477c-abc2-22bbd4b26529,,,,,,,,,,,,,,,,,,INVALID_GEOMETRY,,UNKNOWN
c97c6802a6521b086ce68a5d49b5ba29,4fbabb3f-8727-45b5-aae7-e12e9816c0d7,,,,,,,,,,,,,,,,,,INVALID_GEOMETRY,,UNKNOWN
4611de60092231b770e69e9d12ceb5c9,4fd6b9a7-8c48-4c28-b0c1-5d8d5bff7773,,,,,,,,,,,,,,,,,,INVALID_GEOMETRY,,UNKNOWN
d83dda3c1897bd749278a9c7dc8b68f6,521119dd-cd13-41f9-a8ac-ca475edd569a,,,,,,,,,,,,,,,,,,INVALID_GEOMETRY,,CLEAN_SPLIT
a12acd4f8e83544c12f5576f6c41e0f3,53a35d76-ef6e-469e-bc31-0b1ec6944f2c,,,,,,,,,,,,,,,,,,INVALID_GEOMETRY,,CLEAN_SPLIT
e2b64e3b8d4dddfe9d689042552f8c72,54ff2c22-1279-4d45-a73a-477f3118b1e1,,,,,,,,,,,,,,,,,,INVALID_GEOMETRY,,CLEAN_SPLIT
24fb2599e284421dae4bb8b9e2da530c,5c1d5d79-0a04-4ac2-b183-1f77ef9e588d,,,,,,,,,,,,,,,,,,INVALID_GEOMETRY,,UNKNOWN
95dae14724eb2b12aa8f39dc3a020451,5c1ee99e-d77f-4e72-9b13-6ae2101c8212,,,,,,,,,,,,,,,,,,INVALID_GEOMETRY,,CLEAN_SPLIT
221dd2bba3eef5cf88b7a42ab0b49bbb,60c4b296-b783-4602-b520-fa6f79d7cf0d,,,,,,,,,,,,,,,,,,INVALID_GEOMETRY,,CLEAN_SPLIT
af2d926d41b76856d62e5db4a7726b4e,6120b294-a2d6-4db7-8414-112c2064ae94,,,,,,,,,,,,,,,,,,INVALID_GEOMETRY,,CLEAN_SPLIT
32580e360864a58cb8df9d02afa46354,648a19f0-6488-48a2-ba2d-dc40f4f1f46a,,,,,,,,,,,,,,,,,,INVALID_GEOMETRY,,CLEAN_SPLIT
a775ce5aa2f40928803e59a3865e3ac5,6749aed8-1ae9-4e14-ab14-7c3d4d0debc6,,,,,,,,,,,,,,,,,,INVALID_GEOMETRY,,CLEAN_SPLIT
6be6e6c21a524d4aee501be1e4da0f3b,679cf4a9-f7c1-458a-9651-7d320d20ea0d,,,,,,,,,,,,,,,,,,INVALID_GEOMETRY,,UNKNOWN
dddab1a4495254cf5bf1f0800fd95c9c,6bafae74-4c7d-4386-b7d6-4748dd225def,,,,,,,,,,,,,,,,,,INVALID_GEOMETRY,,CLEAN_SPLIT
bacb101046c5f6613f3434aaf4565bff,71d15e2e-ac80-4eb3-a533-ff748a080bf3,,,,,,,,,,,,,,,,,,INVALID_GEOMETRY,,CLEAN_SPLIT
a279aef15c10aea51ebe05bacaad2d77,7500acf1-2228-402a-a153-50cbca034b21,,,,,,,,,,,,,,,,,,INVALID_GEOMETRY,,CLEAN_SPLIT
5c2fe700beb9b15246fc6060070e4ad8,79af7e08-a65a-46b0-b259-ede708dacdc2,,,,,,,,,,,,,,,,,,INVALID_GEOMETRY,,CLEAN_SPLIT
c657f4104e0e31c98be6a5da640c9de3,7f6156b8-b4db-4ae8-a6f7-ea5072ae9aba,,,,,,,,,,,,,,,,,,INVALID_GEOMETRY,,CLEAN_SPLIT
dfa7e36662742c92e423fac50ad0ded5,81d7beb2-cbab-4396-bc5b-0d01c3525512,,,,,,,,,,,,,,,,,,INVALID_GEOMETRY,,CLEAN_SPLIT
6e6f45ee1016f9aefa0c15ece70f603f,83517e3f-ce13-4d5f-862b-8f312865c0a8,,,,,,,,,,,,,,,,,,INVALID_GEOMETRY,,CLEAN_SPLIT
05ce2e2dc7a3ffe145b4bff1e0446393,88493fbb-a7a3-4753-9530-e96353fe06cc,,,,,,,,,,,,,,,,,,INVALID_GEOMETRY,,CLEAN_SPLIT
1e42eb7ab4989bf6dc1f30c88805a701,8d5d465c-49f9-4c61-b853-4931014b30f8,,,,,,,,,,,,,,,,,,INVALID_GEOMETRY,,CLEAN_SPLIT
1fe68c02f68edba63284e6ef6e473de7,8f6d6303-2457-4fd3-8c9e-d11cd3e63055,,,,,,,,,,,,,,,,,,INVALID_GEOMETRY,,UNKNOWN
a2212f8d5e3e869b1c7a7cd74ecfa8c7,918cea92-3965-4a3b-8336-8840b52b76f9,,,,,,,,,,,,,,,,,,INVALID_GEOMETRY,,CLEAN_SPLIT
32ddca80727e3285d348d551240e5442,9287d9ee-15d5-4dfd-866f-5ac2828fb586,,,,,,,,,,,,,,,,,,INVALID_GEOMETRY,,CLEAN_SPLIT
5a80e2aa4fa06129cd118eed644ae941,9f3804ac-8465-47ea-aad4-e28c2b1bd5ef,,,,,,,,,,,,,,,,,,INVALID_GEOMETRY,,CLEAN_SPLIT
16026be35f5d29a06aac675121e54664,a17a092a-308d-4be1-9745-4cc9dc8d69e0,,,,,,,,,,,,,,,,,,INVALID_GEOMETRY,,UNKNOWN
63d4cb1cf0a2b5fc8640282a2175a7c8,a4bcd8a6-1b6c-45d9-9aaa-8031bef5c841,,,,,,,,,,,,,,,,,,INVALID_GEOMETRY,,UNKNOWN
6e72285e4edd66ef2bf5e44fc216b058,a85f9dd0-6c30-4c42-b562-4ee6356464da,,,,,,,,,,,,,,,,,,INVALID_GEOMETRY,,CLEAN_SPLIT
b477e6eb24a4dbd4adce5636d8ab3d73,b30a352d-8541-4876-bd68-3911f1dfdce9,,,,,,,,,,,,,,,,,,INVALID_GEOMETRY,,CLEAN_SPLIT
e9b5ea1df1d7a74b06644e59861a5472,b593f6ad-f6a3-4568-8df8-eb9e1fd77afa,,,,,,,,,,,,,,,,,,INVALID_GEOMETRY,,CLEAN_SPLIT
11514208b672ace0466725af5c313014,b5e24260-e276-47cd-97a1-b2ab3b78fb89,,,,,,,,,,,,,,,,,,INVALID_GEOMETRY,,UNKNOWN
d4e5281909f82402684f9df2f226ef9f,b637b31d-e552-4b19-ae83-9c2444e509a5,,,,,,,,,,,,,,,,,,INVALID_GEOMETRY,,UNKNOWN
3c34f8443091b58cab746c61c10e992c,c378689d-2162-4cce-97e6-dcd4a3a6fa7c,,,,,,,,,,,,,,,,,,INVALID_GEOMETRY,,CLEAN_SPLIT
9b8fd885acdc2c9bc75f0b4b6773c543,c8b74a4b-f9ed-428b-bf90-b54bbd27e4f5,,,,,,,,,,,,,,,,,,INVALID_GEOMETRY,,CLEAN_SPLIT
d1c37c6469cc1ff00dd379e066cc2897,c982e7b2-2976-47e6-95aa-e65341962095,,,,,,,,,,,,,,,,,,INVALID_GEOMETRY,,CLEAN_SPLIT
7ec01242746cd4d77a068ac561dc8c03,d166799c-8c31-4f8a-8077-d31ecc6dd0e9,,,,,,,,,,,,,,,,,,INVALID_GEOMETRY,,CLEAN_SPLIT
8d9fe7ac3e82e8cd51edb6e5bc1a8b4e,d1980451-2581-415a-89a2-5a38e68cd050,,,,,,,,,,,,,,,,,,INVALID_GEOMETRY,,CLEAN_SPLIT
d6b37b66bf487deb10dff6d71ec5f404,d4b983b8-7912-440b-a224-04a38aad406b,,,,,,,,,,,,,,,,,,INVALID_GEOMETRY,,CLEAN_SPLIT
79f72389adc85d24f92940a35bb53f09,d6200a85-6829-4480-b995-6cb31902f15b,,,,,,,,,,,,,,,,,,INVALID_GEOMETRY,,CLEAN_SPLIT
3fd78bb130d4926080ef5f0961d4563a,d7ce07ae-e7c9-4457-b42d-d0a4182ef00c,,,,,,,,,,,,,,,,,,INVALID_GEOMETRY,,CLEAN_SPLIT
57417ae2e942ee8128afe95cf32228bb,d960b4d3-b2ef-4cfb-a65e-a8a2fc04008e,,,,,,,,,,,,,,,,,,INVALID_GEOMETRY,,CLEAN_SPLIT
c3da4cbc2cc57038daf4bfdc9a69b22c,e22b21e0-e21f-4309-93c3-190ba3eb9bdc,,,,,,,,,,,,,,,,,,INVALID_GEOMETRY,,CLEAN_SPLIT
154a099a8c121a3800d2d498b5300ef3,e75c01a8-e9a1-47d1-99f6-ebc67d59d031,,,,,,,,,,,,,,,,,,INVALID_GEOMETRY,,CLEAN_SPLIT
99b594ed9f92b092605c6c5be1d2058e,e9801f6e-0552-47ed-a5bf-971783393482,,,,,,,,,,,,,,,,,,INVALID_GEOMETRY,,CLEAN_SPLIT
9a6ac92f04de7035615de286bede9296,ecff683e-5f0a-49f8-a5d2-c4bcd374482b,,,,,,,,,,,,,,,,,,INVALID_GEOMETRY,,CLEAN_SPLIT
1814ea486619d2f7548c62f5b7be35fd,edbd8911-6932-45ef-95cb-a337e31a4fcb,,,,,,,,,,,,,,,,,,INVALID_GEOMETRY,,CLEAN_SPLIT
f1eaa83f675f63ea2494484de007d8b0,f661d2b3-7961-4284-b069-322af413286e,,,,,,,,,,,,,,,,,,INVALID_GEOMETRY,,CLEAN_SPLIT
52881cb398983e5148d7397130487233,ff6e887c-b959-428f-bd9c-a8bfb271247d,,,,,,,,,,,,,,,,,,INVALID_GEOMETRY,,CLEAN_SPLIT
222a5fff034aa8744748737a1b3177e6,06f2add2-617c-4513-a87c-0262e7941a82,,,,,,,,,,,,,,,,,,INVALID_GEOMETRY,,UNKNOWN
2fa5430e3ea0628644ebcdb81ab2f801,0c6f5af7-4864-4f6f-ab43-4a238fcd36f0,,,,,,,,,,,,,,,,,,INVALID_GEOMETRY,,CLEAN_SPLIT
78017c4f0565f72e20fe1d2a4379ac10,1061e238-b641-4835-b5df-d1cd49946ff3,,,,,,,,,,,,,,,,,,INVALID_GEOMETRY,,CLEAN_SPLIT
54639e0e2f57c49522d51981aa12056c,14364838-1057-4f6c-851b-51c86f216901,,,,,,,,,,,,,,,,,,INVALID_GEOMETRY,,CLEAN_SPLIT
87e6a67c6464df953ae474b69b3772c5,213dac28-bdcd-4728-a2c9-7ebc3869fc60,,,,,,,,,,,,,,,,,,INVALID_GEOMETRY,,UNKNOWN
36901f57ad3eccbf697cee7c66514178,22a86e3d-8452-412d-9221-8947733fb9a3,,,,,,,,,,,,,,,,,,INVALID_GEOMETRY,,CLEAN_SPLIT
c1c98955baa922438bc195eadd3d8ca2,25456b56-638d-4918-b9ce-ac0e93a93140,,,,,,,,,,,,,,,,,,INVALID_GEOMETRY,,UNKNOWN
abbed3385a32c89fd2860563a9da1c9b,258d7e9f-97e3-476a-89a4-d404018a54eb,,,,,,,,,,,,,,,,,,INVALID_GEOMETRY,,CLEAN_SPLIT
0aaca840595a10870f343ada60438aa9,2913dab2-950c-495b-8d0f-9242b43acc2e,,,,,,,,,,,,,,,,,,INVALID_GEOMETRY,,CLEAN_SPLIT
103cb760c240c4c195010ac3821fe8b4,2a569b6d-eb34-4713-932d-25aaafe150ba,,,,,,,,,,,,,,,,,,INVALID_GEOMETRY,,CLEAN_SPLIT
6e96042a0515d21dc6093870ed55f805,2d4eb6c1-ed37-4abe-874d-ac52903f3fac,,,,,,,,,,,,,,,,,,INVALID_GEOMETRY,,CLEAN_SPLIT
9fd4cd59c12dea8a3916d3baf84914ad,326861d1-5f71-4d4f-89ba-e1b397b2cdf7,,,,,,,,,,,,,,,,,,INVALID_GEOMETRY,,CLEAN_SPLIT
b368701e8cacfd407fc8781a993ceb31,32f083c1-5d41-4b73-8ef2-ebe77a3da77f,,,,,,,,,,,,,,,,,,INVALID_GEOMETRY,,CLEAN_SPLIT
1003611f22001bd747c5325d7935a94b,35fc46e6-c781-4a37-a03c-c9d7723a787f,,,,,,,,,,,,,,,,,,INVALID_GEOMETRY,,CLEAN_SPLIT
9827b5d9752712c3613ef4b50f483c09,3ff4c7c4-2899-4b50-a15f-4050c6ac7b32,,,,,,,,,,,,,,,,,,INVALID_GEOMETRY,,CLEAN_SPLIT
b31a4af6d25492363311365ab21ead7b,4016faf6-4f77-487a-8899-84bc6e989774,,,,,,,,,,,,,,,,,,INVALID_GEOMETRY,,CLEAN_SPLIT
2c998cdddb38ba0cd57afa0b8f79232b,41a91c34-32c5-4eec-a17c-ae3a6a4c7449,,,,,,,,,,,,,,,,,,INVALID_GEOMETRY,,CLEAN_SPLIT
d0d5998708a821a03eaad9127336e49c,45690733-4782-4bcc-9835-086319c7cab9,,,,,,,,,,,,,,,,,,INVALID_GEOMETRY,,CLEAN_SPLIT
b3fef2ee9f95d21f5358cb2e6a6bba61,47b3f7cc-6c30-4fbe-aca8-4f59d8d4a9d9,,,,,,,,,,,,,,,,,,INVALID_GEOMETRY,,CLEAN_SPLIT
ddb13b89b201caf50e52ca13086875f2,4c8d3125-3bfa-4286-ae08-92efa90950d0,,,,,,,,,,,,,,,,,,INVALID_GEOMETRY,,CLEAN_SPLIT
4896861b5bfdbc260e84b966c7a10444,527c3d19-6d72-4e5c-80e5-fd419fcf721f,,,,,,,,,,,,,,,,,,INVALID_GEOMETRY,,CLEAN_SPLIT
ca12e834575421d45cfd5cab290ff66c,5cc3732f-1f48-4d86-90c4-d0bcd4a96116,,,,,,,,,,,,,,,,,,INVALID_GEOMETRY,,CLEAN_SPLIT
5364e78aa01d94dc9ce4f6e1ed22b99a,639c1a17-be2b-4c6d-a2cf-36b298b39721,,,,,,,,,,,,,,,,,,INVALID_GEOMETRY,,CLEAN_SPLIT
146e6294dc9d6b1e07b47b6a4a2acc52,64575562-aa21-404e-b673-08e1019bb364,,,,,,,,,,,,,,,,,,INVALID_GEOMETRY,,UNKNOWN
067c4b381abb1f5e6048f11922580b8e,69676f49-fdb8-4979-af2d-38c0a21af0f1,,,,,,,,,,,,,,,,,,INVALID_GEOMETRY,,CLEAN_SPLIT
976e2737d0d99b1d4c27b336df02f308,6fb62fe9-94df-4d15-984e-520af05c9e7c,,,,,,,,,,,,,,,,,,INVALID_GEOMETRY,,CLEAN_SPLIT
e6fb6b197ea563eba0a0da39de613fb3,73dfdae2-6bd9-4b67-970c-54292e743ff7,,,,,,,,,,,,,,,,,,INVALID_GEOMETRY,,CLEAN_SPLIT
4d35eacf649f898001cb2a19e648d67f,78e935ae-3ab3-45ae-96fb-70dc9176242c,,,,,,,,,,,,,,,,,,INVALID_GEOMETRY,,CLEAN_SPLIT
9e7977851cfc681c2589d0e12cf11f2e,7f0b0df5-ce24-4bb0-a411-b451b835d714,,,,,,,,,,,,,,,,,,INVALID_GEOMETRY,,CLEAN_SPLIT
40b02f7ef3b5c735dd155ae5f8833d10,8078f55b-a84c-4e64-933c-aac3be414519,,,,,,,,,,,,,,,,,,INVALID_GEOMETRY,,CLEAN_SPLIT
b40882a0f0192f99a299470b94cf8727,831ac432-a295-4bc4-a8c6-4f4b2758789b,,,,,,,,,,,,,,,,,,INVALID_GEOMETRY,,UNKNOWN
bab6cd3fb84c4143a0a01610c44590c7,884f5c63-ae48-43cc-86d4-33e2a3714fa7,,,,,,,,,,,,,,,,,,INVALID_GEOMETRY,,CLEAN_SPLIT
82e5dd2a3dda48b0391704ae8f03ab19,88c64a0c-860f-4602-bab7-5723b03c2ab4,,,,,,,,,,,,,,,,,,INVALID_GEOMETRY,,CLEAN_SPLIT
db214999a55ddd011410b53e14382798,8f13355e-f5ce-4b55-b28b-faa65c10b684,,,,,,,,,,,,,,,,,,INVALID_GEOMETRY,,UNKNOWN
f9678d503e63da5e0180fd241db75a39,95284113-292a-47c9-be39-60565654c244,,,,,,,,,,,,,,,,,,INVALID_GEOMETRY,,UNKNOWN
f46e4bf4159f925721d5a6ccd8c49408,9a0e3d84-0f53-43cf-8f2f-e9bbe6bfa236,,,,,,,,,,,,,,,,,,INVALID_GEOMETRY,,UNKNOWN
8ed449afa07612214e2bd848c30a49ef,a386376f-7d42-4d79-8401-10d2431a0018,,,,,,,,,,,,,,,,,,INVALID_GEOMETRY,,CLEAN_SPLIT
691d3c8f60358ca417a8734e30b4b9b8,abecba6f-00df-4c8c-a91b-44a1c1fe50ca,,,,,,,,,,,,,,,,,,INVALID_GEOMETRY,,CLEAN_SPLIT
3c6e7dab1e6bcaa68b80aa56a365b6e4,adfed07f-6b8c-44fd-a297-3d525af6d359,,,,,,,,,,,,,,,,,,INVALID_GEOMETRY,,UNKNOWN
e8a4b89eca23c9c86c76a7cda382255c,b2b20add-3b4d-4d3e-848e-f576c167a7d7,,,,,,,,,,,,,,,,,,INVALID_GEOMETRY,,UNKNOWN
73ae13ab4d0cf90451e145fffb9060c0,b68e432d-3516-45c2-94b1-49c08f0c8188,,,,,,,,,,,,,,,,,,INVALID_GEOMETRY,,UNKNOWN
a8f6dfb967d69eb0031a09a5e0b436a1,b9dc2bc1-b59b-474f-baf1-9a5d973abe1f,,,,,,,,,,,,,,,,,,INVALID_GEOMETRY,,UNKNOWN
f6c8c5f2235f47af3bb80174a23c596a,c86c4cc0-13b5-4e77-8fa1-57a5f2aa1489,,,,,,,,,,,,,,,,,,INVALID_GEOMETRY,,UNKNOWN
44d872ef87d8f48ce1399fedadd3d28f,cb313e7a-c5ff-4895-b708-38d66dfbce16,,,,,,,,,,,,,,,,,,INVALID_GEOMETRY,,CLEAN_SPLIT
f1aeb1a3b4fe3d313ea1cb07da261f22,d1ef5f30-8eb0-41b6-804a-4ad37f4c055a,,,,,,,,,,,,,,,,,,INVALID_GEOMETRY,,UNKNOWN
466d660a1aaaec6dade4523ccee75c9c,d1f6110e-47f0-4e6b-ac3c-a6c032b4cca5,,,,,,,,,,,,,,,,,,INVALID_GEOMETRY,,CLEAN_SPLIT
644f91aca449dd7e5e8b1746edb50488,daf024e4-4c8f-481f-a4f0-4a2cba4d7576,,,,,,,,,,,,,,,,,,INVALID_GEOMETRY,,CLEAN_SPLIT
65968ec89f03cb382fde096bc4219007,db9367d8-a555-405f-86a0-738a372663ef,,,,,,,,,,,,,,,,,,INVALID_GEOMETRY,,CLEAN_SPLIT
038d9faa15a29df5163d9bf0fe7ab3f5,dda20865-01c6-415f-b9a1-128da714ada3,,,,,,,,,,,,,,,,,,INVALID_GEOMETRY,,CLEAN_SPLIT
c9c7bfca1149cde486ad2be0078adeb3,dee85d98-7b49-497d-ad99-199b2181c767,,,,,,,,,,,,,,,,,,INVALID_GEOMETRY,,CLEAN_SPLIT
fe2b818dd2fcb006e8cc2650308e4de9,e1763b6b-3064-48b5-8c6f-558f69e79055,,,,,,,,,,,,,,,,,,INVALID_GEOMETRY,,CLEAN_SPLIT
27e1e0e7123400fb4938584ccdc2917c,e86c210c-0329-4e75-81a6-4a1df7cbc7b1,,,,,,,,,,,,,,,,,,INVALID_GEOMETRY,,CLEAN_SPLIT
2c1d4b07608ccc8b8fbe984c24843e31,ea991ea5-2e0d-4242-9236-ebebb5665d14,,,,,,,,,,,,,,,,,,INVALID_GEOMETRY,,CLEAN_SPLIT
f8cab423881a2619affc47328b8686a8,f3bf8f76-3f54-48ba-9dff-5bf82227de3c,,,,,,,,,,,,,,,,,,INVALID_GEOMETRY,,CLEAN_SPLIT
3eebba352e9dc217d3d23df74515d557,f7101c20-be70-4ad8-b6d1-ec014a7874fb,,,,,,,,,,,,,,,,,,INVALID_GEOMETRY,,CLEAN_SPLIT
2f6b8108bf6fa4231655cf3472b80820,fa01bb13-515b-4d8e-9bc6-fbe940dc6c77,,,,,,,,,,,,,,,,,,INVALID_GEOMETRY,,CLEAN_SPLIT
56e250a2c36f96998c8562280cae8dee,07f4de91-4b08-4313-8d25-490d83e9a6ba,,,,,,,,,,,,,,,,,,INVALID_GEOMETRY,,CLEAN_SPLIT
931bead6c85b21308932cd2052f9097e,0971cd6b-f135-47f8-b914-ce14659a2d82,,,,,,,,,,,,,,,,,,INVALID_GEOMETRY,,CLEAN_SPLIT
86adb9e84d10d7176dd9a8c701a19c69,0add88ea-b4f2-418b-a228-dc650b58d9be,,,,,,,,,,,,,,,,,,INVALID_GEOMETRY,,CLEAN_SPLIT
4548ed0d1f2c3a1b0ddd21a44e9845be,10838c1c-33af-4484-ba5e-216cd0bb25c6,,,,,,,,,,,,,,,,,,INVALID_GEOMETRY,,CLEAN_SPLIT
9073df7e3cbb956dc7e22ca9d1399d21,14a8385b-33b0-4eaa-9c35-3784fec1d69e,,,,,,,,,,,,,,,,,,INVALID_GEOMETRY,,CLEAN_SPLIT
661b9af4cf01378bda553ad6262de971,18526e7c-8c7a-47c0-8673-909aff139a35,,,,,,,,,,,,,,,,,,INVALID_GEOMETRY,,CLEAN_SPLIT
6fcc3f4300e426eac5cfd6bd1dc0bd8e,1d8b60e0-d3e1-4253-9476-7c4308e0bae9,,,,,,,,,,,,,,,,,,INVALID_GEOMETRY,,CLEAN_SPLIT
9788edc5edba8cf77063c8ba3ba6aa32,2a2e7467-a515-449b-b502-6e852d45cfc1,,,,,,,,,,,,,,,,,,INVALID_GEOMETRY,,CLEAN_SPLIT
4e815230a7f58806b88274a671f9e533,2ed0299f-33ff-4cf1-9434-9793b1de2c08,,,,,,,,,,,,,,,,,,INVALID_GEOMETRY,,CLEAN_SPLIT
bed0d1b039a3e03212a839e92b81b27d,3214dd06-45da-45c5-ab96-efda82ff7b54,,,,,,,,,,,,,,,,,,INVALID_GEOMETRY,,CLEAN_SPLIT
a234636ca0d095705e4f245ade0093be,35d2859c-1a5f-4178-ba0f-447ec695a155,,,,,,,,,,,,,,,,,,INVALID_GEOMETRY,,CLEAN_SPLIT
2cd91bd7939e1bcc7c3e8f323245debc,38140216-7804-495b-890e-09c5ce06dfe1,,,,,,,,,,,,,,,,,,INVALID_GEOMETRY,,CLEAN_SPLIT
e8af554770c4a1acf79d89c5f6167a68,38fb61e9-3c4a-4d5f-9b5e-c410035b2f49,,,,,,,,,,,,,,,,,,INVALID_GEOMETRY,,CLEAN_SPLIT
5f6f9cf9df1e5b34058ff92bd677c584,3ca7a802-7e23-478e-8866-73761b13a19e,,,,,,,,,,,,,,,,,,INVALID_GEOMETRY,,UNKNOWN
f08fc422a67035a0ee12832adca52def,3ebc0d46-c946-4330-9b7c-635e8c14ba2a,,,,,,,,,,,,,,,,,,INVALID_GEOMETRY,,CLEAN_SPLIT
7af3dd35bbeba7e3a3e4b073e80ff33f,449aa272-760e-4495-9364-d995ecc09410,,,,,,,,,,,,,,,,,,INVALID_GEOMETRY,,CLEAN_SPLIT
a831e1479c3afd851d03bc0d457af384,45b8cc82-4365-4e3f-aded-6ca1655478b0,,,,,,,,,,,,,,,,,,INVALID_GEOMETRY,,CLEAN_SPLIT
c599090fcc1d6fc4a0b5d5144e6690a9,466bf67d-da5b-4a3a-a345-519fc2f1b766,,,,,,,,,,,,,,,,,,INVALID_GEOMETRY,,UNKNOWN
22ba5794a0211c67e43f90ab35ba6f0f,582be224-5352-47f5-9689-1ba4c98cdf3f,,,,,,,,,,,,,,,,,,INVALID_GEOMETRY,,CLEAN_SPLIT
977241f61b599713e64a3ebce1fe46f8,5a26011d-c83e-4e00-af8e-05d805838566,,,,,,,,,,,,,,,,,,INVALID_GEOMETRY,,UNKNOWN
d48edc74710a91cf9ce93640423eed1e,5bd785d4-da82-4108-8bbd-174fd6f94102,,,,,,,,,,,,,,,,,,INVALID_GEOMETRY,,CLEAN_SPLIT
2e3a28c9233c39f38e6050932d3338b1,604e1366-3b54-4341-b430-68e44e145c06,,,,,,,,,,,,,,,,,,INVALID_GEOMETRY,,CLEAN_SPLIT
446b35c0d93cc2f567b4e5a1a25f6194,605ae0dd-d11b-46a3-a2b2-36210d282eac,,,,,,,,,,,,,,,,,,INVALID_GEOMETRY,,CLEAN_SPLIT
8d740b84d68331722218870b148b3907,68cfed1d-68b7-4c53-9181-02fa683ff263,,,,,,,,,,,,,,,,,,INVALID_GEOMETRY,,CLEAN_SPLIT
e79e780de215981f674119dbc0052d2f,69a8830c-fb01-4272-af19-84515e329959,,,,,,,,,,,,,,,,,,INVALID_GEOMETRY,,CLEAN_SPLIT
41d0265d821b19d60ee4c9316fc73429,69e33866-2b19-4e4a-bf8e-f708999a7541,,,,,,,,,,,,,,,,,,INVALID_GEOMETRY,,CLEAN_SPLIT
bb9a6e0f90c6400d68115174e8f82864,6bc92756-d2d2-4d62-a2a5-479980a06d07,,,,,,,,,,,,,,,,,,INVALID_GEOMETRY,,CLEAN_SPLIT
df1954b66fb580e91fab22734ddc3403,79d9240e-a2c9-4d7e-a4ba-25e17dd66d02,,,,,,,,,,,,,,,,,,INVALID_GEOMETRY,,CLEAN_SPLIT
50216dfdb56ea7c752511e0925b6d8f4,7eec6112-d014-4c39-b81c-40901f381341,,,,,,,,,,,,,,,,,,INVALID_GEOMETRY,,CLEAN_SPLIT
f9c22ea0d7982d360fedf8dc96e79d4f,7f96b67c-a6da-4191-8ee0-b5fa0b124ff1,,,,,,,,,,,,,,,,,,INVALID_GEOMETRY,,UNKNOWN
8d3c8b01522d522e696cd33121a5aaa9,832e688b-7207-4f56-851b-c12e1faee6c8,,,,,,,,,,,,,,,,,,INVALID_GEOMETRY,,CLEAN_SPLIT
8b0b7d2bdfc57afc68d5c32f3141c256,846933a2-9a56-4aeb-95c2-aeb23dc41060,,,,,,,,,,,,,,,,,,INVALID_GEOMETRY,,CLEAN_SPLIT
4ddb48543b6051f974aa14b9641b9112,92e0094b-393c-42b3-8d2c-9692bde00ecc,,,,,,,,,,,,,,,,,,INVALID_GEOMETRY,,CLEAN_SPLIT
1c771920cacefcf55faf52cea1862877,961aedd4-ca30-4512-bc2e-3d038cbd3490,,,,,,,,,,,,,,,,,,INVALID_GEOMETRY,,CLEAN_SPLIT
e883f4334d35dfca46eb5d097d29536c,9757369b-6383-4681-b39b-28d5ba09c18e,,,,,,,,,,,,,,,,,,INVALID_GEOMETRY,,CLEAN_SPLIT
4e415a12c2fa840fff80b480473e338f,98a73940-ec0f-4114-8e9b-899ff0b6baa9,,,,,,,,,,,,,,,,,,INVALID_GEOMETRY,,UNKNOWN
64a0f5bf9570d6fd3ff90e7c4db5eb8b,a25229f3-5d76-486d-934e-b781948fc1a7,,,,,,,,,,,,,,,,,,INVALID_GEOMETRY,,CLEAN_SPLIT
e2c9a8deb180c8bdbf16e0f827ce95ed,ab773a22-e0c7-4e3a-bd34-7c346c759fb0,,,,,,,,,,,,,,,,,,INVALID_GEOMETRY,,CLEAN_SPLIT
c4f2e7a1387587352997b2b60706fd74,bba75740-8799-44d9-abf0-ec83bf72c367,,,,,,,,,,,,,,,,,,INVALID_GEOMETRY,,UNKNOWN
8405e33ae5af902e358315d0573f3cb6,bc733457-62fc-4019-8184-19b25e745356,,,,,,,,,,,,,,,,,,INVALID_GEOMETRY,,CLEAN_SPLIT
4c1e194cddb72a9bba9c8bde7e1a83d6,c62f0269-2129-44b0-98c9-63dba213d276,,,,,,,,,,,,,,,,,,INVALID_GEOMETRY,,UNKNOWN
c7be587717ddb12209139c927f863e95,d3bff707-d836-420b-aef0-6eef115861e5,,,,,,,,,,,,,,,,,,INVALID_GEOMETRY,,CLEAN_SPLIT
985bc23fe182ee82741b80084a3da0f0,d416755b-a9df-4967-9aef-a2fba0379ab3,,,,,,,,,,,,,,,,,,INVALID_GEOMETRY,,UNKNOWN
f82b0725c6398b9b6d311bcec04e48a2,debb63ca-06be-4cb2-ba22-fe0b03f8e9fa,,,,,,,,,,,,,,,,,,INVALID_GEOMETRY,,CLEAN_SPLIT
ffaf9ff3c80d5d44021f7b74ac6884f0,e064d174-97cf-4193-9b31-45758f568232,,,,,,,,,,,,,,,,,,INVALID_GEOMETRY,,CLEAN_SPLIT
618b5465725a05465da8d9d8080c652d,e1c61940-a1ee-4d04-853e-d6f83df63160,,,,,,,,,,,,,,,,,,INVALID_GEOMETRY,,CLEAN_SPLIT
bc716225392827ce55d77f7c337a8637,e5be50ff-ab8d-4fd1-adbf-f1ad084e36bb,,,,,,,,,,,,,,,,,,INVALID_GEOMETRY,,CLEAN_SPLIT
c9a6a76a4d3520763cd972daaf86d10f,e772a5d0-df9e-47a3-805e-8b22cc88332d,,,,,,,,,,,,,,,,,,INVALID_GEOMETRY,,CLEAN_SPLIT
d87267ea7b511c0884ac3a2df5029ea0,ec57aef8-c51f-4ad1-8882-0d75f7b3ac9a,,,,,,,,,,,,,,,,,,INVALID_GEOMETRY,,CLEAN_SPLIT
ded7756ec576a393068f1112f41c0368,f3e16ad1-b85b-46c8-a4e0-2466810a6d29,,,,,,,,,,,,,,,,,,INVALID_GEOMETRY,,CLEAN_SPLIT
9d72daac8c6a78ba44a06c0e14a5667e,f764eb39-0691-4444-8c3b-b64955b753c5,,,,,,,,,,,,,,,,,,INVALID_GEOMETRY,,CLEAN_SPLIT
e89e003e2089757ca0f845f4087e506a,f922f19a-7e0a-4c4a-8c36-b0d3d0506bd2,,,,,,,,,,,,,,,,,,INVALID_GEOMETRY,,CLEAN_SPLIT
b2f2da3a4ca7f3fc5b2159822f6ff7f8,fac7263d-3634-4124-80ab-47d5b6c97795,,,,,,,,,,,,,,,,,,INVALID_GEOMETRY,,CLEAN_SPLIT
8aa1a1cc6035feac8783c6cd382e40c8,ffe24948-ce5c-4c17-b760-a93a76f55282,,,,,,,,,,,,,,,,,,INVALID_GEOMETRY,,CLEAN_SPLIT
5195c3d92f2455d959f27eee719b05e4,05bbbd6d-38ea-483c-a8b6-ba9f8a0dca8c,,,,,,,,,,,,,,,,,,INVALID_GEOMETRY,,UNKNOWN
b9967c69d48658b9f3c8f2ecec6fe908,06c0d543-b6fc-402a-9269-29f73641345d,,,,,,,,,,,,,,,,,,INVALID_GEOMETRY,,CLEAN_SPLIT
8f898fa115b3a0f5461af45198246aec,0b064fac-c400-4023-b045-5c3e1e5f3b29,,,,,,,,,,,,,,,,,,INVALID_GEOMETRY,,CLEAN_SPLIT
a7cb4ea7e1f4d1ced668bc8e41fc8ae8,1426f5bc-9d52-42a6-aeb3-f1ffa13b100f,,,,,,,,,,,,,,,,,,INVALID_GEOMETRY,,CLEAN_SPLIT
aaf432bd4f9c79a5774cdf9b59ef96d0,17278792-3f54-45d4-95e6-230db2785972,,,,,,,,,,,,,,,,,,INVALID_GEOMETRY,,CLEAN_SPLIT
8469eba6473a05c5272676950c387046,1f493ed7-2f20-483d-baa4-58d4a068ab3a,,,,,,,,,,,,,,,,,,INVALID_GEOMETRY,,CLEAN_SPLIT
32c2542627529f80d0879ee613971ae1,2108058f-13ce-41ea-8b62-b3908d23310a,,,,,,,,,,,,,,,,,,INVALID_GEOMETRY,,CLEAN_SPLIT
90c751d66b36b5672687cfe235cefa4f,23a22154-dcf5-4bc3-afa5-92f52030cc49,,,,,,,,,,,,,,,,,,INVALID_GEOMETRY,,UNKNOWN
b23f3572eaaf359a3406d34ab4f1511f,268ee117-7091-4ae0-9cd8-298d014a1612,,,,,,,,,,,,,,,,,,INVALID_GEOMETRY,,CLEAN_SPLIT
ead9241fe46047c8d256e7ba63bfc4d2,34d8f324-97f7-40d1-b1b8-32312e116e43,,,,,,,,,,,,,,,,,,INVALID_GEOMETRY,,CLEAN_SPLIT
44144d11216b40163e6318b8e0736cbf,36de6dcd-efe5-44cc-ad05-4ac25a6f7eef,,,,,,,,,,,,,,,,,,INVALID_GEOMETRY,,UNKNOWN
8ccd40de54f785eef47587c33a0edfbd,378a1820-fb97-4325-bcbc-d748bbec9e17,,,,,,,,,,,,,,,,,,INVALID_GEOMETRY,,CLEAN_SPLIT
666c2c1eb55389849a398f4d4ed1504e,3a267111-e36c-44de-b30e-8f2aa406ae27,,,,,,,,,,,,,,,,,,INVALID_GEOMETRY,,CLEAN_SPLIT
86631e70888097c5f4a71ac0061c19e3,3d37b4d2-4751-4b84-95b9-c2316880a586,,,,,,,,,,,,,,,,,,INVALID_GEOMETRY,,UNKNOWN
f48106f4d9d9bc4ff50e70af728520da,3e92238c-cff7-4d14-8c3f-0754ca3926a2,,,,,,,,,,,,,,,,,,INVALID_GEOMETRY,,CLEAN_SPLIT
cc4c987881088ae58901b3249cfdea0d,4ab765cb-9e98-4b2a-ae0d-3c3a4fe72732,,,,,,,,,,,,,,,,,,INVALID_GEOMETRY,,CLEAN_SPLIT
14aca4894a2252519d22a441dffd07cd,58f72654-8b51-4161-8583-5d86a1ba6d61,,,,,,,,,,,,,,,,,,INVALID_GEOMETRY,,CLEAN_SPLIT
f12b750fa6207140c336e9b508782932,59434f8a-9cee-4840-9f0d-7b9be565b6cd,,,,,,,,,,,,,,,,,,INVALID_GEOMETRY,,CLEAN_SPLIT
33aaa974a813bb0128ba55fb3b03065d,5d997bad-38d1-41e6-be8f-fcc331848b81,,,,,,,,,,,,,,,,,,INVALID_GEOMETRY,,CLEAN_SPLIT
112b883a05d3b8911cbe5d38326d7d15,600bb778-73bd-4163-a33d-c917afceb309,,,,,,,,,,,,,,,,,,INVALID_GEOMETRY,,CLEAN_SPLIT
dfcb30cef63c3f7d9f3a3a0e7b8c8978,61217905-1340-4e68-9bc7-ebdd74f58406,,,,,,,,,,,,,,,,,,INVALID_GEOMETRY,,CLEAN_SPLIT
e779ac0d7a519a3c092a0ed43af9b4e3,61edfa13-4c15-4925-b948-8dfb1d99c303,,,,,,,,,,,,,,,,,,INVALID_GEOMETRY,,CLEAN_SPLIT
6aa2ebfe9e70cf3ba8d280736c6dd851,658ed1fb-99c6-4600-af0e-bc9999d0b202,,,,,,,,,,,,,,,,,,INVALID_GEOMETRY,,CLEAN_SPLIT
6f731c8c423b5156bb6f98cf6e53a422,66683c77-128b-4a44-81c2-8e723c5f6538,,,,,,,,,,,,,,,,,,INVALID_GEOMETRY,,CLEAN_SPLIT
8bf409ad2b8d94a9aae9ca02c9c3fde6,674deddd-5a60-4449-89b8-345f00cb90d9,,,,,,,,,,,,,,,,,,INVALID_GEOMETRY,,UNKNOWN
d87fea88a601a0befcac2a4c3af7a3ef,6acc06a8-b6c2-413d-a559-ad497c4af3c7,,,,,,,,,,,,,,,,,,INVALID_GEOMETRY,,UNKNOWN
183026bde08790176030f85654ab90a3,6fd4e763-d4fd-4ac6-bb54-f14279d15c79,,,,,,,,,,,,,,,,,,INVALID_GEOMETRY,,CLEAN_SPLIT
b61031dfeb18dcc52e9f9892eb85177b,712e5ef2-4bd2-4fb1-9ca8-c7bdebe209fb,,,,,,,,,,,,,,,,,,INVALID_GEOMETRY,,CLEAN_SPLIT
887a0a57e177b7f625685fa3d46f4b96,7391744e-0037-4513-8afe-163d7845f7d3,,,,,,,,,,,,,,,,,,INVALID_GEOMETRY,,CLEAN_SPLIT
2a0a21a42f65ef3afe5c2c0196a1745b,7402a8ea-65f1-42be-8193-51faf0ab07fe,,,,,,,,,,,,,,,,,,INVALID_GEOMETRY,,CLEAN_SPLIT
edc19535f0f883f658ea0be1a26c4e05,7422fa70-4883-47c8-9033-f035021c7d9b,,,,,,,,,,,,,,,,,,INVALID_GEOMETRY,,CLEAN_SPLIT
55289bb297c158259e295374f7271235,77e8d694-3279-4f05-85d0-0ff61166575e,,,,,,,,,,,,,,,,,,INVALID_GEOMETRY,,CLEAN_SPLIT
baf514ec7fa39c7be92bb6788b9f3146,7b74991c-d405-4b10-b3e0-6dd24b98a22a,,,,,,,,,,,,,,,,,,INVALID_GEOMETRY,,CLEAN_SPLIT
353cda4b0a921752ff19014ca2288a00,7e4abbfc-ee2e-4b2b-9c47-6bdb987c70ac,,,,,,,,,,,,,,,,,,INVALID_GEOMETRY,,CLEAN_SPLIT
27490e18cb51a6fc708dd1c1684fd3ab,88262dd2-e0f7-4058-93d2-e05979f73e08,,,,,,,,,,,,,,,,,,INVALID_GEOMETRY,,CLEAN_SPLIT
8ce74a53520a305cc90242316a089366,8946bbec-eab5-4312-97e4-aed2ac58d3ea,,,,,,,,,,,,,,,,,,INVALID_GEOMETRY,,UNKNOWN
446cf2b8e51fb69418f821fe49e8b090,8c6818bc-3cda-4459-adad-93ffa81ffcc2,,,,,,,,,,,,,,,,,,INVALID_GEOMETRY,,UNKNOWN
4fba8ccc36f0149458db43a6f04eb30b,908b8db9-97f0-494d-a325-29153c36d8d4,,,,,,,,,,,,,,,,,,INVALID_GEOMETRY,,UNKNOWN
6ff875ced5026eded4ad171ff06305d2,9383083d-e736-465e-9d6d-e647762f70dc,,,,,,,,,,,,,,,,,,INVALID_GEOMETRY,,CLEAN_SPLIT
83d9c029a1b49cade8e73176429b79c2,9a4f00f7-d4d0-4456-8dee-b0a06d517eaa,,,,,,,,,,,,,,,,,,INVALID_GEOMETRY,,CLEAN_SPLIT
6bfe76d2e6979079ee617857816b0231,9b96f0c9-7acd-4f48-8af1-59c58bdcb50f,,,,,,,,,,,,,,,,,,INVALID_GEOMETRY,,CLEAN_SPLIT
a21eaf31f4ad8b5a5538e024f9fec23d,a85d2cac-ca9e-4ab3-b03b-c834c9a0548b,,,,,,,,,,,,,,,,,,INVALID_GEOMETRY,,CLEAN_SPLIT
dc7c6ed2bca5f6a8f48fe27a484cd92b,bd431289-c40f-4ae2-86b3-d86a75fdd0a3,,,,,,,,,,,,,,,,,,INVALID_GEOMETRY,,CLEAN_SPLIT
0463589822167fe41cfb7dbfd0549c78,bf2aee88-be8e-42d0-99ed-1c2cd73d5f82,,,,,,,,,,,,,,,,,,INVALID_GEOMETRY,,UNKNOWN
61d80dbfae648053b945ffe5ff21ea6a,c506a507-92f1-41dc-901a-7a40ea8bcf00,,,,,,,,,,,,,,,,,,INVALID_GEOMETRY,,CLEAN_SPLIT
ba19fddf762b63bc77e6d4d17a80abf9,cc78c592-1cf5-4815-81bd-757127bd8abf,,,,,,,,,,,,,,,,,,INVALID_GEOMETRY,,CLEAN_SPLIT
1453be74920e1539634dc61f931559ca,cc96183f-ee74-4dc8-af9f-0223185da0c9,,,,,,,,,,,,,,,,,,INVALID_GEOMETRY,,UNKNOWN
97218c7236c785bede92fda58fb6b78e,cf8cc53b-e06e-421c-98d6-53032c022ba9,,,,,,,,,,,,,,,,,,INVALID_GEOMETRY,,CLEAN_SPLIT
8bbd07f826d214fed906f0c9a45ff8b7,d5fb28d4-6dd7-49fd-b3c3-e0d4931ef142,,,,,,,,,,,,,,,,,,INVALID_GEOMETRY,,CLEAN_SPLIT
7575b7ee9db9d220db875561241334de,d697ec0b-afd6-49a1-9957-09feb47c2b44,,,,,,,,,,,,,,,,,,INVALID_GEOMETRY,,CLEAN_SPLIT
1119d400f173f4ba96412a0e7a16a489,e81a56ee-abf8-4515-88d3-ca18bb76569b,,,,,,,,,,,,,,,,,,INVALID_GEOMETRY,,CLEAN_SPLIT
cc778a961bc56451b48aef3ee99c6e55,eb364376-675c-4d9f-b9f1-da2fcfaaeb3f,,,,,,,,,,,,,,,,,,INVALID_GEOMETRY,,CLEAN_SPLIT
af7320c10246a61134cc821f8f402f5e,ebaf7f90-cda8-48c9-81bc-74c8a1627545,,,,,,,,,,,,,,,,,,INVALID_GEOMETRY,,CLEAN_SPLIT
f95cd5bff8a1d109934669d56cf15e3b,ed009853-d5a5-495c-83c4-98a5d01a6354,,,,,,,,,,,,,,,,,,INVALID_GEOMETRY,,CLEAN_SPLIT
498af64b04441e264527f159f7441953,ee939ef9-2f17-43a8-ad10-bb74395ae5db,,,,,,,,,,,,,,,,,,INVALID_GEOMETRY,,CLEAN_SPLIT
a4d9e0aa02548fa8f6553de24ceb1d40,f88fe988-85d5-42c2-8d18-9d688f2e2262,,,,,,,,,,,,,,,,,,INVALID_GEOMETRY,,CLEAN_SPLIT
87f095db05f5d3fb1f5268fb6989b6ff,fa787d5f-b21c-4731-a76d-6ce94a98ca62,,,,,,,,,,,,,,,,,,INVALID_GEOMETRY,,CLEAN_SPLIT
4dc8b6e0836038122b751c8c870a122a,fc194506-db3d-4125-a108-7cdd3075358a,,,,,,,,,,,,,,,,,,INVALID_GEOMETRY,,CLEAN_SPLIT
9710a6acbd4182b75b4b8190f298f31a,fd087a7a-3c66-4fee-9f75-2ad4ab2555bd,,,,,,,,,,,,,,,,,,INVALID_GEOMETRY,,CLEAN_SPLIT
b65eb15021da7c2b323cf6e4e3968114,02cd6089-51cd-43d0-9c64-a967f6d14876,,,,,,,,,,,,,,,,,,INVALID_GEOMETRY,,CLEAN_SPLIT
29d10c626cf1ca1c21e216a7ff603470,1317f72e-85e8-452a-ab53-b2fd73a8cc57,,,,,,,,,,,,,,,,,,INVALID_GEOMETRY,,CLEAN_SPLIT
96204f92b3a0579d309150f08ab4cd91,1cef362e-4187-4076-a84d-155f5464f015,,,,,,,,,,,,,,,,,,INVALID_GEOMETRY,,CLEAN_SPLIT
2da9283793cb8133e5fdd7ceab281301,1cfcd184-ddf2-4b6a-8a5c-9e03d306ab8e,,,,,,,,,,,,,,,,,,INVALID_GEOMETRY,,UNKNOWN
2f6e9e9b5e0fc397a96131efac66d795,240ddb9a-db23-4fea-ae17-ff8821030ee9,,,,,,,,,,,,,,,,,,INVALID_GEOMETRY,,CLEAN_SPLIT
b279d317bee056a1ef67f1f66423f920,2cf2cea3-f130-45fe-b50b-f5de5d110f4f,,,,,,,,,,,,,,,,,,INVALID_GEOMETRY,,CLEAN_SPLIT
de21c1c081dd08af5b9d46110d6a9351,2d6ed94f-c939-48ed-a815-df2271d97627,,,,,,,,,,,,,,,,,,INVALID_GEOMETRY,,CLEAN_SPLIT
2d21f59996560a5636f882e810bc4e65,32e67423-82e9-40a7-ad78-afca4c17cee4,,,,,,,,,,,,,,,,,,INVALID_GEOMETRY,,CLEAN_SPLIT
661944f1d36d87e8b27763ed89a8001f,389e4cc0-06ef-4328-a4c1-4917722e70d7,,,,,,,,,,,,,,,,,,INVALID_GEOMETRY,,CLEAN_SPLIT
4b75f4496adc86ecc7ab70f12d31376d,3a2b98cb-e06c-4733-8b00-e6410f033a7c,,,,,,,,,,,,,,,,,,INVALID_GEOMETRY,,CLEAN_SPLIT
7e7e29c2afd1ca66aadc6f38bda5d95c,3d9b35b1-c928-4693-9341-628249cfba6e,,,,,,,,,,,,,,,,,,INVALID_GEOMETRY,,CLEAN_SPLIT
986c1bd188312e0ddf3dc10f0ddc238f,505b2804-0b1c-465c-a373-7bf8504355d6,,,,,,,,,,,,,,,,,,INVALID_GEOMETRY,,UNKNOWN
20a16f6c8ff5887fefb3c908c2efaa00,51bb6a04-3815-4dbc-8ecd-01abbc43b3a4,,,,,,,,,,,,,,,,,,INVALID_GEOMETRY,,CLEAN_SPLIT
5d0436a4915cac0f4a4f985550507c0d,5e06a7e3-0acb-44f3-9f9a-7b05423df716,,,,,,,,,,,,,,,,,,INVALID_GEOMETRY,,UNKNOWN
9cd3290dc3f9f79ff87922581f7247f1,6457f43a-44e8-4e2d-a79d-9ac9097eeb9a,,,,,,,,,,,,,,,,,,INVALID_GEOMETRY,,CLEAN_SPLIT
45452b3cc5c3aa77e19f44038624a90d,65b2619f-be3b-4564-a536-b6d355908294,,,,,,,,,,,,,,,,,,INVALID_GEOMETRY,,CLEAN_SPLIT
239eb0f86c60ce96c1f1d22e662b1d56,6684730f-5a4b-4183-9a71-823df83c2482,,,,,,,,,,,,,,,,,,INVALID_GEOMETRY,,CLEAN_SPLIT
939bc5dfb49bb4ab974331ff8679b8db,6704d309-33f4-4cde-be30-c118f5eb4144,,,,,,,,,,,,,,,,,,INVALID_GEOMETRY,,CLEAN_SPLIT
de63578f0af51b11ed28f55dab2d5e8a,67d80f13-1647-4ee9-84ac-ca0f16ee864e,,,,,,,,,,,,,,,,,,INVALID_GEOMETRY,,CLEAN_SPLIT
e6aa1939710e1fc8ba5fd89dcb2c3c7f,68142cb0-0267-4c3c-a38e-6e4341cb77d1,,,,,,,,,,,,,,,,,,INVALID_GEOMETRY,,CLEAN_SPLIT
7b21962948f8c137ea675971b1059970,6a831ce5-5a4d-43a1-ab14-7dc59f346d5f,,,,,,,,,,,,,,,,,,INVALID_GEOMETRY,,CLEAN_SPLIT
6cb10f53423cae67caa8651136fbf86c,6cc9fcbe-7d63-4d79-b4c3-424d20a8868b,,,,,,,,,,,,,,,,,,INVALID_GEOMETRY,,UNKNOWN
b36668414d5fb6ba67bf8f0fb73a6666,6d66f7ed-06be-4a06-b1bf-edb78971632f,,,,,,,,,,,,,,,,,,INVALID_GEOMETRY,,CLEAN_SPLIT
e0519d00a5b798c0f8dd7d8c26912e62,6dd8b6e3-9f7a-4781-8ddb-ae7ff1334149,,,,,,,,,,,,,,,,,,INVALID_GEOMETRY,,CLEAN_SPLIT
8516ba8e4fc18112b7861e1f87ec622d,6f67caab-1cce-4a45-aad7-0dd8d8219865,,,,,,,,,,,,,,,,,,INVALID_GEOMETRY,,CLEAN_SPLIT
5bb232122a7ea6b4db71dedf71825cbc,74abfe69-4308-44fe-8018-7ddf1f6f76b1,,,,,,,,,,,,,,,,,,INVALID_GEOMETRY,,CLEAN_SPLIT
4c12805740b2f331666ab5e735d56e38,764a3612-b838-46c9-af81-5885eb25c771,,,,,,,,,,,,,,,,,,INVALID_GEOMETRY,,CLEAN_SPLIT
c9ca03030050cab00051ecf148b8aa64,76567dba-bb1c-468d-81fe-aacac590a052,,,,,,,,,,,,,,,,,,INVALID_GEOMETRY,,CLEAN_SPLIT
29df8ecb5a7c970345b843e3cf62a542,79d13b9a-3163-4244-b26f-4285e769cde2,,,,,,,,,,,,,,,,,,INVALID_GEOMETRY,,CLEAN_SPLIT
af499086b04d2f3f9565c9f238669641,7c9e85e2-8ca0-4f3d-9275-af5562316450,,,,,,,,,,,,,,,,,,INVALID_GEOMETRY,,UNKNOWN
386fe03b69861168d97e7ba683701341,818ba690-3322-4780-aaa9-905dd7f9e211,,,,,,,,,,,,,,,,,,INVALID_GEOMETRY,,CLEAN_SPLIT
5d0a83763137ef76f53ff6ffb2ee620c,83acd55e-4e6f-4c27-90ce-17c3fd524a23,,,,,,,,,,,,,,,,,,INVALID_GEOMETRY,,CLEAN_SPLIT
5a9230e4c25ebfb27d278cc831a56588,8699f88d-ed7c-415c-bedd-e0f8e9c68d71,,,,,,,,,,,,,,,,,,INVALID_GEOMETRY,,UNKNOWN
e6f14cb2844f775f0e8748a889a7e337,95b91cc6-10eb-47b5-afc3-fe2c78636efb,,,,,,,,,,,,,,,,,,INVALID_GEOMETRY,,UNKNOWN
be91c77a9e3f54545e85c8503d337ed7,a015a9c8-c519-415f-8fc3-6944fd77d429,,,,,,,,,,,,,,,,,,INVALID_GEOMETRY,,CLEAN_SPLIT
6c0d144995abfb1250f7d86e986e65c0,a0981562-6ea9-46e8-9789-bd3a2cb24d54,,,,,,,,,,,,,,,,,,INVALID_GEOMETRY,,UNKNOWN
5f12443c97b38b279a9b17a4fb4dfc70,a2faa7d4-0cdf-45cc-b410-4df034a7c7d4,,,,,,,,,,,,,,,,,,INVALID_GEOMETRY,,CLEAN_SPLIT
ad02f9acf914f152b5dcd1ccbc16e8b7,a9d083aa-a3c8-4c69-81e5-5552b5fdc61d,,,,,,,,,,,,,,,,,,INVALID_GEOMETRY,,CLEAN_SPLIT
b5903d5ccbcc9fbb2aa18a4d901074c3,c157c743-b032-4f32-950b-eae6c31d7c98,,,,,,,,,,,,,,,,,,INVALID_GEOMETRY,,UNKNOWN
7df26001a966cb5bcd5515756047643b,c40cafb2-2ec0-4882-9906-ddbd903f8588,,,,,,,,,,,,,,,,,,INVALID_GEOMETRY,,CLEAN_SPLIT
6687c143d0cf93ef486efe582c61c008,c74d8665-6264-4d95-8328-49e8356753bf,,,,,,,,,,,,,,,,,,INVALID_GEOMETRY,,CLEAN_SPLIT
3c9218c5b49072ab207164efd5564840,cc88a02b-91e0-428f-ac62-d246dda4d500,,,,,,,,,,,,,,,,,,INVALID_GEOMETRY,,UNKNOWN
363ac164d0a4afda39cb18afb259761a,cf328dfe-4b6a-472c-815e-c4145cabe5e9,,,,,,,,,,,,,,,,,,INVALID_GEOMETRY,,CLEAN_SPLIT
430a2c756d5f384f2d14265251d0223e,d0e20f52-5729-438d-9a6b-210affe3f1ee,,,,,,,,,,,,,,,,,,INVALID_GEOMETRY,,CLEAN_SPLIT
2c90c447b8d35931b56bcd52148a265b,d0e73d6c-2249-4511-8f8d-9358040d44f9,,,,,,,,,,,,,,,,,,INVALID_GEOMETRY,,UNKNOWN
e990c053fc99192eabd6107a3f1212b6,d4187a8c-487e-43bd-b8f4-e12eed34090e,,,,,,,,,,,,,,,,,,INVALID_GEOMETRY,,CLEAN_SPLIT
d2478184b71a8174554f7fa18ddb26da,dae500e1-2c34-46cd-aeb5-e2a2bad2f8de,,,,,,,,,,,,,,,,,,INVALID_GEOMETRY,,CLEAN_SPLIT
d277ef5ecbc4b1254782ea36d1f31f55,daf29bd4-4acd-499a-ab5d-13753c0bf866,,,,,,,,,,,,,,,,,,INVALID_GEOMETRY,,CLEAN_SPLIT
b067fb9fe90231cd93af8f278e3cd95b,e00bf8de-4ada-4035-bca5-7e4030ace0c7,,,,,,,,,,,,,,,,,,INVALID_GEOMETRY,,CLEAN_SPLIT
439532a4d0ccc46a64a483adbcd698e5,e3bae7c0-4233-491d-9deb-25193eb5b82f,,,,,,,,,,,,,,,,,,INVALID_GEOMETRY,,UNKNOWN
d55a36b9236950426a70619a0ecdf911,e440395c-8556-49c4-b457-8e0c25b5e29e,,,,,,,,,,,,,,,,,,INVALID_GEOMETRY,,CLEAN_SPLIT
b3fb9497ce83fc66e789d865ecb06a6b,e861228e-b890-4912-a330-f7fb299a4227,,,,,,,,,,,,,,,,,,INVALID_GEOMETRY,,CLEAN_SPLIT
f7c30c5d2ce3b3d5c8389469019eec67,ea659402-7b12-4184-9ed3-825ed9a6a927,,,,,,,,,,,,,,,,,,INVALID_GEOMETRY,,CLEAN_SPLIT
d971f06d7a5bc943068e55788c710664,eb9379a9-781a-41d6-a92c-24b036ed0650,,,,,,,,,,,,,,,,,,INVALID_GEOMETRY,,CLEAN_SPLIT
5d5d76871626725c47181914c07353c2,f24ed812-bf1c-4c13-bf14-ddbadebb543d,,,,,,,,,,,,,,,,,,INVALID_GEOMETRY,,CLEAN_SPLIT
1db8d555881306e45f4dcb245d23feb9,f3593a63-89fe-4656-bf0b-bb5a1796152d,,,,,,,,,,,,,,,,,,INVALID_GEOMETRY,,CLEAN_SPLIT
936eb886a3e65d9bae0a4e9ef4668c8f,0ad75e94-a14b-467d-820b-a25c432e4e5b,,,,,,,,,,,,,,,,,,INVALID_GEOMETRY,,CLEAN_SPLIT
42ee15a653dbfb2861cb9170282466f9,10ad8586-0c4b-4973-b820-283218834f06,,,,,,,,,,,,,,,,,,INVALID_GEOMETRY,,CLEAN_SPLIT
71937f289bd46177c47bf7c685ae2d2c,21f5c67c-ab8a-40d2-a23f-4dee99de5e9a,,,,,,,,,,,,,,,,,,INVALID_GEOMETRY,,UNKNOWN
37dbc693e974b49a829a66ace80e00d7,2271eaa9-2124-4e7c-896c-7b92162fa1ca,,,,,,,,,,,,,,,,,,INVALID_GEOMETRY,,CLEAN_SPLIT
42602c6761499b5c5ca02146960551bc,24c37a1d-f53a-4891-8eb2-bdd835714195,,,,,,,,,,,,,,,,,,INVALID_GEOMETRY,,CLEAN_SPLIT
245e40d08d44d9055c4d16d8740ef070,301f19a0-5a6e-4d76-a581-4a0284194f5f,,,,,,,,,,,,,,,,,,INVALID_GEOMETRY,,CLEAN_SPLIT
e8c38760fe226b68772da1a04dc13719,3093c5e1-d30c-40b8-9bc4-ef71b68834b8,,,,,,,,,,,,,,,,,,INVALID_GEOMETRY,,CLEAN_SPLIT
0a8ae30d3aa82a581c492e8f31ef44c1,366a1ac2-a232-47a9-9d58-eb9c6df4da1b,,,,,,,,,,,,,,,,,,INVALID_GEOMETRY,,UNKNOWN
6e0ad5564297074d2dce939c55d7fba6,37609cda-55b7-4be3-a0ba-549dc5d09f05,,,,,,,,,,,,,,,,,,INVALID_GEOMETRY,,CLEAN_SPLIT
8adafbfbf7ae0bc78c67af6c7f48f344,38a254cb-eb90-4bec-a329-d003a3334f27,,,,,,,,,,,,,,,,,,INVALID_GEOMETRY,,CLEAN_SPLIT
d0e3825f056c43b40cb585400f346c11,3a2e6f51-fa77-488f-9890-9f770eb52793,,,,,,,,,,,,,,,,,,INVALID_GEOMETRY,,CLEAN_SPLIT
79e08b7642aba1e9f44661b6f1996d7a,3afd721c-42a6-4efd-b1d1-05f21fa6a0c1,,,,,,,,,,,,,,,,,,INVALID_GEOMETRY,,CLEAN_SPLIT
9b4556e1ba5349bf321f98bcf2eb4fb5,3cd06bff-7efe-4ce4-9cbc-2d23c7752771,,,,,,,,,,,,,,,,,,INVALID_GEOMETRY,,CLEAN_SPLIT
d2ea8e6469268c0deff7039d9fc8bed8,40fd15ec-05c1-404d-b3d1-dee54a7a585d,,,,,,,,,,,,,,,,,,INVALID_GEOMETRY,,UNKNOWN
4b85f70f64259bec5d3fcc1a655e989b,43357cbe-9dda-4899-b25d-c082879896f3,,,,,,,,,,,,,,,,,,INVALID_GEOMETRY,,CLEAN_SPLIT
d7fbc760219385ea37b7e273b52c6b72,489461c1-715c-4dab-b350-dd8a1d2c6ea7,,,,,,,,,,,,,,,,,,INVALID_GEOMETRY,,CLEAN_SPLIT
f93539fd1540a960e6221b4813407dbd,4d740ed6-befa-4062-95fd-9590a7a32329,,,,,,,,,,,,,,,,,,INVALID_GEOMETRY,,CLEAN_SPLIT
7888c0acabfd2f4f876767d5c7bb8987,590c8002-573f-4281-83aa-c70fa50b5532,,,,,,,,,,,,,,,,,,INVALID_GEOMETRY,,CLEAN_SPLIT
3c3f99d1b8e3acdb3d4117dee7b37384,59c0ebfd-dd48-425f-987a-70f6448ba177,,,,,,,,,,,,,,,,,,INVALID_GEOMETRY,,CLEAN_SPLIT
4c6f484a87413580f4c475ec258f62b1,5d1e0ec0-6c8d-4872-a956-613795d87b74,,,,,,,,,,,,,,,,,,INVALID_GEOMETRY,,CLEAN_SPLIT
712307e91f8600e597a74a89e9c16f72,5ee78df3-d82e-49ce-9fb7-30b2f8dc71de,,,,,,,,,,,,,,,,,,INVALID_GEOMETRY,,UNKNOWN
b9349e3c52fce9db170cc0261db75cae,5f9d355b-bb16-403f-ba23-0231f0064bbd,,,,,,,,,,,,,,,,,,INVALID_GEOMETRY,,CLEAN_SPLIT
0362281fdf180e4ab693be0712ba6ed6,623acb90-27c9-47fa-bd73-a29a60465036,,,,,,,,,,,,,,,,,,INVALID_GEOMETRY,,CLEAN_SPLIT
20b8dfb112955738919fbd94fb37a6f0,652601be-cf2d-4e0f-808b-99a7cd84ed44,,,,,,,,,,,,,,,,,,INVALID_GEOMETRY,,CLEAN_SPLIT
7c8dee6deb7dc2b0c5b3f14f9345742d,7650137b-57b7-43e6-818c-cea21ff9b2ef,,,,,,,,,,,,,,,,,,INVALID_GEOMETRY,,CLEAN_SPLIT
8b155a66449e785abbac619c91b402cd,7699150c-ebc6-4c75-9c8e-9f65c9d5f527,,,,,,,,,,,,,,,,,,INVALID_GEOMETRY,,CLEAN_SPLIT
cfac76ad80105a9fffa94d81c5edc526,79167724-9d87-4428-aca0-c020cb96add1,,,,,,,,,,,,,,,,,,INVALID_GEOMETRY,,CLEAN_SPLIT
a63b7901c7f1813b489e9f9230b0ff2a,7fc83f01-8d40-422c-a30e-1f7e7bffc7a5,,,,,,,,,,,,,,,,,,INVALID_GEOMETRY,,CLEAN_SPLIT
856f9414b738e13f51cc7b7eebe4e93d,86c552b8-5179-4edd-ae16-b20f502a5ad0,,,,,,,,,,,,,,,,,,INVALID_GEOMETRY,,CLEAN_SPLIT
a88a2e65043553e4d8baee438d2c3ca5,95975ba5-97eb-4f4a-b239-aa522c75e3dd,,,,,,,,,,,,,,,,,,INVALID_GEOMETRY,,CLEAN_SPLIT
3ea15ca0a666dc95133c98bcd8b75115,95f8da4b-c44e-4e95-9837-dd506d44f844,,,,,,,,,,,,,,,,,,INVALID_GEOMETRY,,CLEAN_SPLIT
ec55433fd77fee622045ee77e57dd204,96676231-651e-4d83-915a-2b061fea3509,,,,,,,,,,,,,,,,,,INVALID_GEOMETRY,,CLEAN_SPLIT
ead29dd37eeeb982e03201330410d254,99fe6e08-0280-4666-8bc4-9752e5a59450,,,,,,,,,,,,,,,,,,INVALID_GEOMETRY,,CLEAN_SPLIT
b22e687004120de4d7913f706aee361f,9c536b7b-5589-4f32-a7ed-2a42bd9e61ab,,,,,,,,,,,,,,,,,,INVALID_GEOMETRY,,CLEAN_SPLIT
2496d96a462fc4a46f54bd9aa9f9e1e7,9edd8541-000e-4184-bbfe-a416a0312940,,,,,,,,,,,,,,,,,,INVALID_GEOMETRY,,CLEAN_SPLIT
68026dbff68a2a494d8778024911489c,a0eb050e-5fb1-4c81-a5ac-4621f5281e40,,,,,,,,,,,,,,,,,,INVALID_GEOMETRY,,CLEAN_SPLIT
533e74049ccd596ef4ac8925de396303,a91de970-04ed-421f-a1c3-0e03bef58749,,,,,,,,,,,,,,,,,,INVALID_GEOMETRY,,CLEAN_SPLIT
dd6e2c8a970f9142de06d1c6fd410cea,aa420601-161f-419c-a64a-6ff4ef076526,,,,,,,,,,,,,,,,,,INVALID_GEOMETRY,,CLEAN_SPLIT
031d595bd32fe7eee1047e3c3abfd990,b0a162fa-d19d-4d81-9ea2-5a307f4428fa,,,,,,,,,,,,,,,,,,INVALID_GEOMETRY,,CLEAN_SPLIT
6a765c852e525e19b4dcee5c3bde947f,c509b69c-bea4-405f-a9c6-5570b3dbe6af,,,,,,,,,,,,,,,,,,INVALID_GEOMETRY,,CLEAN_SPLIT
f35fd3a39f2212e2783bd8a6ed81f0b2,c9a2789b-d744-4949-a86a-7f26e6e21f96,,,,,,,,,,,,,,,,,,INVALID_GEOMETRY,,CLEAN_SPLIT
edfd99d96c8ebb9975fa6d9713555810,cd7bd567-5ea3-4175-aebb-44f5df587322,,,,,,,,,,,,,,,,,,INVALID_GEOMETRY,,CLEAN_SPLIT
0f8979e0afd449d7d85d86d88080fd9f,d1caa0fa-beab-473a-a426-3f5ab61ce786,,,,,,,,,,,,,,,,,,INVALID_GEOMETRY,,CLEAN_SPLIT
a27fd592d27edddd4c032e68319f3bf5,dda00bab-a432-4f34-bfb7-d2d9eb3a9776,,,,,,,,,,,,,,,,,,INVALID_GEOMETRY,,CLEAN_SPLIT
b89ff6a361187a58bbd888bbc0e9834a,e1be6f42-fd1e-4b5c-b5c8-1194508c6ce6,,,,,,,,,,,,,,,,,,INVALID_GEOMETRY,,CLEAN_SPLIT
e4a90a561cc53684bac085fb388e25c4,e299667a-dae1-4c0c-9d4b-d6ed2ba8c9dc,,,,,,,,,,,,,,,,,,INVALID_GEOMETRY,,CLEAN_SPLIT
c2236f0fe70bec5eb669cc1e024904a4,e43fe736-27da-49bf-b5ed-d20e81da6269,,,,,,,,,,,,,,,,,,INVALID_GEOMETRY,,CLEAN_SPLIT
0477f8b55ebdc5fce2890a4ef9c0b907,e9139c3d-e904-48fe-b638-dce34b5ef126,,,,,,,,,,,,,,,,,,INVALID_GEOMETRY,,CLEAN_SPLIT
cf0af5768147764128651076c1e2b769,e95dbc28-cd15-41a2-9492-d73dc360eea5,,,,,,,,,,,,,,,,,,INVALID_GEOMETRY,,UNKNOWN
bd2cdab0927de394a8f9a1798516b476,e9635696-79d7-4f40-a91e-57ba3f854861,,,,,,,,,,,,,,,,,,INVALID_GEOMETRY,,UNKNOWN
6a48e22f2229e081ca106745e1c083e4,eeda5bbc-fba3-4343-b0ed-2c6e0cc99825,,,,,,,,,,,,,,,,,,INVALID_GEOMETRY,,CLEAN_SPLIT
ce513ee25ba0ea6664c4f62644869ae7,f2b85cf3-4425-4bb4-9091-1ff56f10b623,,,,,,,,,,,,,,,,,,INVALID_GEOMETRY,,CLEAN_SPLIT
6d25174e45b9d30ada7bbdd7d578da01,f2e4dc3e-b360-464d-9675-d2a82a242d17,,,,,,,,,,,,,,,,,,INVALID_GEOMETRY,,UNKNOWN
df1c4178cb86c7a436e38dd013abf3a8,f52d3d60-1c9c-4b92-b6d3-9411270652bb,,,,,,,,,,,,,,,,,,INVALID_GEOMETRY,,CLEAN_SPLIT
f7639ce41b595899eb2dadb3dfbcb1d7,fad8a1e2-41ae-4d2c-9aa1-d9abc82f5b10,,,,,,,,,,,,,,,,,,INVALID_GEOMETRY,,CLEAN_SPLIT
671ffc6c541d92d8309d0b8b4fad50ab,04c1734d-f090-4535-81c8-a5bd38e42035,,,,,,,,,,,,,,,,,,INVALID_GEOMETRY,,CLEAN_SPLIT
efe909286b693682d7365b67a0f9eb7e,0bcacd7a-a116-4224-90c4-ee028f75d1cb,,,,,,,,,,,,,,,,,,INVALID_GEOMETRY,,CLEAN_SPLIT
41b287c385eb8e6d6d2d1ca972794c31,1a0bafcf-91d8-4371-87bd-8aa6b7a6dc22,,,,,,,,,,,,,,,,,,INVALID_GEOMETRY,,UNKNOWN
c476744485ff757f3ad8c2b85c305f7f,33027270-400d-43bf-a372-d34b8087b111,,,,,,,,,,,,,,,,,,INVALID_GEOMETRY,,CLEAN_SPLIT
48ec9ee971d85a697b42dbd4135abfb4,33611dcd-9c70-4c50-b87c-951c14a2c59c,,,,,,,,,,,,,,,,,,INVALID_GEOMETRY,,CLEAN_SPLIT
901c11c78ae94d348084c2ec7ce3b061,371caae1-b09c-41b5-aca5-e3535100aa5a,,,,,,,,,,,,,,,,,,INVALID_GEOMETRY,,UNKNOWN
567bf3670bc5d396eb66b3f68f1a46a5,3b2c3d5c-5d49-40fc-80ba-7dccdc9d8a3d,,,,,,,,,,,,,,,,,,INVALID_GEOMETRY,,CLEAN_SPLIT
5ad4d7007fd0c9bd6e77fc3e81fa1e39,47ee0c88-38cc-41b7-b7a6-c3dfe3ef6f05,,,,,,,,,,,,,,,,,,INVALID_GEOMETRY,,CLEAN_SPLIT
63f6d264778fb1b67e9b5c4ddf8544bf,48845d8a-0953-4740-8592-900b36a839c9,,,,,,,,,,,,,,,,,,INVALID_GEOMETRY,,CLEAN_SPLIT
aa9c82e362fd61616b0efc96f3f84222,48f281a4-3462-44f0-9f50-1870a4ea8148,,,,,,,,,,,,,,,,,,INVALID_GEOMETRY,,CLEAN_SPLIT
54265ac63a8ea70e631aac1425a52235,4d572911-f361-44e3-8748-985f89b06f12,,,,,,,,,,,,,,,,,,INVALID_GEOMETRY,,CLEAN_SPLIT
b1c9870684c404d9e0c5a91b95a916ad,5428b26f-3afa-4936-a4b0-ae7b8c20f833,,,,,,,,,,,,,,,,,,INVALID_GEOMETRY,,CLEAN_SPLIT
dab42136ac5f2e42b13ad7db78cbf89f,565b2b50-44f3-4189-99ba-725df12ab2cd,,,,,,,,,,,,,,,,,,INVALID_GEOMETRY,,CLEAN_SPLIT
be7bbd3109ae7ea3cd054453981524a6,567925b2-39be-42c0-b2aa-e73f017255bd,,,,,,,,,,,,,,,,,,INVALID_GEOMETRY,,CLEAN_SPLIT
bcc1043c39ab9546271ee538a6ab6157,57fb5dca-0043-4974-8a74-fbff467fe4e0,,,,,,,,,,,,,,,,,,INVALID_GEOMETRY,,UNKNOWN
63550a6f9ada62a9ad7bdd94d96b59fd,5ae48b86-8485-41eb-a35d-eae42ac300b2,,,,,,,,,,,,,,,,,,INVALID_GEOMETRY,,CLEAN_SPLIT
f6400627067e32ea1e0e1e2f3f84ac30,5ed46932-200a-4d2c-9844-1c04b3617d55,,,,,,,,,,,,,,,,,,INVALID_GEOMETRY,,CLEAN_SPLIT
5163be8f57791768c47dc1d4760074c6,5f6308cf-31d8-4324-9ba0-17fa27c38053,,,,,,,,,,,,,,,,,,INVALID_GEOMETRY,,UNKNOWN
84a3f42c7243b357d79fc9bfde598d8c,60304913-f813-4e77-8cb8-322307509d90,,,,,,,,,,,,,,,,,,INVALID_GEOMETRY,,CLEAN_SPLIT
ece7b3892160bd44ad58ab0ac5e29d3c,6515fec8-c40d-41e2-9550-155df6767670,,,,,,,,,,,,,,,,,,INVALID_GEOMETRY,,CLEAN_SPLIT
d015343089586d7e8ea65755c1a653fa,6f2b32ae-763e-4884-ae8f-eca422539116,,,,,,,,,,,,,,,,,,INVALID_GEOMETRY,,CLEAN_SPLIT
687213d88a130db21e37ed95ee8a4105,7254e03d-69eb-408f-ba85-ab6734444c03,,,,,,,,,,,,,,,,,,INVALID_GEOMETRY,,UNKNOWN
1f57a9bb0e91ec7a977fa73c254055e4,74237540-ca0b-4dfd-9a18-3e0d0f7ae8bf,,,,,,,,,,,,,,,,,,INVALID_GEOMETRY,,CLEAN_SPLIT
e9d2934332081e88c0cc7ead8b29ec86,7453a4c4-a8f0-4349-a2ca-05c901126ce8,,,,,,,,,,,,,,,,,,INVALID_GEOMETRY,,UNKNOWN
d4046699fcdc65edcca009873839c6af,750c146f-2cb4-4e63-b439-e3093a5ae65b,,,,,,,,,,,,,,,,,,INVALID_GEOMETRY,,CLEAN_SPLIT
3a472ed930aed7041244f7bf0c00a53d,7783e4cf-3f2d-4c91-ace7-feeb6a0558f1,,,,,,,,,,,,,,,,,,INVALID_GEOMETRY,,UNKNOWN
c89c033105670c470a4020997d4aadf7,790b93fc-2a86-4725-8424-f60ff18487e6,,,,,,,,,,,,,,,,,,INVALID_GEOMETRY,,CLEAN_SPLIT
9f5fd3e2f2a6d694d0015a0dd8807053,7f51b5f1-3e10-4c54-997f-aca079e55afe,,,,,,,,,,,,,,,,,,INVALID_GEOMETRY,,CLEAN_SPLIT
0d9c2fa8319e3b66d99acca4a0271a85,8064bb55-f8f7-4ec9-acba-d04186fc0d4b,,,,,,,,,,,,,,,,,,INVALID_GEOMETRY,,CLEAN_SPLIT
bb63c98e0eb86a4842b839c5128e0634,826fe1a6-6d35-47dd-90b0-7b42ce4fe31f,,,,,,,,,,,,,,,,,,INVALID_GEOMETRY,,UNKNOWN
92d8ebce778c4250936374fee9e88ce1,82f0ae9f-a480-442b-8a62-2db1a27b39c8,,,,,,,,,,,,,,,,,,INVALID_GEOMETRY,,UNKNOWN
09442326a9df510dbfd2e6b080b637e1,85a3c612-4551-4a10-82a3-0ed0bbc8810a,,,,,,,,,,,,,,,,,,INVALID_GEOMETRY,,CLEAN_SPLIT
417c732191cd22b9e873753e3d8af677,965285ed-d104-4762-88c7-74ff5705d7cf,,,,,,,,,,,,,,,,,,INVALID_GEOMETRY,,CLEAN_SPLIT
bfef4a285af36a0b03d14c657d53abc8,9b2e96a6-b07a-4b3a-af4d-dbcf18998b7a,,,,,,,,,,,,,,,,,,INVALID_GEOMETRY,,CLEAN_SPLIT
702294e4593ec438d6bbcee9a69295d2,a29a2c5b-5db0-4088-a8c5-ac5b6a911fea,,,,,,,,,,,,,,,,,,INVALID_GEOMETRY,,CLEAN_SPLIT
10bce844a8df03fbdcea33a59fc5946d,a44d1dd0-6ca2-446d-9fd1-b4d3f04b1afe,,,,,,,,,,,,,,,,,,INVALID_GEOMETRY,,CLEAN_SPLIT
80b91eed5d97d05d407595c3b96ee7a9,a6254cf4-6064-442d-a7ba-7b97bbd89728,,,,,,,,,,,,,,,,,,INVALID_GEOMETRY,,UNKNOWN
2f4ed8330ff47976175a84b4a4ec6e54,a64606c2-425b-46ab-b582-012423033fe0,,,,,,,,,,,,,,,,,,INVALID_GEOMETRY,,CLEAN_SPLIT
b6a32b5a6153186a416b2836a446b0bd,a95e5ae4-7317-4519-9f48-c0f8c35da321,,,,,,,,,,,,,,,,,,INVALID_GEOMETRY,,CLEAN_SPLIT
e933962895c8759d8fbceb96eff50083,ab0d18d1-dc72-48de-aa24-66694e1ba056,,,,,,,,,,,,,,,,,,INVALID_GEOMETRY,,CLEAN_SPLIT
4d826f7f951fd272c4a715f89ec27493,bb8142ae-a83f-4536-8c7c-78296ed4a042,,,,,,,,,,,,,,,,,,INVALID_GEOMETRY,,CLEAN_SPLIT
d0094f09c74089641fc662dbe29de85a,bc39088c-934d-427e-b4dc-16fa635e0e52,,,,,,,,,,,,,,,,,,INVALID_GEOMETRY,,CLEAN_SPLIT
2ad78d8c0fa096538e2c9f7f43136302,bd9f4a92-18da-4163-8e25-397a5ef07292,,,,,,,,,,,,,,,,,,INVALID_GEOMETRY,,CLEAN_SPLIT
d8aef1778139095b3dae85197d97268c,c937a010-63af-492f-9e33-79670c456840,,,,,,,,,,,,,,,,,,INVALID_GEOMETRY,,CLEAN_SPLIT
71199bd8db879c5859f674895224dac4,d92963ea-7d86-4c68-8d06-c7fe4fefef44,,,,,,,,,,,,,,,,,,INVALID_GEOMETRY,,CLEAN_SPLIT
b07d8fa1c26bc2debed8b4146dcc600b,d9fd71c0-359f-4918-993c-6e071d0aa0bd,,,,,,,,,,,,,,,,,,INVALID_GEOMETRY,,CLEAN_SPLIT
28059062dc86d3dadd7525335591012b,e050c40f-6ee0-4128-9e57-325370661735,,,,,,,,,,,,,,,,,,INVALID_GEOMETRY,,UNKNOWN
f6592c2ffc7f42176b04b54dc9acbcd0,e2a862e1-63b2-474b-b995-d8ef7fa9cbd4,,,,,,,,,,,,,,,,,,INVALID_GEOMETRY,,CLEAN_SPLIT
03f8533628869a3310ae44834c3f2200,e74de32b-979d-4a0a-a769-de981061215f,,,,,,,,,,,,,,,,,,INVALID_GEOMETRY,,UNKNOWN
eb3283635e75d9c7b269dd82d97af9d0,ee3cea57-3910-48b9-a09a-38e2e91dda8c,,,,,,,,,,,,,,,,,,INVALID_GEOMETRY,,CLEAN_SPLIT
7c76d7718f2b3e53df00071e057166f2,f167b196-afe7-41d7-be0b-0245542eced3,,,,,,,,,,,,,,,,,,INVALID_GEOMETRY,,CLEAN_SPLIT
d02e62902ebc45f87e9792573b3c0753,f1ea122b-6fc1-4a78-a401-14d026217618,,,,,,,,,,,,,,,,,,INVALID_GEOMETRY,,CLEAN_SPLIT
3ba8694821cf8950e3c7da288ca8b965,04ceb673-eba9-452a-8a7a-5905d00b86fc,,,,,,,,,,,,,,,,,,INVALID_GEOMETRY,,UNKNOWN
b6a4462e8abbc8be0c90810ae263ae33,06821f2f-ea96-45fc-b88e-17993bd3cf3f,,,,,,,,,,,,,,,,,,INVALID_GEOMETRY,,CLEAN_SPLIT
d17b10331b9a435445d7c40be4130798,099a3a41-8311-4035-ab39-ba8031b0a7c6,,,,,,,,,,,,,,,,,,INVALID_GEOMETRY,,CLEAN_SPLIT
8840bc0e7d3271946c202275681723e4,0ac53694-1003-43f9-b130-fd008e1394df,,,,,,,,,,,,,,,,,,INVALID_GEOMETRY,,CLEAN_SPLIT
a589bea9f6f20b5012543a7693ca9d32,0e8cf764-b5e9-45b1-838c-83f760774456,,,,,,,,,,,,,,,,,,INVALID_GEOMETRY,,CLEAN_SPLIT
07b7b14aab71488ad6e705dd063e9179,16063ddc-5dd0-4d33-b3a4-d92eb8dbe0cd,,,,,,,,,,,,,,,,,,INVALID_GEOMETRY,,CLEAN_SPLIT
2cfce3367053349f0bb5da7c08dcce97,1e446766-a638-40b2-b004-636104a2ff10,,,,,,,,,,,,,,,,,,INVALID_GEOMETRY,,CLEAN_SPLIT
145c7cfe031aab5061dfc208cd977b4f,268b7f95-41fb-409b-b5ef-6bfbad6d2b8a,,,,,,,,,,,,,,,,,,INVALID_GEOMETRY,,CLEAN_SPLIT
4a600749ccc4f9065d1ce0f854c7c43f,2748cdde-96cc-4bc1-a640-e9181d6f7f96,,,,,,,,,,,,,,,,,,INVALID_GEOMETRY,,CLEAN_SPLIT
f70d499690281bffa098b91666b8af11,2771100e-5035-48cc-babd-73d52f0e5425,,,,,,,,,,,,,,,,,,INVALID_GEOMETRY,,UNKNOWN
78926037d4a499073cd659feef3b8588,29a0c1c2-05b5-45d9-a283-ccff1cba4077,,,,,,,,,,,,,,,,,,INVALID_GEOMETRY,,CLEAN_SPLIT
b62daeda2821f851e9745ef992ced30f,2e3d0a9e-8906-4d34-8624-e98bc4df0ef1,,,,,,,,,,,,,,,,,,INVALID_GEOMETRY,,CLEAN_SPLIT
49afdf66069d2a0fe625c1853a0f2f18,30040bb8-5804-4d28-8bfc-3823ab330fe4,,,,,,,,,,,,,,,,,,INVALID_GEOMETRY,,UNKNOWN
39d487f250522af08622294e3df2fb0d,36de962d-2afb-43ed-a7a6-686f42772938,,,,,,,,,,,,,,,,,,INVALID_GEOMETRY,,CLEAN_SPLIT
184ecccd0a59ccd93b567cb8a88bfe49,43ef7352-40a4-4285-bdd4-0000c5a3b809,,,,,,,,,,,,,,,,,,INVALID_GEOMETRY,,CLEAN_SPLIT
d1898986f71539fd6bca5d89fbf7a06a,46e652fb-c03e-4a89-b681-61e2d4d9c41e,,,,,,,,,,,,,,,,,,INVALID_GEOMETRY,,UNKNOWN
d849a8b4b526a4f2ee311f22d7d4151f,4be3e659-a88b-4125-8c4c-d76fde9f871e,,,,,,,,,,,,,,,,,,INVALID_GEOMETRY,,UNKNOWN
6b308de63e1f50046f137f63f72022b1,4ca5a8a5-e96e-41a0-a4ca-489d69c3c343,,,,,,,,,,,,,,,,,,INVALID_GEOMETRY,,CLEAN_SPLIT
a9f50c1f43fb68ed7339e80c2e43b97b,4dc450cb-cde8-4222-9d11-7c2e1b7ee2b7,,,,,,,,,,,,,,,,,,INVALID_GEOMETRY,,UNKNOWN
b96fab38234df42d176669672e69d658,53f668e4-e240-4f88-aa58-fe1b5c80febe,,,,,,,,,,,,,,,,,,INVALID_GEOMETRY,,CLEAN_SPLIT
44f9b85a71aa374dabf1d18c34413f02,54317bcd-8f2d-48f9-9dba-73aaa95974e6,,,,,,,,,,,,,,,,,,INVALID_GEOMETRY,,CLEAN_SPLIT
f3b36f2b3b4a4aa26afe32525e96ddd2,5bbec809-15c8-49eb-9c40-39c1b6f86bf9,,,,,,,,,,,,,,,,,,INVALID_GEOMETRY,,CLEAN_SPLIT
7dbdad75f30afce45dedc84eb4446e0a,5c80a317-8eee-4746-b29a-67976879923c,,,,,,,,,,,,,,,,,,INVALID_GEOMETRY,,CLEAN_SPLIT
738e2a5c4fde7f6ee3183e2417ef1909,67b154f7-67b4-4e9f-95bd-72532e9ed46b,,,,,,,,,,,,,,,,,,INVALID_GEOMETRY,,UNKNOWN
631b8a783bec7fdc197d44af4ac35ca6,6c1c85d0-d33c-46e5-bef8-7eabb2d3a6a2,,,,,,,,,,,,,,,,,,INVALID_GEOMETRY,,CLEAN_SPLIT
c76d4fb4a8b31d3d35244af248367478,736ba40a-dbc0-4306-b463-8cdcb5d09f82,,,,,,,,,,,,,,,,,,INVALID_GEOMETRY,,CLEAN_SPLIT
b60ff3b51d78891346fab9b3dc00cf3f,736c40cf-72c3-4ad8-beb0-07f14087b2a2,,,,,,,,,,,,,,,,,,INVALID_GEOMETRY,,CLEAN_SPLIT
efbdcbec7f119d08c68a7405b8d1e044,77091c2a-093f-40b8-b9b0-2923bcf71302,,,,,,,,,,,,,,,,,,INVALID_GEOMETRY,,CLEAN_SPLIT
b7538f6d3e4203aea3888117ff491e17,78e77d53-dcca-4955-a06d-2ee5730bbb71,,,,,,,,,,,,,,,,,,INVALID_GEOMETRY,,CLEAN_SPLIT
73d502599da50029a05d8a7bd02a627d,7b549eee-82e4-43e1-b7ba-069dce690d39,,,,,,,,,,,,,,,,,,INVALID_GEOMETRY,,CLEAN_SPLIT
115f4bf4e1138ba049652d631341e0d5,8014729c-6eea-4900-b001-5308a364a7cb,,,,,,,,,,,,,,,,,,INVALID_GEOMETRY,,CLEAN_SPLIT
787b5cda557c8a8fc3ebf58a7bf515f7,848b366b-26b4-449c-b5f8-ba1270f2b40e,,,,,,,,,,,,,,,,,,INVALID_GEOMETRY,,CLEAN_SPLIT
a09a46d38baee3185ae3aed64ab343f0,8637da1c-cd35-491a-af53-37aedcd97709,,,,,,,,,,,,,,,,,,INVALID_GEOMETRY,,CLEAN_SPLIT
377355efc9c68ca9b6bd0eb42fd4bc4b,8eb78015-f64e-44a5-ae37-d3b32fc46b96,,,,,,,,,,,,,,,,,,INVALID_GEOMETRY,,CLEAN_SPLIT
49d9f596fce0ea84b6cd8eb4091b7a27,91420061-858d-4ddb-a204-58f796671f4a,,,,,,,,,,,,,,,,,,INVALID_GEOMETRY,,CLEAN_SPLIT
992307bd89a9789a9597e75b0034634a,91f6ca80-b2d1-4b92-a0da-c95ea4ba7255,,,,,,,,,,,,,,,,,,INVALID_GEOMETRY,,CLEAN_SPLIT
e093a5a7484cdafdb83447cd1126f59e,91ff1d5d-688e-472b-ac26-ec8dc5be491e,,,,,,,,,,,,,,,,,,INVALID_GEOMETRY,,CLEAN_SPLIT
8c259614a0318d54b0013c3ef47ca872,98e00dfd-2184-41bf-ad64-c291921ffc3a,,,,,,,,,,,,,,,,,,INVALID_GEOMETRY,,CLEAN_SPLIT
17aeec24a51a17465cb8ac1e418e9e04,9bfef0fe-5e0c-4750-a9f0-a15879e2deee,,,,,,,,,,,,,,,,,,INVALID_GEOMETRY,,CLEAN_SPLIT
ea6868d83bb1055d73c1119e21ae36d5,a251131f-8c93-4c79-993f-3b2521503e0c,,,,,,,,,,,,,,,,,,INVALID_GEOMETRY,,CLEAN_SPLIT
6b0c166cbb926eddcd65352e80e5d478,a4e205a1-61e9-41d2-a77a-7ce27b36485e,,,,,,,,,,,,,,,,,,INVALID_GEOMETRY,,CLEAN_SPLIT
115b9c542b3bf316b78f71ad18428b95,a74622c7-199b-4771-b150-4009791ee4d3,,,,,,,,,,,,,,,,,,INVALID_GEOMETRY,,UNKNOWN
df089f1304e43105e1ef7896ae0e3735,ac44ba36-d6fa-4730-b29a-0a89b6a86814,,,,,,,,,,,,,,,,,,INVALID_GEOMETRY,,CLEAN_SPLIT
01ae9cc1f926c592493507c331935241,b456ed55-2871-46c6-91cf-33a51eea366c,,,,,,,,,,,,,,,,,,INVALID_GEOMETRY,,CLEAN_SPLIT
ee735ef24028116d225d4f9b8129e3ee,ba1917d0-d852-475d-8ec5-3a0abfdb8471,,,,,,,,,,,,,,,,,,INVALID_GEOMETRY,,CLEAN_SPLIT
19e7cb8c07ded3512ecb0c6b7a063df0,bab7809e-2fc0-486d-9d74-96474e6a4dbe,,,,,,,,,,,,,,,,,,INVALID_GEOMETRY,,CLEAN_SPLIT
adeecf9f4b51377416d82a76aa9c73b9,bd006fc3-4634-4848-9a05-596e6d4f3744,,,,,,,,,,,,,,,,,,INVALID_GEOMETRY,,CLEAN_SPLIT
3ef97016e5ff4eca262ff3487e203f68,c285ee1b-d90c-49c4-b5f7-c4a48b4fb825,,,,,,,,,,,,,,,,,,INVALID_GEOMETRY,,CLEAN_SPLIT
7c5fc9042a947af84cc40d05d731a343,c6b76829-dd10-4585-88cc-3fd8c1254182,,,,,,,,,,,,,,,,,,INVALID_GEOMETRY,,CLEAN_SPLIT
6b29d78b983d56b625e252ee9ab889a1,cac824a5-b1f4-4be6-9ec3-480b5abd1eec,,,,,,,,,,,,,,,,,,INVALID_GEOMETRY,,CLEAN_SPLIT
2019d1c6681fe62cb6c1424ed6693619,cb1742da-d2b6-4a9b-855b-19c5d40812fc,,,,,,,,,,,,,,,,,,INVALID_GEOMETRY,,UNKNOWN
900e235c1eb3f904084d96e45c01db03,cd20d14d-36a5-403b-adc9-b9e7e123cf58,,,,,,,,,,,,,,,,,,INVALID_GEOMETRY,,CLEAN_SPLIT
e8c303939590b1d87a1e7fe2437ccaf6,cd7a8980-c9c2-4d1a-ae74-203826ab3f5e,,,,,,,,,,,,,,,,,,INVALID_GEOMETRY,,UNKNOWN
0d29c797036ae53a1f1531da9e28a03b,da0781f4-670e-467f-958f-8bfafe8d853a,,,,,,,,,,,,,,,,,,INVALID_GEOMETRY,,CLEAN_SPLIT
0bb92499095f0f0fadd7ce67e02a42ab,db56cd8b-6c9e-40a4-a754-febc35b1c262,,,,,,,,,,,,,,,,,,INVALID_GEOMETRY,,CLEAN_SPLIT
edec944ff89a1f6883744956a80d507a,dbfd1e67-f5d2-4659-8baa-ca71243af7b6,,,,,,,,,,,,,,,,,,INVALID_GEOMETRY,,CLEAN_SPLIT
2dd5724634f1be9d1f5f419a08d14f24,e54ab8c0-d44f-4603-938a-40915a13d32e,,,,,,,,,,,,,,,,,,INVALID_GEOMETRY,,CLEAN_SPLIT
4c8c73f2f688ec6f5fc2f7264953d499,ecc49e0e-721f-4c02-97d6-2addd248151a,,,,,,,,,,,,,,,,,,INVALID_GEOMETRY,,CLEAN_SPLIT
8d87b3a4ff728207897b9291ea47073e,f305d4b8-64c0-4e67-9574-ca95f96a435e,,,,,,,,,,,,,,,,,,INVALID_GEOMETRY,,CLEAN_SPLIT
2a2263cfe03f984585887d7f753e3a41,fa27f429-c320-4184-8bf1-0150411362ed,,,,,,,,,,,,,,,,,,INVALID_GEOMETRY,,UNKNOWN
dedbeeb8c859f7a8c4bf7670d1ff08f3,fe522fbc-33c7-4eaf-ad36-42a3c64e442f,,,,,,,,,,,,,,,,,,INVALID_GEOMETRY,,CLEAN_SPLIT
b6fc4d8a3670c8c8a81c63323a2d958b,00772328-768d-49cb-84f3-f70debc83d68,,,,,,,,,,,,,,,,,,INVALID_GEOMETRY,,UNKNOWN
466020f9c8402670ca1634f4f0bfd1f5,00fd30f3-159b-4782-89b2-05a3f3e8e632,,,,,,,,,,,,,,,,,,INVALID_GEOMETRY,,CLEAN_SPLIT
0006baa8873ed145d009ffd27770fb91,0241db55-cbcc-471a-97c1-8fef3f4df2eb,,,,,,,,,,,,,,,,,,INVALID_GEOMETRY,,CLEAN_SPLIT
154445888d8a52c637ab7b255fe186a7,02426a43-405f-4db0-b68f-ef5e75b9c7f9,,,,,,,,,,,,,,,,,,INVALID_GEOMETRY,,CLEAN_SPLIT
94e37c1a060e3a47a5a6ed3024d5aeda,0f0ddbab-792c-4904-8b82-81d4eec82ab1,,,,,,,,,,,,,,,,,,INVALID_GEOMETRY,,UNKNOWN
01823416b24bbaef293d14b1b84bc75a,137ecd37-62c0-43aa-a66a-1b602d636994,,,,,,,,,,,,,,,,,,INVALID_GEOMETRY,,CLEAN_SPLIT
3df65a21aa6c0808ced67ba3ea815ec0,185f6f40-f576-4ee2-add8-55f6629312fc,,,,,,,,,,,,,,,,,,INVALID_GEOMETRY,,CLEAN_SPLIT
aeac7cdc194cefe3870ad53604e5cbff,1f8ffebe-049e-45f2-a5c4-3fda2d4fe2d3,,,,,,,,,,,,,,,,,,INVALID_GEOMETRY,,CLEAN_SPLIT
9e0f8e204d6828e19e58bc335d6b0e79,1f929630-8e04-4cc9-a267-f18d2d0c517a,,,,,,,,,,,,,,,,,,INVALID_GEOMETRY,,CLEAN_SPLIT
e55733f471c383363dc4d7a355757ed3,2319f146-17d4-42e3-bfad-63f5a543f2db,,,,,,,,,,,,,,,,,,INVALID_GEOMETRY,,CLEAN_SPLIT
b82708677f310a868766bb4a5e217761,24af0a4b-37cb-401e-8365-b0b69f43baa5,,,,,,,,,,,,,,,,,,INVALID_GEOMETRY,,CLEAN_SPLIT
fb8b6fbf73627d069ffea732f146c55b,29dbc72c-3da4-4319-be4d-7e2645452847,,,,,,,,,,,,,,,,,,INVALID_GEOMETRY,,CLEAN_SPLIT
42470dc1fa3c99cba4f2939d0da0adcf,2dc9dea2-cc7b-4197-b113-9a74466e581f,,,,,,,,,,,,,,,,,,INVALID_GEOMETRY,,CLEAN_SPLIT
88bf335700d184a78a365cd5a466c744,2fa62794-4333-45d1-9c43-b975103a26f9,,,,,,,,,,,,,,,,,,INVALID_GEOMETRY,,CLEAN_SPLIT
86134fbfbae85a1cd46c355cd244b6a1,363094ba-a37d-4507-b694-afb3c1bcde25,,,,,,,,,,,,,,,,,,INVALID_GEOMETRY,,CLEAN_SPLIT
0ddab789c1eed4357f378bb5df3525cc,36668468-464b-455f-bc85-63336bd2054c,,,,,,,,,,,,,,,,,,INVALID_GEOMETRY,,CLEAN_SPLIT
71d4a01abc1ade2c4756555612220836,3f9d18d9-8c55-4c18-8fdc-f27e544817c9,,,,,,,,,,,,,,,,,,INVALID_GEOMETRY,,UNKNOWN
2983cf72156b065d4e87d7ab1b343013,435d3122-5b8c-41f1-8d87-881f1ea414aa,,,,,,,,,,,,,,,,,,INVALID_GEOMETRY,,CLEAN_SPLIT
b2956ba1663a99788ff20e58ad1fcbf0,4bb09585-bdac-4579-97a9-a32e3d944ba5,,,,,,,,,,,,,,,,,,INVALID_GEOMETRY,,CLEAN_SPLIT
3efec6b48cceda4d811ee0aa1230b445,5431509e-8a46-48fc-8fa0-932184d4a267,,,,,,,,,,,,,,,,,,INVALID_GEOMETRY,,UNKNOWN
3d44cc373aab9ce490f3a38f78964b8b,5610806f-66c5-4233-9a6d-2010c06d8cb8,,,,,,,,,,,,,,,,,,INVALID_GEOMETRY,,CLEAN_SPLIT
a6df028aa78af226c342b2337399c1f8,585f494a-09a0-4df0-bc5c-56a0d4e32db6,,,,,,,,,,,,,,,,,,INVALID_GEOMETRY,,CLEAN_SPLIT
ba2bbc250f7040d508f889e18f817223,5acd6040-f1a2-4b39-94ec-b89d5bc809c4,,,,,,,,,,,,,,,,,,INVALID_GEOMETRY,,CLEAN_SPLIT
b82704aa54718e1a65f89cd2743a9c5f,5c56441d-425f-48f4-b1cc-8b89b5c0f897,,,,,,,,,,,,,,,,,,INVALID_GEOMETRY,,UNKNOWN
5a7ab50a944f5d1d394067a902eea637,5fce86e9-74ac-40d9-bc47-65be9d95bec2,,,,,,,,,,,,,,,,,,INVALID_GEOMETRY,,CLEAN_SPLIT
5f2d3e0fb1e6433dbafbc9c2072b333e,64069488-42c2-428f-a95b-f3639fe7f2e2,,,,,,,,,,,,,,,,,,INVALID_GEOMETRY,,CLEAN_SPLIT
7ce32f209075e5bcaa229e650c7dc0e2,69cff992-dc5e-432b-8434-b93f280c9373,,,,,,,,,,,,,,,,,,INVALID_GEOMETRY,,CLEAN_SPLIT
ae934fcf76df79e17566d2eedf26eb00,706c7dc1-3d47-4244-a4cc-0488f9a56010,,,,,,,,,,,,,,,,,,INVALID_GEOMETRY,,CLEAN_SPLIT
6879ac4534aab3d79e61a164f3979405,74f1f04c-bcec-4618-ac36-d6f75443a661,,,,,,,,,,,,,,,,,,INVALID_GEOMETRY,,CLEAN_SPLIT
954a037fb9e72c22b34a3554a11a76ad,7641a3eb-36a3-4098-ae14-c9824328cc6e,,,,,,,,,,,,,,,,,,INVALID_GEOMETRY,,CLEAN_SPLIT
28b3750035274e87eb0258675753c944,81b56032-3c37-4bca-9266-f6a17b5d2289,,,,,,,,,,,,,,,,,,INVALID_GEOMETRY,,CLEAN_SPLIT
99945ad0b4fde9c7fc8599f520e88667,829d0575-dd6e-409e-8425-8ef0bc77d573,,,,,,,,,,,,,,,,,,INVALID_GEOMETRY,,CLEAN_SPLIT
69b94b771c4b8aff7c476eb07fd9a4d5,862dacb9-b22c-464e-802e-f429b4d55324,,,,,,,,,,,,,,,,,,INVALID_GEOMETRY,,UNKNOWN
4bf11e7ca2cd37a9850f77e16959553b,8729cc37-ecc4-4118-9cf0-c5f04424c344,,,,,,,,,,,,,,,,,,INVALID_GEOMETRY,,CLEAN_SPLIT
4459af1ff2c8b24600e4d2c129f831cc,9a5bd530-899d-46ee-9989-41876c2d0a7f,,,,,,,,,,,,,,,,,,INVALID_GEOMETRY,,CLEAN_SPLIT
c843492f06bd4371eeb1944f405046ff,9b52c649-4c9c-48c7-8549-95e991f16a18,,,,,,,,,,,,,,,,,,INVALID_GEOMETRY,,CLEAN_SPLIT
37b47f8df00a157a571a86f9ffbcbdf9,9cfee1e0-a12a-4781-9e04-0243dffba016,,,,,,,,,,,,,,,,,,INVALID_GEOMETRY,,CLEAN_SPLIT
9a9fe73a7ea20771ec0d3ea604a00210,9dc80b24-7f56-4265-a16e-e5b7f1609f46,,,,,,,,,,,,,,,,,,INVALID_GEOMETRY,,UNKNOWN
3503fc1eaa749be5759d8bea79a0f70f,9fd0970d-55a3-41aa-b700-38bec2f0b762,,,,,,,,,,,,,,,,,,INVALID_GEOMETRY,,CLEAN_SPLIT
11f3633cf11fd59ba437df24f5b43b99,a33c4bc3-ba14-454d-866a-d8135dff08e6,,,,,,,,,,,,,,,,,,INVALID_GEOMETRY,,CLEAN_SPLIT
60bc9a57d856a8bc71d8559c0429b1ef,a39b6151-85b3-40c7-9a88-2e8e79bccdd2,,,,,,,,,,,,,,,,,,INVALID_GEOMETRY,,CLEAN_SPLIT
608ef6ea94ed93617843c9280d4af284,af690fb4-0a56-4b32-956d-a6cf1b2030ce,,,,,,,,,,,,,,,,,,INVALID_GEOMETRY,,UNKNOWN
2bfcb206ab795ef8029baa5cefd49c44,b89be0a0-dbe9-4938-9bb8-a99c539469a3,,,,,,,,,,,,,,,,,,INVALID_GEOMETRY,,CLEAN_SPLIT
5f2c641a3f3d51091a1653aae2b27c30,bc002874-3f31-4bf1-a190-8c55f596211b,,,,,,,,,,,,,,,,,,INVALID_GEOMETRY,,UNKNOWN
a91222d3e078049578be12d8fc613d21,c90c91d9-8688-4e72-a77a-6f56b6372d7a,,,,,,,,,,,,,,,,,,INVALID_GEOMETRY,,CLEAN_SPLIT
8ae1adb80757175858990f2d941f9077,d1558dd1-5739-43b5-853a-99dc02ee52ff,,,,,,,,,,,,,,,,,,INVALID_GEOMETRY,,CLEAN_SPLIT
0b4c2cad149c0bd42b436fb842b9edec,d2d2b179-638e-47e5-8a36-96c257fbbc03,,,,,,,,,,,,,,,,,,INVALID_GEOMETRY,,CLEAN_SPLIT
25d8d1637c5afdb11b286a25cca98c12,da35f9fd-69ea-4edb-9449-b9e268fb94bc,,,,,,,,,,,,,,,,,,INVALID_GEOMETRY,,CLEAN_SPLIT
fdb28812761f21f64f99011230a87eca,da4f7fc3-b10f-40d2-b4f5-b00152823c37,,,,,,,,,,,,,,,,,,INVALID_GEOMETRY,,CLEAN_SPLIT
55885156e9ea2c2431fac506f099f84e,dc325f99-0756-4bb5-9b0e-59e471361d0f,,,,,,,,,,,,,,,,,,INVALID_GEOMETRY,,CLEAN_SPLIT
208a635d927a40f415f04cb33e4776a3,defe987e-f7ee-4f2e-9cc0-702d4ed09f70,,,,,,,,,,,,,,,,,,INVALID_GEOMETRY,,UNKNOWN
3d87f9abc90ed2c01ceed90ddd0a080f,df464bef-ba47-4145-a444-ebaadfcda4a8,,,,,,,,,,,,,,,,,,INVALID_GEOMETRY,,CLEAN_SPLIT
9b4199b9e7f7f48b0dd6d5a52c261a86,e2ea4cc1-7fbb-47c0-bcdd-8246cdd3c515,,,,,,,,,,,,,,,,,,INVALID_GEOMETRY,,CLEAN_SPLIT
70aefa44fd5f64b4be6bc989f9a20f55,e6a2476e-6692-48af-b06c-230652351c11,,,,,,,,,,,,,,,,,,INVALID_GEOMETRY,,CLEAN_SPLIT
5298a07548023703459998a198d4a71b,e7765e07-edfb-40e0-8a9e-a04dafc1564d,,,,,,,,,,,,,,,,,,INVALID_GEOMETRY,,CLEAN_SPLIT
9be2c5e84cb05658b1c571e8f9b0b330,e8c78cbc-e8f4-4b57-bc11-53bbb0a7b1ee,,,,,,,,,,,,,,,,,,INVALID_GEOMETRY,,CLEAN_SPLIT
a5c9d25305ec08b038168e2547d5eed2,eae6dfbd-611e-4097-ba85-69fbe8d6c5d4,,,,,,,,,,,,,,,,,,INVALID_GEOMETRY,,UNKNOWN
1b569af0e853bc09e8ad9c9c12d8bf2c,edae3afd-0b67-4d5d-af82-ad094567fade,,,,,,,,,,,,,,,,,,INVALID_GEOMETRY,,CLEAN_SPLIT
d973b3e38246690a8c0bef51a90d548c,edc36787-9465-46e5-b75d-ee7d0865ba11,,,,,,,,,,,,,,,,,,INVALID_GEOMETRY,,CLEAN_SPLIT
667896deff7de91f4c38540ca9f58235,f44a91fa-d296-4eaf-9df6-b8e9e47d4102,,,,,,,,,,,,,,,,,,INVALID_GEOMETRY,,CLEAN_SPLIT
11538bb89b89b8fb3b6a2b2c3e97d7e0,f7d38b76-9d60-46ce-9741-8e3581e11915,,,,,,,,,,,,,,,,,,INVALID_GEOMETRY,,CLEAN_SPLIT
68642b9198b85d14ece5e72bd3bbded1,fbb10e75-9b47-4ce9-83f4-04e665e1e9ca,,,,,,,,,,,,,,,,,,INVALID_GEOMETRY,,CLEAN_SPLIT
1575037214b115f62a27d52d19382b21,fce2db16-a983-4792-8a9d-9ea0cbae39cc,,,,,,,,,,,,,,,,,,INVALID_GEOMETRY,,UNKNOWN
533ce54db37a275f507bc249ef2e7071,fde82ee8-18d0-44de-86f9-93c9b4fdf302,,,,,,,,,,,,,,,,,,INVALID_GEOMETRY,,UNKNOWN
f3be9cd8d6a4f330ca3ab6ee9518d234,02617eb3-e659-4a95-89bf-7b6abb75b754,,,,,,,,,,,,,,,,,,INVALID_GEOMETRY,,CLEAN_SPLIT
3358174c9f8f7e76195827e785fe6e75,12285a8c-16ad-4415-85d5-0f66c139cea5,,,,,,,,,,,,,,,,,,INVALID_GEOMETRY,,CLEAN_SPLIT
980fd851935e7815eac66067de81b62b,192c9eed-4e35-47f0-adbc-b7a05de3277b,,,,,,,,,,,,,,,,,,INVALID_GEOMETRY,,CLEAN_SPLIT
4b197a417d6b04a0bbb71612b857575c,1a1b6542-3b48-4bbb-ad35-2d967d1b443d,,,,,,,,,,,,,,,,,,INVALID_GEOMETRY,,CLEAN_SPLIT
f70ec58fc83ae1b47dec414e4810b246,1e44f04c-7faf-454f-a1f6-40e026e9a2c3,,,,,,,,,,,,,,,,,,INVALID_GEOMETRY,,CLEAN_SPLIT
94de03358ec521193ae733744c6db0db,220043a8-e46d-453f-85b0-e553e81722bc,,,,,,,,,,,,,,,,,,INVALID_GEOMETRY,,CLEAN_SPLIT
6bdce858b9f9c06ac5af0e25fa58aabb,2216e2a8-4dd6-4fa2-a42f-cd68fc129a0e,,,,,,,,,,,,,,,,,,INVALID_GEOMETRY,,CLEAN_SPLIT
c0867c7f8dd4b3d4d8034ff228e02cbe,23a3200b-2fc7-422d-adbb-746472d38470,,,,,,,,,,,,,,,,,,INVALID_GEOMETRY,,CLEAN_SPLIT
f04b894b9c6446d95eb93f2694f5a773,275d45e7-eb9e-4874-b2a9-82ed33e28e1f,,,,,,,,,,,,,,,,,,INVALID_GEOMETRY,,UNKNOWN
d5683cfdc9e6ac2e472cd869050150b6,29905bfa-61b2-4df5-a8c0-7dea000d440c,,,,,,,,,,,,,,,,,,INVALID_GEOMETRY,,UNKNOWN
7ccbbf9f2d6d769ad4fa6abc0f474dd6,31044f0e-507d-4424-9787-eb2d38148363,,,,,,,,,,,,,,,,,,INVALID_GEOMETRY,,UNKNOWN
750d9ed464630b4511c198af65cf5c96,33fbc7f7-3806-4431-a842-e802314180d9,,,,,,,,,,,,,,,,,,INVALID_GEOMETRY,,CLEAN_SPLIT
cee4152597f0eb7d573fbb69b34a378b,3624bb0b-856d-40f0-8109-5b9151700fd8,,,,,,,,,,,,,,,,,,INVALID_GEOMETRY,,CLEAN_SPLIT
a8cb4c5ba281f9eb29bf78068b24a11d,38f08d63-0771-4b93-9ae3-620971a6a6c5,,,,,,,,,,,,,,,,,,INVALID_GEOMETRY,,CLEAN_SPLIT
1bf06f880f099954a141a77d1960e6b3,39163cca-4232-4c71-8fac-106d1adbfe8a,,,,,,,,,,,,,,,,,,INVALID_GEOMETRY,,UNKNOWN
67367f12668b5fae80927b00356b50e9,3febe5e7-c3ef-495a-8a90-3e5358dd88e5,,,,,,,,,,,,,,,,,,INVALID_GEOMETRY,,CLEAN_SPLIT
fc531ca84f18c4b05df07a878e24728c,3ff8efc3-ef04-4576-86b4-8c605b547589,,,,,,,,,,,,,,,,,,INVALID_GEOMETRY,,CLEAN_SPLIT
d1014c99c6e19458b274de00729b445f,3ffe1771-be25-4bfd-b3a9-57f1fb682233,,,,,,,,,,,,,,,,,,INVALID_GEOMETRY,,CLEAN_SPLIT
d889a2afd554f29de753d892eb9487b9,4107b688-d565-42e4-b638-a62774f62f3c,,,,,,,,,,,,,,,,,,INVALID_GEOMETRY,,CLEAN_SPLIT
e316eb191dd1705462709b17aa844d15,4190cfec-24fa-4ed5-a05e-71d48cfc8a42,,,,,,,,,,,,,,,,,,INVALID_GEOMETRY,,CLEAN_SPLIT
d6465943aa53dbb51e8d513b6d48d0ee,4365457f-d963-4f6c-8632-d271f625ea42,,,,,,,,,,,,,,,,,,INVALID_GEOMETRY,,CLEAN_SPLIT
80b23c32c4afb154ffb7a455dc001f81,47f490b7-edfe-47e3-b79a-a88564962c03,,,,,,,,,,,,,,,,,,INVALID_GEOMETRY,,CLEAN_SPLIT
f12c41dd451f50927c2689e4acc5968f,4d6e9ced-77ce-4e5a-8904-7621e4eaf7c6,,,,,,,,,,,,,,,,,,INVALID_GEOMETRY,,UNKNOWN
f1178daeeb2df85f5cc3e5a8190c6be7,4f2a5901-19f6-47a6-ac6f-e5ca2a231fef,,,,,,,,,,,,,,,,,,INVALID_GEOMETRY,,UNKNOWN
7813908a174dd8e9b4e7c2c95cc2c51b,55da71cf-1d51-4942-b0c4-36c92302cfa0,,,,,,,,,,,,,,,,,,INVALID_GEOMETRY,,CLEAN_SPLIT
60d9603aee40933e2f453499cb92b68a,5a0c0a17-2b7a-4145-9b71-83ed8c14471f,,,,,,,,,,,,,,,,,,INVALID_GEOMETRY,,CLEAN_SPLIT
8a9b2a932a1ea994048cd1279802b36a,5cd38491-3b84-429c-8647-fb8a4b2b5e33,,,,,,,,,,,,,,,,,,INVALID_GEOMETRY,,UNKNOWN
0463643ace8d7ff685bc4f09f474b1b9,64fb619a-8772-43f4-8988-936fdda18c41,,,,,,,,,,,,,,,,,,INVALID_GEOMETRY,,CLEAN_SPLIT
1fd2f311afcb05c7680d8d2bc88139aa,65bb7c5f-54f1-4f47-9295-abfde02b892d,,,,,,,,,,,,,,,,,,INVALID_GEOMETRY,,CLEAN_SPLIT
c458b57e025226286f29abea9c958ce9,754f9688-809f-4283-9ca0-91e748342ec9,,,,,,,,,,,,,,,,,,INVALID_GEOMETRY,,CLEAN_SPLIT
e562694c6d940a30a14418c15575d74c,778c298e-ef7d-49b9-b849-a77963097d9a,,,,,,,,,,,,,,,,,,INVALID_GEOMETRY,,CLEAN_SPLIT
9d48b1b61183e600d6726dc8f0613927,78efe322-d385-4787-9280-8879e4f87af8,,,,,,,,,,,,,,,,,,INVALID_GEOMETRY,,UNKNOWN
a7fef0579d8f49a4f076953f69206b58,78fbe6e6-0339-48a1-b0f2-676ad915c51e,,,,,,,,,,,,,,,,,,INVALID_GEOMETRY,,CLEAN_SPLIT
da506f0fcc5ec5fae43ddbed9a75cbc6,7f6624b5-dc2f-47c9-a319-da83d99d69d8,,,,,,,,,,,,,,,,,,INVALID_GEOMETRY,,CLEAN_SPLIT
70fec0d0b0a6f79f798fc401a55362cb,8360c33b-8282-4fac-9300-c59a1270f231,,,,,,,,,,,,,,,,,,INVALID_GEOMETRY,,CLEAN_SPLIT
190f9e4dbd915d6e545f0630fb31e380,8652fbfb-fadd-40fb-93ed-d3b94ba77ffe,,,,,,,,,,,,,,,,,,INVALID_GEOMETRY,,UNKNOWN
b8d1f83ebc26d707c40a7a261d3a7bba,8b6c9d57-1d0e-4e85-98a4-bc7447cb8d69,,,,,,,,,,,,,,,,,,INVALID_GEOMETRY,,CLEAN_SPLIT
4e9683a62554389b2c162f1753b25cae,8e7dc66c-87c4-480f-8fd9-42049938fece,,,,,,,,,,,,,,,,,,INVALID_GEOMETRY,,CLEAN_SPLIT
3a16ae07ca1c63f34dcaeba0b46c86fa,9366e06f-de94-4126-a94a-896fbf269c84,,,,,,,,,,,,,,,,,,INVALID_GEOMETRY,,CLEAN_SPLIT
4c605978e298019eed8012b656f3f7b5,93a620e8-0ed9-4d2f-b7e5-7929024dbb81,,,,,,,,,,,,,,,,,,INVALID_GEOMETRY,,CLEAN_SPLIT
6f418db675d437011a006769acf54b61,95648408-b565-4437-ba20-d93e355fbd71,,,,,,,,,,,,,,,,,,INVALID_GEOMETRY,,CLEAN_SPLIT
1e3c671da1c66b21b179f1abe73e537a,9b01942a-20af-417d-8f47-087065b11fe8,,,,,,,,,,,,,,,,,,INVALID_GEOMETRY,,UNKNOWN
d5b001d50df01921a3beedf6d16dbb43,ac63f9e4-f679-45a1-995b-30ab4a1a9b7e,,,,,,,,,,,,,,,,,,INVALID_GEOMETRY,,UNKNOWN
56400a1b16a544ecd6e67dd4900005fa,afb3a071-f943-42d3-9b25-70239a96f155,,,,,,,,,,,,,,,,,,INVALID_GEOMETRY,,UNKNOWN
574efef31c5b840160a9e09154b97c11,b6533711-237f-4fdd-8c9c-f2ff1e65057e,,,,,,,,,,,,,,,,,,INVALID_GEOMETRY,,CLEAN_SPLIT
667e786f669e7bbb05125fa406684970,b84d8a3e-ca16-4422-a158-b8d5bfb6fcaa,,,,,,,,,,,,,,,,,,INVALID_GEOMETRY,,CLEAN_SPLIT
d6c0dc0985cadf9c2e9074f57e047480,baffbecd-946b-45f8-b64d-e5a507d39d0a,,,,,,,,,,,,,,,,,,INVALID_GEOMETRY,,CLEAN_SPLIT
822d159568a651e7ac831ed1422d4ba9,be2b3b82-da4f-445e-a1e7-359a0071e852,,,,,,,,,,,,,,,,,,INVALID_GEOMETRY,,CLEAN_SPLIT
02479ef155794240efd3c6c7c0612bc5,bf08daeb-e2a6-4df3-adf2-24a66a806306,,,,,,,,,,,,,,,,,,INVALID_GEOMETRY,,UNKNOWN
f79227b4b801aec60df0e342014c0147,c1082167-a5a0-4dd0-8a05-e2b14b804853,,,,,,,,,,,,,,,,,,INVALID_GEOMETRY,,CLEAN_SPLIT
0ad55929657d5df7d68c2176658c6cbe,c2167ff1-ea53-429d-94f1-aed98fb1eb78,,,,,,,,,,,,,,,,,,INVALID_GEOMETRY,,UNKNOWN
35e25dda590068e334672316477b80ba,c7a26a5b-e69d-4277-b892-cb9587df3311,,,,,,,,,,,,,,,,,,INVALID_GEOMETRY,,CLEAN_SPLIT
63572fa80545a7aa3ebf50e19a00650d,cd9db67c-d572-4eaa-a90c-df1e1a9323b1,,,,,,,,,,,,,,,,,,INVALID_GEOMETRY,,CLEAN_SPLIT
af99834b492157127af2709ba29d6e34,da7bef8a-24ed-40bd-94c8-9d4d0a1f5bb0,,,,,,,,,,,,,,,,,,INVALID_GEOMETRY,,CLEAN_SPLIT
5804be06f507b243380f1ded9d884edd,da8778f4-c6bc-4530-8bb5-edf7c2151397,,,,,,,,,,,,,,,,,,INVALID_GEOMETRY,,CLEAN_SPLIT
adc3f3862dbb2b8f300a3a1660eec313,dd52625f-6af8-4083-916f-3ce7af3524d5,,,,,,,,,,,,,,,,,,INVALID_GEOMETRY,,UNKNOWN
8906c096357c631b75eeea84163fddfa,de6a146b-ae26-482c-87d3-43033f74f1b5,,,,,,,,,,,,,,,,,,INVALID_GEOMETRY,,CLEAN_SPLIT
6a5d24f59a77aa549eeb3a26e8f4d2c4,df083c5d-d57d-4811-9f90-acd90c06ac65,,,,,,,,,,,,,,,,,,INVALID_GEOMETRY,,CLEAN_SPLIT
46a01587ac81e38dddd9cda9669bb87e,e5b6561e-5667-4738-90be-bab1b119f8ff,,,,,,,,,,,,,,,,,,INVALID_GEOMETRY,,CLEAN_SPLIT
019c5cdfb97b9692f2d47908e2fc650d,e656d09c-a2f3-447e-81c6-895f6f16180c,,,,,,,,,,,,,,,,,,INVALID_GEOMETRY,,CLEAN_SPLIT
ddafa2b982a14a1eafcfa9aec0691845,ec7ae81b-d6b8-4372-9900-ae0215945bd5,,,,,,,,,,,,,,,,,,INVALID_GEOMETRY,,CLEAN_SPLIT
0c062088877aec324422e608df00d57d,f269f1a0-d589-40e4-914e-96e4f390cfd8,,,,,,,,,,,,,,,,,,INVALID_GEOMETRY,,CLEAN_SPLIT
56a578f1ff7a60c3f1b5d6195ae8f92e,f2a3205d-0eca-41b1-bdfd-efeb12539862,,,,,,,,,,,,,,,,,,INVALID_GEOMETRY,,UNKNOWN
961008bfcebbb859d4f7ba95388cfb0a,fb829baf-9f66-433d-b9c8-d224652f081d,,,,,,,,,,,,,,,,,,INVALID_GEOMETRY,,CLEAN_SPLIT
a7a3c9a3d3b0e9d709d0ab6264267267,ffb25d8a-ca3b-4c19-acd5-74c8117557df,,,,,,,,,,,,,,,,,,INVALID_GEOMETRY,,CLEAN_SPLIT
40c05c44bd190de1c12b05d565c262de,ffbe5263-07e1-4d66-a2ee-acf6012ec723,,,,,,,,,,,,,,,,,,INVALID_GEOMETRY,,CLEAN_SPLIT
e5b9c076452d30fd2e03b607f4c16f0a,ffe0785c-5ba1-42f6-807e-40286be6cc47,,,,,,,,,,,,,,,,,,INVALID_GEOMETRY,,CLEAN_SPLIT
cb327b4dbb4ecd44a0408aed409b7c04,0022f420-a92f-43f6-ab84-be7419e53e73,,,,,,,,,,,,,,,,,,INVALID_GEOMETRY,,UNKNOWN
58dcf99b93355eb7fdeb568cb53383be,00f07bb3-21fa-4456-820c-128f80d764ae,,,,,,,,,,,,,,,,,,INVALID_GEOMETRY,,CLEAN_SPLIT
6820fb4fa892899422a5cab993041c9a,052000a0-5d2d-4004-a184-0f61ac93f8a4,,,,,,,,,,,,,,,,,,INVALID_GEOMETRY,,UNKNOWN
360d6bcf22c67aa89afe7d987f51b0ed,0b440c4d-9646-4b09-9862-97c102098b57,,,,,,,,,,,,,,,,,,INVALID_GEOMETRY,,CLEAN_SPLIT
dda1009f4bd563d961aeafbeaf13c758,12d861b9-5914-4177-bb5c-5da08935d364,,,,,,,,,,,,,,,,,,INVALID_GEOMETRY,,CLEAN_SPLIT
f322db3305a9882ec5ecca219c815c1a,16c04ef6-6f8e-44f6-b2b5-3024a7859407,,,,,,,,,,,,,,,,,,INVALID_GEOMETRY,,CLEAN_SPLIT
b60a0c75eade6f3bfb1e74e4d13e5a55,1c7f06c4-e853-4cda-a9b8-ce7601a872b7,,,,,,,,,,,,,,,,,,INVALID_GEOMETRY,,CLEAN_SPLIT
a058a4d663fd4c316c72803b588336e5,1efab99a-bc07-4594-a0e1-77e31cc7a1a0,,,,,,,,,,,,,,,,,,INVALID_GEOMETRY,,UNKNOWN
2fc61376172bcad7619136633d389c4c,21168c65-c7f0-4d93-8386-079fdbf319bf,,,,,,,,,,,,,,,,,,INVALID_GEOMETRY,,CLEAN_SPLIT
d6bd06a3f76d8701313809218a2cf27f,231d0047-bce5-4095-a42c-9c2001ae8231,,,,,,,,,,,,,,,,,,INVALID_GEOMETRY,,CLEAN_SPLIT
6a0996e6bc848f1e34c12592dfa7df6d,250864af-ff79-4ef8-834c-2af32629f4f9,,,,,,,,,,,,,,,,,,INVALID_GEOMETRY,,CLEAN_SPLIT
7d934be1c919337a6fc4ec82234623bb,29333a9f-7957-4b4b-be5d-bb7330c2b951,,,,,,,,,,,,,,,,,,INVALID_GEOMETRY,,CLEAN_SPLIT
ef14d8677f38721c9564dc8469bb0170,2ba62588-b6ec-4699-b8d4-94300dba92ab,,,,,,,,,,,,,,,,,,INVALID_GEOMETRY,,CLEAN_SPLIT
95b8b83274a5ef3ca206583d75cf522d,2fb2e740-dd23-4368-86f7-b86616d575c6,,,,,,,,,,,,,,,,,,INVALID_GEOMETRY,,CLEAN_SPLIT
39aa690cea1977fe6cf81607441b6e5b,35bb2d79-25ef-4b00-b2f3-24840fbd845d,,,,,,,,,,,,,,,,,,INVALID_GEOMETRY,,CLEAN_SPLIT
4d4e59f4bd2fef9f001ef0129161745f,3c5fa904-8c55-4c58-a937-e6b274382b88,,,,,,,,,,,,,,,,,,INVALID_GEOMETRY,,CLEAN_SPLIT
5aee3ab26e0239fefe6f310caf292215,4090b884-3b5f-48c9-9cf7-78ac2aeeb9e0,,,,,,,,,,,,,,,,,,INVALID_GEOMETRY,,UNKNOWN
2b3879e456d67dd4d3c73341709b84a1,40a4b4e4-e827-42aa-a963-4258e7ce67d8,,,,,,,,,,,,,,,,,,INVALID_GEOMETRY,,UNKNOWN
e3760994fcc50c0972833a277af36898,42641e1b-b424-4468-829d-ea4d2a47d59c,,,,,,,,,,,,,,,,,,INVALID_GEOMETRY,,UNKNOWN
760b97c219d73636ac33e71521ec1598,496a8ea6-09ac-4325-ad60-79dbe9dd1c70,,,,,,,,,,,,,,,,,,INVALID_GEOMETRY,,UNKNOWN
3db531dbdd2885a630b3218b7a16e2fe,4c6e8731-6a51-4592-b6fa-a9ae94538d6f,,,,,,,,,,,,,,,,,,INVALID_GEOMETRY,,CLEAN_SPLIT
c3a8a86a507b0d6fcf51c2478faddcc0,52559a6d-eab5-4d66-a7e9-cec61b54f418,,,,,,,,,,,,,,,,,,INVALID_GEOMETRY,,CLEAN_SPLIT
d9d3f4b45b0922833b7de92a135ecf5b,56255e30-9403-450b-abc8-63079b8aa889,,,,,,,,,,,,,,,,,,INVALID_GEOMETRY,,UNKNOWN
f32bbfd9c4d78156d36afbdf79ed0571,56771df5-2db6-4a9e-9b74-fbbabb4bcb99,,,,,,,,,,,,,,,,,,INVALID_GEOMETRY,,UNKNOWN
bbbd5fea35227b9055487ecf56782ccf,5683bf92-3d90-4d68-978e-8387bc498e05,,,,,,,,,,,,,,,,,,INVALID_GEOMETRY,,UNKNOWN
4197397173569cb7ea2be327f144e516,667c0ff4-e3c8-4dec-b370-dfadb58f2f31,,,,,,,,,,,,,,,,,,INVALID_GEOMETRY,,CLEAN_SPLIT
e09e465edefa6d0da80108f1525cb241,6b292c16-7f74-4457-a691-a7b218a8ff3d,,,,,,,,,,,,,,,,,,INVALID_GEOMETRY,,CLEAN_SPLIT
4f2f4dbbc2de03753a48dc9f5e0cafc9,6b99547c-c367-47a8-82e8-65a6b2531627,,,,,,,,,,,,,,,,,,INVALID_GEOMETRY,,UNKNOWN
1c7f916bafa19d37f5fadb784083d380,6cbe1bb5-3fcc-4528-9eb0-a116b1fc9231,,,,,,,,,,,,,,,,,,INVALID_GEOMETRY,,CLEAN_SPLIT
1cdfdaa1f1ddb13ed519c530e8579792,6f9c003a-2146-4ea3-bd31-cebdfaad6558,,,,,,,,,,,,,,,,,,INVALID_GEOMETRY,,CLEAN_SPLIT
36a9f2915688f80775ead5d48cd5b96e,72761f66-37f6-4ab0-acdf-ff9d9bf4c272,,,,,,,,,,,,,,,,,,INVALID_GEOMETRY,,UNKNOWN
156a65d9cad87f7fe07f83de357b2449,7ab73c7b-e13d-447f-83ac-e636e6fb8280,,,,,,,,,,,,,,,,,,INVALID_GEOMETRY,,CLEAN_SPLIT
7cd0b32f7ddbb29ccebd90cd941a91e3,7af8103a-6129-4ab7-93ea-8f5db24f084d,,,,,,,,,,,,,,,,,,INVALID_GEOMETRY,,UNKNOWN
ca0691c4675bf0579b515f5eca233b8d,8afa8772-df80-4f62-9355-db8a39585ace,,,,,,,,,,,,,,,,,,INVALID_GEOMETRY,,UNKNOWN
a6119f7c8183ddef046af5d19b63dbf4,8ced1dfc-a08d-46ea-b03c-2fa46972dafd,,,,,,,,,,,,,,,,,,INVALID_GEOMETRY,,CLEAN_SPLIT
e3b48554c225633137d99b7868625d05,93546f46-ee32-473f-ab1d-f918c893286e,,,,,,,,,,,,,,,,,,INVALID_GEOMETRY,,CLEAN_SPLIT
5bfe0468c76217e80f5ba77e741cbae9,93b1d8a8-2a0c-49f3-bc76-7d518a27da20,,,,,,,,,,,,,,,,,,INVALID_GEOMETRY,,CLEAN_SPLIT
a49dba060cedb007b96790e58b52a635,96bd9a35-27e7-4bc2-9483-09f5e905ad7e,,,,,,,,,,,,,,,,,,INVALID_GEOMETRY,,UNKNOWN
be05ebf45be927aca4b3975b7f2d7d15,99a04927-0f98-4b22-8f59-c84e923c5288,,,,,,,,,,,,,,,,,,INVALID_GEOMETRY,,CLEAN_SPLIT
39c87d5a2ab09dca0661d203e9000f3c,ac201052-38d2-48c2-ad0d-38c074247128,,,,,,,,,,,,,,,,,,INVALID_GEOMETRY,,CLEAN_SPLIT
8a74c9a37864a8565ff9ccbd1b35280f,aefc08e8-7278-4711-be12-62022eea3b10,,,,,,,,,,,,,,,,,,INVALID_GEOMETRY,,CLEAN_SPLIT
ffcac59664a87766ee89486399299270,b0eb3bad-efba-4e78-b141-31729cb1f64a,,,,,,,,,,,,,,,,,,INVALID_GEOMETRY,,CLEAN_SPLIT
afcd05a28a4e85ebf522f04fab4ae0ff,b1ec38d1-20de-44ba-bf8d-46c456af33fb,,,,,,,,,,,,,,,,,,INVALID_GEOMETRY,,CLEAN_SPLIT
e9f6c300982ff052545d4baa9f958e0f,b33caefe-bed3-448c-90ba-b804b3123f71,,,,,,,,,,,,,,,,,,INVALID_GEOMETRY,,UNKNOWN
3062afe2218c3faea87dbf90e5b37a23,b3a80fb6-0f0c-48a9-bd48-c29fab94a485,,,,,,,,,,,,,,,,,,INVALID_GEOMETRY,,UNKNOWN
63f90da3e42e2f0eeebaea371b16744c,bb6a750c-cb63-4f83-8948-84b1c9bde38b,,,,,,,,,,,,,,,,,,INVALID_GEOMETRY,,UNKNOWN
404d4a42031540fcafbf6326a64fc0c4,bcef730e-ae90-4acb-b46c-12cd11e11934,,,,,,,,,,,,,,,,,,INVALID_GEOMETRY,,CLEAN_SPLIT
110e32359ecfa0a54f792d4a88539656,c45d31f5-ba86-48f6-b2db-3879dc48e185,,,,,,,,,,,,,,,,,,INVALID_GEOMETRY,,CLEAN_SPLIT
f3aa3f2073688e876ce49ac9868c8e88,ce1beb02-63af-4b0c-a81d-a8145c908957,,,,,,,,,,,,,,,,,,INVALID_GEOMETRY,,UNKNOWN
b97a1205342bbde6173566f22f6ee711,dbc69178-fc91-4796-a845-edaf342dfd87,,,,,,,,,,,,,,,,,,INVALID_GEOMETRY,,CLEAN_SPLIT
31f99589acfbc8f4efc3921211dfee04,ded82ccb-daa2-4249-b063-5ab46d6b11e8,,,,,,,,,,,,,,,,,,INVALID_GEOMETRY,,CLEAN_SPLIT
ee19b8feea1310ae951eb6afc125104d,e21b434e-3fdb-4452-b8fe-818493c5f000,,,,,,,,,,,,,,,,,,INVALID_GEOMETRY,,UNKNOWN
391be3cbcaf3b7b2f6079b09896401e7,ed9d9736-93d5-47e4-9028-724e53812f8a,,,,,,,,,,,,,,,,,,INVALID_GEOMETRY,,CLEAN_SPLIT
1837ff652a8f3e79b3874eec94b453f0,f102797c-b3d7-4479-8e9e-cb55c50a9777,,,,,,,,,,,,,,,,,,INVALID_GEOMETRY,,CLEAN_SPLIT
d2030125a392785b30a276af75d63d5b,f3c1b6c2-fe73-400e-b5f6-072ccf453676,,,,,,,,,,,,,,,,,,INVALID_GEOMETRY,,UNKNOWN
13515748e598a67f897b9e57bbd3c007,f68d7ca8-a378-4132-b046-7ca0f8178746,,,,,,,,,,,,,,,,,,INVALID_GEOMETRY,,CLEAN_SPLIT
33ec54e750d6015828f829c4fd2264f7,ffad69ef-d595-413b-aa9c-613f0cda7770,,,,,,,,,,,,,,,,,,INVALID_GEOMETRY,,CLEAN_SPLIT
