event_id,event_type,effective_year,source_area_before_km2,retained_area,transferred_area,unaccounted_area,multi_target_overlap_km2,overlap_status,measurement_status,split_semantics,geometry_diagnosis
7e3d78c4-f6bd-4ce8-8a13-77aafc0439b5,NEW_DISTRICT,1980,13408.958841883028,0.0,,,,UNKNOWN,UNMEASURED,CARVE_OUT,VALID
e4df7c0e-37bc-40b7-9753-76ab661bc8c2,NEW_DISTRICT,2001,13498.574694867002,0.0,,,,EXTREME_OVERLAP,MEASURED,CARVE_OUT,VALID
e0344fdf-3fdb-407a-9310-b31654b44ec7,NEW_DISTRICT,2003,4588.641089611689,0.0,,,,EXTREME_OVERLAP,MEASURED,CARVE_OUT,VALID
21b2963a-e4c9-4c01-a623-1c85d006123b,NEW_DISTRICT,1972,7795.514249554497,0.0,181.7205394255817,7613.793710128915,1823.4809391493568,EXTREME_OVERLAP,MEASURED,CARVE_OUT,VALID
090a2a30-449d-4d44-b174-6d916b2f8a49,NEW_DISTRICT,1973,10980.479973380885,0.0,139.4694830831326,10841.010490297753,2885.511374344331,EXTREME_OVERLAP,MEASURED,CARVE_OUT,VALID
167628a2-6f5f-4a1f-9dfd-898fb74a71b9,NEW_DISTRICT,1973,6902.697169128855,0.0,244.12875853394536,6658.56841059491,1972.4838901948226,EXTREME_OVERLAP,MEASURED,CARVE_OUT,VALID
d7eaff56-69e9-4bbf-89b1-ca4f6c7a516a,NEW_DISTRICT,1966,4148.213579618688,0.0,0.008914434230018408,4148.204665184458,0.024361257200705116,NO_OVERLAP,MEASURED,CARVE_OUT,VALID
d0552555-5d0e-4084-a17f-0424d2962f5d,NEW_DISTRICT,1973,19678.070072747803,0.0,1910.2347116864041,17767.8353610614,,UNKNOWN,UNMEASURED,CARVE_OUT,VALID
8f131114-36dc-4ec5-b969-be23cf94d8f5,NEW_DISTRICT,1998,,0.0,0.0,,,INVALID_GEOMETRY,,CARVE_OUT,Missing source geometry observation.
f93d27fd-0dc7-4977-97ac-5fbe8e9b2ea5,NEW_DISTRICT,2007,20514.976985628567,0.0,1377.0221160247565,19137.95486960381,6648.097191857465,EXTREME_OVERLAP,MEASURED,CARVE_OUT,VALID
5a91988b-7ad6-4e66-8595-306c195cd3e5,NEW_DISTRICT,2012,15765.011121275411,0.0,0.0,15765.011121275411,,UNKNOWN,UNMEASURED,CARVE_OUT,VALID
7a676869-5268-4f87-b234-60da2181d58d,NEW_DISTRICT,1997,1467.8300703301863,0.0,3.8233506461682842,1464.006719684018,11.20344637040944,MINOR_OVERLAP,MEASURED,CARVE_OUT,VALID
a08769bf-432c-4ebc-82fb-f30f5fdb1ba6,NEW_DISTRICT,1997,1467.8300703301863,0.0,17.900888484339976,1449.9291818458464,52.84838548443983,MATERIAL_OVERLAP,MEASURED,CARVE_OUT,VALID
1a9655ff-d92b-4839-bcf9-d008f7d311c2,NEW_DISTRICT,1997,1467.8300703301863,0.0,12.209331118987642,1455.6207392111987,35.92132921479051,MATERIAL_OVERLAP,MEASURED,CARVE_OUT,VALID
40230f2d-e948-4117-819f-fc1da38ee531,NEW_DISTRICT,1997,10598.910902093457,0.0,870.0864953779961,9728.824406715461,1446.2938608181607,EXTREME_OVERLAP,MEASURED,CARVE_OUT,VALID
e51f4a9c-bf71-46da-9aaf-26e2b2a1f03e,NEW_DISTRICT,2013,10863.678551326559,0.0,1584.197651369876,9279.480899956683,2558.1220101517697,EXTREME_OVERLAP,MEASURED,CARVE_OUT,VALID
20a0b42c-f85e-4c24-8db3-021f589e15ce,NEW_DISTRICT,2013,8785.28990772323,0.0,1334.2312628064758,7451.058644916755,2410.9176816084746,EXTREME_OVERLAP,MEASURED,CARVE_OUT,VALID
f93ba5c5-7a45-43e0-b8b0-8ca9af8502a0,NEW_DISTRICT,1972,5757.252582251001,0.0,344.0607847145789,5413.191797536421,980.0363345865219,EXTREME_OVERLAP,MEASURED,CARVE_OUT,VALID
23cb9b25-7fa4-4551-9cce-ea41939dd3e3,NEW_DISTRICT,1975,14448.868217361625,0.0,1314.931081549847,13133.937135811779,3034.753548269023,EXTREME_OVERLAP,MEASURED,CARVE_OUT,VALID
1faf98a1-20b6-42f1-be2d-afaf3bee3622,NEW_DISTRICT,1995,2436.6840580358676,0.0,241.15455350109139,2195.529504534776,671.018948831394,EXTREME_OVERLAP,MEASURED,CARVE_OUT,VALID
ceb0957b-31ba-43d7-8e26-d1ba634ded80,NEW_DISTRICT,2016,4629.888132040494,0.0,367.516185661709,4262.371946378786,968.3093749151717,EXTREME_OVERLAP,MEASURED,CARVE_OUT,VALID
1c60d5b6-22d6-42c9-9ff0-8e43691b91b1,NEW_DISTRICT,1960,11524.45563362246,0.0,1549.7896610592734,9974.665972563187,4962.04269747919,EXTREME_OVERLAP,MEASURED,CARVE_OUT,VALID
7727e6c2-42d7-4796-a780-9bf0567a79ca,NEW_DISTRICT,1972,8401.794323490636,0.0,0.0,8401.794323490636,,UNKNOWN,UNMEASURED,CARVE_OUT,VALID
c2837a36-b285-4202-962a-47b946b52c26,NEW_DISTRICT,1979,3202.455973293259,0.0,462.94730842709646,2739.5086648661627,979.5779131107718,EXTREME_OVERLAP,MEASURED,CARVE_OUT,VALID
cc630202-debc-4bfb-b66a-a9d497564653,NEW_DISTRICT,2006,11864.261557729396,0.0,327.7340027167637,11536.527555012633,734.3771650241775,EXTREME_OVERLAP,MEASURED,CARVE_OUT,VALID
ac3cb67f-3383-4a54-9ea1-0d932480085c,NEW_DISTRICT,2006,4569.964730614893,0.0,615.4288619461432,3954.5358686687496,1335.2660556550513,EXTREME_OVERLAP,MEASURED,CARVE_OUT,VALID
090cd293-9588-4266-a8e8-4187f57e0dd0,NEW_DISTRICT,1991,,0.0,0.0,,,UNKNOWN,UNMEASURED,CARVE_OUT,VALID
2ef25821-5642-40d8-96d0-d6b8a715ea07,NEW_DISTRICT,1994,,0.0,0.0,,,UNKNOWN,UNMEASURED,CARVE_OUT,VALID
28249b42-17b4-4a10-b034-11d075116dd1,NEW_DISTRICT,2007,,0.0,0.0,,,UNKNOWN,UNMEASURED,CARVE_OUT,VALID
cbb90321-2cde-498a-93bf-979d6cff4e16,NEW_DISTRICT,1981,13378.296173600285,0.0,1499.8623926954556,11878.43378090483,3587.328627760882,EXTREME_OVERLAP,MEASURED,CARVE_OUT,VALID
c5f4bdec-3d54-48c5-a253-88fdd4f2237a,NEW_DISTRICT,1969,22478.364538398026,0.0,,,,EXTREME_OVERLAP,MEASURED,CARVE_OUT,VALID
99ef0550-df40-44e7-996d-f242feb6b409,NEW_DISTRICT,1969,22478.364538398026,0.0,,,,EXTREME_OVERLAP,MEASURED,CARVE_OUT,VALID
393205d9-5618-49f4-ac1b-ef6e614704b1,NEW_DISTRICT,1969,22478.364538398026,0.0,,,,EXTREME_OVERLAP,MEASURED,CARVE_OUT,VALID
0f5b8b88-8075-469e-9104-009e96ecfb21,NEW_DISTRICT,1997,1060.9735665754404,0.0,,,,EXTREME_OVERLAP,MEASURED,CARVE_OUT,VALID
97e4331e-f925-4909-8590-3d818f398c08,NEW_DISTRICT,1992,,0.0,0.0,,,INVALID_GEOMETRY,,CARVE_OUT,Missing source geometry observation.
b58eb440-4477-4b2f-8eb4-95be20469f9f,NEW_DISTRICT,2012,2755.7943622965463,0.0,,,,EXTREME_OVERLAP,MEASURED,CARVE_OUT,VALID
8c48c751-5421-4cfb-84e0-73ad96bb1d2f,NEW_DISTRICT,1995,5142.992654388533,0.0,308.7005428105297,4834.292111578004,717.9176942713345,EXTREME_OVERLAP,MEASURED,CARVE_OUT,VALID
6c4162bd-fd31-4a4d-9fcb-55fd6372503a,NEW_DISTRICT,1995,5142.992654388533,0.0,822.8645431639959,4320.128111224537,1818.3147769159152,EXTREME_OVERLAP,MEASURED,CARVE_OUT,VALID
76e6c690-ac96-401f-95a0-53224da46af1,NEW_DISTRICT,1973,7090.027624325411,0.0,121.32228539032785,6968.705338935083,4013.019856564988,EXTREME_OVERLAP,MEASURED,CARVE_OUT,VALID
6520db72-f80b-4657-8949-38d5efaddf59,NEW_DISTRICT,1979,15647.27243167411,0.0,1787.8694434241454,13859.402988249964,6187.349308177448,EXTREME_OVERLAP,MEASURED,CARVE_OUT,VALID
404e274e-f244-430c-988b-1ca05920ca54,NEW_DISTRICT,1993,,0.0,0.0,,,UNKNOWN,UNMEASURED,CARVE_OUT,VALID
d0892f39-6eb4-4277-ba88-b90e5b5a0b02,NEW_DISTRICT,2019,7195.058381544387,0.0,640.7263590300698,6554.332022514317,2608.8421162581662,EXTREME_OVERLAP,MEASURED,CARVE_OUT,VALID
9b710ebd-e4ce-440e-b950-ec507cdfe926,NEW_DISTRICT,2019,6749.190757824033,0.0,619.6066429048548,6129.584114919178,2160.7103381143884,EXTREME_OVERLAP,MEASURED,CARVE_OUT,VALID
8c42c5f4-dc3e-477c-a32b-baffb71e7f0b,NEW_DISTRICT,2016,,0.0,0.0,,,INVALID_GEOMETRY,,CARVE_OUT,Missing source geometry observation.
116466c9-78fb-400d-9402-de3ae17a3088,NEW_DISTRICT,2016,,0.0,0.0,,,INVALID_GEOMETRY,,CARVE_OUT,Missing source geometry observation.
25ac03b7-b02f-49d2-b95e-cb18e2679430,NEW_DISTRICT,1995,,0.0,0.0,,,UNKNOWN,UNMEASURED,CARVE_OUT,VALID
f0f72cc4-f670-4825-a71d-02d23b45db1e,NEW_DISTRICT,2012,2972.6680226576245,0.0,,,,EXTREME_OVERLAP,MEASURED,CARVE_OUT,VALID
9cd0263b-f69b-4746-ae22-894b56e3f25c,NEW_DISTRICT,1981,6176.028245495687,0.0,199.39131399512033,5976.636931500567,853.6517998101626,EXTREME_OVERLAP,MEASURED,CARVE_OUT,VALID
c376ba7b-b43f-4658-8e3d-ae133a859646,NEW_DISTRICT,1988,,0.0,0.0,,,INVALID_GEOMETRY,,CARVE_OUT,Missing source geometry observation.
785669f0-14db-41f0-bf15-84b2df5be2d3,NEW_DISTRICT,1995,4398.121714805266,0.0,344.7989682519793,4053.3227465532864,2050.6613376533796,EXTREME_OVERLAP,MEASURED,CARVE_OUT,VALID
99576adc-b35b-4c8a-a3b1-8408a29e8192,NEW_DISTRICT,1998,7696.634790293477,0.0,564.7973907699828,7131.837399523494,2692.8299037072243,EXTREME_OVERLAP,MEASURED,CARVE_OUT,VALID
0110aee8-99a8-4d53-b456-593c60f4a4d2,SPLIT,1957,12789.189098051245,0.0,1637.181464368416,11152.00763368283,4936.665484001929,EXTREME_OVERLAP,MEASURED,CLEAN_SPLIT,VALID
de7bbfd9-4dfb-4d99-ad0a-a1ab19bb9884,SPLIT,1957,7230.064395931892,0.0,144.5510643205975,7085.513331611295,460.82094047968,EXTREME_OVERLAP,MEASURED,CARVE_OUT,VALID
2a3d4f4d-2792-49a6-9d12-26a1e6c373b2,SPLIT,1958,,0.0,0.0,,,INVALID_GEOMETRY,,CARVE_OUT,Missing source geometry observation.
5da46199-6375-437b-ae3a-fd451539069d,SPLIT,1969,6574.145904678048,0.0,699.7159262659284,5874.429978412119,2134.3468671236174,EXTREME_OVERLAP,MEASURED,CARVE_OUT,VALID
0d2afe3f-8189-4318-8ea3-0dd0d1dfb3ab,SPLIT,1969,22478.364538398026,0.0,,,,EXTREME_OVERLAP,MEASURED,CLEAN_SPLIT,VALID
08ba2767-5a0e-4f5b-8b41-80d83960d2bd,SPLIT,1970,10370.715090609212,0.0,,,,EXTREME_OVERLAP,MEASURED,CLEAN_SPLIT,VALID
a638752a-f852-48e5-95c3-46efce0a4ccf,SPLIT,1980,13408.958841883028,0.0,,,,UNKNOWN,UNMEASURED,CLEAN_SPLIT,VALID
8733945d-47d7-4876-87c9-5d90c5fea134,SPLIT,1972,6711.357397694583,0.0,1039.714112661689,5671.643285032894,3470.6483986278163,EXTREME_OVERLAP,MEASURED,CARVE_OUT,VALID
2ae43a35-6fcf-428e-8b5a-6edf6a41ff17,SPLIT,1976,14088.541902295321,0.0,,,,EXTREME_OVERLAP,MEASURED,CLEAN_SPLIT,VALID
1bf8425d-1f71-411f-876d-d4854b6f3a1f,SPLIT,1973,7090.027624325411,0.0,121.32228539032785,6968.705338935083,4013.019856564988,EXTREME_OVERLAP,MEASURED,CLEAN_SPLIT,VALID
3c13a119-198e-42ca-a26a-a9b42ccaed0f,SPLIT,1990,13468.991605306794,0.0,824.9515721749972,12644.040033131796,9074.388056318023,EXTREME_OVERLAP,MEASURED,CLEAN_SPLIT,VALID
63bea055-41ca-43c8-a8a9-f353949c7c4e,SPLIT,1997,1467.8300703301863,0.0,101.79991540115607,1366.0301549290302,293.8466425650111,EXTREME_OVERLAP,MEASURED,CLEAN_SPLIT,VALID
c0249205-a3ec-4947-be91-5b40547c9208,SPLIT,1997,1467.8300703301863,0.0,0.0,,,UNKNOWN,UNMEASURED,CLEAN_SPLIT,VALID
7b591880-04e8-4762-9f78-1469e8dd7655,SPLIT,1997,1467.8300703301863,0.0,104.63274077397638,1363.19732955621,300.5383840832053,EXTREME_OVERLAP,MEASURED,CLEAN_SPLIT,VALID
fdaaf342-b1a0-4939-8d8a-9f4799f9b11a,SPLIT,1997,,0.0,0.0,,,INVALID_GEOMETRY,,CARVE_OUT,Missing source geometry observation.
d4a351ed-a384-443b-a68d-538ddf34663d,SPLIT,1997,1060.9735665754404,0.0,,,,EXTREME_OVERLAP,MEASURED,CLEAN_SPLIT,VALID
62b0c13c-1b18-444c-80d7-79e90307cccb,SPLIT,1997,2504.6456811336257,0.0,115.54098013219071,2389.104701001435,349.2800538620102,EXTREME_OVERLAP,MEASURED,CARVE_OUT,VALID
10c24980-cf68-48fa-b574-0d21a41fd220,SPLIT,2007,20514.976985628567,0.0,1377.0221160247565,19137.95486960381,6648.097191857465,EXTREME_OVERLAP,MEASURED,CLEAN_SPLIT,VALID
2e44cca1-7966-48e0-bfdc-61645e30d80c,SPLIT,2006,1293.05347422686,0.0,1.7619660964232642,1291.2915081304368,3.8123412030681356,NO_OVERLAP,MEASURED,CARVE_OUT,VALID
0fb258cb-907c-48e0-bdce-29a85c897056,SPLIT,2017,8361.155384251113,0.0,,,,EXTREME_OVERLAP,MEASURED,CARVE_OUT,VALID
6b2414ae-6d94-4f13-8b5a-67b798c502a9,SPLIT,2011,4056.223428929055,0.0,315.1542982122131,3741.0691307168418,919.3308985648317,EXTREME_OVERLAP,MEASURED,CARVE_OUT,VALID
6ff81d97-b9b6-4759-b28b-022ebf7515c1,SPLIT,2010,4466.126340628052,0.0,319.7301604356949,4146.396180192357,1658.3172612040084,EXTREME_OVERLAP,MEASURED,CARVE_OUT,VALID
169b5e3e-19a0-43cb-9fb9-0a7d9ff2656b,SPLIT,2011,5194.168485884748,0.0,207.0617357349061,4987.106750149842,696.297347572505,EXTREME_OVERLAP,MEASURED,CARVE_OUT,VALID
b4d87243-88ff-4013-bfb0-8009bbc05409,SPLIT,2016,12801.523008191938,0.0,0.0,12801.523008191938,,UNKNOWN,UNMEASURED,CARVE_OUT,VALID
5867ba3e-2ee5-48ad-b161-4f9dd52c4af9,SPLIT,2016,,0.0,0.0,,,INVALID_GEOMETRY,,CARVE_OUT,Missing source geometry observation.
5e625307-c768-40f5-ade1-99d15935e89b,NEW_DISTRICT,1979,,0.0,0.0,,,INVALID_GEOMETRY,,UNKNOWN,Missing source and target geometry observations.
001b4f47-1e20-4917-98f6-b25a7138951c,NEW_DISTRICT,2022,,0.0,0.0,,,INVALID_GEOMETRY,,UNKNOWN,Missing source and target geometry observations.
7c9e85e2-8ca0-4f3d-9275-af5562316450,NEW_DISTRICT,2022,,0.0,0.0,,,INVALID_GEOMETRY,,UNKNOWN,Missing source and target geometry observations.
7524f8d4-6dd8-4304-9148-15016b925206,NEW_DISTRICT,2004,,0.0,0.0,,,INVALID_GEOMETRY,,UNKNOWN,Missing source and target geometry observations.
e5b739ad-dfa2-45fe-93f2-984fe5bfb52f,NEW_DISTRICT,1991,,0.0,0.0,,,INVALID_GEOMETRY,,UNKNOWN,Missing source and target geometry observations.
56771df5-2db6-4a9e-9b74-fbbabb4bcb99,NEW_DISTRICT,1989,,0.0,0.0,,,INVALID_GEOMETRY,,UNKNOWN,Missing source and target geometry observations.
4dc450cb-cde8-4222-9d11-7c2e1b7ee2b7,NEW_DISTRICT,2019,,0.0,0.0,,,INVALID_GEOMETRY,,UNKNOWN,Missing source and target geometry observations.
b9dc2bc1-b59b-474f-baf1-9a5d973abe1f,NEW_DISTRICT,1970,,0.0,0.0,,,INVALID_GEOMETRY,,UNKNOWN,Missing source and target geometry observations.
cb1742da-d2b6-4a9b-855b-19c5d40812fc,NEW_DISTRICT,2012,,0.0,0.0,,,INVALID_GEOMETRY,,UNKNOWN,Missing source and target geometry observations.
21f5c67c-ab8a-40d2-a23f-4dee99de5e9a,NEW_DISTRICT,2017,,0.0,0.0,,,INVALID_GEOMETRY,,UNKNOWN,Missing source and target geometry observations.
43f5b7fe-a077-45ef-a240-5a7977ecc03d,RENAME,2001,,,,,,INVALID_GEOMETRY,NON_SPATIAL,UNKNOWN,RENAME events are nominal identity changes without spatial transfers.
dd52625f-6af8-4083-916f-3ce7af3524d5,RENAME,1961,,,,,,INVALID_GEOMETRY,NON_SPATIAL,UNKNOWN,RENAME events are nominal identity changes without spatial transfers.
39163cca-4232-4c71-8fac-106d1adbfe8a,RENAME,2001,,,,,,INVALID_GEOMETRY,NON_SPATIAL,UNKNOWN,RENAME events are nominal identity changes without spatial transfers.
1cfcd184-ddf2-4b6a-8a5c-9e03d306ab8e,RENAME,2011,,,,,,INVALID_GEOMETRY,NON_SPATIAL,UNKNOWN,RENAME events are nominal identity changes without spatial transfers.
1efab99a-bc07-4594-a0e1-77e31cc7a1a0,RENAME,2011,,,,,,INVALID_GEOMETRY,NON_SPATIAL,UNKNOWN,RENAME events are nominal identity changes without spatial transfers.
72761f66-37f6-4ab0-acdf-ff9d9bf4c272,RENAME,1961,,,,,,INVALID_GEOMETRY,NON_SPATIAL,UNKNOWN,RENAME events are nominal identity changes without spatial transfers.
ce1beb02-63af-4b0c-a81d-a8145c908957,RENAME,1971,,,,,,INVALID_GEOMETRY,NON_SPATIAL,UNKNOWN,RENAME events are nominal identity changes without spatial transfers.
5cd38491-3b84-429c-8647-fb8a4b2b5e33,RENAME,2021,,,,,,INVALID_GEOMETRY,NON_SPATIAL,UNKNOWN,RENAME events are nominal identity changes without spatial transfers.
9a0e3d84-0f53-43cf-8f2f-e9bbe6bfa236,RENAME,1981,,,,,,INVALID_GEOMETRY,NON_SPATIAL,UNKNOWN,RENAME events are nominal identity changes without spatial transfers.
96bd9a35-27e7-4bc2-9483-09f5e905ad7e,RENAME,1971,,,,,,INVALID_GEOMETRY,NON_SPATIAL,UNKNOWN,RENAME events are nominal identity changes without spatial transfers.
4090b884-3b5f-48c9-9cf7-78ac2aeeb9e0,RENAME,1971,,,,,,INVALID_GEOMETRY,NON_SPATIAL,UNKNOWN,RENAME events are nominal identity changes without spatial transfers.
11bbe28d-55f2-4c6e-be27-abd4d3275574,RENAME,2011,,,,,,INVALID_GEOMETRY,NON_SPATIAL,UNKNOWN,RENAME events are nominal identity changes without spatial transfers.
9cafbae0-d284-4c9b-a636-20e759a47834,RENAME,1951,,,,,,INVALID_GEOMETRY,NON_SPATIAL,UNKNOWN,RENAME events are nominal identity changes without spatial transfers.
30c58c61-9b43-4b1d-93ac-e3617e514fe4,RENAME,1991,,,,,,INVALID_GEOMETRY,NON_SPATIAL,UNKNOWN,RENAME events are nominal identity changes without spatial transfers.
9616b420-4e90-4d28-b4ec-887ca7439c19,RENAME,1991,,,,,,INVALID_GEOMETRY,NON_SPATIAL,UNKNOWN,RENAME events are nominal identity changes without spatial transfers.
37dd4274-ce22-4e9e-ba49-1e95414ee404,RENAME,1991,,,,,,INVALID_GEOMETRY,NON_SPATIAL,UNKNOWN,RENAME events are nominal identity changes without spatial transfers.
95f8da4b-c44e-4e95-9837-dd506d44f844,SPLIT,1960,,0.0,0.0,,,INVALID_GEOMETRY,,UNKNOWN,Missing source and target geometry observations.
f7b174fc-205c-4699-8464-3838884f3446,SPLIT,1957,,0.0,0.0,,,INVALID_GEOMETRY,,UNKNOWN,Missing source and target geometry observations.
362c2e42-5254-45d5-9d6d-72c9d103385b,SPLIT,1956,,0.0,0.0,,,INVALID_GEOMETRY,,UNKNOWN,Missing source and target geometry observations.
34a675cc-0ff9-4fba-98ae-bbf38a02f6b8,SPLIT,1956,,0.0,0.0,,,INVALID_GEOMETRY,,UNKNOWN,Missing source and target geometry observations.
9693a14f-f8b8-4ef9-92a0-97ce23cffb2a,SPLIT,1966,,0.0,0.0,,,INVALID_GEOMETRY,,UNKNOWN,Missing source and target geometry observations.
2cf2cea3-f130-45fe-b50b-f5de5d110f4f,SPLIT,1969,,0.0,0.0,,,INVALID_GEOMETRY,,UNKNOWN,Missing source and target geometry observations.
33de677d-f500-4547-914f-6cfb23b6ddb1,SPLIT,1978,,0.0,0.0,,,INVALID_GEOMETRY,,UNKNOWN,Missing source and target geometry observations.
38e23711-f444-4249-a4f5-f66d65e47c4b,SPLIT,1979,,0.0,0.0,,,INVALID_GEOMETRY,,UNKNOWN,Missing source and target geometry observations.
a85f9dd0-6c30-4c42-b562-4ee6356464da,SPLIT,1973,,0.0,0.0,,,INVALID_GEOMETRY,,UNKNOWN,Missing source and target geometry observations.
24af0a4b-37cb-401e-8365-b0b69f43baa5,SPLIT,1979,,0.0,0.0,,,INVALID_GEOMETRY,,UNKNOWN,Missing source and target geometry observations.
c7a26a5b-e69d-4277-b892-cb9587df3311,SPLIT,1979,,0.0,0.0,,,INVALID_GEOMETRY,,UNKNOWN,Missing source and target geometry observations.
41e64655-48ce-4e6d-b222-02f4f3a37a9b,SPLIT,1979,,0.0,0.0,,,INVALID_GEOMETRY,,UNKNOWN,Missing source and target geometry observations.
54ff2c22-1279-4d45-a73a-477f3118b1e1,SPLIT,1980,,0.0,0.0,,,INVALID_GEOMETRY,,UNKNOWN,Missing source and target geometry observations.
88493fbb-a7a3-4753-9530-e96353fe06cc,SPLIT,1980,,0.0,0.0,,,INVALID_GEOMETRY,,UNKNOWN,Missing source and target geometry observations.
d72007a5-1020-4121-bccf-713b099faaf3,SPLIT,1973,,0.0,0.0,,,INVALID_GEOMETRY,,UNKNOWN,Missing source and target geometry observations.
2271eaa9-2124-4e7c-896c-7b92162fa1ca,SPLIT,1979,,0.0,0.0,,,INVALID_GEOMETRY,,UNKNOWN,Missing source and target geometry observations.
402fb3ef-739f-448d-880e-8ffd10992504,SPLIT,1989,,0.0,0.0,,,INVALID_GEOMETRY,,UNKNOWN,Missing source and target geometry observations.
7b74991c-d405-4b10-b3e0-6dd24b98a22a,SPLIT,1989,,0.0,0.0,,,INVALID_GEOMETRY,,UNKNOWN,Missing source and target geometry observations.
6a831ce5-5a4d-43a1-ab14-7dc59f346d5f,SPLIT,1986,,0.0,0.0,,,INVALID_GEOMETRY,,UNKNOWN,Missing source and target geometry observations.
1240e309-fc1d-46a5-b2fa-5aaeb9124ca9,SPLIT,1982,,0.0,0.0,,,INVALID_GEOMETRY,,UNKNOWN,Missing source and target geometry observations.
7b549eee-82e4-43e1-b7ba-069dce690d39,SPLIT,1990,,0.0,0.0,,,INVALID_GEOMETRY,,UNKNOWN,Missing source and target geometry observations.
c8952077-97aa-4898-b7b0-69e45207a201,SPLIT,1985,,0.0,0.0,,,INVALID_GEOMETRY,,UNKNOWN,Missing source and target geometry observations.
43ef7352-40a4-4285-bdd4-0000c5a3b809,SPLIT,1989,,0.0,0.0,,,INVALID_GEOMETRY,,UNKNOWN,Missing source and target geometry observations.
ac44ba36-d6fa-4730-b29a-0a89b6a86814,SPLIT,1998,,0.0,0.0,,,INVALID_GEOMETRY,,UNKNOWN,Missing source and target geometry observations.
32f083c1-5d41-4b73-8ef2-ebe77a3da77f,SPLIT,1998,,0.0,0.0,,,INVALID_GEOMETRY,,UNKNOWN,Missing source and target geometry observations.
5fce86e9-74ac-40d9-bc47-65be9d95bec2,SPLIT,1998,,0.0,0.0,,,INVALID_GEOMETRY,,UNKNOWN,Missing source and target geometry observations.
99d43ce7-9037-40b9-aad4-e9cab165baa2,SPLIT,1997,,0.0,0.0,,,INVALID_GEOMETRY,,UNKNOWN,Missing source and target geometry observations.
dbc69178-fc91-4796-a845-edaf342dfd87,SPLIT,1997,,0.0,0.0,,,INVALID_GEOMETRY,,UNKNOWN,Missing source and target geometry observations.
449aa272-760e-4495-9364-d995ecc09410,SPLIT,1997,,0.0,0.0,,,INVALID_GEOMETRY,,UNKNOWN,Missing source and target geometry observations.
61217905-1340-4e68-9bc7-ebdd74f58406,SPLIT,1997,,0.0,0.0,,,INVALID_GEOMETRY,,UNKNOWN,Missing source and target geometry observations.
e6791a8f-ae76-48b0-bcd7-0c90527ed484,SPLIT,1997,,0.0,0.0,,,INVALID_GEOMETRY,,UNKNOWN,Missing source and target geometry observations.
ab54f6ba-7fb7-4bdd-ada3-a82bc3dbef4b,SPLIT,1997,,0.0,0.0,,,INVALID_GEOMETRY,,UNKNOWN,Missing source and target geometry observations.
de6fc419-8ae7-40a4-93ca-5bed48ecf2bd,SPLIT,1997,,0.0,0.0,,,INVALID_GEOMETRY,,UNKNOWN,Missing source and target geometry observations.
2d6ed94f-c939-48ed-a815-df2271d97627,SPLIT,1998,,0.0,0.0,,,INVALID_GEOMETRY,,UNKNOWN,Missing source and target geometry observations.
a0eb050e-5fb1-4c81-a5ac-4621f5281e40,SPLIT,1992,,0.0,0.0,,,INVALID_GEOMETRY,,UNKNOWN,Missing source and target geometry observations.
4fd0433b-dcd9-4316-8d2e-df2959e11172,SPLIT,1993,,0.0,0.0,,,INVALID_GEOMETRY,,UNKNOWN,Missing source and target geometry observations.
435d3122-5b8c-41f1-8d87-881f1ea414aa,SPLIT,1992,,0.0,0.0,,,INVALID_GEOMETRY,,UNKNOWN,Missing source and target geometry observations.
0bcacd7a-a116-4224-90c4-ee028f75d1cb,SPLIT,1991,,0.0,0.0,,,INVALID_GEOMETRY,,UNKNOWN,Missing source and target geometry observations.
b456ed55-2871-46c6-91cf-33a51eea366c,SPLIT,1994,,0.0,0.0,,,INVALID_GEOMETRY,,UNKNOWN,Missing source and target geometry observations.
6120b294-a2d6-4db7-8414-112c2064ae94,SPLIT,1997,,0.0,0.0,,,INVALID_GEOMETRY,,UNKNOWN,Missing source and target geometry observations.
9b5fa074-24ff-4acb-b79c-be90509f9235,SPLIT,1997,,0.0,0.0,,,INVALID_GEOMETRY,,UNKNOWN,Missing source and target geometry observations.
35d2859c-1a5f-4178-ba0f-447ec695a155,SPLIT,1994,,0.0,0.0,,,INVALID_GEOMETRY,,UNKNOWN,Missing source and target geometry observations.
79167724-9d87-4428-aca0-c020cb96add1,SPLIT,1997,,0.0,0.0,,,INVALID_GEOMETRY,,UNKNOWN,Missing source and target geometry observations.
07f4de91-4b08-4313-8d25-490d83e9a6ba,SPLIT,1995,,0.0,0.0,,,INVALID_GEOMETRY,,UNKNOWN,Missing source and target geometry observations.
28dde404-cff8-41ea-8848-efa6a1080382,SPLIT,1995,,0.0,0.0,,,INVALID_GEOMETRY,,UNKNOWN,Missing source and target geometry observations.
c895ec68-54be-4fca-9ce3-c112d7e32dff,SPLIT,1997,,0.0,0.0,,,INVALID_GEOMETRY,,UNKNOWN,Missing source and target geometry observations.
ffbe5263-07e1-4d66-a2ee-acf6012ec723,SPLIT,2004,,0.0,0.0,,,INVALID_GEOMETRY,,UNKNOWN,Missing source and target geometry observations.
20c8ace7-3c07-4213-a4e9-a77b1dc8f1ef,SPLIT,2004,,0.0,0.0,,,INVALID_GEOMETRY,,UNKNOWN,Missing source and target geometry observations.
f1ea122b-6fc1-4a78-a401-14d026217618,SPLIT,2004,,0.0,0.0,,,INVALID_GEOMETRY,,UNKNOWN,Missing source and target geometry observations.
f2b85cf3-4425-4bb4-9091-1ff56f10b623,SPLIT,2005,,0.0,0.0,,,INVALID_GEOMETRY,,UNKNOWN,Missing source and target geometry observations.
eb364376-675c-4d9f-b9f1-da2fcfaaeb3f,SPLIT,2008,,0.0,0.0,,,INVALID_GEOMETRY,,UNKNOWN,Missing source and target geometry observations.
69e33866-2b19-4e4a-bf8e-f708999a7541,SPLIT,2006,,0.0,0.0,,,INVALID_GEOMETRY,,UNKNOWN,Missing source and target geometry observations.
813ffff7-7d92-42f8-a5ae-1fc2ec9c66c3,SPLIT,2006,,0.0,0.0,,,INVALID_GEOMETRY,,UNKNOWN,Missing source and target geometry observations.
ff6e887c-b959-428f-bd9c-a8bfb271247d,SPLIT,2006,,0.0,0.0,,,INVALID_GEOMETRY,,UNKNOWN,Missing source and target geometry observations.
e5be50ff-ab8d-4fd1-adbf-f1ad084e36bb,SPLIT,2006,,0.0,0.0,,,INVALID_GEOMETRY,,UNKNOWN,Missing source and target geometry observations.
3e7456e2-5e36-4684-887d-c11931d3bb05,SPLIT,2007,,0.0,0.0,,,INVALID_GEOMETRY,,UNKNOWN,Missing source and target geometry observations.
bd006fc3-4634-4848-9a05-596e6d4f3744,SPLIT,2003,,0.0,0.0,,,INVALID_GEOMETRY,,UNKNOWN,Missing source and target geometry observations.
0b064fac-c400-4023-b045-5c3e1e5f3b29,SPLIT,2004,,0.0,0.0,,,INVALID_GEOMETRY,,UNKNOWN,Missing source and target geometry observations.
e0a4261d-b551-4c83-9416-d1ffd712c7e7,SPLIT,2006,,0.0,0.0,,,INVALID_GEOMETRY,,UNKNOWN,Missing source and target geometry observations.
8e10bbbc-b55d-45be-a241-891b784cb071,SPLIT,2004,,0.0,0.0,,,INVALID_GEOMETRY,,UNKNOWN,Missing source and target geometry observations.
c6b9d243-e257-4de5-99dd-200aec5cb97d,SPLIT,2014,,0.0,0.0,,,INVALID_GEOMETRY,,UNKNOWN,Missing source and target geometry observations.
652601be-cf2d-4e0f-808b-99a7cd84ed44,SPLIT,2014,,0.0,0.0,,,INVALID_GEOMETRY,,UNKNOWN,Missing source and target geometry observations.
c1082167-a5a0-4dd0-8a05-e2b14b804853,SPLIT,2015,,0.0,0.0,,,INVALID_GEOMETRY,,UNKNOWN,Missing source and target geometry observations.
404ef373-32f0-43a1-a421-77be58292b21,SPLIT,2018,,0.0,0.0,,,INVALID_GEOMETRY,,UNKNOWN,Missing source and target geometry observations.
185f6f40-f576-4ee2-add8-55f6629312fc,SPLIT,2015,,0.0,0.0,,,INVALID_GEOMETRY,,UNKNOWN,Missing source and target geometry observations.
d5125885-a63a-45a2-a441-fbf26cc284cf,SPLIT,2015,,0.0,0.0,,,INVALID_GEOMETRY,,UNKNOWN,Missing source and target geometry observations.
5428b26f-3afa-4936-a4b0-ae7b8c20f833,SPLIT,2020,,0.0,0.0,,,INVALID_GEOMETRY,,UNKNOWN,Missing source and target geometry observations.
7d22524f-7aaf-4f9f-8d0c-6dd94c9e5e9e,SPLIT,2012,,0.0,0.0,,,INVALID_GEOMETRY,,UNKNOWN,Missing source and target geometry observations.
14364838-1057-4f6c-851b-51c86f216901,SPLIT,2012,,0.0,0.0,,,INVALID_GEOMETRY,,UNKNOWN,Missing source and target geometry observations.
07c51b37-67b3-427b-b6c9-707dbe1c083a,SPLIT,2013,,0.0,0.0,,,INVALID_GEOMETRY,,UNKNOWN,Missing source and target geometry observations.
2d4eb6c1-ed37-4abe-874d-ac52903f3fac,SPLIT,2013,,0.0,0.0,,,INVALID_GEOMETRY,,UNKNOWN,Missing source and target geometry observations.
f88fe988-85d5-42c2-8d18-9d688f2e2262,SPLIT,2013,,0.0,0.0,,,INVALID_GEOMETRY,,UNKNOWN,Missing source and target geometry observations.
48845d8a-0953-4740-8592-900b36a839c9,SPLIT,2013,,0.0,0.0,,,INVALID_GEOMETRY,,UNKNOWN,Missing source and target geometry observations.
f305d4b8-64c0-4e67-9574-ca95f96a435e,SPLIT,2018,,0.0,0.0,,,INVALID_GEOMETRY,,UNKNOWN,Missing source and target geometry observations.
7f51b5f1-3e10-4c54-997f-aca079e55afe,SPLIT,2016,,0.0,0.0,,,INVALID_GEOMETRY,,UNKNOWN,Missing source and target geometry observations.
6d66f7ed-06be-4a06-b1bf-edb78971632f,SPLIT,2016,,0.0,0.0,,,INVALID_GEOMETRY,,UNKNOWN,Missing source and target geometry observations.
ebaf7f90-cda8-48c9-81bc-74c8a1627545,SPLIT,2016,,0.0,0.0,,,INVALID_GEOMETRY,,UNKNOWN,Missing source and target geometry observations.
67cad0c3-eb18-4683-8ea7-2d93613948fa,SPLIT,2012,,0.0,0.0,,,INVALID_GEOMETRY,,UNKNOWN,Missing source and target geometry observations.
e7765e07-edfb-40e0-8a9e-a04dafc1564d,SPLIT,2019,,0.0,0.0,,,INVALID_GEOMETRY,,UNKNOWN,Missing source and target geometry observations.
8a13f756-3a73-49c7-a161-299a7504ab18,SPLIT,2019,,0.0,0.0,,,INVALID_GEOMETRY,,UNKNOWN,Missing source and target geometry observations.
3032148a-0c74-4907-aca5-bf8ed7cd2667,SPLIT,2011,,0.0,0.0,,,INVALID_GEOMETRY,,UNKNOWN,Missing source and target geometry observations.
ecff683e-5f0a-49f8-a5d2-c4bcd374482b,SPLIT,2021,,0.0,0.0,,,INVALID_GEOMETRY,,UNKNOWN,Missing source and target geometry observations.
96676231-651e-4d83-915a-2b061fea3509,SPLIT,2016,,0.0,0.0,,,INVALID_GEOMETRY,,UNKNOWN,Missing source and target geometry observations.
7fc83f01-8d40-422c-a30e-1f7e7bffc7a5,SPLIT,2016,,0.0,0.0,,,INVALID_GEOMETRY,,UNKNOWN,Missing source and target geometry observations.
54317bcd-8f2d-48f9-9dba-73aaa95974e6,SPLIT,2012,,0.0,0.0,,,INVALID_GEOMETRY,,UNKNOWN,Missing source and target geometry observations.
cac824a5-b1f4-4be6-9ec3-480b5abd1eec,SPLIT,2011,,0.0,0.0,,,INVALID_GEOMETRY,,UNKNOWN,Missing source and target geometry observations.
2ef6c264-dc2f-466b-870f-95f9f1920024,SPLIT,2011,,0.0,0.0,,,INVALID_GEOMETRY,,UNKNOWN,Missing source and target geometry observations.
0add88ea-b4f2-418b-a228-dc650b58d9be,SPLIT,2016,,0.0,0.0,,,INVALID_GEOMETRY,,UNKNOWN,Missing source and target geometry observations.
78e77d53-dcca-4955-a06d-2ee5730bbb71,SPLIT,2016,,0.0,0.0,,,INVALID_GEOMETRY,,UNKNOWN,Missing source and target geometry observations.
5f9d355b-bb16-403f-ba23-0231f0064bbd,SPLIT,2022,,0.0,0.0,,,INVALID_GEOMETRY,,UNKNOWN,Missing source and target geometry observations.
648a19f0-6488-48a2-ba2d-dc40f4f1f46a,SPLIT,2022,,0.0,0.0,,,INVALID_GEOMETRY,,UNKNOWN,Missing source and target geometry observations.
1f929630-8e04-4cc9-a267-f18d2d0c517a,SPLIT,2023,,0.0,0.0,,,INVALID_GEOMETRY,,UNKNOWN,Missing source and target geometry observations.
3617c5ef-b4b7-4005-801a-4339e7a9e606,SPLIT,2023,,0.0,0.0,,,INVALID_GEOMETRY,,UNKNOWN,Missing source and target geometry observations.
ea659402-7b12-4184-9ed3-825ed9a6a927,SPLIT,2023,,0.0,0.0,,,INVALID_GEOMETRY,,UNKNOWN,Missing source and target geometry observations.
ec7ae81b-d6b8-4372-9900-ae0215945bd5,SPLIT,2023,,0.0,0.0,,,INVALID_GEOMETRY,,UNKNOWN,Missing source and target geometry observations.
7f96b67c-a6da-4191-8ee0-b5fa0b124ff1,NEW_DISTRICT,2006,,0.0,0.0,,,INVALID_GEOMETRY,,UNKNOWN,Missing source and target geometry observations.
82f0ae9f-a480-442b-8a62-2db1a27b39c8,NEW_DISTRICT,2022,,0.0,0.0,,,INVALID_GEOMETRY,,UNKNOWN,Missing source and target geometry observations.
895734cd-e938-4630-9b16-7630d861d271,RENAME,2001,,,,,,INVALID_GEOMETRY,NON_SPATIAL,UNKNOWN,RENAME events are nominal identity changes without spatial transfers.
b661da75-34ef-4baf-90b2-55ed25443b2c,NEW_DISTRICT,1980,23804.684843820523,0.0,,,,EXTREME_OVERLAP,MEASURED,CARVE_OUT,VALID
6e9a9874-482a-4ea7-abf0-1ba16356720b,NEW_DISTRICT,1980,24257.047925301682,0.0,,,,UNKNOWN,UNMEASURED,CARVE_OUT,VALID
dc90f197-e97f-4be0-b67d-89e8559c0fcc,NEW_DISTRICT,1994,,0.0,0.0,,,INVALID_GEOMETRY,,CARVE_OUT,Missing source geometry observation.
a689edca-f4f5-4c42-a505-64e241e9754a,NEW_DISTRICT,2015,7082.750321792326,0.0,,,,EXTREME_OVERLAP,MEASURED,CARVE_OUT,VALID
17624995-164f-402a-93b3-ddcf378fa923,NEW_DISTRICT,1983,2641.923935510518,0.0,,,,EXTREME_OVERLAP,MEASURED,CARVE_OUT,VALID
9f61c6dc-deaa-4c5b-9180-7278890f5aaf,NEW_DISTRICT,2015,2620.057509906646,0.0,,,,EXTREME_OVERLAP,MEASURED,CARVE_OUT,VALID
e0d3ff1f-33db-48e4-8087-f894f4c7dcb7,NEW_DISTRICT,1972,5606.499909467111,0.0,210.74903521628826,5395.750874250823,2167.970399376753,EXTREME_OVERLAP,MEASURED,CARVE_OUT,VALID
56a096b1-e880-48a5-8aeb-716b1fc7e79e,NEW_DISTRICT,1972,7795.514249554497,0.0,231.97829747853274,7563.535952075964,2391.094242686887,EXTREME_OVERLAP,MEASURED,CARVE_OUT,VALID
d0ee6ee5-9464-430f-93e8-9de7ec47dda8,NEW_DISTRICT,1991,4081.1590558337907,0.0,151.5336696277771,3929.6253862060134,2264.644185937931,EXTREME_OVERLAP,MEASURED,CARVE_OUT,VALID
e21a44c0-cf92-4343-953e-b20052d8ae46,NEW_DISTRICT,1994,6405.989090355114,0.0,91.1592788768908,6314.829811478223,1119.7933219024706,EXTREME_OVERLAP,MEASURED,CARVE_OUT,VALID
ba13e49c-61ea-4dd0-bdee-00789f41a6ff,NEW_DISTRICT,1994,6405.989090355114,0.0,54.146341655262994,6351.842748699851,614.229724028299,EXTREME_OVERLAP,MEASURED,CARVE_OUT,VALID
8daba9d1-7a6d-4273-93ea-a238465150c8,NEW_DISTRICT,2001,1562.3070430128323,0.0,62.568282634498395,1499.7387603783338,541.4306725801388,EXTREME_OVERLAP,MEASURED,CARVE_OUT,VALID
894a3ac5-0dae-4a65-b824-6ff8b2672b50,NEW_DISTRICT,1998,,0.0,0.0,,,INVALID_GEOMETRY,,CARVE_OUT,Missing source geometry observation.
477290ef-6700-4d31-a677-a35dc3063c24,NEW_DISTRICT,2012,12545.692191244243,0.0,693.8581486866238,11851.834042557619,4062.4664065392612,EXTREME_OVERLAP,MEASURED,CARVE_OUT,VALID
67d1edb6-d6ef-411a-bb4a-a2db05491c92,NEW_DISTRICT,2012,,0.0,0.0,,,UNKNOWN,UNMEASURED,CARVE_OUT,VALID
cc32d82d-1145-484f-abcc-09191cd45d90,NEW_DISTRICT,1997,8891.957069089576,0.0,1089.8671965062872,7802.0898725832885,2540.902885615031,EXTREME_OVERLAP,MEASURED,CARVE_OUT,VALID
4ed08270-3099-4771-a4f4-7e35000f1faf,NEW_DISTRICT,2007,7446.842515317025,0.0,946.1113093900113,6500.731205927013,2149.525159997156,EXTREME_OVERLAP,MEASURED,CARVE_OUT,VALID
4d324947-c272-4257-8de7-98459d1c0740,NEW_DISTRICT,1989,3265.5533489664476,0.0,381.3583718631828,2884.194977103265,1049.836098920998,EXTREME_OVERLAP,MEASURED,CARVE_OUT,VALID
5941fc41-29dd-4915-b3f9-2a0c6de882d6,NEW_DISTRICT,1956,,0.0,0.0,,,UNKNOWN,UNMEASURED,CARVE_OUT,VALID
3c56a4b2-5e68-4886-81c3-b132e2008327,NEW_DISTRICT,1983,18258.41543982621,0.0,897.9678809023649,17360.447558923846,7664.218931503201,EXTREME_OVERLAP,MEASURED,CARVE_OUT,VALID
11c38136-c469-42d5-a945-8c60f652fd9f,NEW_DISTRICT,1991,12750.333480171043,0.0,495.2478931906272,12255.085586980415,3578.680526645294,EXTREME_OVERLAP,MEASURED,CARVE_OUT,VALID
778c1e9f-a3cd-4859-909d-dff8ab33469a,NEW_DISTRICT,2001,9899.482822783024,0.0,202.71409244878396,9696.768730334239,2412.5645640503562,EXTREME_OVERLAP,MEASURED,CARVE_OUT,VALID
ad02d109-6fbb-4dd7-9fc8-bdbb6542c45a,NEW_DISTRICT,1997,10892.96291780399,0.0,618.8493190428312,10274.11359876116,1839.9384650910315,EXTREME_OVERLAP,MEASURED,CARVE_OUT,VALID
f9555845-0e83-407f-9da2-097ab8553b36,NEW_DISTRICT,2007,8222.83094858753,0.0,920.9027479050122,7301.928200682519,3276.666583221559,EXTREME_OVERLAP,MEASURED,CARVE_OUT,VALID
ba1a9425-92e1-44a1-a6a7-7be34b595617,NEW_DISTRICT,1957,12789.189098051245,0.0,1637.181464368416,11152.00763368283,4936.665484001929,EXTREME_OVERLAP,MEASURED,CARVE_OUT,VALID
8fbe904b-67b4-48eb-bc55-cf8429c6cf6f,NEW_DISTRICT,1998,9849.921438428515,0.0,1226.2831082376083,8623.638330190906,3077.944827407184,EXTREME_OVERLAP,MEASURED,CARVE_OUT,VALID
553e0c01-7ad1-4846-bc7e-6eac3856a350,NEW_DISTRICT,1990,422.43417271016455,0.0,22.347408268286078,400.0867644418785,48.50070440145562,EXTREME_OVERLAP,MEASURED,CARVE_OUT,VALID
9c4b80eb-8d1d-4746-a482-383c32b131ce,NEW_DISTRICT,1983,5459.080902710379,0.0,,,,EXTREME_OVERLAP,MEASURED,CARVE_OUT,VALID
edb0c8c4-541b-4516-9259-10db8b4c63c0,NEW_DISTRICT,1976,7959.739414241198,0.0,,,,EXTREME_OVERLAP,MEASURED,CARVE_OUT,VALID
257b4378-9ec2-4edd-b241-f516cc61b387,NEW_DISTRICT,2012,5121.116080207762,0.0,,,,EXTREME_OVERLAP,MEASURED,CARVE_OUT,VALID
1741867d-8975-4130-8136-8132eaf76a70,NEW_DISTRICT,1998,12668.614066431102,0.0,,,,EXTREME_OVERLAP,MEASURED,CARVE_OUT,VALID
08fbbcc1-9b01-4f23-bd57-47cca900d702,NEW_DISTRICT,1973,4162.630923380044,0.0,,,,EXTREME_OVERLAP,MEASURED,CARVE_OUT,VALID
7cb0930c-b5cc-46c7-b2f2-0082add1c3f1,NEW_DISTRICT,1992,26858.56912775266,0.0,844.1185788088305,26014.45054894383,4815.151301384267,EXTREME_OVERLAP,MEASURED,CARVE_OUT,VALID
a4f1dd5a-35b0-4819-a98d-604504b627cd,NEW_DISTRICT,1994,17378.071734007997,0.0,717.1518041126702,16660.919929895328,5003.036839172976,EXTREME_OVERLAP,MEASURED,CARVE_OUT,VALID
b85b08fc-41f7-44c3-b813-3ebdd67a3873,NEW_DISTRICT,2006,5070.593651211352,0.0,725.3071821339194,4345.286469077433,1622.1102406375849,EXTREME_OVERLAP,MEASURED,CARVE_OUT,VALID
b51c213b-6f15-469d-ae78-c6abfcf5b269,NEW_DISTRICT,1985,12652.424760914375,0.0,929.9747800139361,11722.44998090044,3393.337238538799,EXTREME_OVERLAP,MEASURED,CARVE_OUT,VALID
a0a56f88-9603-44e2-b066-6a747b6d5973,NEW_DISTRICT,1991,8247.541264911484,0.0,467.9031207281718,7779.638144183313,2080.031048728122,EXTREME_OVERLAP,MEASURED,CARVE_OUT,VALID
c9ba2f5f-48dc-4606-9184-139628552762,NEW_DISTRICT,1995,10927.182968699864,0.0,344.13956781192564,10583.043400887938,1386.0451501875689,EXTREME_OVERLAP,MEASURED,CARVE_OUT,VALID
f13f1a45-ecfb-41cb-9aaa-a1ab727daab8,NEW_DISTRICT,1996,,0.0,0.0,,,INVALID_GEOMETRY,,CARVE_OUT,Missing source geometry observation.
c0546caa-414c-4194-bbae-689362bad9b4,NEW_DISTRICT,2016,,0.0,0.0,,,INVALID_GEOMETRY,,CARVE_OUT,Missing source geometry observation.
fbdf11d1-e6e4-488c-9693-a76ff4a1a5a6,NEW_DISTRICT,1970,10370.715090609212,0.0,,,,EXTREME_OVERLAP,MEASURED,CARVE_OUT,VALID
c8c0b7dd-a1a3-4b80-b226-a1e8e6ca648b,NEW_DISTRICT,1988,,0.0,0.0,,,INVALID_GEOMETRY,,CARVE_OUT,Missing source geometry observation.
f46b8683-4406-4435-874a-530d79dee7b3,NEW_DISTRICT,1989,,0.0,0.0,,,INVALID_GEOMETRY,,CARVE_OUT,Missing source geometry observation.
e0172320-9e8f-4b53-991e-834af105cafc,NEW_DISTRICT,1988,6048.474155701494,0.0,550.310715086197,5498.163440615297,1724.213616532094,EXTREME_OVERLAP,MEASURED,CARVE_OUT,VALID
712d3eea-b4e0-479a-80ad-dd885086c6b7,NEW_DISTRICT,1997,,0.0,0.0,,,INVALID_GEOMETRY,,CARVE_OUT,Missing source geometry observation.
07672b87-cd01-4597-a8ad-9ccf125488cc,NEW_DISTRICT,2014,6262.063523813318,0.0,29.38505871484055,6232.678465098477,2704.995718107164,EXTREME_OVERLAP,MEASURED,CARVE_OUT,VALID
d0958797-522c-410a-9f3a-6ecb69e95025,NEW_DISTRICT,2017,7025.484441344885,0.0,211.53776873018575,6813.946672614699,5147.636955554072,EXTREME_OVERLAP,MEASURED,CARVE_OUT,VALID
584c88f9-c84d-4042-b181-90231d5a7513,SPLIT,1957,12789.189098051245,0.0,951.1882562635093,11838.000841787736,2749.409075351003,EXTREME_OVERLAP,MEASURED,CLEAN_SPLIT,VALID
8f97db52-3c41-41c3-bee7-66a16e964f13,SPLIT,1956,,0.0,0.0,,,UNKNOWN,UNMEASURED,CLEAN_SPLIT,VALID
90ada2ae-2485-4735-9612-293c5d68084c,SPLIT,1956,,0.0,0.0,,,UNKNOWN,UNMEASURED,CLEAN_SPLIT,VALID
244b866d-0dff-4263-ab1c-60e30e4d076d,SPLIT,1956,,0.0,0.0,,,UNKNOWN,UNMEASURED,CLEAN_SPLIT,VALID
adf7dedc-5678-481b-b72a-b881ad284091,SPLIT,1969,22478.364538398026,0.0,,,,EXTREME_OVERLAP,MEASURED,CLEAN_SPLIT,VALID
1119b82c-06a2-40aa-ae2e-08d56c71f288,SPLIT,1980,3739.9212754241466,0.0,341.3352459632858,3398.586029460861,1040.013084584191,EXTREME_OVERLAP,MEASURED,CARVE_OUT,VALID
ad95f972-f170-4062-8724-ef51f4dbae3b,SPLIT,1972,7429.163388680452,0.0,454.05644660469005,6975.106942075762,1021.0792534372838,EXTREME_OVERLAP,MEASURED,CLEAN_SPLIT,VALID
9f747e6f-8a9a-4b53-b3e1-431810e69cfa,SPLIT,1981,,0.0,0.0,,,UNKNOWN,UNMEASURED,CLEAN_SPLIT,VALID
b2b118cd-91ea-41aa-87b9-19b6bef96236,SPLIT,1989,,0.0,0.0,,,INVALID_GEOMETRY,,CARVE_OUT,Missing source geometry observation.
dc01bec1-1586-4407-879b-e172501a25c2,SPLIT,1989,,0.0,0.0,,,INVALID_GEOMETRY,,CARVE_OUT,Missing source geometry observation.
5304cdeb-e515-440b-90c8-8850f7b3cdbb,SPLIT,1997,1467.8300703301863,0.0,17.900888484339976,1449.9291818458464,52.84838548443983,MATERIAL_OVERLAP,MEASURED,CLEAN_SPLIT,VALID
9fe5d3bd-19b5-4b77-b6ed-2750cc500cb5,SPLIT,1998,3951.591252332833,0.0,,,,EXTREME_OVERLAP,MEASURED,CLEAN_SPLIT,VALID
3cf83578-c42c-4d53-921e-458e0af5884b,SPLIT,1992,4264.19262087592,0.0,270.77040104666673,3993.4222198292528,710.1081527770998,EXTREME_OVERLAP,MEASURED,CARVE_OUT,VALID
8c44c6ff-1eb4-4f39-bc88-1b1f2bc380e9,SPLIT,2007,,0.0,0.0,,,INVALID_GEOMETRY,,CARVE_OUT,Missing source geometry observation.
9f1e5c7f-a21e-42dd-974e-9f605e53f0d3,SPLIT,2017,3789.2943149938,0.0,,,,EXTREME_OVERLAP,MEASURED,CARVE_OUT,VALID
5a226355-b406-4cf2-97b3-8b008fae6fbf,SPLIT,2017,2711.551861880562,0.0,0.0,2711.551861880562,,UNKNOWN,UNMEASURED,CARVE_OUT,VALID
87bc7bae-0148-4402-b518-a92e9f03d04e,SPLIT,2013,9227.909743127711,0.0,334.95337896947086,8892.95636415824,650.6284891030232,EXTREME_OVERLAP,MEASURED,CLEAN_SPLIT,VALID
379a108f-f4dd-4240-8f57-5ea620ab4eb5,SPLIT,2013,5276.7539306241115,0.0,594.3145840566717,4682.43934656744,1333.9258023893124,EXTREME_OVERLAP,MEASURED,CARVE_OUT,VALID
f2cecfe3-b42b-4245-a150-a59336dc73e5,SPLIT,2011,1993.079314068304,0.0,250.8717137778249,1742.2076002904791,787.4267671050002,EXTREME_OVERLAP,MEASURED,CARVE_OUT,VALID
4df8d7e7-a9d0-4259-9868-d5dfe343ce4b,SPLIT,2010,4561.5679445679025,0.0,217.7314642853846,4343.836480282518,1084.0468800426995,EXTREME_OVERLAP,MEASURED,CLEAN_SPLIT,VALID
fbb5bba6-d605-438b-b149-e7e7393ee507,SPLIT,2016,12801.523008191938,0.0,394.7014497272336,12406.821558464704,1690.4922337305316,EXTREME_OVERLAP,MEASURED,CARVE_OUT,VALID
bc002874-3f31-4bf1-a190-8c55f596211b,NEW_DISTRICT,2022,,0.0,0.0,,,INVALID_GEOMETRY,,UNKNOWN,Missing source and target geometry observations.
0022f420-a92f-43f6-ab84-be7419e53e73,NEW_DISTRICT,1954,,0.0,0.0,,,INVALID_GEOMETRY,,UNKNOWN,Missing source and target geometry observations.
8e89a47c-f0ce-452d-9cfd-f76b3634925c,NEW_DISTRICT,2015,,0.0,0.0,,,INVALID_GEOMETRY,,UNKNOWN,Missing source and target geometry observations.
184fb9f0-dc9a-4931-8aae-5f1701e1ea3f,NEW_DISTRICT,2007,,0.0,0.0,,,INVALID_GEOMETRY,,UNKNOWN,Missing source and target geometry observations.
5a26011d-c83e-4e00-af8e-05d805838566,NEW_DISTRICT,1972,,0.0,0.0,,,INVALID_GEOMETRY,,UNKNOWN,Missing source and target geometry observations.
552c57fc-62d6-458a-b8c5-17225c8330d8,NEW_DISTRICT,1993,,0.0,0.0,,,INVALID_GEOMETRY,,UNKNOWN,Missing source and target geometry observations.
95b91cc6-10eb-47b5-afc3-fe2c78636efb,NEW_DISTRICT,1985,,0.0,0.0,,,INVALID_GEOMETRY,,UNKNOWN,Missing source and target geometry observations.
36caf7c9-ea95-4f4b-9764-9023d674513e,NEW_DISTRICT,2016,,0.0,0.0,,,INVALID_GEOMETRY,,UNKNOWN,Missing source and target geometry observations.
4f2a5901-19f6-47a6-ac6f-e5ca2a231fef,NEW_DISTRICT,1997,,0.0,0.0,,,INVALID_GEOMETRY,,UNKNOWN,Missing source and target geometry observations.
be9a6b5b-4b77-4f17-85dd-28b979b0de34,RENAME,1961,,,,,,INVALID_GEOMETRY,NON_SPATIAL,UNKNOWN,RENAME events are nominal identity changes without spatial transfers.
dfe181f5-050f-4251-b4bf-e04b984dbc9e,RENAME,1951,,,,,,INVALID_GEOMETRY,NON_SPATIAL,UNKNOWN,RENAME events are nominal identity changes without spatial transfers.
5cc510d3-75c5-43b6-a8b4-2e5e47d3f207,RENAME,1961,,,,,,INVALID_GEOMETRY,NON_SPATIAL,UNKNOWN,RENAME events are nominal identity changes without spatial transfers.
34cacb9a-a8fa-45e4-ab77-2e5de2378b06,RENAME,2011,,,,,,INVALID_GEOMETRY,NON_SPATIAL,UNKNOWN,RENAME events are nominal identity changes without spatial transfers.
64575562-aa21-404e-b673-08e1019bb364,RENAME,1971,,,,,,INVALID_GEOMETRY,NON_SPATIAL,UNKNOWN,RENAME events are nominal identity changes without spatial transfers.
d42ecb2b-ba78-4e39-8f5f-11e4c47047fa,RENAME,2011,,,,,,INVALID_GEOMETRY,NON_SPATIAL,UNKNOWN,RENAME events are nominal identity changes without spatial transfers.
23a22154-dcf5-4bc3-afa5-92f52030cc49,RENAME,2011,,,,,,INVALID_GEOMETRY,NON_SPATIAL,UNKNOWN,RENAME events are nominal identity changes without spatial transfers.
366a1ac2-a232-47a9-9d58-eb9c6df4da1b,RENAME,2011,,,,,,INVALID_GEOMETRY,NON_SPATIAL,UNKNOWN,RENAME events are nominal identity changes without spatial transfers.
3bd434e2-f114-4cf8-b721-421431b1d084,RENAME,1991,,,,,,INVALID_GEOMETRY,NON_SPATIAL,UNKNOWN,RENAME events are nominal identity changes without spatial transfers.
4fd6b9a7-8c48-4c28-b0c1-5d8d5bff7773,RENAME,1951,,,,,,INVALID_GEOMETRY,NON_SPATIAL,UNKNOWN,RENAME events are nominal identity changes without spatial transfers.
2d0129c1-f9b0-4129-9b73-e309c390f955,RENAME,1971,,,,,,INVALID_GEOMETRY,NON_SPATIAL,UNKNOWN,RENAME events are nominal identity changes without spatial transfers.
f0e114ce-b076-4699-b97f-8a2a4ff86076,RENAME,2021,,,,,,INVALID_GEOMETRY,NON_SPATIAL,UNKNOWN,RENAME events are nominal identity changes without spatial transfers.
defe987e-f7ee-4f2e-9cc0-702d4ed09f70,RENAME,1981,,,,,,INVALID_GEOMETRY,NON_SPATIAL,UNKNOWN,RENAME events are nominal identity changes without spatial transfers.
b2b20add-3b4d-4d3e-848e-f576c167a7d7,RENAME,1951,,,,,,INVALID_GEOMETRY,NON_SPATIAL,UNKNOWN,RENAME events are nominal identity changes without spatial transfers.
bb6a750c-cb63-4f83-8948-84b1c9bde38b,RENAME,2001,,,,,,INVALID_GEOMETRY,NON_SPATIAL,UNKNOWN,RENAME events are nominal identity changes without spatial transfers.
af690fb4-0a56-4b32-956d-a6cf1b2030ce,RENAME,1971,,,,,,INVALID_GEOMETRY,NON_SPATIAL,UNKNOWN,RENAME events are nominal identity changes without spatial transfers.
091cf6ff-fb4c-4670-8e44-0333ee33ab19,RENAME,2011,,,,,,INVALID_GEOMETRY,NON_SPATIAL,UNKNOWN,RENAME events are nominal identity changes without spatial transfers.
57ae5a75-a83f-460a-b9b5-bb3fe698d7d3,RENAME,1961,,,,,,INVALID_GEOMETRY,NON_SPATIAL,UNKNOWN,RENAME events are nominal identity changes without spatial transfers.
bd5ac5fc-097e-44c8-a3ca-b598df378c5d,RENAME,1981,,,,,,INVALID_GEOMETRY,NON_SPATIAL,UNKNOWN,RENAME events are nominal identity changes without spatial transfers.
5c1d5d79-0a04-4ac2-b183-1f77ef9e588d,RENAME,1981,,,,,,INVALID_GEOMETRY,NON_SPATIAL,UNKNOWN,RENAME events are nominal identity changes without spatial transfers.
e800464b-a9a0-454d-9524-385965dd5faf,RENAME,1991,,,,,,INVALID_GEOMETRY,NON_SPATIAL,UNKNOWN,RENAME events are nominal identity changes without spatial transfers.
8946bbec-eab5-4312-97e4-aed2ac58d3ea,RENAME,1991,,,,,,INVALID_GEOMETRY,NON_SPATIAL,UNKNOWN,RENAME events are nominal identity changes without spatial transfers.
dd2bb1a2-6916-4690-8a3c-783d0be2c696,RENAME,1951,,,,,,INVALID_GEOMETRY,NON_SPATIAL,UNKNOWN,RENAME events are nominal identity changes without spatial transfers.
5c56441d-425f-48f4-b1cc-8b89b5c0f897,RENAME,1971,,,,,,INVALID_GEOMETRY,NON_SPATIAL,UNKNOWN,RENAME events are nominal identity changes without spatial transfers.
8c6818bc-3cda-4459-adad-93ffa81ffcc2,RENAME,1971,,,,,,INVALID_GEOMETRY,NON_SPATIAL,UNKNOWN,RENAME events are nominal identity changes without spatial transfers.
489461c1-715c-4dab-b350-dd8a1d2c6ea7,SPLIT,1957,,0.0,0.0,,,INVALID_GEOMETRY,,UNKNOWN,Missing source and target geometry observations.
98af9fdb-8aea-4d0d-995a-c85eab4f0f6a,SPLIT,1958,,0.0,0.0,,,INVALID_GEOMETRY,,UNKNOWN,Missing source and target geometry observations.
7650137b-57b7-43e6-818c-cea21ff9b2ef,SPLIT,1960,,0.0,0.0,,,INVALID_GEOMETRY,,UNKNOWN,Missing source and target geometry observations.
9dbd0974-d9eb-45b4-98b4-30d0c06e0af9,SPLIT,1960,,0.0,0.0,,,INVALID_GEOMETRY,,UNKNOWN,Missing source and target geometry observations.
ec57aef8-c51f-4ad1-8882-0d75f7b3ac9a,SPLIT,1964,,0.0,0.0,,,INVALID_GEOMETRY,,UNKNOWN,Missing source and target geometry observations.
47264928-e1c1-4185-bf94-b77e44cca16c,SPLIT,1968,,0.0,0.0,,,INVALID_GEOMETRY,,UNKNOWN,Missing source and target geometry observations.
8eb78015-f64e-44a5-ae37-d3b32fc46b96,SPLIT,1969,,0.0,0.0,,,INVALID_GEOMETRY,,UNKNOWN,Missing source and target geometry observations.
cd7bd567-5ea3-4175-aebb-44f5df587322,SPLIT,1978,,0.0,0.0,,,INVALID_GEOMETRY,,UNKNOWN,Missing source and target geometry observations.
60c4b296-b783-4602-b520-fa6f79d7cf0d,SPLIT,1975,,0.0,0.0,,,INVALID_GEOMETRY,,UNKNOWN,Missing source and target geometry observations.
d0629089-f038-44b9-ad1e-9d77a94cc37b,SPLIT,1979,,0.0,0.0,,,INVALID_GEOMETRY,,UNKNOWN,Missing source and target geometry observations.
88c64a0c-860f-4602-bab7-5723b03c2ab4,SPLIT,1979,,0.0,0.0,,,INVALID_GEOMETRY,,UNKNOWN,Missing source and target geometry observations.
5bf03f85-6e9c-4e00-8faa-135881ff1c8d,SPLIT,1973,,0.0,0.0,,,INVALID_GEOMETRY,,UNKNOWN,Missing source and target geometry observations.
f051efa4-4c6b-49cb-a929-92f9113ef458,SPLIT,1973,,0.0,0.0,,,INVALID_GEOMETRY,,UNKNOWN,Missing source and target geometry observations.
db9367d8-a555-405f-86a0-738a372663ef,SPLIT,1976,,0.0,0.0,,,INVALID_GEOMETRY,,UNKNOWN,Missing source and target geometry observations.
c78f812e-64d4-462d-a9fd-5cf5636f2fdc,SPLIT,1989,,0.0,0.0,,,INVALID_GEOMETRY,,UNKNOWN,Missing source and target geometry observations.
da7bef8a-24ed-40bd-94c8-9d4d0a1f5bb0,SPLIT,1987,,0.0,0.0,,,INVALID_GEOMETRY,,UNKNOWN,Missing source and target geometry observations.
1e44f04c-7faf-454f-a1f6-40e026e9a2c3,SPLIT,1985,,0.0,0.0,,,INVALID_GEOMETRY,,UNKNOWN,Missing source and target geometry observations.
829d0575-dd6e-409e-8425-8ef0bc77d573,SPLIT,1989,,0.0,0.0,,,INVALID_GEOMETRY,,UNKNOWN,Missing source and target geometry observations.
6fb62fe9-94df-4d15-984e-520af05c9e7c,SPLIT,1989,,0.0,0.0,,,INVALID_GEOMETRY,,UNKNOWN,Missing source and target geometry observations.
ade8e0b0-46bc-4c1c-aa65-a17b24e71142,SPLIT,1989,,0.0,0.0,,,INVALID_GEOMETRY,,UNKNOWN,Missing source and target geometry observations.
99a04927-0f98-4b22-8f59-c84e923c5288,SPLIT,1990,,0.0,0.0,,,INVALID_GEOMETRY,,UNKNOWN,Missing source and target geometry observations.
f764eb39-0691-4444-8c3b-b64955b753c5,SPLIT,1990,,0.0,0.0,,,INVALID_GEOMETRY,,UNKNOWN,Missing source and target geometry observations.
5446aed2-0222-465f-94b7-572a72731bbc,SPLIT,1990,,0.0,0.0,,,INVALID_GEOMETRY,,UNKNOWN,Missing source and target geometry observations.
64fb619a-8772-43f4-8988-936fdda18c41,SPLIT,1981,,0.0,0.0,,,INVALID_GEOMETRY,,UNKNOWN,Missing source and target geometry observations.
918cea92-3965-4a3b-8336-8840b52b76f9,SPLIT,1986,,0.0,0.0,,,INVALID_GEOMETRY,,UNKNOWN,Missing source and target geometry observations.
46115908-bd46-4813-b9f2-cdd5a99bf837,SPLIT,1989,,0.0,0.0,,,INVALID_GEOMETRY,,UNKNOWN,Missing source and target geometry observations.
8ec39a59-1ee5-4f95-928e-42f2adb641f0,SPLIT,1989,,0.0,0.0,,,INVALID_GEOMETRY,,UNKNOWN,Missing source and target geometry observations.
3971ff56-73e3-4fb7-bd21-786dbd406a69,SPLIT,1989,,0.0,0.0,,,INVALID_GEOMETRY,,UNKNOWN,Missing source and target geometry observations.
220043a8-e46d-453f-85b0-e553e81722bc,SPLIT,1988,,0.0,0.0,,,INVALID_GEOMETRY,,UNKNOWN,Missing source and target geometry observations.
5c80a317-8eee-4746-b29a-67976879923c,SPLIT,1988,,0.0,0.0,,,INVALID_GEOMETRY,,UNKNOWN,Missing source and target geometry observations.
7f6624b5-dc2f-47c9-a319-da83d99d69d8,SPLIT,1989,,0.0,0.0,,,INVALID_GEOMETRY,,UNKNOWN,Missing source and target geometry observations.
b1ec38d1-20de-44ba-bf8d-46c456af33fb,SPLIT,1981,,0.0,0.0,,,INVALID_GEOMETRY,,UNKNOWN,Missing source and target geometry observations.
6c1c85d0-d33c-46e5-bef8-7eabb2d3a6a2,SPLIT,1994,,0.0,0.0,,,INVALID_GEOMETRY,,UNKNOWN,Missing source and target geometry observations.
d995868b-ff7b-4c4c-89cc-0f1f7a27b9d2,SPLIT,1997,,0.0,0.0,,,INVALID_GEOMETRY,,UNKNOWN,Missing source and target geometry observations.
f102797c-b3d7-4479-8e9e-cb55c50a9777,SPLIT,1997,,0.0,0.0,,,INVALID_GEOMETRY,,UNKNOWN,Missing source and target geometry observations.
99fe6e08-0280-4666-8bc4-9752e5a59450,SPLIT,1997,,0.0,0.0,,,INVALID_GEOMETRY,,UNKNOWN,Missing source and target geometry observations.
ca80deb0-03e4-44a2-8660-43dccc7641fa,SPLIT,1997,,0.0,0.0,,,INVALID_GEOMETRY,,UNKNOWN,Missing source and target geometry observations.
736c40cf-72c3-4ad8-beb0-07f14087b2a2,SPLIT,1997,,0.0,0.0,,,INVALID_GEOMETRY,,UNKNOWN,Missing source and target geometry observations.
8b6c9d57-1d0e-4e85-98a4-bc7447cb8d69,SPLIT,1994,,0.0,0.0,,,INVALID_GEOMETRY,,UNKNOWN,Missing source and target geometry observations.
ab0d18d1-dc72-48de-aa24-66694e1ba056,SPLIT,1997,,0.0,0.0,,,INVALID_GEOMETRY,,UNKNOWN,Missing source and target geometry observations.
18526e7c-8c7a-47c0-8673-909aff139a35,SPLIT,1998,,0.0,0.0,,,INVALID_GEOMETRY,,UNKNOWN,Missing source and target geometry observations.
09dca6c3-ba5b-4a46-a4cf-84d5c3cd98df,SPLIT,1998,,0.0,0.0,,,INVALID_GEOMETRY,,UNKNOWN,Missing source and target geometry observations.
b84d8a3e-ca16-4422-a158-b8d5bfb6fcaa,SPLIT,1998,,0.0,0.0,,,INVALID_GEOMETRY,,UNKNOWN,Missing source and target geometry observations.
118f6407-0d82-4eb9-8113-3189ce0ff00f,SPLIT,1999,,0.0,0.0,,,INVALID_GEOMETRY,,UNKNOWN,Missing source and target geometry observations.
2db81a55-4f59-4556-ae6f-17c17c785892,SPLIT,1992,,0.0,0.0,,,INVALID_GEOMETRY,,UNKNOWN,Missing source and target geometry observations.
df464bef-ba47-4145-a444-ebaadfcda4a8,SPLIT,1993,,0.0,0.0,,,INVALID_GEOMETRY,,UNKNOWN,Missing source and target geometry observations.
9c9e7a94-f4e0-4129-a379-b0d7f5fd3bef,SPLIT,1995,,0.0,0.0,,,INVALID_GEOMETRY,,UNKNOWN,Missing source and target geometry observations.
13a8ad42-5534-42eb-b270-72b7372c1090,SPLIT,1991,,0.0,0.0,,,INVALID_GEOMETRY,,UNKNOWN,Missing source and target geometry observations.
66683bcf-7290-4b62-909b-378cb3bfad3a,SPLIT,1991,,0.0,0.0,,,INVALID_GEOMETRY,,UNKNOWN,Missing source and target geometry observations.
f7d38b76-9d60-46ce-9741-8e3581e11915,SPLIT,1996,,0.0,0.0,,,INVALID_GEOMETRY,,UNKNOWN,Missing source and target geometry observations.
8e1c5f5e-ee37-4c65-8121-f58f2909f82d,SPLIT,1997,,0.0,0.0,,,INVALID_GEOMETRY,,UNKNOWN,Missing source and target geometry observations.
da4f7fc3-b10f-40d2-b4f5-b00152823c37,SPLIT,1997,,0.0,0.0,,,INVALID_GEOMETRY,,UNKNOWN,Missing source and target geometry observations.
10ad8586-0c4b-4973-b820-283218834f06,SPLIT,1998,,0.0,0.0,,,INVALID_GEOMETRY,,UNKNOWN,Missing source and target geometry observations.
805a4a33-6d7d-42e5-9263-29c425879fd1,SPLIT,1997,,0.0,0.0,,,INVALID_GEOMETRY,,UNKNOWN,Missing source and target geometry observations.
c982e7b2-2976-47e6-95aa-e65341962095,SPLIT,1997,,0.0,0.0,,,INVALID_GEOMETRY,,UNKNOWN,Missing source and target geometry observations.
79b05c0b-469f-4384-9c06-32e8e0bfa670,SPLIT,1997,,0.0,0.0,,,INVALID_GEOMETRY,,UNKNOWN,Missing source and target geometry observations.
604e1366-3b54-4341-b430-68e44e145c06,SPLIT,2003,,0.0,0.0,,,INVALID_GEOMETRY,,UNKNOWN,Missing source and target geometry observations.
8064bb55-f8f7-4ec9-acba-d04186fc0d4b,SPLIT,2001,,0.0,0.0,,,INVALID_GEOMETRY,,UNKNOWN,Missing source and target geometry observations.
eceed985-17db-4bee-b3de-08d4a1e625d1,SPLIT,2015,,0.0,0.0,,,INVALID_GEOMETRY,,UNKNOWN,Missing source and target geometry observations.
9edd8541-000e-4184-bbfe-a416a0312940,SPLIT,2015,,0.0,0.0,,,INVALID_GEOMETRY,,UNKNOWN,Missing source and target geometry observations.
e81a56ee-abf8-4515-88d3-ca18bb76569b,SPLIT,2018,,0.0,0.0,,,INVALID_GEOMETRY,,UNKNOWN,Missing source and target geometry observations.
5c1ee99e-d77f-4e72-9b13-6ae2101c8212,SPLIT,2015,,0.0,0.0,,,INVALID_GEOMETRY,,UNKNOWN,Missing source and target geometry observations.
29a0c1c2-05b5-45d9-a283-ccff1cba4077,SPLIT,2016,,0.0,0.0,,,INVALID_GEOMETRY,,UNKNOWN,Missing source and target geometry observations.
9366e06f-de94-4126-a94a-896fbf269c84,SPLIT,2011,,0.0,0.0,,,INVALID_GEOMETRY,,UNKNOWN,Missing source and target geometry observations.
9b52c649-4c9c-48c7-8549-95e991f16a18,SPLIT,2012,,0.0,0.0,,,INVALID_GEOMETRY,,UNKNOWN,Missing source and target geometry observations.
7402a8ea-65f1-42be-8193-51faf0ab07fe,SPLIT,2012,,0.0,0.0,,,INVALID_GEOMETRY,,UNKNOWN,Missing source and target geometry observations.
9383083d-e736-465e-9d6d-e647762f70dc,SPLIT,2012,,0.0,0.0,,,INVALID_GEOMETRY,,UNKNOWN,Missing source and target geometry observations.
fbb10e75-9b47-4ce9-83f4-04e665e1e9ca,SPLIT,2012,,0.0,0.0,,,INVALID_GEOMETRY,,UNKNOWN,Missing source and target geometry observations.
30774841-7f1e-4821-8fe4-ee8a3c21f3f1,SPLIT,2013,,0.0,0.0,,,INVALID_GEOMETRY,,UNKNOWN,Missing source and target geometry observations.
aa420601-161f-419c-a64a-6ff4ef076526,SPLIT,2013,,0.0,0.0,,,INVALID_GEOMETRY,,UNKNOWN,Missing source and target geometry observations.
86c552b8-5179-4edd-ae16-b20f502a5ad0,SPLIT,2013,,0.0,0.0,,,INVALID_GEOMETRY,,UNKNOWN,Missing source and target geometry observations.
48f281a4-3462-44f0-9f50-1870a4ea8148,SPLIT,2013,,0.0,0.0,,,INVALID_GEOMETRY,,UNKNOWN,Missing source and target geometry observations.
55da71cf-1d51-4942-b0c4-36c92302cfa0,SPLIT,2017,,0.0,0.0,,,INVALID_GEOMETRY,,UNKNOWN,Missing source and target geometry observations.
e6469962-be57-4d32-ab73-77f1b6a8f6ee,SPLIT,2011,,0.0,0.0,,,INVALID_GEOMETRY,,UNKNOWN,Missing source and target geometry observations.
73dfdae2-6bd9-4b67-970c-54292e743ff7,SPLIT,2021,,0.0,0.0,,,INVALID_GEOMETRY,,UNKNOWN,Missing source and target geometry observations.
6bafae74-4c7d-4386-b7d6-4748dd225def,SPLIT,2012,,0.0,0.0,,,INVALID_GEOMETRY,,UNKNOWN,Missing source and target geometry observations.
81d7beb2-cbab-4396-bc5b-0d01c3525512,SPLIT,2017,,0.0,0.0,,,INVALID_GEOMETRY,,UNKNOWN,Missing source and target geometry observations.
fd087a7a-3c66-4fee-9f75-2ad4ab2555bd,SPLIT,2016,,0.0,0.0,,,INVALID_GEOMETRY,,UNKNOWN,Missing source and target geometry observations.
a25229f3-5d76-486d-934e-b781948fc1a7,SPLIT,2016,,0.0,0.0,,,INVALID_GEOMETRY,,UNKNOWN,Missing source and target geometry observations.
d697ec0b-afd6-49a1-9957-09feb47c2b44,SPLIT,2022,,0.0,0.0,,,INVALID_GEOMETRY,,UNKNOWN,Missing source and target geometry observations.
2d7aa2c4-397a-44b3-b751-592c0d0c7e73,SPLIT,2022,,0.0,0.0,,,INVALID_GEOMETRY,,UNKNOWN,Missing source and target geometry observations.
edbd8911-6932-45ef-95cb-a337e31a4fcb,SPLIT,2022,,0.0,0.0,,,INVALID_GEOMETRY,,UNKNOWN,Missing source and target geometry observations.
372c9a34-d5ac-48fe-84db-13876c2bd21d,SPLIT,2022,,0.0,0.0,,,INVALID_GEOMETRY,,UNKNOWN,Missing source and target geometry observations.
e1763b6b-3064-48b5-8c6f-558f69e79055,SPLIT,2022,,0.0,0.0,,,INVALID_GEOMETRY,,UNKNOWN,Missing source and target geometry observations.
cf328dfe-4b6a-472c-815e-c4145cabe5e9,SPLIT,2022,,0.0,0.0,,,INVALID_GEOMETRY,,UNKNOWN,Missing source and target geometry observations.
3811f898-05af-482b-bfdd-9fe89ffb8fec,SPLIT,2023,,0.0,0.0,,,INVALID_GEOMETRY,,UNKNOWN,Missing source and target geometry observations.
78fbe6e6-0339-48a1-b0f2-676ad915c51e,SPLIT,2023,,0.0,0.0,,,INVALID_GEOMETRY,,UNKNOWN,Missing source and target geometry observations.
26f4ac0f-f907-4cdd-8020-597d4f7bc935,SPLIT,2023,,0.0,0.0,,,INVALID_GEOMETRY,,UNKNOWN,Missing source and target geometry observations.
e0d9216c-424a-4094-8e89-2c62c36bd41a,NEW_DISTRICT,2022,,0.0,0.0,,,INVALID_GEOMETRY,,UNKNOWN,Missing source and target geometry observations.
6f84a30f-44db-48af-a096-2530b9d91dbf,SPLIT,1991,,0.0,0.0,,,INVALID_GEOMETRY,,UNKNOWN,Missing source and target geometry observations.
9a5bd530-899d-46ee-9989-41876c2d0a7f,SPLIT,1997,,0.0,0.0,,,INVALID_GEOMETRY,,UNKNOWN,Missing source and target geometry observations.
e86c210c-0329-4e75-81a6-4a1df7cbc7b1,SPLIT,2004,,0.0,0.0,,,INVALID_GEOMETRY,,UNKNOWN,Missing source and target geometry observations.
d7bee9e7-4f8d-4414-9a86-4cfa2ceab8bd,SPLIT,1987,,0.0,0.0,,,INVALID_GEOMETRY,,UNKNOWN,Missing source and target geometry observations.
f5eb2209-7f61-4338-beb2-0a29afe18092,NEW_DISTRICT,1989,7137.061091359662,0.0,,,,EXTREME_OVERLAP,MEASURED,CARVE_OUT,VALID
8ff2af7e-bea3-446b-822c-d884e267dd44,NEW_DISTRICT,1970,15178.317373301981,0.0,,,,EXTREME_OVERLAP,MEASURED,CARVE_OUT,VALID
c121addd-804e-4e9b-a419-4e7860e282a8,NEW_DISTRICT,1983,4588.649941153584,0.0,,,,EXTREME_OVERLAP,MEASURED,CARVE_OUT,VALID
146849f2-c70e-43ab-b5ab-e0e69eb264ae,NEW_DISTRICT,2015,3986.014683159142,0.0,,,,EXTREME_OVERLAP,MEASURED,CARVE_OUT,VALID
a5f7ca5b-6963-4a19-9d3c-40e0bb5f3618,NEW_DISTRICT,2016,3182.507326082613,0.0,,,,EXTREME_OVERLAP,MEASURED,CARVE_OUT,VALID
2460f7bf-5624-493b-b64d-df9675e7ed7d,NEW_DISTRICT,1972,9825.28184221673,0.0,146.46065360179972,9678.82118861493,1791.6926395587534,EXTREME_OVERLAP,MEASURED,CARVE_OUT,VALID
4a7c22c1-bf1e-47db-a20d-fdba2fcad1e9,NEW_DISTRICT,1972,8702.390506157917,0.0,219.23501650694632,8483.155489650972,2494.9009939629286,EXTREME_OVERLAP,MEASURED,CARVE_OUT,VALID
83747410-b3a2-448d-9768-7b715fafd3b6,NEW_DISTRICT,1981,7887.115520686004,0.0,98.2764832366087,7788.839037449396,1382.7524590329124,EXTREME_OVERLAP,MEASURED,CARVE_OUT,VALID
c0d378b4-20e0-4402-a84d-b07364f1580a,NEW_DISTRICT,1981,5894.935645083876,0.0,110.14416588993741,5784.791479193938,1703.6155601966714,EXTREME_OVERLAP,MEASURED,CARVE_OUT,VALID
b5902bc1-0c94-4031-9f24-8175443f77f0,NEW_DISTRICT,1990,7955.404411519088,0.0,78.60539978684912,7876.799011732239,1857.3717846566453,EXTREME_OVERLAP,MEASURED,CARVE_OUT,VALID
ebcef40c-b395-45fa-bbf7-414bbf5a7b09,NEW_DISTRICT,1994,2623.2209773494837,0.0,41.04185272039316,2582.1791246290904,403.0865694639581,EXTREME_OVERLAP,MEASURED,CARVE_OUT,VALID
78e2f6bc-53c3-4bd4-98d8-fc918a843af9,NEW_DISTRICT,1998,13059.796718790642,0.0,688.9446829530249,12370.852035837617,5186.921510400303,EXTREME_OVERLAP,MEASURED,CARVE_OUT,VALID
8d6be908-64bd-4a42-90a2-b74a6061a5c9,NEW_DISTRICT,1998,,0.0,0.0,,,INVALID_GEOMETRY,,CARVE_OUT,Missing source geometry observation.
c890b71c-192c-461a-949e-c96066f9f6fc,NEW_DISTRICT,2012,,0.0,0.0,,,UNKNOWN,UNMEASURED,CARVE_OUT,VALID
dc1ec3de-de22-46ba-81f7-90399134a3f4,NEW_DISTRICT,2020,,0.0,0.0,,,UNKNOWN,UNMEASURED,CARVE_OUT,VALID
90341948-5dde-4a03-83e2-982bfee10ec7,NEW_DISTRICT,2012,458.36135759278613,0.0,72.61497694316726,385.74638064961886,209.85982151333917,EXTREME_OVERLAP,MEASURED,CARVE_OUT,VALID
6be6d897-b94e-404e-a344-d9325344cce8,NEW_DISTRICT,1987,3646.8273636421522,0.0,0.0,,,UNKNOWN,UNMEASURED,CARVE_OUT,VALID
1c48a361-0353-4614-b943-ef474f915743,NEW_DISTRICT,1997,7493.071878274284,0.0,780.7883056073146,6712.28357266697,1768.9168426639421,EXTREME_OVERLAP,MEASURED,CARVE_OUT,VALID
c7e89bc8-b0df-4fac-ae3b-b18c9a0cfa4e,NEW_DISTRICT,1994,3930.9029986303653,0.0,81.73077533707436,3849.172223293291,1721.3548922742905,EXTREME_OVERLAP,MEASURED,CARVE_OUT,VALID
306f1901-39ca-4f9d-8208-03f47dbe2fe0,NEW_DISTRICT,1957,12789.189098051245,0.0,600.074396378743,12189.114701672503,1906.470950803941,EXTREME_OVERLAP,MEASURED,CARVE_OUT,VALID
dfe14e43-1f5c-4f8b-8035-014eeeb04a17,NEW_DISTRICT,1956,,0.0,0.0,,,UNKNOWN,UNMEASURED,CARVE_OUT,VALID
dac4eb8f-ae42-451b-81d8-15fb26affdfe,NEW_DISTRICT,1972,9326.438405497007,0.0,665.1140816045335,8661.324323892473,2100.0459605315514,EXTREME_OVERLAP,MEASURED,CARVE_OUT,VALID
2054b337-dac8-45f6-b6eb-b2f97dd08d9a,NEW_DISTRICT,1998,,0.0,0.0,,,INVALID_GEOMETRY,,CARVE_OUT,Missing source geometry observation.
2770c5bb-34ca-4eee-bdef-5734e5a6cd1a,NEW_DISTRICT,2013,6219.30033883042,0.0,774.4305436246925,5444.869795205727,2141.8235291604888,EXTREME_OVERLAP,MEASURED,CARVE_OUT,VALID
9ee0418a-a8c5-4919-a9dc-1f3da534a16b,NEW_DISTRICT,1981,,0.0,0.0,,,UNKNOWN,UNMEASURED,CARVE_OUT,VALID
5bf1ab0f-1320-427e-a469-8ff5554a0f38,NEW_DISTRICT,2016,4788.416836475105,0.0,,,,EXTREME_OVERLAP,MEASURED,CARVE_OUT,VALID
413bcc11-50ec-4d53-ad98-f1019d6499b5,NEW_DISTRICT,1976,7959.739414241198,0.0,,,,EXTREME_OVERLAP,MEASURED,CARVE_OUT,VALID
29fb3cf8-fd73-4318-b806-f8f0d825e183,NEW_DISTRICT,1976,14088.541902295321,0.0,,,,EXTREME_OVERLAP,MEASURED,CARVE_OUT,VALID
432422cf-43f9-43e1-8a27-a3337e2b664f,NEW_DISTRICT,2004,3795.5883605093786,0.0,,,,EXTREME_OVERLAP,MEASURED,CARVE_OUT,VALID
36381add-71d3-4361-b2eb-bd76a296d66e,NEW_DISTRICT,1993,10898.219863729146,0.0,216.15475511290015,10682.065108616245,2756.356884658237,EXTREME_OVERLAP,MEASURED,CARVE_OUT,VALID
bc71d75c-420c-4048-a0c5-db359c3c03e7,NEW_DISTRICT,1993,11200.06889810001,0.0,904.4478238394692,10295.62107426054,7188.834494491925,EXTREME_OVERLAP,MEASURED,CARVE_OUT,VALID
2613bf09-922f-4b7c-b9b3-cf1436ea588e,NEW_DISTRICT,1993,11707.64744078711,0.0,526.9803575918191,11180.66708319529,3261.0969452590343,EXTREME_OVERLAP,MEASURED,CARVE_OUT,VALID
87aa186d-7c22-4655-8508-b44ed5b1b740,NEW_DISTRICT,1973,7090.027624325411,0.0,25.030646376511868,7064.996977948899,922.7530198249232,EXTREME_OVERLAP,MEASURED,CARVE_OUT,VALID
e9672a9a-f006-47a1-9453-91d2844fc1aa,NEW_DISTRICT,1973,7090.027624325411,0.0,22.67856634006861,7067.349057985342,685.0379120692501,EXTREME_OVERLAP,MEASURED,CARVE_OUT,VALID
d8f01972-1535-4451-82c4-07aa1832b3dd,NEW_DISTRICT,1986,11376.40515852277,0.0,1002.744754460115,10373.660404062655,3702.2609134210857,EXTREME_OVERLAP,MEASURED,CARVE_OUT,VALID
ec86495c-4809-493b-9664-2110f399b8e7,NEW_DISTRICT,1995,10927.182968699864,0.0,609.1677765740858,10318.015192125778,2265.434071210162,EXTREME_OVERLAP,MEASURED,CARVE_OUT,VALID
7f7333f2-d516-42a9-9839-121edc62f294,NEW_DISTRICT,2019,6081.484154795334,0.0,347.2707921053805,5734.213362689953,1480.0743708131802,EXTREME_OVERLAP,MEASURED,CARVE_OUT,VALID
588c9130-8e0e-4547-b313-47dbdb16574f,NEW_DISTRICT,2016,,0.0,0.0,,,INVALID_GEOMETRY,,CARVE_OUT,Missing source geometry observation.
4e3a0965-3826-4f8b-81ad-06d660a7e97a,NEW_DISTRICT,1970,10370.715090609212,0.0,,,,EXTREME_OVERLAP,MEASURED,CARVE_OUT,VALID
9529b636-3b79-46bf-b9c4-cf6e9f562f0d,NEW_DISTRICT,2012,3118.948320105907,0.0,,,,EXTREME_OVERLAP,MEASURED,CARVE_OUT,VALID
2e6b55a6-ee5b-4e12-ace7-62a2fe160425,NEW_DISTRICT,1981,6176.028245495687,0.0,1206.5380372426532,4969.490208253033,4969.490104248183,EXTREME_OVERLAP,MEASURED,CARVE_OUT,VALID
054634ab-1e42-4f94-9d46-10a2f83c9c4a,NEW_DISTRICT,1994,5360.606689055379,0.0,340.75229929966406,5019.854389755716,2508.1281390038425,EXTREME_OVERLAP,MEASURED,CARVE_OUT,VALID
31f59aeb-c6e8-4f17-aa3c-641fce4c8aee,NEW_DISTRICT,1960,12782.52102566644,0.0,1868.640749729144,10913.880275937296,6166.059235175665,EXTREME_OVERLAP,MEASURED,CARVE_OUT,VALID
58f12274-e1d7-446c-9b87-be8837adc5ae,NEW_DISTRICT,2002,13461.533561726172,0.0,481.7684323813194,12979.765129344853,8750.79876062309,EXTREME_OVERLAP,MEASURED,CARVE_OUT,VALID
413ae984-036c-4f67-8128-d925464b9b2b,SPLIT,1957,12789.189098051245,0.0,600.074396378743,12189.114701672503,1906.470950803941,EXTREME_OVERLAP,MEASURED,CLEAN_SPLIT,VALID
4eff639d-9b0f-46b1-90a0-6253a1d77112,SPLIT,1956,,0.0,0.0,,,UNKNOWN,UNMEASURED,CLEAN_SPLIT,VALID
a268ef0a-b42c-49ba-b172-b213fe9dc5a9,SPLIT,1956,,0.0,0.0,,,UNKNOWN,UNMEASURED,CLEAN_SPLIT,VALID
7bd2ff2b-fd20-4f09-a535-82ca13ef7e4d,SPLIT,1969,5193.869904128577,0.0,175.7867901267594,5018.083114001818,536.4440066000689,EXTREME_OVERLAP,MEASURED,CARVE_OUT,VALID
e881e0f5-94e7-4c88-91c9-9a39f6588df0,SPLIT,1969,22478.364538398026,0.0,,,,EXTREME_OVERLAP,MEASURED,CLEAN_SPLIT,VALID
758e8778-f9d7-4bc9-bb74-6f6f41d3a979,SPLIT,1979,11965.335601381099,0.0,153.1635791039549,11812.172022277144,1073.7781323825532,EXTREME_OVERLAP,MEASURED,CARVE_OUT,VALID
3af96d14-28f1-4bd4-87ab-cfce2816a4ac,SPLIT,1977,9204.087187145422,0.0,396.8166817409845,8807.270505404438,3570.5657351516857,EXTREME_OVERLAP,MEASURED,CLEAN_SPLIT,VALID
dcf7cd4a-a31d-4940-b72e-3bbf304450ab,SPLIT,1972,1932.0828268602008,0.0,515.4241444123268,1416.658682447874,1416.6472499021306,EXTREME_OVERLAP,MEASURED,CLEAN_SPLIT,VALID
de7fabe4-8334-4d85-9ca8-254aa32fcade,SPLIT,1972,18038.617920050838,0.0,1013.2836759674642,17025.334244083373,,UNKNOWN,UNMEASURED,CARVE_OUT,VALID
44e63bba-1bd2-4e57-b5d2-94c84b29db43,SPLIT,1973,7090.027624325411,0.0,25.030646376511868,7064.996977948899,922.7530198249232,EXTREME_OVERLAP,MEASURED,CLEAN_SPLIT,VALID
db3b1555-b274-430e-998a-28aff22a834d,SPLIT,1978,7761.908860119769,0.0,676.6582634852871,7085.250596634482,2509.8990773210508,EXTREME_OVERLAP,MEASURED,CARVE_OUT,VALID
a5c46434-e1c2-406a-b39f-1fcd6ba03e24,SPLIT,1976,4904.261601182354,0.0,115.55310879811617,4788.708492384238,349.317536709612,EXTREME_OVERLAP,MEASURED,CARVE_OUT,VALID
9f1207d3-e6ca-4724-b53f-b7bb557665b7,SPLIT,1992,26858.56912775266,0.0,895.0011894584346,25963.567938294225,6487.909702474121,EXTREME_OVERLAP,MEASURED,CARVE_OUT,VALID
ed9eea9b-2d25-4710-8262-22846a220ea4,SPLIT,1994,11200.06889810001,0.0,340.96282936607327,10859.106068733936,2765.645041911969,EXTREME_OVERLAP,MEASURED,CLEAN_SPLIT,VALID
f42a0337-7a3f-4e4f-8f79-d21daf8539a7,SPLIT,1994,11200.06889810001,0.0,904.4478238394692,10295.62107426054,7188.834494491925,EXTREME_OVERLAP,MEASURED,CLEAN_SPLIT,VALID
96264202-71ea-40f5-81b8-23cd37e2720c,SPLIT,1993,,0.0,0.0,,,UNKNOWN,UNMEASURED,CLEAN_SPLIT,VALID
d15ed765-11c1-4bf8-a3e3-4b2d2fe0fa64,SPLIT,1992,,0.0,0.0,,,INVALID_GEOMETRY,,CLEAN_SPLIT,Missing source geometry observation.
ad921dd0-5f47-4355-b3ee-55dccec8f8de,SPLIT,2007,,0.0,0.0,,,UNKNOWN,UNMEASURED,CLEAN_SPLIT,VALID
4c024612-3d01-43a3-87be-9b87f1c826b8,SPLIT,2009,,0.0,0.0,,,INVALID_GEOMETRY,,CARVE_OUT,Missing source geometry observation.
e1cee189-b741-4f27-b543-20ec8a785d7b,SPLIT,2002,13461.533561726172,0.0,481.7684323813194,12979.765129344853,8750.79876062309,EXTREME_OVERLAP,MEASURED,CLEAN_SPLIT,VALID
0b71a670-920d-4278-b014-d7a5c5f35fc4,SPLIT,2017,6736.204796401924,0.0,0.0,6736.204796401924,,UNKNOWN,UNMEASURED,CARVE_OUT,VALID
b02ee172-a3ea-4d35-9c5e-8bdac473851f,SPLIT,2013,11131.136602404504,0.0,1269.5774974642138,9861.55910494029,2261.217126258719,EXTREME_OVERLAP,MEASURED,CARVE_OUT,VALID
197b80a4-b5b1-429f-a17a-c5f2ae45b991,SPLIT,2012,3792.8859428381875,0.0,,,,EXTREME_OVERLAP,MEASURED,CLEAN_SPLIT,VALID
da2f1571-3fbe-4785-b5ab-c2bf88cd9f24,SPLIT,2016,,0.0,0.0,,,INVALID_GEOMETRY,,CARVE_OUT,Missing source geometry observation.
361828a5-9748-473c-ae9b-5d5a9bdb4ffd,SPLIT,2017,7025.484441344885,0.0,211.53776873018575,6813.946672614699,5147.636955554072,EXTREME_OVERLAP,MEASURED,CLEAN_SPLIT,VALID
ac81a85e-8023-4527-aed4-6a5cf320e1fe,SPLIT,2016,,0.0,0.0,,,INVALID_GEOMETRY,,CARVE_OUT,Missing source geometry observation.
2d5cee81-237a-4383-b11f-cc913d615618,NEW_DISTRICT,1974,,0.0,0.0,,,INVALID_GEOMETRY,,UNKNOWN,Missing source and target geometry observations.
010b7fd8-bc16-4959-bb0c-5ad3acba19e5,NEW_DISTRICT,2022,,0.0,0.0,,,INVALID_GEOMETRY,,UNKNOWN,Missing source and target geometry observations.
c157c743-b032-4f32-950b-eae6c31d7c98,NEW_DISTRICT,2022,,0.0,0.0,,,INVALID_GEOMETRY,,UNKNOWN,Missing source and target geometry observations.
78efe322-d385-4787-9280-8879e4f87af8,NEW_DISTRICT,2015,,0.0,0.0,,,INVALID_GEOMETRY,,UNKNOWN,Missing source and target geometry observations.
da2b9d1a-c744-457c-b58f-17a144f81284,NEW_DISTRICT,2017,,0.0,0.0,,,INVALID_GEOMETRY,,UNKNOWN,Missing source and target geometry observations.
371caae1-b09c-41b5-aca5-e3535100aa5a,NEW_DISTRICT,1969,,0.0,0.0,,,INVALID_GEOMETRY,,UNKNOWN,Missing source and target geometry observations.
1ef05969-428e-42b4-9598-5cfafd994032,NEW_DISTRICT,2009,,0.0,0.0,,,INVALID_GEOMETRY,,UNKNOWN,Missing source and target geometry observations.
40a4b4e4-e827-42aa-a963-4258e7ce67d8,NEW_DISTRICT,2016,,0.0,0.0,,,INVALID_GEOMETRY,,UNKNOWN,Missing source and target geometry observations.
8c02499d-5fb8-4142-bee0-95d7df6396bf,RENAME,1971,,,,,,INVALID_GEOMETRY,NON_SPATIAL,UNKNOWN,RENAME events are nominal identity changes without spatial transfers.
2aa448d7-f68c-431c-b59b-8a3982b50a54,RENAME,1951,,,,,,INVALID_GEOMETRY,NON_SPATIAL,UNKNOWN,RENAME events are nominal identity changes without spatial transfers.
04ceb673-eba9-452a-8a7a-5905d00b86fc,RENAME,1961,,,,,,INVALID_GEOMETRY,NON_SPATIAL,UNKNOWN,RENAME events are nominal identity changes without spatial transfers.
2bf4a9c3-6afb-4f72-a7a4-97b6dad8f680,RENAME,2001,,,,,,INVALID_GEOMETRY,NON_SPATIAL,UNKNOWN,RENAME events are nominal identity changes without spatial transfers.
62f5ddad-877b-4153-9289-dbedf6261159,RENAME,2011,,,,,,INVALID_GEOMETRY,NON_SPATIAL,UNKNOWN,RENAME events are nominal identity changes without spatial transfers.
3d37b4d2-4751-4b84-95b9-c2316880a586,RENAME,1951,,,,,,INVALID_GEOMETRY,NON_SPATIAL,UNKNOWN,RENAME events are nominal identity changes without spatial transfers.
9a5c76b3-3c0c-4d9f-bd4e-0f120b7b53af,RENAME,1981,,,,,,INVALID_GEOMETRY,NON_SPATIAL,UNKNOWN,RENAME events are nominal identity changes without spatial transfers.
3f9d18d9-8c55-4c18-8fdc-f27e544817c9,RENAME,1981,,,,,,INVALID_GEOMETRY,NON_SPATIAL,UNKNOWN,RENAME events are nominal identity changes without spatial transfers.
9a973c3a-bd47-4310-a819-c6b1c9a42de8,RENAME,1951,,,,,,INVALID_GEOMETRY,NON_SPATIAL,UNKNOWN,RENAME events are nominal identity changes without spatial transfers.
25456b56-638d-4918-b9ce-ac0e93a93140,RENAME,1971,,,,,,INVALID_GEOMETRY,NON_SPATIAL,UNKNOWN,RENAME events are nominal identity changes without spatial transfers.
674deddd-5a60-4449-89b8-345f00cb90d9,RENAME,1971,,,,,,INVALID_GEOMETRY,NON_SPATIAL,UNKNOWN,RENAME events are nominal identity changes without spatial transfers.
496a8ea6-09ac-4325-ad60-79dbe9dd1c70,RENAME,2011,,,,,,INVALID_GEOMETRY,NON_SPATIAL,UNKNOWN,RENAME events are nominal identity changes without spatial transfers.
98a73940-ec0f-4114-8e9b-899ff0b6baa9,RENAME,1951,,,,,,INVALID_GEOMETRY,NON_SPATIAL,UNKNOWN,RENAME events are nominal identity changes without spatial transfers.
3fa12b02-0cdb-47ce-972c-729e9a62d587,RENAME,1961,,,,,,INVALID_GEOMETRY,NON_SPATIAL,UNKNOWN,RENAME events are nominal identity changes without spatial transfers.
d7f17335-0957-4efc-b812-1c43007be50f,RENAME,1971,,,,,,INVALID_GEOMETRY,NON_SPATIAL,UNKNOWN,RENAME events are nominal identity changes without spatial transfers.
d88193a7-6cbd-4397-a2d5-9b3ce952526a,RENAME,1961,,,,,,INVALID_GEOMETRY,NON_SPATIAL,UNKNOWN,RENAME events are nominal identity changes without spatial transfers.
5f6308cf-31d8-4324-9ba0-17fa27c38053,RENAME,1951,,,,,,INVALID_GEOMETRY,NON_SPATIAL,UNKNOWN,RENAME events are nominal identity changes without spatial transfers.
b33caefe-bed3-448c-90ba-b804b3123f71,RENAME,2011,,,,,,INVALID_GEOMETRY,NON_SPATIAL,UNKNOWN,RENAME events are nominal identity changes without spatial transfers.
890bb3b0-468d-4c56-b4fa-56bd34537064,RENAME,1961,,,,,,INVALID_GEOMETRY,NON_SPATIAL,UNKNOWN,RENAME events are nominal identity changes without spatial transfers.
bba75740-8799-44d9-abf0-ec83bf72c367,RENAME,2011,,,,,,INVALID_GEOMETRY,NON_SPATIAL,UNKNOWN,RENAME events are nominal identity changes without spatial transfers.
0c94727f-67d3-42bf-83f8-ae68070d8839,RENAME,2011,,,,,,INVALID_GEOMETRY,NON_SPATIAL,UNKNOWN,RENAME events are nominal identity changes without spatial transfers.
34d66b01-5631-4464-9026-99b6a35d5b00,RENAME,2011,,,,,,INVALID_GEOMETRY,NON_SPATIAL,UNKNOWN,RENAME events are nominal identity changes without spatial transfers.
00f07bb3-21fa-4456-820c-128f80d764ae,SPLIT,1953,,0.0,0.0,,,INVALID_GEOMETRY,,UNKNOWN,Missing source and target geometry observations.
35fc46e6-c781-4a37-a03c-c9d7723a787f,SPLIT,1956,,0.0,0.0,,,INVALID_GEOMETRY,,UNKNOWN,Missing source and target geometry observations.
36668468-464b-455f-bc85-63336bd2054c,SPLIT,1957,,0.0,0.0,,,INVALID_GEOMETRY,,UNKNOWN,Missing source and target geometry observations.
60304913-f813-4e77-8cb8-322307509d90,SPLIT,1953,,0.0,0.0,,,INVALID_GEOMETRY,,UNKNOWN,Missing source and target geometry observations.
2142d8ac-21b3-4c0b-bf62-a3f46f1dc203,SPLIT,1960,,0.0,0.0,,,INVALID_GEOMETRY,,UNKNOWN,Missing source and target geometry observations.
c4b7e400-da02-42ef-87f6-d55c3a8125c9,SPLIT,1966,,0.0,0.0,,,INVALID_GEOMETRY,,UNKNOWN,Missing source and target geometry observations.
6e213d3a-f420-45fa-b314-443f1512d5d4,SPLIT,1966,,0.0,0.0,,,INVALID_GEOMETRY,,UNKNOWN,Missing source and target geometry observations.
daf29bd4-4acd-499a-ab5d-13753c0bf866,SPLIT,1980,,0.0,0.0,,,INVALID_GEOMETRY,,UNKNOWN,Missing source and target geometry observations.
81b56032-3c37-4bca-9266-f6a17b5d2289,SPLIT,1972,,0.0,0.0,,,INVALID_GEOMETRY,,UNKNOWN,Missing source and target geometry observations.
2ba62588-b6ec-4699-b8d4-94300dba92ab,SPLIT,1973,,0.0,0.0,,,INVALID_GEOMETRY,,UNKNOWN,Missing source and target geometry observations.
e299667a-dae1-4c0c-9d4b-d6ed2ba8c9dc,SPLIT,1973,,0.0,0.0,,,INVALID_GEOMETRY,,UNKNOWN,Missing source and target geometry observations.
423f196f-f924-4751-b6fc-d24f4fcb3b95,SPLIT,1972,,0.0,0.0,,,INVALID_GEOMETRY,,UNKNOWN,Missing source and target geometry observations.
dc325f99-0756-4bb5-9b0e-59e471361d0f,SPLIT,1975,,0.0,0.0,,,INVALID_GEOMETRY,,UNKNOWN,Missing source and target geometry observations.
f5e8dbe2-97b6-4771-bb22-66c98f5c3a7e,SPLIT,1979,,0.0,0.0,,,INVALID_GEOMETRY,,UNKNOWN,Missing source and target geometry observations.
2216e2a8-4dd6-4fa2-a42f-cd68fc129a0e,SPLIT,1979,,0.0,0.0,,,INVALID_GEOMETRY,,UNKNOWN,Missing source and target geometry observations.
068bbd76-ca45-4289-8de9-401677229cbf,SPLIT,1979,,0.0,0.0,,,INVALID_GEOMETRY,,UNKNOWN,Missing source and target geometry observations.
336d9ff9-5087-45f1-adab-d7282bbb7f3f,SPLIT,1979,,0.0,0.0,,,INVALID_GEOMETRY,,UNKNOWN,Missing source and target geometry observations.
bd9f4a92-18da-4163-8e25-397a5ef07292,SPLIT,1972,,0.0,0.0,,,INVALID_GEOMETRY,,UNKNOWN,Missing source and target geometry observations.
585f494a-09a0-4df0-bc5c-56a0d4e32db6,SPLIT,1973,,0.0,0.0,,,INVALID_GEOMETRY,,UNKNOWN,Missing source and target geometry observations.
bb1e4033-cddd-4ec9-adc5-85e8b3ba23d8,SPLIT,1987,,0.0,0.0,,,INVALID_GEOMETRY,,UNKNOWN,Missing source and target geometry observations.
5dadff71-f64a-495b-a3ec-9573beb44db6,SPLIT,1983,,0.0,0.0,,,INVALID_GEOMETRY,,UNKNOWN,Missing source and target geometry observations.
5febd270-6a08-4537-97ed-09d27a6e7e93,SPLIT,1983,,0.0,0.0,,,INVALID_GEOMETRY,,UNKNOWN,Missing source and target geometry observations.
6515fec8-c40d-41e2-9550-155df6767670,SPLIT,1983,,0.0,0.0,,,INVALID_GEOMETRY,,UNKNOWN,Missing source and target geometry observations.
45690733-4782-4bcc-9835-086319c7cab9,SPLIT,1989,,0.0,0.0,,,INVALID_GEOMETRY,,UNKNOWN,Missing source and target geometry observations.
41205bce-8b98-4e48-a6b6-f2b68a6cb07f,SPLIT,1981,,0.0,0.0,,,INVALID_GEOMETRY,,UNKNOWN,Missing source and target geometry observations.
c1056f69-1359-4387-9005-01ca18b8be51,SPLIT,1986,,0.0,0.0,,,INVALID_GEOMETRY,,UNKNOWN,Missing source and target geometry observations.
71d15e2e-ac80-4eb3-a533-ff748a080bf3,SPLIT,1987,,0.0,0.0,,,INVALID_GEOMETRY,,UNKNOWN,Missing source and target geometry observations.
5610806f-66c5-4233-9a6d-2010c06d8cb8,SPLIT,1989,,0.0,0.0,,,INVALID_GEOMETRY,,UNKNOWN,Missing source and target geometry observations.
c6b76829-dd10-4585-88cc-3fd8c1254182,SPLIT,1989,,0.0,0.0,,,INVALID_GEOMETRY,,UNKNOWN,Missing source and target geometry observations.
22931999-da4c-4b44-9802-66156d33c0b3,SPLIT,1988,,0.0,0.0,,,INVALID_GEOMETRY,,UNKNOWN,Missing source and target geometry observations.
5aae53d3-2827-4489-a574-5b51c7d3b9b0,SPLIT,1994,,0.0,0.0,,,INVALID_GEOMETRY,,UNKNOWN,Missing source and target geometry observations.
3febe5e7-c3ef-495a-8a90-3e5358dd88e5,SPLIT,1991,,0.0,0.0,,,INVALID_GEOMETRY,,UNKNOWN,Missing source and target geometry observations.
f6d25112-4a56-4ebe-8388-d876f93012ec,SPLIT,1998,,0.0,0.0,,,INVALID_GEOMETRY,,UNKNOWN,Missing source and target geometry observations.
8e17e354-52bd-4bd8-b855-4182ef7fb961,SPLIT,1997,,0.0,0.0,,,INVALID_GEOMETRY,,UNKNOWN,Missing source and target geometry observations.
684a4331-cdf3-4ae5-80bb-61e832c979d8,SPLIT,1997,,0.0,0.0,,,INVALID_GEOMETRY,,UNKNOWN,Missing source and target geometry observations.
094b5618-692d-42f3-95af-11a67cf687dd,SPLIT,1991,,0.0,0.0,,,INVALID_GEOMETRY,,UNKNOWN,Missing source and target geometry observations.
3f55bdc3-7623-425b-ae2b-4144642f5747,SPLIT,1991,,0.0,0.0,,,INVALID_GEOMETRY,,UNKNOWN,Missing source and target geometry observations.
818ba690-3322-4780-aaa9-905dd7f9e211,SPLIT,1991,,0.0,0.0,,,INVALID_GEOMETRY,,UNKNOWN,Missing source and target geometry observations.
da0781f4-670e-467f-958f-8bfafe8d853a,SPLIT,1997,,0.0,0.0,,,INVALID_GEOMETRY,,UNKNOWN,Missing source and target geometry observations.
1061e238-b641-4835-b5df-d1cd49946ff3,SPLIT,1997,,0.0,0.0,,,INVALID_GEOMETRY,,UNKNOWN,Missing source and target geometry observations.
3a53b186-c491-41a5-9673-61ba040818d0,SPLIT,1997,,0.0,0.0,,,INVALID_GEOMETRY,,UNKNOWN,Missing source and target geometry observations.
07600426-793b-4f51-9864-292e8c8c1634,SPLIT,1998,,0.0,0.0,,,INVALID_GEOMETRY,,UNKNOWN,Missing source and target geometry observations.
aefc08e8-7278-4711-be12-62022eea3b10,SPLIT,1998,,0.0,0.0,,,INVALID_GEOMETRY,,UNKNOWN,Missing source and target geometry observations.
da8778f4-c6bc-4530-8bb5-edf7c2151397,SPLIT,1999,,0.0,0.0,,,INVALID_GEOMETRY,,UNKNOWN,Missing source and target geometry observations.
26492435-cf86-4e5f-ae07-4f5fd26620b5,SPLIT,1993,,0.0,0.0,,,INVALID_GEOMETRY,,UNKNOWN,Missing source and target geometry observations.
bd431289-c40f-4ae2-86b3-d86a75fdd0a3,SPLIT,1994,,0.0,0.0,,,INVALID_GEOMETRY,,UNKNOWN,Missing source and target geometry observations.
58f72654-8b51-4161-8583-5d86a1ba6d61,SPLIT,1994,,0.0,0.0,,,INVALID_GEOMETRY,,UNKNOWN,Missing source and target geometry observations.
5117542b-8615-40ba-8d62-875963d86cd2,SPLIT,1995,,0.0,0.0,,,INVALID_GEOMETRY,,UNKNOWN,Missing source and target geometry observations.
5d997bad-38d1-41e6-be8f-fcc331848b81,SPLIT,1995,,0.0,0.0,,,INVALID_GEOMETRY,,UNKNOWN,Missing source and target geometry observations.
d4187a8c-487e-43bd-b8f4-e12eed34090e,SPLIT,1997,,0.0,0.0,,,INVALID_GEOMETRY,,UNKNOWN,Missing source and target geometry observations.
eaada6b7-a9e9-4aee-9b6e-e837f8a08892,SPLIT,1997,,0.0,0.0,,,INVALID_GEOMETRY,,UNKNOWN,Missing source and target geometry observations.
f661d2b3-7961-4284-b069-322af413286e,SPLIT,1995,,0.0,0.0,,,INVALID_GEOMETRY,,UNKNOWN,Missing source and target geometry observations.
ffe0785c-5ba1-42f6-807e-40286be6cc47,SPLIT,1997,,0.0,0.0,,,INVALID_GEOMETRY,,UNKNOWN,Missing source and target geometry observations.
69cff992-dc5e-432b-8434-b93f280c9373,SPLIT,1994,,0.0,0.0,,,INVALID_GEOMETRY,,UNKNOWN,Missing source and target geometry observations.
36de962d-2afb-43ed-a7a6-686f42772938,SPLIT,1997,,0.0,0.0,,,INVALID_GEOMETRY,,UNKNOWN,Missing source and target geometry observations.
daf024e4-4c8f-481f-a4f0-4a2cba4d7576,SPLIT,2001,,0.0,0.0,,,INVALID_GEOMETRY,,UNKNOWN,Missing source and target geometry observations.
c85dbaff-0607-404c-96e4-0f2f26811191,SPLIT,2007,,0.0,0.0,,,INVALID_GEOMETRY,,UNKNOWN,Missing source and target geometry observations.
a8944c2a-ee83-49ef-b95a-c0df2427a22c,SPLIT,2007,,0.0,0.0,,,INVALID_GEOMETRY,,UNKNOWN,Missing source and target geometry observations.
3093c5e1-d30c-40b8-9bc4-ef71b68834b8,SPLIT,2007,,0.0,0.0,,,INVALID_GEOMETRY,,UNKNOWN,Missing source and target geometry observations.
eb411d0a-5cee-44fd-9c92-daf4233e11ca,SPLIT,2004,,0.0,0.0,,,INVALID_GEOMETRY,,UNKNOWN,Missing source and target geometry observations.
073f6657-8245-4773-897c-51c868d87e52,SPLIT,2004,,0.0,0.0,,,INVALID_GEOMETRY,,UNKNOWN,Missing source and target geometry observations.
d5fb28d4-6dd7-49fd-b3c3-e0d4931ef142,SPLIT,2007,,0.0,0.0,,,INVALID_GEOMETRY,,UNKNOWN,Missing source and target geometry observations.
a44d1dd0-6ca2-446d-9fd1-b4d3f04b1afe,SPLIT,2009,,0.0,0.0,,,INVALID_GEOMETRY,,UNKNOWN,Missing source and target geometry observations.
7699150c-ebc6-4c75-9c8e-9f65c9d5f527,SPLIT,2018,,0.0,0.0,,,INVALID_GEOMETRY,,UNKNOWN,Missing source and target geometry observations.
f52d3d60-1c9c-4b92-b6d3-9411270652bb,SPLIT,2012,,0.0,0.0,,,INVALID_GEOMETRY,,UNKNOWN,Missing source and target geometry observations.
06821f2f-ea96-45fc-b88e-17993bd3cf3f,SPLIT,2012,,0.0,0.0,,,INVALID_GEOMETRY,,UNKNOWN,Missing source and target geometry observations.
74b5a3f7-0749-41dc-864e-84786be34eca,SPLIT,2013,,0.0,0.0,,,INVALID_GEOMETRY,,UNKNOWN,Missing source and target geometry observations.
251a597d-a7da-4e95-9eec-60dec842f7f9,SPLIT,2013,,0.0,0.0,,,INVALID_GEOMETRY,,UNKNOWN,Missing source and target geometry observations.
7ecf4f79-5d09-406a-a623-bcac74cec751,SPLIT,2013,,0.0,0.0,,,INVALID_GEOMETRY,,UNKNOWN,Missing source and target geometry observations.
f68d7ca8-a378-4132-b046-7ca0f8178746,SPLIT,2013,,0.0,0.0,,,INVALID_GEOMETRY,,UNKNOWN,Missing source and target geometry observations.
edae3afd-0b67-4d5d-af82-ad094567fade,SPLIT,2013,,0.0,0.0,,,INVALID_GEOMETRY,,UNKNOWN,Missing source and target geometry observations.
38140216-7804-495b-890e-09c5ce06dfe1,SPLIT,2014,,0.0,0.0,,,INVALID_GEOMETRY,,UNKNOWN,Missing source and target geometry observations.
ed9d9736-93d5-47e4-9028-724e53812f8a,SPLIT,2019,,0.0,0.0,,,INVALID_GEOMETRY,,UNKNOWN,Missing source and target geometry observations.
95975ba5-97eb-4f4a-b239-aa522c75e3dd,SPLIT,2021,,0.0,0.0,,,INVALID_GEOMETRY,,UNKNOWN,Missing source and target geometry observations.
47b3f7cc-6c30-4fbe-aca8-4f59d8d4a9d9,SPLIT,2021,,0.0,0.0,,,INVALID_GEOMETRY,,UNKNOWN,Missing source and target geometry observations.
d6200a85-6829-4480-b995-6cb31902f15b,SPLIT,2019,,0.0,0.0,,,INVALID_GEOMETRY,,UNKNOWN,Missing source and target geometry observations.
bfb82e32-e16f-41c2-a60d-e8bce6369dc3,SPLIT,2019,,0.0,0.0,,,INVALID_GEOMETRY,,UNKNOWN,Missing source and target geometry observations.
e064d174-97cf-4193-9b31-45758f568232,SPLIT,2016,,0.0,0.0,,,INVALID_GEOMETRY,,UNKNOWN,Missing source and target geometry observations.
582be224-5352-47f5-9689-1ba4c98cdf3f,SPLIT,2011,,0.0,0.0,,,INVALID_GEOMETRY,,UNKNOWN,Missing source and target geometry observations.
3d9b35b1-c928-4693-9341-628249cfba6e,SPLIT,2017,,0.0,0.0,,,INVALID_GEOMETRY,,UNKNOWN,Missing source and target geometry observations.
ee939ef9-2f17-43a8-ad10-bb74395ae5db,SPLIT,2017,,0.0,0.0,,,INVALID_GEOMETRY,,UNKNOWN,Missing source and target geometry observations.
93a620e8-0ed9-4d2f-b7e5-7929024dbb81,SPLIT,2016,,0.0,0.0,,,INVALID_GEOMETRY,,UNKNOWN,Missing source and target geometry observations.
b8ac3175-6978-478c-86ed-75c3ce981a36,SPLIT,2016,,0.0,0.0,,,INVALID_GEOMETRY,,UNKNOWN,Missing source and target geometry observations.
2fa62794-4333-45d1-9c43-b975103a26f9,SPLIT,2016,,0.0,0.0,,,INVALID_GEOMETRY,,UNKNOWN,Missing source and target geometry observations.
38a254cb-eb90-4bec-a329-d003a3334f27,SPLIT,2022,,0.0,0.0,,,INVALID_GEOMETRY,,UNKNOWN,Missing source and target geometry observations.
192c9eed-4e35-47f0-adbc-b7a05de3277b,SPLIT,2022,,0.0,0.0,,,INVALID_GEOMETRY,,UNKNOWN,Missing source and target geometry observations.
cb1920c5-7fef-4aac-b00d-74b0d6d1937f,SPLIT,2023,,0.0,0.0,,,INVALID_GEOMETRY,,UNKNOWN,Missing source and target geometry observations.
d166799c-8c31-4f8a-8077-d31ecc6dd0e9,SPLIT,2023,,0.0,0.0,,,INVALID_GEOMETRY,,UNKNOWN,Missing source and target geometry observations.
d4b983b8-7912-440b-a224-04a38aad406b,SPLIT,1989,,0.0,0.0,,,INVALID_GEOMETRY,,UNKNOWN,Missing source and target geometry observations.
e8c78cbc-e8f4-4b57-bc11-53bbb0a7b1ee,SPLIT,2006,,0.0,0.0,,,INVALID_GEOMETRY,,UNKNOWN,Missing source and target geometry observations.
da8903f9-fa3c-416e-b571-4bf3a28bf922,RENAME,1961,,,,,,INVALID_GEOMETRY,NON_SPATIAL,UNKNOWN,RENAME events are nominal identity changes without spatial transfers.
bb8142ae-a83f-4536-8c7c-78296ed4a042,SPLIT,2022,,0.0,0.0,,,INVALID_GEOMETRY,,UNKNOWN,Missing source and target geometry observations.
761ab0ee-9171-4f27-af18-09edbddcccc1,NEW_DISTRICT,2001,9423.178915753346,0.0,,,,EXTREME_OVERLAP,MEASURED,CARVE_OUT,VALID
abc4cea8-3652-456e-a4af-0a028dfd2375,NEW_DISTRICT,1983,1988.9759990736204,0.0,0.0,1988.9759990736204,,UNKNOWN,UNMEASURED,CARVE_OUT,VALID
15cc9080-5d4a-498a-b3d0-bfeada3829a9,NEW_DISTRICT,1985,4588.649941153584,0.0,,,,EXTREME_OVERLAP,MEASURED,CARVE_OUT,VALID
d950787d-b5fc-4349-867b-8fdc3ed81031,NEW_DISTRICT,1989,2192.377776070499,0.0,,,,EXTREME_OVERLAP,MEASURED,CARVE_OUT,VALID
3d6fb073-1533-45f2-b062-54897a000018,NEW_DISTRICT,1973,12341.759304097304,0.0,0.0,12341.759304097304,,NO_OVERLAP,,CARVE_OUT,VALID
0e66ed3d-e143-4d1f-8627-4779db8cc5cb,NEW_DISTRICT,1977,9204.087187145422,0.0,396.8166817409845,8807.270505404438,3570.5657351516857,EXTREME_OVERLAP,MEASURED,CARVE_OUT,VALID
d5eff0cb-ff9d-4a66-b5ca-787f2a6ddacb,NEW_DISTRICT,1998,,0.0,0.0,,,INVALID_GEOMETRY,,CARVE_OUT,Missing source geometry observation.
c92c5513-f102-4e4b-a44e-e691a3705c4d,NEW_DISTRICT,1998,,0.0,0.0,,,INVALID_GEOMETRY,,CARVE_OUT,Missing source geometry observation.
44212bcc-ec3e-4d50-a645-35a9d3fdd772,NEW_DISTRICT,1998,,0.0,0.0,,,INVALID_GEOMETRY,,CARVE_OUT,Missing source geometry observation.
cda74b70-1b64-4b00-8cd4-1a17bc33e8b6,NEW_DISTRICT,1998,,0.0,0.0,,,INVALID_GEOMETRY,,CARVE_OUT,Missing source geometry observation.
9a58b082-9198-4d0d-b81b-a777e1d0f64c,NEW_DISTRICT,2012,8430.995588576707,0.0,535.3406295443033,7895.654959032403,2694.866126265676,EXTREME_OVERLAP,MEASURED,CARVE_OUT,VALID
743c7c67-a1f3-473c-a7d7-db82fe066b3f,NEW_DISTRICT,2012,12545.692191244243,0.0,665.6577802530174,11880.034410991226,3916.4198737864963,EXTREME_OVERLAP,MEASURED,CARVE_OUT,VALID
2fa6d566-3a2a-4213-956b-8471ee054a23,NEW_DISTRICT,2012,8430.995588576707,0.0,450.99416387064434,7980.001424706063,2358.5582099060275,EXTREME_OVERLAP,MEASURED,CARVE_OUT,VALID
0b509387-7355-43b5-9ba0-d81eae13ad22,NEW_DISTRICT,1997,1467.8300703301863,0.0,0.0,,,UNKNOWN,UNMEASURED,CARVE_OUT,VALID
591739cf-4c21-49e8-b786-1309e2628257,NEW_DISTRICT,2012,276.12906284745236,0.0,24.585326849270814,251.54373599818155,72.50129503151733,EXTREME_OVERLAP,MEASURED,CARVE_OUT,VALID
474f1589-af74-4e96-aea8-d4e8b65b739e,NEW_DISTRICT,1987,3646.8273636421522,0.0,0.0,,,UNKNOWN,UNMEASURED,CARVE_OUT,VALID
42de457c-7541-4e1b-971a-3b07a5e40d35,NEW_DISTRICT,1997,7149.583093413756,0.0,1026.094438485538,6123.488654928218,2140.897622229132,EXTREME_OVERLAP,MEASURED,CARVE_OUT,VALID
2cbda86d-ca5a-4efa-a0d1-24f17fce406b,NEW_DISTRICT,1997,4173.937505322121,0.0,480.7587781312736,3693.1787271908474,1330.8184656818903,EXTREME_OVERLAP,MEASURED,CARVE_OUT,VALID
123781cf-36c7-45c2-b716-4d55980ce69d,NEW_DISTRICT,1956,,0.0,0.0,,,UNKNOWN,UNMEASURED,CARVE_OUT,VALID
f1ef96ff-b879-494b-9c01-51ac9de099d1,NEW_DISTRICT,1981,,0.0,0.0,,,UNKNOWN,UNMEASURED,CARVE_OUT,VALID
7addf463-f29c-4d9d-b697-2b4ab2a54d17,NEW_DISTRICT,1983,18258.41543982621,0.0,152.86821507289847,18105.54722475331,1339.397062979481,EXTREME_OVERLAP,MEASURED,CARVE_OUT,VALID
be62b96f-8a86-4baa-bed6-a19817ee4a8f,NEW_DISTRICT,1983,,0.0,0.0,,,UNKNOWN,UNMEASURED,CARVE_OUT,VALID
fbde7320-06fc-4211-a007-4329211d04fe,NEW_DISTRICT,2007,7651.21934868889,0.0,239.85676137011103,7411.362587318779,2402.2026226199173,EXTREME_OVERLAP,MEASURED,CARVE_OUT,VALID
1983caa5-bf02-4e89-b62b-7fe4f947faf5,NEW_DISTRICT,1998,11954.373198796366,0.0,1308.2179829930678,10646.155215803297,4354.596891757761,EXTREME_OVERLAP,MEASURED,CARVE_OUT,VALID
2d96c4e4-197c-474b-9667-691ece1738c4,NEW_DISTRICT,1984,,0.0,0.0,,,UNKNOWN,UNMEASURED,CARVE_OUT,VALID
dec53a00-a198-4a1d-a2d4-d645277cc70f,NEW_DISTRICT,2003,6776.418174539772,0.0,953.5114073330699,5822.906767206702,2285.0295526970085,EXTREME_OVERLAP,MEASURED,CARVE_OUT,VALID
189cdb87-6d9b-4afd-b8c5-04a326f2f4eb,NEW_DISTRICT,2003,10515.09444441573,0.0,833.4201487462906,9681.67429566944,4867.940242266823,EXTREME_OVERLAP,MEASURED,CARVE_OUT,VALID
d9476df2-7efb-4539-9bcd-199128a25c7d,NEW_DISTRICT,1969,22478.364538398026,0.0,,,,EXTREME_OVERLAP,MEASURED,CARVE_OUT,VALID
42b263e3-caa2-4dfc-a767-8c862726ea99,NEW_DISTRICT,1974,5459.080902710379,0.0,,,,EXTREME_OVERLAP,MEASURED,CARVE_OUT,VALID
abdae3a7-2ab7-4b71-ad11-0d34a593847b,NEW_DISTRICT,1976,14088.541902295321,0.0,,,,EXTREME_OVERLAP,MEASURED,CARVE_OUT,VALID
888a52c7-1548-4102-b0c3-bae467224010,NEW_DISTRICT,2012,,0.0,0.0,,,INVALID_GEOMETRY,,CARVE_OUT,Missing source geometry observation.
a537339d-7a92-4f66-b6b4-b719f4949c65,NEW_DISTRICT,1998,3951.591252332833,0.0,,,,EXTREME_OVERLAP,MEASURED,CARVE_OUT,VALID
773a5862-9358-43bc-8033-5d60244e5665,NEW_DISTRICT,1957,,0.0,0.0,,,INVALID_GEOMETRY,,CARVE_OUT,Missing source geometry observation.
f796f70e-1f3f-4613-b9ef-25aaf118cf99,NEW_DISTRICT,1997,3895.444702587952,0.0,,,,EXTREME_OVERLAP,MEASURED,CARVE_OUT,VALID
56b1f4f9-5bc1-4082-bf67-65903c6fac37,NEW_DISTRICT,1993,10438.302738207261,0.0,244.5504863819055,10193.752251825355,2661.52906721778,EXTREME_OVERLAP,MEASURED,CARVE_OUT,VALID
457159e7-77d0-46f6-baad-67962f60c357,NEW_DISTRICT,1995,3426.8616141031916,0.0,218.35455956039706,3208.507054542795,549.2903147520302,EXTREME_OVERLAP,MEASURED,CARVE_OUT,VALID
11378c49-1387-4f7e-8457-b5822eb43241,NEW_DISTRICT,2008,10534.77559157868,0.0,0.0,,,UNKNOWN,UNMEASURED,CARVE_OUT,VALID
0d878470-4f4d-47ed-84d9-adfb86691a70,NEW_DISTRICT,1965,18298.56165499695,0.0,2046.5435737821765,16252.018081214772,7537.12184482915,EXTREME_OVERLAP,MEASURED,CARVE_OUT,VALID
c5f524a5-0847-40a1-a809-b5c9ae3f7952,NEW_DISTRICT,1997,,0.0,0.0,,,INVALID_GEOMETRY,,CARVE_OUT,Missing source geometry observation.
10e5f44a-daaf-4b61-8d8c-9958d768501b,NEW_DISTRICT,1953,21957.440193999504,0.0,2058.1338127581653,19899.30638124134,9784.270758960567,EXTREME_OVERLAP,MEASURED,CARVE_OUT,VALID
101875e1-333d-4002-8843-0fdf209f8a5f,NEW_DISTRICT,2016,,0.0,0.0,,,INVALID_GEOMETRY,,CARVE_OUT,Missing source geometry observation.
3528586d-156d-4742-8a50-1ef898dba89a,NEW_DISTRICT,2016,,0.0,0.0,,,INVALID_GEOMETRY,,CARVE_OUT,Missing source geometry observation.
2015d866-1a6a-4854-9944-99583b5a2d81,NEW_DISTRICT,2016,,0.0,0.0,,,INVALID_GEOMETRY,,CARVE_OUT,Missing source geometry observation.
09924361-de6d-4cfb-a5f8-ec18340a9525,NEW_DISTRICT,2016,,0.0,0.0,,,INVALID_GEOMETRY,,CARVE_OUT,Missing source geometry observation.
382f46d9-4874-45f8-9a57-844af630ad59,NEW_DISTRICT,1997,4330.027933819654,0.0,414.3468129217442,3915.68112089791,1593.2613363029236,EXTREME_OVERLAP,MEASURED,CARVE_OUT,VALID
23590b9b-7cc3-497c-877c-83109a9e9bd6,NEW_DISTRICT,1997,4295.562503312894,0.0,428.58787689314056,3866.974626419753,1683.7172309817438,EXTREME_OVERLAP,MEASURED,CARVE_OUT,VALID
f449dde7-e986-44be-9805-04d2f22acc76,NEW_DISTRICT,2017,3175.972639915969,0.0,29.317748902897108,3146.654891013072,1050.5670347215303,EXTREME_OVERLAP,MEASURED,CARVE_OUT,VALID
1f1fbd6a-3972-45e0-b606-661202eb26c6,SPLIT,1970,10370.715090609212,0.0,,,,EXTREME_OVERLAP,MEASURED,CLEAN_SPLIT,VALID
87dc091d-7467-4586-aeda-515c079af644,SPLIT,1970,10370.715090609212,0.0,,,,EXTREME_OVERLAP,MEASURED,CLEAN_SPLIT,VALID
f5a5be07-98a5-4933-b887-b960b1786372,SPLIT,1980,5718.289464230443,0.0,186.27846533073827,5532.010998899705,556.918082756155,EXTREME_OVERLAP,MEASURED,CLEAN_SPLIT,VALID
62a252d3-ee23-4e60-bd94-beaee86a2121,SPLIT,1990,13468.991605306794,0.0,1066.8139123301164,12402.177692976677,12402.119458540956,EXTREME_OVERLAP,MEASURED,CLEAN_SPLIT,VALID
83644129-a25a-44a9-b086-e34de29cb6d1,SPLIT,1982,5143.403505248164,0.0,612.6780351350457,4530.725470113119,2027.5110906365226,EXTREME_OVERLAP,MEASURED,CARVE_OUT,VALID
1bc64c76-a024-4a9e-a072-331b65a996ed,SPLIT,1982,5319.394260539433,0.0,0.008360243780313886,5319.385900295653,0.028067828386522088,NO_OVERLAP,MEASURED,CARVE_OUT,VALID
67448b45-e624-452c-b658-982f119b49be,SPLIT,1983,5459.080902710379,0.0,,,,EXTREME_OVERLAP,MEASURED,CLEAN_SPLIT,VALID
7b9c55d4-e247-45ac-ba81-07a04f0cfd5f,SPLIT,1981,11290.395332520051,0.0,203.30190393160942,11087.093428588441,7072.230255674563,EXTREME_OVERLAP,MEASURED,CLEAN_SPLIT,VALID
cb1c59e1-28b2-4fe4-a941-493f6171fb94,SPLIT,1997,1467.8300703301863,0.0,0.0,,,UNKNOWN,UNMEASURED,CLEAN_SPLIT,VALID
1b7d3429-cbff-451e-87a9-5f876557d467,SPLIT,1997,1467.8300703301863,0.0,9.6565528484113,1458.173517481775,28.252598978475504,MINOR_OVERLAP,MEASURED,CLEAN_SPLIT,VALID
93ba635f-9f98-45b3-8c9a-d90c9acf25d6,SPLIT,1997,1467.8300703301863,0.0,0.0,,,UNKNOWN,UNMEASURED,CLEAN_SPLIT,VALID
d289a1ff-2330-4841-9678-b3300ff862d9,SPLIT,1991,,0.0,0.0,,,UNKNOWN,UNMEASURED,CLEAN_SPLIT,VALID
40cb224c-f815-4d30-b904-b5521d04ba00,SPLIT,1993,6302.237168674421,0.0,159.1166748351079,6143.120493839313,2329.1824645089937,EXTREME_OVERLAP,MEASURED,CARVE_OUT,VALID
3e57d40a-2e2f-4381-a070-ed90c4a207c3,SPLIT,2006,3626.504557623516,0.0,352.81491927638416,3273.689638347132,761.5410259703021,EXTREME_OVERLAP,MEASURED,CARVE_OUT,VALID
ef2c361a-5a4f-4def-a31c-90e26f755996,SPLIT,2008,4363.360813344221,0.0,415.4861417927531,3947.874671551468,1466.2901504345787,EXTREME_OVERLAP,MEASURED,CARVE_OUT,VALID
2feed954-5cf3-487e-b193-fdd70d2012cb,SPLIT,2012,54.46544335949743,0.0,3.4408700924043583,51.02457326709307,10.152929011172008,EXTREME_OVERLAP,MEASURED,CARVE_OUT,VALID
05afed2e-bb89-49df-81de-7d1e6ae7e698,SPLIT,2012,415.03411761464355,0.0,30.02969891570115,385.0044186989424,87.21678533816988,EXTREME_OVERLAP,MEASURED,CARVE_OUT,VALID
8f09c5a6-6223-4a2c-87e8-c6f96d6eb8a8,SPLIT,2013,8875.032771653432,0.0,569.7855697850447,8305.247201868387,1086.9543355809678,EXTREME_OVERLAP,MEASURED,CARVE_OUT,VALID
f323bc4b-a1a4-47e0-ae5e-d815e1ea2e02,SPLIT,2013,10863.678551326559,0.0,7.504424395702515,10856.174126930857,13.025270368679063,NO_OVERLAP,MEASURED,CARVE_OUT,VALID
8e7f3fcf-20cb-49cc-a15f-9894daf26b5f,SPLIT,2012,3792.8859428381875,0.0,,,,EXTREME_OVERLAP,MEASURED,CLEAN_SPLIT,VALID
fc86fd22-c259-4bc0-bd5b-fd4b80fd11da,SPLIT,2016,,0.0,0.0,,,INVALID_GEOMETRY,,CARVE_OUT,Missing source geometry observation.
4be3e659-a88b-4125-8c4c-d76fde9f871e,NEW_DISTRICT,2006,,0.0,0.0,,,INVALID_GEOMETRY,,UNKNOWN,Missing source and target geometry observations.
9dc80b24-7f56-4265-a16e-e5b7f1609f46,NEW_DISTRICT,2004,,0.0,0.0,,,INVALID_GEOMETRY,,UNKNOWN,Missing source and target geometry observations.
1fb3e2c9-713a-4bc2-b871-374f78e7b50d,NEW_DISTRICT,1964,,0.0,0.0,,,INVALID_GEOMETRY,,UNKNOWN,Missing source and target geometry observations.
d1ef5f30-8eb0-41b6-804a-4ad37f4c055a,NEW_DISTRICT,2000,,0.0,0.0,,,INVALID_GEOMETRY,,UNKNOWN,Missing source and target geometry observations.
dbc3434f-84ed-48e2-99a2-113fe059db97,NEW_DISTRICT,1960,,0.0,0.0,,,INVALID_GEOMETRY,,UNKNOWN,Missing source and target geometry observations.
e21b434e-3fdb-4452-b8fe-818493c5f000,NEW_DISTRICT,1968,,0.0,0.0,,,INVALID_GEOMETRY,,UNKNOWN,Missing source and target geometry observations.
bf2aee88-be8e-42d0-99ed-1c2cd73d5f82,NEW_DISTRICT,2003,,0.0,0.0,,,INVALID_GEOMETRY,,UNKNOWN,Missing source and target geometry observations.
d0e73d6c-2249-4511-8f8d-9358040d44f9,NEW_DISTRICT,1990,,0.0,0.0,,,INVALID_GEOMETRY,,UNKNOWN,Missing source and target geometry observations.
a6254cf4-6064-442d-a7ba-7b97bbd89728,NEW_DISTRICT,2021,,0.0,0.0,,,INVALID_GEOMETRY,,UNKNOWN,Missing source and target geometry observations.
df68e4ff-9a0d-45c0-8f03-138e50b22b2b,NEW_DISTRICT,1993,,0.0,0.0,,,INVALID_GEOMETRY,,UNKNOWN,Missing source and target geometry observations.
4ce17bec-827c-4399-a6ac-2a783e52bcc9,NEW_DISTRICT,1995,,0.0,0.0,,,INVALID_GEOMETRY,,UNKNOWN,Missing source and target geometry observations.
6acc06a8-b6c2-413d-a559-ad497c4af3c7,NEW_DISTRICT,1988,,0.0,0.0,,,INVALID_GEOMETRY,,UNKNOWN,Missing source and target geometry observations.
adfed07f-6b8c-44fd-a297-3d525af6d359,NEW_DISTRICT,1989,,0.0,0.0,,,INVALID_GEOMETRY,,UNKNOWN,Missing source and target geometry observations.
5a0bb03a-aa97-44ac-b476-d4c7c2e40551,NEW_DISTRICT,2010,,0.0,0.0,,,INVALID_GEOMETRY,,UNKNOWN,Missing source and target geometry observations.
fce2db16-a983-4792-8a9d-9ea0cbae39cc,RENAME,1961,,,,,,INVALID_GEOMETRY,NON_SPATIAL,UNKNOWN,RENAME events are nominal identity changes without spatial transfers.
5431509e-8a46-48fc-8fa0-932184d4a267,RENAME,1971,,,,,,INVALID_GEOMETRY,NON_SPATIAL,UNKNOWN,RENAME events are nominal identity changes without spatial transfers.
67b154f7-67b4-4e9f-95bd-72532e9ed46b,RENAME,1951,,,,,,INVALID_GEOMETRY,NON_SPATIAL,UNKNOWN,RENAME events are nominal identity changes without spatial transfers.
c86c4cc0-13b5-4e77-8fa1-57a5f2aa1489,RENAME,1951,,,,,,INVALID_GEOMETRY,NON_SPATIAL,UNKNOWN,RENAME events are nominal identity changes without spatial transfers.
42641e1b-b424-4468-829d-ea4d2a47d59c,RENAME,1981,,,,,,INVALID_GEOMETRY,NON_SPATIAL,UNKNOWN,RENAME events are nominal identity changes without spatial transfers.
8f13355e-f5ce-4b55-b28b-faa65c10b684,RENAME,1951,,,,,,INVALID_GEOMETRY,NON_SPATIAL,UNKNOWN,RENAME events are nominal identity changes without spatial transfers.
330f0887-cce2-44a0-b15c-70d048b4605e,RENAME,1971,,,,,,INVALID_GEOMETRY,NON_SPATIAL,UNKNOWN,RENAME events are nominal identity changes without spatial transfers.
afb3a071-f943-42d3-9b25-70239a96f155,RENAME,1981,,,,,,INVALID_GEOMETRY,NON_SPATIAL,UNKNOWN,RENAME events are nominal identity changes without spatial transfers.
f2e4dc3e-b360-464d-9675-d2a82a242d17,RENAME,1981,,,,,,INVALID_GEOMETRY,NON_SPATIAL,UNKNOWN,RENAME events are nominal identity changes without spatial transfers.
d9692acd-e5d4-4b0e-bf71-56b681dd99bf,RENAME,2011,,,,,,INVALID_GEOMETRY,NON_SPATIAL,UNKNOWN,RENAME events are nominal identity changes without spatial transfers.
d709260a-fa8b-48c9-8ee0-29c52dc26c22,RENAME,2011,,,,,,INVALID_GEOMETRY,NON_SPATIAL,UNKNOWN,RENAME events are nominal identity changes without spatial transfers.
5ee78df3-d82e-49ce-9fb7-30b2f8dc71de,RENAME,2011,,,,,,INVALID_GEOMETRY,NON_SPATIAL,UNKNOWN,RENAME events are nominal identity changes without spatial transfers.
a95e5ae4-7317-4519-9f48-c0f8c35da321,SPLIT,1960,,0.0,0.0,,,INVALID_GEOMETRY,,UNKNOWN,Missing source and target geometry observations.
74f1f04c-bcec-4618-ac36-d6f75443a661,SPLIT,1958,,0.0,0.0,,,INVALID_GEOMETRY,,UNKNOWN,Missing source and target geometry observations.
e00bf8de-4ada-4035-bca5-7e4030ace0c7,SPLIT,1956,,0.0,0.0,,,INVALID_GEOMETRY,,UNKNOWN,Missing source and target geometry observations.
debb63ca-06be-4cb2-ba22-fe0b03f8e9fa,SPLIT,1956,,0.0,0.0,,,INVALID_GEOMETRY,,UNKNOWN,Missing source and target geometry observations.
521119dd-cd13-41f9-a8ac-ca475edd569a,SPLIT,1956,,0.0,0.0,,,INVALID_GEOMETRY,,UNKNOWN,Missing source and target geometry observations.
a015a9c8-c519-415f-8fc3-6944fd77d429,SPLIT,1966,,0.0,0.0,,,INVALID_GEOMETRY,,UNKNOWN,Missing source and target geometry observations.
2a2e7467-a515-449b-b502-6e852d45cfc1,SPLIT,1961,,0.0,0.0,,,INVALID_GEOMETRY,,UNKNOWN,Missing source and target geometry observations.
89cd0dc8-4a08-4d8c-8485-05b0996046fa,SPLIT,1968,,0.0,0.0,,,INVALID_GEOMETRY,,UNKNOWN,Missing source and target geometry observations.
3214dd06-45da-45c5-ab96-efda82ff7b54,SPLIT,1972,,0.0,0.0,,,INVALID_GEOMETRY,,UNKNOWN,Missing source and target geometry observations.
2748cdde-96cc-4bc1-a640-e9181d6f7f96,SPLIT,1972,,0.0,0.0,,,INVALID_GEOMETRY,,UNKNOWN,Missing source and target geometry observations.
2d674216-0f41-448a-a8aa-81201bbc9b4d,SPLIT,1972,,0.0,0.0,,,INVALID_GEOMETRY,,UNKNOWN,Missing source and target geometry observations.
0c159886-6d3a-4135-b0cd-d8765ac2f5bc,SPLIT,1973,,0.0,0.0,,,INVALID_GEOMETRY,,UNKNOWN,Missing source and target geometry observations.
029b70dc-ef7e-45b7-8a28-f815036b0677,SPLIT,1972,,0.0,0.0,,,INVALID_GEOMETRY,,UNKNOWN,Missing source and target geometry observations.
b593f6ad-f6a3-4568-8df8-eb9e1fd77afa,SPLIT,1979,,0.0,0.0,,,INVALID_GEOMETRY,,UNKNOWN,Missing source and target geometry observations.
3a2b98cb-e06c-4733-8b00-e6410f033a7c,SPLIT,1972,,0.0,0.0,,,INVALID_GEOMETRY,,UNKNOWN,Missing source and target geometry observations.
d0be964c-9184-475b-b398-b0b7dc190a48,SPLIT,1972,,0.0,0.0,,,INVALID_GEOMETRY,,UNKNOWN,Missing source and target geometry observations.
961aedd4-ca30-4512-bc2e-3d038cbd3490,SPLIT,1973,,0.0,0.0,,,INVALID_GEOMETRY,,UNKNOWN,Missing source and target geometry observations.
fac7263d-3634-4124-80ab-47d5b6c97795,SPLIT,1989,,0.0,0.0,,,INVALID_GEOMETRY,,UNKNOWN,Missing source and target geometry observations.
832e688b-7207-4f56-851b-c12e1faee6c8,SPLIT,1983,,0.0,0.0,,,INVALID_GEOMETRY,,UNKNOWN,Missing source and target geometry observations.
099a3a41-8311-4035-ab39-ba8031b0a7c6,SPLIT,1983,,0.0,0.0,,,INVALID_GEOMETRY,,UNKNOWN,Missing source and target geometry observations.
f922f19a-7e0a-4c4a-8c36-b0d3d0506bd2,SPLIT,1985,,0.0,0.0,,,INVALID_GEOMETRY,,UNKNOWN,Missing source and target geometry observations.
59c0ebfd-dd48-425f-987a-70f6448ba177,SPLIT,1989,,0.0,0.0,,,INVALID_GEOMETRY,,UNKNOWN,Missing source and target geometry observations.
9bfef0fe-5e0c-4750-a9f0-a15879e2deee,SPLIT,1981,,0.0,0.0,,,INVALID_GEOMETRY,,UNKNOWN,Missing source and target geometry observations.
f38d5351-9b5f-4edf-8ef1-e20c727106fe,SPLIT,1989,,0.0,0.0,,,INVALID_GEOMETRY,,UNKNOWN,Missing source and target geometry observations.
9287d9ee-15d5-4dfd-866f-5ac2828fb586,SPLIT,1983,,0.0,0.0,,,INVALID_GEOMETRY,,UNKNOWN,Missing source and target geometry observations.
e43fe736-27da-49bf-b5ed-d20e81da6269,SPLIT,1983,,0.0,0.0,,,INVALID_GEOMETRY,,UNKNOWN,Missing source and target geometry observations.
47f490b7-edfe-47e3-b79a-a88564962c03,SPLIT,1986,,0.0,0.0,,,INVALID_GEOMETRY,,UNKNOWN,Missing source and target geometry observations.
4f37734f-4cbb-48a6-bc49-967847dab68b,SPLIT,1982,,0.0,0.0,,,INVALID_GEOMETRY,,UNKNOWN,Missing source and target geometry observations.
631f8b7f-7fb9-444d-a56b-2ad7203af8f2,SPLIT,1981,,0.0,0.0,,,INVALID_GEOMETRY,,UNKNOWN,Missing source and target geometry observations.
abecba6f-00df-4c8c-a91b-44a1c1fe50ca,SPLIT,1982,,0.0,0.0,,,INVALID_GEOMETRY,,UNKNOWN,Missing source and target geometry observations.
61edfa13-4c15-4925-b948-8dfb1d99c303,SPLIT,1982,,0.0,0.0,,,INVALID_GEOMETRY,,UNKNOWN,Missing source and target geometry observations.
0a2928b3-9b6b-450a-b9c3-b71472e1d830,SPLIT,1982,,0.0,0.0,,,INVALID_GEOMETRY,,UNKNOWN,Missing source and target geometry observations.
6684730f-5a4b-4183-9a71-823df83c2482,SPLIT,1986,,0.0,0.0,,,INVALID_GEOMETRY,,UNKNOWN,Missing source and target geometry observations.
f65a94f4-f9ff-4124-816b-378490787252,SPLIT,1986,,0.0,0.0,,,INVALID_GEOMETRY,,UNKNOWN,Missing source and target geometry observations.
7ab73c7b-e13d-447f-83ac-e636e6fb8280,SPLIT,1989,,0.0,0.0,,,INVALID_GEOMETRY,,UNKNOWN,Missing source and target geometry observations.
12285a8c-16ad-4415-85d5-0f66c139cea5,SPLIT,1994,,0.0,0.0,,,INVALID_GEOMETRY,,UNKNOWN,Missing source and target geometry observations.
2e3d0a9e-8906-4d34-8624-e98bc4df0ef1,SPLIT,1994,,0.0,0.0,,,INVALID_GEOMETRY,,UNKNOWN,Missing source and target geometry observations.
33027270-400d-43bf-a372-d34b8087b111,SPLIT,1991,,0.0,0.0,,,INVALID_GEOMETRY,,UNKNOWN,Missing source and target geometry observations.
88262dd2-e0f7-4058-93d2-e05979f73e08,SPLIT,1991,,0.0,0.0,,,INVALID_GEOMETRY,,UNKNOWN,Missing source and target geometry observations.
f3bf8f76-3f54-48ba-9dff-5bf82227de3c,SPLIT,1994,,0.0,0.0,,,INVALID_GEOMETRY,,UNKNOWN,Missing source and target geometry observations.
605ae0dd-d11b-46a3-a2b2-36210d282eac,SPLIT,1998,,0.0,0.0,,,INVALID_GEOMETRY,,UNKNOWN,Missing source and target geometry observations.
db56cd8b-6c9e-40a4-a754-febc35b1c262,SPLIT,1998,,0.0,0.0,,,INVALID_GEOMETRY,,UNKNOWN,Missing source and target geometry observations.
4365457f-d963-4f6c-8632-d271f625ea42,SPLIT,1997,,0.0,0.0,,,INVALID_GEOMETRY,,UNKNOWN,Missing source and target geometry observations.
8637da1c-cd35-491a-af53-37aedcd97709,SPLIT,1997,,0.0,0.0,,,INVALID_GEOMETRY,,UNKNOWN,Missing source and target geometry observations.
868140fa-a374-4835-a9cc-2fe91022eb38,SPLIT,1997,,0.0,0.0,,,INVALID_GEOMETRY,,UNKNOWN,Missing source and target geometry observations.
16063ddc-5dd0-4d33-b3a4-d92eb8dbe0cd,SPLIT,1982,,0.0,0.0,,,INVALID_GEOMETRY,,UNKNOWN,Missing source and target geometry observations.
ffb25d8a-ca3b-4c19-acd5-74c8117557df,SPLIT,1982,,0.0,0.0,,,INVALID_GEOMETRY,,UNKNOWN,Missing source and target geometry observations.
f877e647-7707-4cc0-ae30-38bf9fa7c5a5,SPLIT,1998,,0.0,0.0,,,INVALID_GEOMETRY,,UNKNOWN,Missing source and target geometry observations.
d1f6110e-47f0-4e6b-ac3c-a6c032b4cca5,SPLIT,1998,,0.0,0.0,,,INVALID_GEOMETRY,,UNKNOWN,Missing source and target geometry observations.
5ae48b86-8485-41eb-a35d-eae42ac300b2,SPLIT,1994,,0.0,0.0,,,INVALID_GEOMETRY,,UNKNOWN,Missing source and target geometry observations.
d137f9b2-a871-447c-8a0d-43bb9927413b,SPLIT,1995,,0.0,0.0,,,INVALID_GEOMETRY,,UNKNOWN,Missing source and target geometry observations.
17278792-3f54-45d4-95e6-230db2785972,SPLIT,1992,,0.0,0.0,,,INVALID_GEOMETRY,,UNKNOWN,Missing source and target geometry observations.
b449492f-e958-4576-8adc-21044c40c0dc,SPLIT,1997,,0.0,0.0,,,INVALID_GEOMETRY,,UNKNOWN,Missing source and target geometry observations.
abf25537-52de-429c-a8cb-1e2300c19e5c,SPLIT,1995,,0.0,0.0,,,INVALID_GEOMETRY,,UNKNOWN,Missing source and target geometry observations.
ee3cea57-3910-48b9-a09a-38e2e91dda8c,SPLIT,1995,,0.0,0.0,,,INVALID_GEOMETRY,,UNKNOWN,Missing source and target geometry observations.
2d327de0-67c0-42a8-b5b5-781c76831639,SPLIT,1997,,0.0,0.0,,,INVALID_GEOMETRY,,UNKNOWN,Missing source and target geometry observations.
67d80f13-1647-4ee9-84ac-ca0f16ee864e,SPLIT,1997,,0.0,0.0,,,INVALID_GEOMETRY,,UNKNOWN,Missing source and target geometry observations.
33be14e9-fc2f-4486-8008-32e153b16761,SPLIT,1997,,0.0,0.0,,,INVALID_GEOMETRY,,UNKNOWN,Missing source and target geometry observations.
a1ff70c7-ca4d-4d47-98a4-18743a7350ba,SPLIT,2001,,0.0,0.0,,,INVALID_GEOMETRY,,UNKNOWN,Missing source and target geometry observations.
cc78c592-1cf5-4815-81bd-757127bd8abf,SPLIT,2006,,0.0,0.0,,,INVALID_GEOMETRY,,UNKNOWN,Missing source and target geometry observations.
9b96f0c9-7acd-4f48-8af1-59c58bdcb50f,SPLIT,2007,,0.0,0.0,,,INVALID_GEOMETRY,,UNKNOWN,Missing source and target geometry observations.
9d04dcbc-0988-4aa1-97ef-29607e0ba335,SPLIT,2003,,0.0,0.0,,,INVALID_GEOMETRY,,UNKNOWN,Missing source and target geometry observations.
a5ab1912-76c2-450f-8404-d3e52cc9bacc,SPLIT,2003,,0.0,0.0,,,INVALID_GEOMETRY,,UNKNOWN,Missing source and target geometry observations.
01c15e1c-06f7-4669-bba3-c4d9cd16f90f,SPLIT,2008,,0.0,0.0,,,INVALID_GEOMETRY,,UNKNOWN,Missing source and target geometry observations.
3a2e6f51-fa77-488f-9890-9f770eb52793,SPLIT,2015,,0.0,0.0,,,INVALID_GEOMETRY,,UNKNOWN,Missing source and target geometry observations.
3ff3c8ef-7e22-47cc-990d-8df660e58821,SPLIT,2020,,0.0,0.0,,,INVALID_GEOMETRY,,UNKNOWN,Missing source and target geometry observations.
07c6c190-c97b-4720-bdf9-c1c3fed2965e,SPLIT,2012,,0.0,0.0,,,INVALID_GEOMETRY,,UNKNOWN,Missing source and target geometry observations.
3cd06bff-7efe-4ce4-9cbc-2d23c7752771,SPLIT,2011,,0.0,0.0,,,INVALID_GEOMETRY,,UNKNOWN,Missing source and target geometry observations.
ffe24948-ce5c-4c17-b760-a93a76f55282,SPLIT,2012,,0.0,0.0,,,INVALID_GEOMETRY,,UNKNOWN,Missing source and target geometry observations.
b82b944c-821a-4982-89cb-1c27421a95bf,SPLIT,2012,,0.0,0.0,,,INVALID_GEOMETRY,,UNKNOWN,Missing source and target geometry observations.
e861228e-b890-4912-a330-f7fb299a4227,SPLIT,2012,,0.0,0.0,,,INVALID_GEOMETRY,,UNKNOWN,Missing source and target geometry observations.
e75c01a8-e9a1-47d1-99f6-ebc67d59d031,SPLIT,2013,,0.0,0.0,,,INVALID_GEOMETRY,,UNKNOWN,Missing source and target geometry observations.
c8755bfb-91b9-49a9-ad61-ef4009fc9f10,SPLIT,2016,,0.0,0.0,,,INVALID_GEOMETRY,,UNKNOWN,Missing source and target geometry observations.
981427d0-6f93-43c5-9c7c-2f587afb0a70,SPLIT,2021,,0.0,0.0,,,INVALID_GEOMETRY,,UNKNOWN,Missing source and target geometry observations.
4c6e8731-6a51-4592-b6fa-a9ae94538d6f,SPLIT,2016,,0.0,0.0,,,INVALID_GEOMETRY,,UNKNOWN,Missing source and target geometry observations.
fe522fbc-33c7-4eaf-ad36-42a3c64e442f,SPLIT,2016,,0.0,0.0,,,INVALID_GEOMETRY,,UNKNOWN,Missing source and target geometry observations.
93b1d8a8-2a0c-49f3-bc76-7d518a27da20,SPLIT,2016,,0.0,0.0,,,INVALID_GEOMETRY,,UNKNOWN,Missing source and target geometry observations.
f0541955-ef88-40cd-ab9a-7ae672600fad,SPLIT,2016,,0.0,0.0,,,INVALID_GEOMETRY,,UNKNOWN,Missing source and target geometry observations.
5bbec809-15c8-49eb-9c40-39c1b6f86bf9,SPLIT,2012,,0.0,0.0,,,INVALID_GEOMETRY,,UNKNOWN,Missing source and target geometry observations.
a386376f-7d42-4d79-8401-10d2431a0018,SPLIT,2021,,0.0,0.0,,,INVALID_GEOMETRY,,UNKNOWN,Missing source and target geometry observations.
f44a91fa-d296-4eaf-9df6-b8e9e47d4102,SPLIT,2021,,0.0,0.0,,,INVALID_GEOMETRY,,UNKNOWN,Missing source and target geometry observations.
731de343-f8f8-4fa3-9ae5-60d92e01d3d7,SPLIT,2021,,0.0,0.0,,,INVALID_GEOMETRY,,UNKNOWN,Missing source and target geometry observations.
3cc208cb-e64b-4159-bc9e-fc3c502848ef,SPLIT,2019,,0.0,0.0,,,INVALID_GEOMETRY,,UNKNOWN,Missing source and target geometry observations.
69a8830c-fb01-4272-af19-84515e329959,SPLIT,2016,,0.0,0.0,,,INVALID_GEOMETRY,,UNKNOWN,Missing source and target geometry observations.
41a91c34-32c5-4eec-a17c-ae3a6a4c7449,SPLIT,2012,,0.0,0.0,,,INVALID_GEOMETRY,,UNKNOWN,Missing source and target geometry observations.
6a7993b4-eace-47e2-8ea6-66b014cc0b09,SPLIT,2012,,0.0,0.0,,,INVALID_GEOMETRY,,UNKNOWN,Missing source and target geometry observations.
5d1e0ec0-6c8d-4872-a956-613795d87b74,SPLIT,2012,,0.0,0.0,,,INVALID_GEOMETRY,,UNKNOWN,Missing source and target geometry observations.
7f0b0df5-ce24-4bb0-a411-b451b835d714,SPLIT,2014,,0.0,0.0,,,INVALID_GEOMETRY,,UNKNOWN,Missing source and target geometry observations.
4ca5a8a5-e96e-41a0-a4ca-489d69c3c343,SPLIT,2017,,0.0,0.0,,,INVALID_GEOMETRY,,UNKNOWN,Missing source and target geometry observations.
762e7b97-5ff6-41b8-910d-da342b4c0ee0,SPLIT,2016,,0.0,0.0,,,INVALID_GEOMETRY,,UNKNOWN,Missing source and target geometry observations.
40109f59-04aa-44b8-bf90-3fbb5d85c5fb,SPLIT,2016,,0.0,0.0,,,INVALID_GEOMETRY,,UNKNOWN,Missing source and target geometry observations.
1426f5bc-9d52-42a6-aeb3-f1ffa13b100f,SPLIT,2022,,0.0,0.0,,,INVALID_GEOMETRY,,UNKNOWN,Missing source and target geometry observations.
dee85d98-7b49-497d-ad99-199b2181c767,SPLIT,2022,,0.0,0.0,,,INVALID_GEOMETRY,,UNKNOWN,Missing source and target geometry observations.
12d861b9-5914-4177-bb5c-5da08935d364,SPLIT,2022,,0.0,0.0,,,INVALID_GEOMETRY,,UNKNOWN,Missing source and target geometry observations.
109e157f-9741-43b3-9fd4-86f978124e85,SPLIT,2022,,0.0,0.0,,,INVALID_GEOMETRY,,UNKNOWN,Missing source and target geometry observations.
b6533711-237f-4fdd-8c9c-f2ff1e65057e,SPLIT,2023,,0.0,0.0,,,INVALID_GEOMETRY,,UNKNOWN,Missing source and target geometry observations.
df083c5d-d57d-4811-9f90-acd90c06ac65,SPLIT,2023,,0.0,0.0,,,INVALID_GEOMETRY,,UNKNOWN,Missing source and target geometry observations.
590c8002-573f-4281-83aa-c70fa50b5532,SPLIT,2022,,0.0,0.0,,,INVALID_GEOMETRY,,UNKNOWN,Missing source and target geometry observations.
a4bcd8a6-1b6c-45d9-9aaa-8031bef5c841,RENAME,1971,,,,,,INVALID_GEOMETRY,NON_SPATIAL,UNKNOWN,RENAME events are nominal identity changes without spatial transfers.
2819a0c8-bbfa-4328-a7cf-7e538e249d31,NEW_DISTRICT,1980,13408.958841883028,0.0,,,,UNKNOWN,UNMEASURED,CARVE_OUT,VALID
f5f3cd29-f163-49a0-9705-b5f70d166c94,NEW_DISTRICT,1983,3655.9736335853536,0.0,,,,EXTREME_OVERLAP,MEASURED,CARVE_OUT,VALID
c019f07e-4a2b-448a-a935-9d9279d7c3b0,NEW_DISTRICT,1989,1988.9759990736204,0.0,,,,NO_OVERLAP,,CARVE_OUT,VALID
0eaa62db-9625-4a1b-b917-2ca77df089a7,NEW_DISTRICT,1989,4076.6528671445417,0.0,,,,EXTREME_OVERLAP,MEASURED,CARVE_OUT,VALID
d756fde2-21fa-4436-8fcb-f4b61389efc9,NEW_DISTRICT,1972,8702.390506157917,0.0,260.2859443385926,8442.104561819324,3242.0122096245677,EXTREME_OVERLAP,MEASURED,CARVE_OUT,VALID
e7c08184-c912-49b1-8015-4d1f0f60c311,NEW_DISTRICT,1973,6902.697169128855,0.0,225.13815127956195,6677.559017849293,1809.8623644447157,EXTREME_OVERLAP,MEASURED,CARVE_OUT,VALID
a4107320-26bb-47ec-a37a-e63c0e1ab741,NEW_DISTRICT,1986,6555.03320593457,0.0,155.69740938801064,6399.335796546559,1406.518705128365,EXTREME_OVERLAP,MEASURED,CARVE_OUT,VALID
35f40788-783c-4a17-ae33-5890221118e1,NEW_DISTRICT,1991,7225.164621925851,0.0,415.3489505046433,6809.815671421207,2928.5196483384825,EXTREME_OVERLAP,MEASURED,CARVE_OUT,VALID
8ab735d6-444c-4f2f-baf7-7d718e56781c,NEW_DISTRICT,2012,10561.576512388689,0.0,781.259693863975,9780.316818524714,4233.9475037281245,EXTREME_OVERLAP,MEASURED,CARVE_OUT,VALID
078f48f0-e028-4080-9a5c-c8f2c1f08481,NEW_DISTRICT,1997,5178.429151035631,0.0,695.0531529791084,4483.375998056522,1515.2769391673237,EXTREME_OVERLAP,MEASURED,CARVE_OUT,VALID
b622248f-a38e-4a95-858b-639b4cb21f98,NEW_DISTRICT,1972,14448.868217361625,0.0,977.9025513835239,13470.965665978101,2507.371150549651,EXTREME_OVERLAP,MEASURED,CARVE_OUT,VALID
5f47b35e-97e5-4e12-898b-3c3c1ceff2a7,NEW_DISTRICT,1989,4148.212516417549,0.0,439.44277257530075,3708.769743842248,1272.0023469929986,EXTREME_OVERLAP,MEASURED,CARVE_OUT,VALID
d10f9dae-e7dc-49e9-862f-b9cbe22f472f,NEW_DISTRICT,2006,4742.946953088398,0.0,13.201430082284018,4729.745523006114,27.846714526283662,MINOR_OVERLAP,MEASURED,CARVE_OUT,VALID
ba3fe8d5-0dee-48d6-a023-0751ef3123f4,NEW_DISTRICT,2006,11864.261557729396,0.0,2217.0230336457257,9647.23852408367,5322.497421938049,EXTREME_OVERLAP,MEASURED,CARVE_OUT,VALID
610539a6-a5df-47dc-9b7c-e65b7e1dc653,NEW_DISTRICT,1972,18038.617920050838,0.0,525.6095754853134,17513.008344565525,6353.376086941312,EXTREME_OVERLAP,MEASURED,CARVE_OUT,VALID
341c7196-ae0c-473b-803a-3277247790d8,NEW_DISTRICT,1981,,0.0,0.0,,,UNKNOWN,UNMEASURED,CARVE_OUT,VALID
70f2d426-0ff9-4784-9078-877f593ff147,NEW_DISTRICT,2001,5593.344178329527,0.0,107.61446008235077,5485.729718247176,1693.4784355158458,EXTREME_OVERLAP,MEASURED,CARVE_OUT,VALID
4f95b1a1-9e31-433e-9f1c-2ba314fc798f,NEW_DISTRICT,2001,8676.439506350998,0.0,440.6148270507038,8235.824679300295,3678.738569808561,EXTREME_OVERLAP,MEASURED,CARVE_OUT,VALID
865641ce-a103-4bcb-acb7-e73614f0f3f1,NEW_DISTRICT,1997,13721.858592257608,0.0,1267.5911267884503,12454.267465469158,3544.4135502589024,EXTREME_OVERLAP,MEASURED,CARVE_OUT,VALID
ff8d634d-5ef5-497a-89d6-f963ea32a9aa,NEW_DISTRICT,2009,16230.803378630126,0.0,1259.9109160820485,14970.892462548078,,UNKNOWN,UNMEASURED,CARVE_OUT,VALID
ba4fff59-5c35-4b6f-a102-826b432523e9,NEW_DISTRICT,1998,14039.843444701533,0.0,793.1004345772661,13246.743010124268,3790.854792633033,EXTREME_OVERLAP,MEASURED,CARVE_OUT,VALID
7c1e7b6f-d554-48b5-9dd5-83ef26cd75e9,NEW_DISTRICT,1982,14358.787551859918,0.0,1626.5427444507366,12732.24480740918,5044.515457171914,EXTREME_OVERLAP,MEASURED,CARVE_OUT,VALID
6e7e8fc4-120d-4f03-862e-64e13401a066,NEW_DISTRICT,1999,9364.941744834514,0.0,960.2757255351148,8404.666019299399,4250.156142069716,EXTREME_OVERLAP,MEASURED,CARVE_OUT,VALID
d194478d-a3bf-4a67-8369-988c5933a16e,NEW_DISTRICT,1999,10913.548958105644,0.0,1107.4548756722043,9806.09408243344,3511.769168119623,EXTREME_OVERLAP,MEASURED,CARVE_OUT,VALID
8b8e7360-279a-4771-aeaa-38c446f03183,NEW_DISTRICT,2014,9553.88511364411,0.0,1603.4655366393445,7950.419577004765,3506.8472161504233,EXTREME_OVERLAP,MEASURED,CARVE_OUT,VALID
38edb2c5-1c61-48b5-9b74-b4a1f712f5bb,NEW_DISTRICT,2016,638.1524112322946,0.0,,,,EXTREME_OVERLAP,MEASURED,CARVE_OUT,VALID
a3d1d4a9-2e38-4b21-aab0-b794e42138a6,NEW_DISTRICT,2016,4484.602857347068,0.0,,,,EXTREME_OVERLAP,MEASURED,CARVE_OUT,VALID
ed577464-89ae-4054-91db-cf48bf745fa8,NEW_DISTRICT,1992,,0.0,0.0,,,INVALID_GEOMETRY,,CARVE_OUT,Missing source geometry observation.
a65e59fc-b035-48a5-84c3-fe138980b7e5,NEW_DISTRICT,1998,12668.614066431102,0.0,,,,EXTREME_OVERLAP,MEASURED,CARVE_OUT,VALID
4876e23d-1940-4b06-83f9-f72b199772cf,NEW_DISTRICT,1973,4162.630923380044,0.0,,,,EXTREME_OVERLAP,MEASURED,CARVE_OUT,VALID
07e4cab3-7f35-471e-b3cc-b070ae8f90eb,NEW_DISTRICT,1993,11200.06889810001,0.0,340.96282936607327,10859.106068733936,2765.645041911969,EXTREME_OVERLAP,MEASURED,CARVE_OUT,VALID
a533239c-5153-497d-b3dc-e885053d706f,NEW_DISTRICT,1993,10898.219863729146,0.0,159.14532754766225,10739.074536181484,2330.637932053906,EXTREME_OVERLAP,MEASURED,CARVE_OUT,VALID
d97261f7-b39f-4704-a5bc-2171af2f47ed,NEW_DISTRICT,1993,10438.302738207261,0.0,380.0586874829535,10058.244050724308,3665.9946559763503,EXTREME_OVERLAP,MEASURED,CARVE_OUT,VALID
48c75aed-2adf-488d-b86d-bb5d1c6562aa,NEW_DISTRICT,1993,8742.81853255147,0.0,270.24708826129,8472.571444290179,2045.9023597653174,EXTREME_OVERLAP,MEASURED,CARVE_OUT,VALID
b156d368-4bd3-4e95-8599-bbdd40f7781d,NEW_DISTRICT,1993,6302.237168674421,0.0,0.0,6302.237168674421,,UNKNOWN,UNMEASURED,CARVE_OUT,VALID
21407708-04a3-47af-bd63-1262b915b356,NEW_DISTRICT,1994,17378.071734007997,0.0,246.36193675080744,17131.70979725719,1904.8582488336285,EXTREME_OVERLAP,MEASURED,CARVE_OUT,VALID
b2553a04-c3c5-416b-a3c0-8ca1280540fd,NEW_DISTRICT,1966,4148.213579618688,0.0,0.005341857676574146,4148.208237761011,0.014515482466380462,NO_OVERLAP,MEASURED,CARVE_OUT,VALID
58e531dd-043a-4475-85fd-1cdf2d3e30fa,NEW_DISTRICT,1982,8114.9813748781935,0.0,733.6728628523641,7381.308512025829,2313.030265964988,EXTREME_OVERLAP,MEASURED,CARVE_OUT,VALID
32ab8eb4-23a3-451e-ac2a-a1007a2586c9,NEW_DISTRICT,1973,7090.027624325411,0.0,41.75071836205267,7048.276905963358,1113.2507024457168,EXTREME_OVERLAP,MEASURED,CARVE_OUT,VALID
441a2429-56eb-4d02-ac5d-e8221f98dfc1,NEW_DISTRICT,1985,12648.634772287765,0.0,0.0,,,UNKNOWN,UNMEASURED,CARVE_OUT,VALID
70ba7e6e-60c3-4e04-b4ec-2a572bddda68,NEW_DISTRICT,2004,9583.818078748158,0.0,1076.361010839876,8507.457067908283,3929.2021486622543,EXTREME_OVERLAP,MEASURED,CARVE_OUT,VALID
4000c70f-38fc-40d1-83e0-4e13fd907c9a,NEW_DISTRICT,1978,7761.908860119769,0.0,1579.4685187307314,6182.440341389038,5695.482115149385,EXTREME_OVERLAP,MEASURED,CARVE_OUT,VALID
363e2cec-7bd7-4869-b898-8f486e2cf899,NEW_DISTRICT,2016,,0.0,0.0,,,INVALID_GEOMETRY,,CARVE_OUT,Missing source geometry observation.
d47b69fa-c7ab-4c53-9763-6f69b6203766,NEW_DISTRICT,2016,,0.0,0.0,,,INVALID_GEOMETRY,,CARVE_OUT,Missing source geometry observation.
7bd64fd6-e3ea-4b01-a0bd-5b6647973e4b,NEW_DISTRICT,1974,10063.1645196411,0.0,1110.4384314698177,8952.726088171281,3925.7229994765007,EXTREME_OVERLAP,MEASURED,CARVE_OUT,VALID
b2b7eb9a-cb0a-4534-a366-b5d18f6d5bf1,NEW_DISTRICT,1994,5061.339481773637,0.0,143.42654185128066,4917.912939922357,835.2186289887118,EXTREME_OVERLAP,MEASURED,CARVE_OUT,VALID
a6b5d506-1f60-477e-af22-56455b003d62,NEW_DISTRICT,1995,5036.48156019621,0.0,0.0,5036.48156019621,,UNKNOWN,UNMEASURED,CARVE_OUT,VALID
8fc581ca-60c5-4d64-a2ec-16ebcf916582,NEW_DISTRICT,1997,3933.4866543045064,0.0,339.0668306729237,3594.419823631583,996.9096360011044,EXTREME_OVERLAP,MEASURED,CARVE_OUT,VALID
24d85574-dd75-4326-b84a-57c3f61deca0,NEW_DISTRICT,1960,13998.047041010894,0.0,1347.6823148771164,12650.364726133777,5547.814651189134,EXTREME_OVERLAP,MEASURED,CARVE_OUT,VALID
773c2ceb-c3f0-4fb4-a54f-cf0840b2f9bc,SPLIT,1957,,0.0,0.0,,,INVALID_GEOMETRY,,CARVE_OUT,Missing source geometry observation.
311ce791-7592-4240-97bd-800a009c234d,SPLIT,1958,7415.923673119696,0.0,406.40372641511044,7009.519946704586,1275.5185731353367,EXTREME_OVERLAP,MEASURED,CARVE_OUT,VALID
53b84933-4c83-4ef4-b896-448c5e73e81e,SPLIT,1956,,0.0,0.0,,,UNKNOWN,UNMEASURED,CLEAN_SPLIT,VALID
e1b94570-8f69-48d3-b078-53ed9bb49591,SPLIT,1956,,0.0,0.0,,,UNKNOWN,UNMEASURED,CLEAN_SPLIT,VALID
9c7d1ac2-ad98-44df-9953-5332e9684b39,SPLIT,1980,13408.958841883028,0.0,,,,UNKNOWN,UNMEASURED,CLEAN_SPLIT,VALID
1da26724-b6e7-4257-be1b-2d960a553e8f,SPLIT,1974,5459.080902710379,0.0,,,,EXTREME_OVERLAP,MEASURED,CLEAN_SPLIT,VALID
db065b56-4284-4aad-b6e7-1d8d3f92535d,SPLIT,1974,9703.000183210383,0.0,283.9689558257548,9419.031227384628,1171.5166967150176,EXTREME_OVERLAP,MEASURED,CARVE_OUT,VALID
439f0ac2-23fc-412d-94f9-f4cf19ac981f,SPLIT,1987,3646.8273636421522,0.0,0.0,,,UNKNOWN,UNMEASURED,CLEAN_SPLIT,VALID
95315bf8-5efa-4480-abc0-50af95899de4,SPLIT,1983,,0.0,0.0,,,UNKNOWN,UNMEASURED,CLEAN_SPLIT,VALID
ee738b4e-26b6-4cff-86ea-d7a0f02e69aa,SPLIT,1983,,0.0,0.0,,,UNKNOWN,UNMEASURED,CLEAN_SPLIT,VALID
f44e14c5-a560-4fee-b739-33000d498714,SPLIT,1997,1467.8300703301863,0.0,3.8233506461682842,1464.006719684018,11.20344637040944,MINOR_OVERLAP,MEASURED,CLEAN_SPLIT,VALID
aad118f7-ca91-417e-9f09-08d5c5674b6e,SPLIT,1998,3951.591252332833,0.0,,,,EXTREME_OVERLAP,MEASURED,CLEAN_SPLIT,VALID
c7d2cdd3-4479-4984-8c2e-ab4109cce4e1,SPLIT,1995,10927.182968699864,0.0,609.1677765740858,10318.015192125778,2265.434071210162,EXTREME_OVERLAP,MEASURED,CLEAN_SPLIT,VALID
f9151ee7-b3d6-4d50-8306-0c9830e30309,SPLIT,1995,10927.182968699864,0.0,344.13956781192564,10583.043400887938,1386.0451501875689,EXTREME_OVERLAP,MEASURED,CLEAN_SPLIT,VALID
05aab76a-c10e-49bb-a1ce-d80e199a29b2,SPLIT,2007,,0.0,0.0,,,UNKNOWN,UNMEASURED,CLEAN_SPLIT,VALID
e3a0b693-d136-4e76-bfa4-b534f5f06aef,SPLIT,2013,10599.132815978572,0.0,460.09305075553186,10139.03976522304,837.2811030192282,EXTREME_OVERLAP,MEASURED,CARVE_OUT,VALID
4119216f-002e-4eb8-a300-398097694a10,SPLIT,2016,12801.523008191938,0.0,562.7190178005856,12238.803990391352,2475.357791054753,EXTREME_OVERLAP,MEASURED,CARVE_OUT,VALID
dec58c27-be67-4078-8b91-2065202b9b50,SPLIT,2019,21957.440193999504,0.0,554.3986641218114,21403.041529877693,2515.9278380668347,EXTREME_OVERLAP,MEASURED,CARVE_OUT,VALID
57fb5dca-0043-4974-8a74-fbff467fe4e0,NEW_DISTRICT,2022,,0.0,0.0,,,INVALID_GEOMETRY,,UNKNOWN,Missing source and target geometry observations.
f3c1b6c2-fe73-400e-b5f6-072ccf453676,NEW_DISTRICT,1954,,0.0,0.0,,,INVALID_GEOMETRY,,UNKNOWN,Missing source and target geometry observations.
30040bb8-5804-4d28-8bfc-3823ab330fe4,NEW_DISTRICT,2018,,0.0,0.0,,,INVALID_GEOMETRY,,UNKNOWN,Missing source and target geometry observations.
b5e24260-e276-47cd-97a1-b2ab3b78fb89,NEW_DISTRICT,2020,,0.0,0.0,,,INVALID_GEOMETRY,,UNKNOWN,Missing source and target geometry observations.
e95dbc28-cd15-41a2-9492-d73dc360eea5,NEW_DISTRICT,2020,,0.0,0.0,,,INVALID_GEOMETRY,,UNKNOWN,Missing source and target geometry observations.
e8340ea6-4d15-4db2-a94f-29beec9455ea,NEW_DISTRICT,1961,,0.0,0.0,,,INVALID_GEOMETRY,,UNKNOWN,Missing source and target geometry observations.
f9bf7907-a78d-40cd-8ef6-c259c8adf081,NEW_DISTRICT,2021,,0.0,0.0,,,INVALID_GEOMETRY,,UNKNOWN,Missing source and target geometry observations.
a74622c7-199b-4771-b150-4009791ee4d3,NEW_DISTRICT,2021,,0.0,0.0,,,INVALID_GEOMETRY,,UNKNOWN,Missing source and target geometry observations.
20654473-f8fd-4cac-8d7d-dbfa672fc712,NEW_DISTRICT,1989,,0.0,0.0,,,INVALID_GEOMETRY,,UNKNOWN,Missing source and target geometry observations.
8876f483-0ba1-4e6f-8eab-d7c429d1c2d5,NEW_DISTRICT,2019,,0.0,0.0,,,INVALID_GEOMETRY,,UNKNOWN,Missing source and target geometry observations.
fa27f429-c320-4184-8bf1-0150411362ed,NEW_DISTRICT,1978,,0.0,0.0,,,INVALID_GEOMETRY,,UNKNOWN,Missing source and target geometry observations.
5937f02d-3408-4008-86a1-dfc073deaa79,NEW_DISTRICT,2011,,0.0,0.0,,,INVALID_GEOMETRY,,UNKNOWN,Missing source and target geometry observations.
151bed2e-2591-40a8-b249-561c7383bb93,RENAME,1971,,,,,,INVALID_GEOMETRY,NON_SPATIAL,UNKNOWN,RENAME events are nominal identity changes without spatial transfers.
a0981562-6ea9-46e8-9789-bd3a2cb24d54,RENAME,1951,,,,,,INVALID_GEOMETRY,NON_SPATIAL,UNKNOWN,RENAME events are nominal identity changes without spatial transfers.
4525acb4-ace5-4501-9916-f70405f0331f,RENAME,2011,,,,,,INVALID_GEOMETRY,NON_SPATIAL,UNKNOWN,RENAME events are nominal identity changes without spatial transfers.
3b0b94c8-9b98-460c-9318-311ed21ccef0,RENAME,1991,,,,,,INVALID_GEOMETRY,NON_SPATIAL,UNKNOWN,RENAME events are nominal identity changes without spatial transfers.
c2167ff1-ea53-429d-94f1-aed98fb1eb78,RENAME,2011,,,,,,INVALID_GEOMETRY,NON_SPATIAL,UNKNOWN,RENAME events are nominal identity changes without spatial transfers.
b68e432d-3516-45c2-94b1-49c08f0c8188,RENAME,2011,,,,,,INVALID_GEOMETRY,NON_SPATIAL,UNKNOWN,RENAME events are nominal identity changes without spatial transfers.
dc611ecf-7175-4226-af71-6d583543f73a,RENAME,1961,,,,,,INVALID_GEOMETRY,NON_SPATIAL,UNKNOWN,RENAME events are nominal identity changes without spatial transfers.
908b8db9-97f0-494d-a325-29153c36d8d4,RENAME,2001,,,,,,INVALID_GEOMETRY,NON_SPATIAL,UNKNOWN,RENAME events are nominal identity changes without spatial transfers.
7783e4cf-3f2d-4c91-ace7-feeb6a0558f1,RENAME,1951,,,,,,INVALID_GEOMETRY,NON_SPATIAL,UNKNOWN,RENAME events are nominal identity changes without spatial transfers.
46e224f0-11c9-477c-abc2-22bbd4b26529,RENAME,2001,,,,,,INVALID_GEOMETRY,NON_SPATIAL,UNKNOWN,RENAME events are nominal identity changes without spatial transfers.
c62f0269-2129-44b0-98c9-63dba213d276,RENAME,2011,,,,,,INVALID_GEOMETRY,NON_SPATIAL,UNKNOWN,RENAME events are nominal identity changes without spatial transfers.
8f6d6303-2457-4fd3-8c9e-d11cd3e63055,RENAME,1961,,,,,,INVALID_GEOMETRY,NON_SPATIAL,UNKNOWN,RENAME events are nominal identity changes without spatial transfers.
f2a3205d-0eca-41b1-bdfd-efeb12539862,RENAME,1991,,,,,,INVALID_GEOMETRY,NON_SPATIAL,UNKNOWN,RENAME events are nominal identity changes without spatial transfers.
831ac432-a295-4bc4-a8c6-4f4b2758789b,RENAME,2001,,,,,,INVALID_GEOMETRY,NON_SPATIAL,UNKNOWN,RENAME events are nominal identity changes without spatial transfers.
3ca7a802-7e23-478e-8866-73761b13a19e,RENAME,1971,,,,,,INVALID_GEOMETRY,NON_SPATIAL,UNKNOWN,RENAME events are nominal identity changes without spatial transfers.
7f6156b8-b4db-4ae8-a6f7-ea5072ae9aba,SPLIT,1954,,0.0,0.0,,,INVALID_GEOMETRY,,UNKNOWN,Missing source and target geometry observations.
abf2ecaf-7f6e-4b5e-bd9f-db043cbd855f,SPLIT,1956,,0.0,0.0,,,INVALID_GEOMETRY,,UNKNOWN,Missing source and target geometry observations.
833e6add-ea1c-48bc-b906-d174d897a487,SPLIT,1956,,0.0,0.0,,,INVALID_GEOMETRY,,UNKNOWN,Missing source and target geometry observations.
a5ea9ea8-d3f3-4686-9144-396c794b7b7e,SPLIT,1960,,0.0,0.0,,,INVALID_GEOMETRY,,UNKNOWN,Missing source and target geometry observations.
c378689d-2162-4cce-97e6-dcd4a3a6fa7c,SPLIT,1974,,0.0,0.0,,,INVALID_GEOMETRY,,UNKNOWN,Missing source and target geometry observations.
f24ed812-bf1c-4c13-bf14-ddbadebb543d,SPLIT,1974,,0.0,0.0,,,INVALID_GEOMETRY,,UNKNOWN,Missing source and target geometry observations.
79d9240e-a2c9-4d7e-a4ba-25e17dd66d02,SPLIT,1980,,0.0,0.0,,,INVALID_GEOMETRY,,UNKNOWN,Missing source and target geometry observations.
283ad4c4-6869-43a9-90c6-5507232ac01f,SPLIT,1976,,0.0,0.0,,,INVALID_GEOMETRY,,UNKNOWN,Missing source and target geometry observations.
268f6500-074a-4328-9750-e19b21ee4d31,SPLIT,1973,,0.0,0.0,,,INVALID_GEOMETRY,,UNKNOWN,Missing source and target geometry observations.
1c57d946-6ca3-4257-89c2-0292c0d09754,SPLIT,1973,,0.0,0.0,,,INVALID_GEOMETRY,,UNKNOWN,Missing source and target geometry observations.
00fd30f3-159b-4782-89b2-05a3f3e8e632,SPLIT,1973,,0.0,0.0,,,INVALID_GEOMETRY,,UNKNOWN,Missing source and target geometry observations.
658ed1fb-99c6-4600-af0e-bc9999d0b202,SPLIT,1972,,0.0,0.0,,,INVALID_GEOMETRY,,UNKNOWN,Missing source and target geometry observations.
258d7e9f-97e3-476a-89a4-d404018a54eb,SPLIT,1974,,0.0,0.0,,,INVALID_GEOMETRY,,UNKNOWN,Missing source and target geometry observations.
5ed46932-200a-4d2c-9844-1c04b3617d55,SPLIT,1978,,0.0,0.0,,,INVALID_GEOMETRY,,UNKNOWN,Missing source and target geometry observations.
a9d083aa-a3c8-4c69-81e5-5552b5fdc61d,SPLIT,1974,,0.0,0.0,,,INVALID_GEOMETRY,,UNKNOWN,Missing source and target geometry observations.
dda20865-01c6-415f-b9a1-128da714ada3,SPLIT,1983,,0.0,0.0,,,INVALID_GEOMETRY,,UNKNOWN,Missing source and target geometry observations.
9864f5e7-b76a-46f6-a648-13970484ed35,SPLIT,1983,,0.0,0.0,,,INVALID_GEOMETRY,,UNKNOWN,Missing source and target geometry observations.
69d695d1-8dde-4169-98f3-919e5b30964c,SPLIT,1987,,0.0,0.0,,,INVALID_GEOMETRY,,UNKNOWN,Missing source and target geometry observations.
a64606c2-425b-46ab-b582-012423033fe0,SPLIT,1983,,0.0,0.0,,,INVALID_GEOMETRY,,UNKNOWN,Missing source and target geometry observations.
33fbc7f7-3806-4431-a842-e802314180d9,SPLIT,1981,,0.0,0.0,,,INVALID_GEOMETRY,,UNKNOWN,Missing source and target geometry observations.
22a86e3d-8452-412d-9221-8947733fb9a3,SPLIT,1982,,0.0,0.0,,,INVALID_GEOMETRY,,UNKNOWN,Missing source and target geometry observations.
222062b7-12f1-4647-8c2e-8bb2235015af,SPLIT,1990,,0.0,0.0,,,INVALID_GEOMETRY,,UNKNOWN,Missing source and target geometry observations.
8ced1dfc-a08d-46ea-b03c-2fa46972dafd,SPLIT,1985,,0.0,0.0,,,INVALID_GEOMETRY,,UNKNOWN,Missing source and target geometry observations.
5687e441-0615-4e9f-b165-c08e75e4f320,SPLIT,1988,,0.0,0.0,,,INVALID_GEOMETRY,,UNKNOWN,Missing source and target geometry observations.
76567dba-bb1c-468d-81fe-aacac590a052,SPLIT,1992,,0.0,0.0,,,INVALID_GEOMETRY,,UNKNOWN,Missing source and target geometry observations.
f3593a63-89fe-4656-bf0b-bb5a1796152d,SPLIT,1992,,0.0,0.0,,,INVALID_GEOMETRY,,UNKNOWN,Missing source and target geometry observations.
7c6b0002-0bdd-4f32-9934-26d0490da6e5,SPLIT,1998,,0.0,0.0,,,INVALID_GEOMETRY,,UNKNOWN,Missing source and target geometry observations.
85a3c612-4551-4a10-82a3-0ed0bbc8810a,SPLIT,1998,,0.0,0.0,,,INVALID_GEOMETRY,,UNKNOWN,Missing source and target geometry observations.
38d23b27-17d2-4048-a6ae-008fda371be5,SPLIT,1998,,0.0,0.0,,,INVALID_GEOMETRY,,UNKNOWN,Missing source and target geometry observations.
d3bff707-d836-420b-aef0-6eef115861e5,SPLIT,1998,,0.0,0.0,,,INVALID_GEOMETRY,,UNKNOWN,Missing source and target geometry observations.
1f8ffebe-049e-45f2-a5c4-3fda2d4fe2d3,SPLIT,1997,,0.0,0.0,,,INVALID_GEOMETRY,,UNKNOWN,Missing source and target geometry observations.
5c7ecfa6-b175-4c68-976f-fd0a41c5a1d8,SPLIT,1995,,0.0,0.0,,,INVALID_GEOMETRY,,UNKNOWN,Missing source and target geometry observations.
d7ce07ae-e7c9-4457-b42d-d0a4182ef00c,SPLIT,1997,,0.0,0.0,,,INVALID_GEOMETRY,,UNKNOWN,Missing source and target geometry observations.
4107b688-d565-42e4-b638-a62774f62f3c,SPLIT,1994,,0.0,0.0,,,INVALID_GEOMETRY,,UNKNOWN,Missing source and target geometry observations.
d3243590-d339-4c0d-bf59-07c899b20e46,SPLIT,1997,,0.0,0.0,,,INVALID_GEOMETRY,,UNKNOWN,Missing source and target geometry observations.
a2faa7d4-0cdf-45cc-b410-4df034a7c7d4,SPLIT,1998,,0.0,0.0,,,INVALID_GEOMETRY,,UNKNOWN,Missing source and target geometry observations.
2913dab2-950c-495b-8d0f-9242b43acc2e,SPLIT,1998,,0.0,0.0,,,INVALID_GEOMETRY,,UNKNOWN,Missing source and target geometry observations.
326861d1-5f71-4d4f-89ba-e1b397b2cdf7,SPLIT,1998,,0.0,0.0,,,INVALID_GEOMETRY,,UNKNOWN,Missing source and target geometry observations.
9fd0970d-55a3-41aa-b700-38bec2f0b762,SPLIT,1998,,0.0,0.0,,,INVALID_GEOMETRY,,UNKNOWN,Missing source and target geometry observations.
3f320923-885b-4e80-9a70-12e880296373,SPLIT,1997,,0.0,0.0,,,INVALID_GEOMETRY,,UNKNOWN,Missing source and target geometry observations.
7641a3eb-36a3-4098-ae14-c9824328cc6e,SPLIT,1997,,0.0,0.0,,,INVALID_GEOMETRY,,UNKNOWN,Missing source and target geometry observations.
ecc49e0e-721f-4c02-97d6-2addd248151a,SPLIT,1992,,0.0,0.0,,,INVALID_GEOMETRY,,UNKNOWN,Missing source and target geometry observations.
6f9c003a-2146-4ea3-bd31-cebdfaad6558,SPLIT,1993,,0.0,0.0,,,INVALID_GEOMETRY,,UNKNOWN,Missing source and target geometry observations.
97f66d8f-3840-4866-812b-02e732ba62a7,SPLIT,1993,,0.0,0.0,,,INVALID_GEOMETRY,,UNKNOWN,Missing source and target geometry observations.
e22b21e0-e21f-4309-93c3-190ba3eb9bdc,SPLIT,1993,,0.0,0.0,,,INVALID_GEOMETRY,,UNKNOWN,Missing source and target geometry observations.
3a0566bc-d42b-4aae-b502-7a9805b57f1a,SPLIT,1994,,0.0,0.0,,,INVALID_GEOMETRY,,UNKNOWN,Missing source and target geometry observations.
3a267111-e36c-44de-b30e-8f2aa406ae27,SPLIT,1995,,0.0,0.0,,,INVALID_GEOMETRY,,UNKNOWN,Missing source and target geometry observations.
bc733457-62fc-4019-8184-19b25e745356,SPLIT,1991,,0.0,0.0,,,INVALID_GEOMETRY,,UNKNOWN,Missing source and target geometry observations.
f3e16ad1-b85b-46c8-a4e0-2466810a6d29,SPLIT,1997,,0.0,0.0,,,INVALID_GEOMETRY,,UNKNOWN,Missing source and target geometry observations.
8219aa6c-6d3b-43c9-9215-0defacfbd06e,SPLIT,1997,,0.0,0.0,,,INVALID_GEOMETRY,,UNKNOWN,Missing source and target geometry observations.
a29a2c5b-5db0-4088-a8c5-ac5b6a911fea,SPLIT,1998,,0.0,0.0,,,INVALID_GEOMETRY,,UNKNOWN,Missing source and target geometry observations.
6749aed8-1ae9-4e14-ab14-7c3d4d0debc6,SPLIT,1997,,0.0,0.0,,,INVALID_GEOMETRY,,UNKNOWN,Missing source and target geometry observations.
33611dcd-9c70-4c50-b87c-951c14a2c59c,SPLIT,1997,,0.0,0.0,,,INVALID_GEOMETRY,,UNKNOWN,Missing source and target geometry observations.
53a35d76-ef6e-469e-bc31-0b1ec6944f2c,SPLIT,1994,,0.0,0.0,,,INVALID_GEOMETRY,,UNKNOWN,Missing source and target geometry observations.
fb829baf-9f66-433d-b9c8-d224652f081d,SPLIT,1995,,0.0,0.0,,,INVALID_GEOMETRY,,UNKNOWN,Missing source and target geometry observations.
0ad75e94-a14b-467d-820b-a25c432e4e5b,SPLIT,1997,,0.0,0.0,,,INVALID_GEOMETRY,,UNKNOWN,Missing source and target geometry observations.
1a1b6542-3b48-4bbb-ad35-2d967d1b443d,SPLIT,1997,,0.0,0.0,,,INVALID_GEOMETRY,,UNKNOWN,Missing source and target geometry observations.
38fb61e9-3c4a-4d5f-9b5e-c410035b2f49,SPLIT,2004,,0.0,0.0,,,INVALID_GEOMETRY,,UNKNOWN,Missing source and target geometry observations.
5bd785d4-da82-4108-8bbd-174fd6f94102,SPLIT,2003,,0.0,0.0,,,INVALID_GEOMETRY,,UNKNOWN,Missing source and target geometry observations.
e8cae023-e9a2-497a-bf00-b39941f16f05,SPLIT,2004,,0.0,0.0,,,INVALID_GEOMETRY,,UNKNOWN,Missing source and target geometry observations.
baffbecd-946b-45f8-b64d-e5a507d39d0a,SPLIT,2007,,0.0,0.0,,,INVALID_GEOMETRY,,UNKNOWN,Missing source and target geometry observations.
f7101c20-be70-4ad8-b6d1-ec014a7874fb,SPLIT,2007,,0.0,0.0,,,INVALID_GEOMETRY,,UNKNOWN,Missing source and target geometry observations.
9f3804ac-8465-47ea-aad4-e28c2b1bd5ef,SPLIT,2008,,0.0,0.0,,,INVALID_GEOMETRY,,UNKNOWN,Missing source and target geometry observations.
b3fcd793-922e-4e06-99d5-e32faa66ef0b,SPLIT,2006,,0.0,0.0,,,INVALID_GEOMETRY,,UNKNOWN,Missing source and target geometry observations.
1317f72e-85e8-452a-ab53-b2fd73a8cc57,SPLIT,2006,,0.0,0.0,,,INVALID_GEOMETRY,,UNKNOWN,Missing source and target geometry observations.
fad8a1e2-41ae-4d2c-9aa1-d9abc82f5b10,SPLIT,2006,,0.0,0.0,,,INVALID_GEOMETRY,,UNKNOWN,Missing source and target geometry observations.
ac201052-38d2-48c2-ad0d-38c074247128,SPLIT,2006,,0.0,0.0,,,INVALID_GEOMETRY,,UNKNOWN,Missing source and target geometry observations.
4a958d25-3b28-45fc-bc4e-0a236fb23ae5,SPLIT,2001,,0.0,0.0,,,INVALID_GEOMETRY,,UNKNOWN,Missing source and target geometry observations.
e2037173-b792-4461-a961-02db3669e1de,SPLIT,2007,,0.0,0.0,,,INVALID_GEOMETRY,,UNKNOWN,Missing source and target geometry observations.
736ba40a-dbc0-4306-b463-8cdcb5d09f82,SPLIT,2009,,0.0,0.0,,,INVALID_GEOMETRY,,UNKNOWN,Missing source and target geometry observations.
6f67caab-1cce-4a45-aad7-0dd8d8219865,SPLIT,2003,,0.0,0.0,,,INVALID_GEOMETRY,,UNKNOWN,Missing source and target geometry observations.
8e7dc66c-87c4-480f-8fd9-42049938fece,SPLIT,2003,,0.0,0.0,,,INVALID_GEOMETRY,,UNKNOWN,Missing source and target geometry observations.
83517e3f-ce13-4d5f-862b-8f312865c0a8,SPLIT,2006,,0.0,0.0,,,INVALID_GEOMETRY,,UNKNOWN,Missing source and target geometry observations.
c45d31f5-ba86-48f6-b2db-3879dc48e185,SPLIT,2006,,0.0,0.0,,,INVALID_GEOMETRY,,UNKNOWN,Missing source and target geometry observations.
9757369b-6383-4681-b39b-28d5ba09c18e,SPLIT,2009,,0.0,0.0,,,INVALID_GEOMETRY,,UNKNOWN,Missing source and target geometry observations.
65725bc7-906d-4fb9-96c3-d035b8be7a01,SPLIT,2008,,0.0,0.0,,,INVALID_GEOMETRY,,UNKNOWN,Missing source and target geometry observations.
e1c61940-a1ee-4d04-853e-d6f83df63160,SPLIT,2015,,0.0,0.0,,,INVALID_GEOMETRY,,UNKNOWN,Missing source and target geometry observations.
e6a2476e-6692-48af-b06c-230652351c11,SPLIT,2017,,0.0,0.0,,,INVALID_GEOMETRY,,UNKNOWN,Missing source and target geometry observations.
d1caa0fa-beab-473a-a426-3f5ab61ce786,SPLIT,2017,,0.0,0.0,,,INVALID_GEOMETRY,,UNKNOWN,Missing source and target geometry observations.
7422fa70-4883-47c8-9033-f035021c7d9b,SPLIT,2017,,0.0,0.0,,,INVALID_GEOMETRY,,UNKNOWN,Missing source and target geometry observations.
de6a146b-ae26-482c-87d3-43033f74f1b5,SPLIT,2015,,0.0,0.0,,,INVALID_GEOMETRY,,UNKNOWN,Missing source and target geometry observations.
e846d6c4-8227-49a0-9b54-6c9a268c783b,SPLIT,2012,,0.0,0.0,,,INVALID_GEOMETRY,,UNKNOWN,Missing source and target geometry observations.
e5b6561e-5667-4738-90be-bab1b119f8ff,SPLIT,2012,,0.0,0.0,,,INVALID_GEOMETRY,,UNKNOWN,Missing source and target geometry observations.
d0e20f52-5729-438d-9a6b-210affe3f1ee,SPLIT,2012,,0.0,0.0,,,INVALID_GEOMETRY,,UNKNOWN,Missing source and target geometry observations.
53f668e4-e240-4f88-aa58-fe1b5c80febe,SPLIT,2021,,0.0,0.0,,,INVALID_GEOMETRY,,UNKNOWN,Missing source and target geometry observations.
884f5c63-ae48-43cc-86d4-33e2a3714fa7,SPLIT,2013,,0.0,0.0,,,INVALID_GEOMETRY,,UNKNOWN,Missing source and target geometry observations.
24c37a1d-f53a-4891-8eb2-bdd835714195,SPLIT,2018,,0.0,0.0,,,INVALID_GEOMETRY,,UNKNOWN,Missing source and target geometry observations.
f21c09dc-999f-42dc-b68f-c45a503865af,SPLIT,2014,,0.0,0.0,,,INVALID_GEOMETRY,,UNKNOWN,Missing source and target geometry observations.
83acd55e-4e6f-4c27-90ce-17c3fd524a23,SPLIT,2016,,0.0,0.0,,,INVALID_GEOMETRY,,UNKNOWN,Missing source and target geometry observations.
6b292c16-7f74-4457-a691-a7b218a8ff3d,SPLIT,2016,,0.0,0.0,,,INVALID_GEOMETRY,,UNKNOWN,Missing source and target geometry observations.
3365d923-eab4-4440-ae0b-aa109a76fc0c,SPLIT,2021,,0.0,0.0,,,INVALID_GEOMETRY,,UNKNOWN,Missing source and target geometry observations.
aaa7acd8-fbe0-48f9-921d-5e47ff11a742,SPLIT,2021,,0.0,0.0,,,INVALID_GEOMETRY,,UNKNOWN,Missing source and target geometry observations.
52559a6d-eab5-4d66-a7e9-cec61b54f418,SPLIT,2021,,0.0,0.0,,,INVALID_GEOMETRY,,UNKNOWN,Missing source and target geometry observations.
64069488-42c2-428f-a95b-f3639fe7f2e2,SPLIT,2021,,0.0,0.0,,,INVALID_GEOMETRY,,UNKNOWN,Missing source and target geometry observations.
879b7571-2401-4f91-b3a4-7a872689f5de,SPLIT,2021,,0.0,0.0,,,INVALID_GEOMETRY,,UNKNOWN,Missing source and target geometry observations.
7760fc76-ba71-4c04-8247-bf2daeda6033,SPLIT,2019,,0.0,0.0,,,INVALID_GEOMETRY,,UNKNOWN,Missing source and target geometry observations.
4bb09585-bdac-4579-97a9-a32e3d944ba5,SPLIT,2019,,0.0,0.0,,,INVALID_GEOMETRY,,UNKNOWN,Missing source and target geometry observations.
38f08d63-0771-4b93-9ae3-620971a6a6c5,SPLIT,2019,,0.0,0.0,,,INVALID_GEOMETRY,,UNKNOWN,Missing source and target geometry observations.
7eec6112-d014-4c39-b81c-40901f381341,SPLIT,2010,,0.0,0.0,,,INVALID_GEOMETRY,,UNKNOWN,Missing source and target geometry observations.
e656d09c-a2f3-447e-81c6-895f6f16180c,SPLIT,2016,,0.0,0.0,,,INVALID_GEOMETRY,,UNKNOWN,Missing source and target geometry observations.
9a4f00f7-d4d0-4456-8dee-b0a06d517eaa,SPLIT,2016,,0.0,0.0,,,INVALID_GEOMETRY,,UNKNOWN,Missing source and target geometry observations.
93546f46-ee32-473f-ab1d-f918c893286e,SPLIT,2022,,0.0,0.0,,,INVALID_GEOMETRY,,UNKNOWN,Missing source and target geometry observations.
2fb2e740-dd23-4368-86f7-b86616d575c6,SPLIT,2023,,0.0,0.0,,,INVALID_GEOMETRY,,UNKNOWN,Missing source and target geometry observations.
3e92238c-cff7-4d14-8c3f-0754ca3926a2,SPLIT,2023,,0.0,0.0,,,INVALID_GEOMETRY,,UNKNOWN,Missing source and target geometry observations.
fa01bb13-515b-4d8e-9bc6-fbe940dc6c77,SPLIT,2023,,0.0,0.0,,,INVALID_GEOMETRY,,UNKNOWN,Missing source and target geometry observations.
34d8f324-97f7-40d1-b1b8-32312e116e43,SPLIT,2023,,0.0,0.0,,,INVALID_GEOMETRY,,UNKNOWN,Missing source and target geometry observations.
8393a900-f7c3-4559-a476-c22a865e3561,RENAME,1981,,,,,,INVALID_GEOMETRY,NON_SPATIAL,UNKNOWN,RENAME events are nominal identity changes without spatial transfers.
e74de32b-979d-4a0a-a769-de981061215f,NEW_DISTRICT,2011,,0.0,0.0,,,INVALID_GEOMETRY,,UNKNOWN,Missing source and target geometry observations.
7af8103a-6129-4ab7-93ea-8f5db24f084d,RENAME,1981,,,,,,INVALID_GEOMETRY,NON_SPATIAL,UNKNOWN,RENAME events are nominal identity changes without spatial transfers.
797a4cc2-b30c-40f1-aadc-8ba3de501b99,SPLIT,2022,,0.0,0.0,,,INVALID_GEOMETRY,,UNKNOWN,Missing source and target geometry observations.
0271f61f-a9fe-43da-80e2-50c0b02ec05d,NEW_DISTRICT,1992,,0.0,0.0,,,INVALID_GEOMETRY,,CARVE_OUT,Missing source geometry observation.
b4d03807-ff3d-4722-aa85-20757f438c38,NEW_DISTRICT,2004,23804.684843820523,0.0,,,,UNKNOWN,UNMEASURED,CARVE_OUT,VALID
64d3108c-b431-4b28-af95-920246bc4789,NEW_DISTRICT,2012,2019.3050992620617,0.0,,,,EXTREME_OVERLAP,MEASURED,CARVE_OUT,VALID
cad89170-fc17-4191-8ae1-4763ec902a5e,NEW_DISTRICT,2014,23804.684843820523,0.0,,,,UNKNOWN,UNMEASURED,CARVE_OUT,VALID
dd01e377-8bb0-4e96-86d4-d5636393b0c0,NEW_DISTRICT,2018,,0.0,0.0,,,INVALID_GEOMETRY,,CARVE_OUT,Missing source geometry observation.
45c4d704-c84b-42bd-b052-074809c0e138,NEW_DISTRICT,2018,8361.155384251113,0.0,,,,EXTREME_OVERLAP,MEASURED,CARVE_OUT,VALID
7ffc8f49-5103-466b-9212-1f5cd21edc38,NEW_DISTRICT,1976,12685.685691568387,0.0,,,,EXTREME_OVERLAP,MEASURED,CARVE_OUT,VALID
ecc30d14-b4e5-47cb-9503-4a12f0014ed7,NEW_DISTRICT,1983,3826.3754280742737,0.0,,,,EXTREME_OVERLAP,MEASURED,CARVE_OUT,VALID
5c614fe1-696f-408e-a69c-e5bdb8baa75d,NEW_DISTRICT,2004,3655.969523090336,0.0,,,,EXTREME_OVERLAP,MEASURED,CARVE_OUT,VALID
a97a1bed-a54a-4e5a-8b00-e0ca7f49ced1,NEW_DISTRICT,2015,5199.65820659401,0.0,,,,EXTREME_OVERLAP,MEASURED,CARVE_OUT,VALID
009aa08c-0639-4867-9e65-a4222fcedb37,NEW_DISTRICT,1972,11320.00803793858,0.0,450.454498344381,10869.553539594199,3644.4148769415774,EXTREME_OVERLAP,MEASURED,CARVE_OUT,VALID
f60921d1-4463-4d42-a660-9f51536a4915,NEW_DISTRICT,1973,12341.759304097304,0.0,212.35948702908743,12129.399817068217,2268.6948304620396,EXTREME_OVERLAP,MEASURED,CARVE_OUT,VALID
297955c4-1f30-4c6d-8872-7d23733f3fba,NEW_DISTRICT,1991,5583.5020705443785,0.0,186.32840683148484,5397.173663712893,2846.843589431585,EXTREME_OVERLAP,MEASURED,CARVE_OUT,VALID
adf3fc0f-853f-463a-9692-e9abcf596932,NEW_DISTRICT,2011,15765.011121275411,0.0,740.1066139555887,15024.904507319821,4683.065371463479,EXTREME_OVERLAP,MEASURED,CARVE_OUT,VALID
b793006b-9e89-47fe-9e43-c733d8745b2f,NEW_DISTRICT,1997,1467.8300703301863,0.0,0.0,,,UNKNOWN,UNMEASURED,CARVE_OUT,VALID
62ff4bfb-8ce4-4854-9268-1109416da383,NEW_DISTRICT,1997,1467.8300703301863,0.0,0.0,,,UNKNOWN,UNMEASURED,CARVE_OUT,VALID
a38e121a-a1fc-4e9b-8756-2149826604f3,NEW_DISTRICT,2013,10656.956944060976,0.0,0.0,10656.956944060976,,NO_OVERLAP,,CARVE_OUT,VALID
8b5b80e9-eee5-47a6-ad88-40b3444ccb70,NEW_DISTRICT,2013,7560.107478888427,0.0,1034.1619562084952,6525.945522679932,2376.3251048588313,EXTREME_OVERLAP,MEASURED,CARVE_OUT,VALID
ff9237d0-5e15-4c7c-9c15-90662555f717,NEW_DISTRICT,1979,5984.5736525535385,0.0,519.1556379415256,5465.4180146120125,1549.0268108947566,EXTREME_OVERLAP,MEASURED,CARVE_OUT,VALID
118c5ddb-b533-45dd-bd8e-c32c20acdc6e,NEW_DISTRICT,2005,2068.258233646709,0.0,3.2908822270592526,2064.9673514196497,9.77662312409938,NO_OVERLAP,MEASURED,CARVE_OUT,VALID
95149a4c-8507-4d8c-bde3-a64f5fd60ef4,NEW_DISTRICT,1972,1932.0828268602008,0.0,515.4241444123268,1416.658682447874,1416.6472499021306,EXTREME_OVERLAP,MEASURED,CARVE_OUT,VALID
8fad2a26-c1d8-4525-8290-7a711490629f,NEW_DISTRICT,1956,,0.0,0.0,,,UNKNOWN,UNMEASURED,CARVE_OUT,VALID
010a97d3-a255-4fd8-a610-fa81e819f64c,NEW_DISTRICT,1956,,0.0,0.0,,,UNKNOWN,UNMEASURED,CARVE_OUT,VALID
88a65872-6c53-4bee-9b15-f2c45065d491,NEW_DISTRICT,1979,3202.455973293259,0.0,0.011503339618818834,3202.4444699536402,0.02485649859088473,NO_OVERLAP,MEASURED,CARVE_OUT,VALID
fe36e0a6-9e61-4ccb-985a-cceb295068dc,NEW_DISTRICT,2006,4742.946953088398,0.0,649.5248216125512,4093.422131475847,1377.23444735126,EXTREME_OVERLAP,MEASURED,CARVE_OUT,VALID
78738c30-d707-49e7-8f6d-3a85afb9fbd6,NEW_DISTRICT,1983,,0.0,0.0,,,UNKNOWN,UNMEASURED,CARVE_OUT,VALID
ca589753-4a18-4d26-9e3d-c01158e780c1,NEW_DISTRICT,1990,13468.991605306794,0.0,824.9515721749972,12644.040033131796,9074.388056318023,EXTREME_OVERLAP,MEASURED,CARVE_OUT,VALID
637e27d1-8ede-4deb-9582-9886489ebf27,NEW_DISTRICT,2001,2267.1217996613263,0.0,0.0,2267.1217996613263,,UNKNOWN,UNMEASURED,CARVE_OUT,VALID
0ce84210-38a0-40fb-8cc4-4f9f08d3d343,NEW_DISTRICT,1997,17080.889373353533,0.0,1722.253202370572,15358.636170982962,4862.693190913948,EXTREME_OVERLAP,MEASURED,CARVE_OUT,VALID
1874ef8b-25d0-490f-8e58-e6d9c2926679,NEW_DISTRICT,1952,15145.52263508443,0.0,1067.8211092223678,14077.701525862061,4071.2975088796506,EXTREME_OVERLAP,MEASURED,CARVE_OUT,VALID
26fc7e8e-10ca-47df-aa0b-97cd72c2c14d,NEW_DISTRICT,1956,,0.0,0.0,,,UNKNOWN,UNMEASURED,CARVE_OUT,VALID
b751a57a-3dc6-496f-929e-d23ebbdd86ef,NEW_DISTRICT,1998,10006.261953968666,0.0,809.4556791762918,9196.806274792374,2516.9492212426485,EXTREME_OVERLAP,MEASURED,CARVE_OUT,VALID
b9739609-f30b-42d7-bd67-c023bf5fa402,NEW_DISTRICT,2003,10740.816873917358,0.0,825.0072137953,9915.809660122059,2399.7021028687905,EXTREME_OVERLAP,MEASURED,CARVE_OUT,VALID
4ee825ca-86b6-4852-9b9a-e02703f46d8e,NEW_DISTRICT,1982,25296.06808298661,0.0,2648.5934975165214,22647.47458547009,11886.962936745667,EXTREME_OVERLAP,MEASURED,CARVE_OUT,VALID
f7aa6f82-85f4-46ab-89d1-a9753bf1a6f8,NEW_DISTRICT,1998,13192.198549347566,0.0,1789.9001889742572,11402.298360373308,4264.809102020461,EXTREME_OVERLAP,MEASURED,CARVE_OUT,VALID
afe4b946-11a5-48eb-847d-fde2f0c361cd,NEW_DISTRICT,1983,5459.080902710379,0.0,,,,UNKNOWN,UNMEASURED,CARVE_OUT,VALID
1269ac1f-35d2-49ec-8709-556f3dca81ce,NEW_DISTRICT,1997,1060.9735665754404,0.0,,,,EXTREME_OVERLAP,MEASURED,CARVE_OUT,VALID
4a23d6f8-2e99-4408-b7d4-68c2d2c89057,NEW_DISTRICT,2016,3533.2466287886123,0.0,,,,EXTREME_OVERLAP,MEASURED,CARVE_OUT,VALID
24239bbe-3d01-4ca6-95f6-6684ac90bfc9,NEW_DISTRICT,1997,12668.614066431102,0.0,,,,EXTREME_OVERLAP,MEASURED,CARVE_OUT,VALID
8a84dfc3-6779-4612-ad36-ddbdec3e712a,NEW_DISTRICT,1993,10880.880925313915,0.0,615.6723324361188,10265.208592877796,5785.785751189794,EXTREME_OVERLAP,MEASURED,CARVE_OUT,VALID
dc33f423-4f98-48cc-936b-334c6b0e8e26,NEW_DISTRICT,1993,10898.219863729146,0.0,120.428368262052,10777.791495467094,1629.197903878688,EXTREME_OVERLAP,MEASURED,CARVE_OUT,VALID
886fc587-6407-4aeb-bd73-5b99509c7bf0,NEW_DISTRICT,2011,5319.541577903904,0.0,913.642257005934,4405.89932089797,1951.5259613598728,EXTREME_OVERLAP,MEASURED,CARVE_OUT,VALID
f36e875b-001c-435f-bbe6-740da0f751f0,NEW_DISTRICT,2011,3639.7931767065006,0.0,275.76942650425235,3364.0237502022483,654.5445087415769,EXTREME_OVERLAP,MEASURED,CARVE_OUT,VALID
eb962fc4-88c8-4bc4-a941-1eec05638769,NEW_DISTRICT,1991,14080.675430751999,0.0,772.8069221216876,13307.86850863031,2139.592866396182,EXTREME_OVERLAP,MEASURED,CARVE_OUT,VALID
3b2bccbb-1965-4663-8622-432910db8ed6,NEW_DISTRICT,1974,14238.369100802365,0.0,662.4525959602627,13575.916504842102,2648.4528605358146,EXTREME_OVERLAP,MEASURED,CARVE_OUT,VALID
d405bed1-dcaf-407a-a1a4-bbe72e0b3cd1,NEW_DISTRICT,1993,,0.0,0.0,,,UNKNOWN,UNMEASURED,CARVE_OUT,VALID
2a4d382b-3c7d-421b-a90f-475f2122c420,NEW_DISTRICT,2016,,0.0,0.0,,,INVALID_GEOMETRY,,CARVE_OUT,Missing source geometry observation.
465516b2-691c-472c-b63f-b3725de6a398,NEW_DISTRICT,2016,,0.0,0.0,,,INVALID_GEOMETRY,,CARVE_OUT,Missing source geometry observation.
598013ec-a2aa-4bce-a030-bcf69205221c,NEW_DISTRICT,1970,10370.715090609212,0.0,,,,EXTREME_OVERLAP,MEASURED,CARVE_OUT,VALID
b107e7d8-969e-4bd5-88a4-437b67ab275d,NEW_DISTRICT,1989,,0.0,0.0,,,INVALID_GEOMETRY,,CARVE_OUT,Missing source geometry observation.
0dd8891d-043d-4532-aa25-2afd3b1d2585,NEW_DISTRICT,1997,7367.872464736304,0.0,515.4170992496838,6852.45536548662,2901.9859880352433,EXTREME_OVERLAP,MEASURED,CARVE_OUT,VALID
d80f1d95-fcad-4f60-a793-bfb9b8866b7b,NEW_DISTRICT,1997,5070.022346895715,0.0,312.6896414578987,4757.332705437816,1029.2668101810787,EXTREME_OVERLAP,MEASURED,CARVE_OUT,VALID
145c918e-4a1d-4d6a-8b88-2595805fd618,NEW_DISTRICT,1997,7350.952351914067,0.0,299.4491455918457,7051.503206322221,1491.8256925199112,EXTREME_OVERLAP,MEASURED,CARVE_OUT,VALID
24ca89e3-e783-4d46-bb91-b04b598d184a,NEW_DISTRICT,1960,14238.56924250547,0.0,1885.1259564705485,12353.44328603492,6964.399397885702,EXTREME_OVERLAP,MEASURED,CARVE_OUT,VALID
5d819867-7a0f-4517-a3be-7bd279ff5956,NEW_DISTRICT,1995,6654.122360154444,0.0,531.3081817436278,6122.814178410817,1988.6209132899044,EXTREME_OVERLAP,MEASURED,CARVE_OUT,VALID
3e8e12f0-f849-4aed-906f-ef0be8a91fe4,NEW_DISTRICT,1981,11290.395332520051,0.0,97.40659853765001,11192.988733982402,3916.8132145451846,EXTREME_OVERLAP,MEASURED,CARVE_OUT,VALID
964662ec-35f2-46bf-a3d6-d0770ea6b089,NEW_DISTRICT,1992,,0.0,0.0,,,INVALID_GEOMETRY,,CARVE_OUT,Missing source geometry observation.
dc172576-4c93-4562-b398-486bfdd168b0,SPLIT,1956,,0.0,0.0,,,UNKNOWN,UNMEASURED,CLEAN_SPLIT,VALID
932b6514-3620-44e2-894d-ff8b6085c1a0,SPLIT,1956,,0.0,0.0,,,UNKNOWN,UNMEASURED,CLEAN_SPLIT,VALID
d59778cb-c936-46f5-bf5c-33f9bd969e17,SPLIT,1970,15178.317373301981,0.0,,,,EXTREME_OVERLAP,MEASURED,CLEAN_SPLIT,VALID
60567416-0ec4-449a-9145-1e34d10cd639,SPLIT,1969,22478.364538398026,0.0,,,,EXTREME_OVERLAP,MEASURED,CLEAN_SPLIT,VALID
089f4409-b14d-4cdb-89dc-78819baa9a33,SPLIT,1973,10980.479973380885,0.0,387.30112894618634,10593.178844434698,,UNKNOWN,UNMEASURED,CLEAN_SPLIT,VALID
2cc846fd-244b-49fb-9d36-408a49911e77,SPLIT,1973,10980.479973380885,0.0,139.4694830831326,10841.010490297753,2885.511374344331,EXTREME_OVERLAP,MEASURED,CLEAN_SPLIT,VALID
798e8891-9200-43d7-a264-eec3625514ff,SPLIT,1972,9825.28184221673,0.0,563.1608345192493,9262.12100769748,7323.87379897542,EXTREME_OVERLAP,MEASURED,CLEAN_SPLIT,VALID
75b102cc-12de-4e31-a21a-b73df395384e,SPLIT,1972,9825.28184221673,0.0,146.46065360179972,9678.82118861493,1791.6926395587534,EXTREME_OVERLAP,MEASURED,CLEAN_SPLIT,VALID
b97e82fc-8351-4d63-8df2-9754bbb90104,SPLIT,1972,2924.998493951632,0.0,189.384651202129,2735.613842749503,619.5987848238046,EXTREME_OVERLAP,MEASURED,CARVE_OUT,VALID
4a96dfdc-5221-4f02-be27-bc62b9cd48a7,SPLIT,1973,7090.027624325411,0.0,22.67856634006861,7067.349057985342,685.0379120692501,EXTREME_OVERLAP,MEASURED,CLEAN_SPLIT,VALID
a3314608-660c-4492-88f2-db87b5073bf5,SPLIT,1983,5459.080902710379,0.0,,,,UNKNOWN,UNMEASURED,CLEAN_SPLIT,VALID
62a0e443-4d7f-45e1-878a-847978e260c7,SPLIT,1993,,0.0,0.0,,,UNKNOWN,UNMEASURED,CLEAN_SPLIT,VALID
bffa9ec5-5a04-4127-83d7-3a83d332ba58,SPLIT,1992,,0.0,0.0,,,INVALID_GEOMETRY,,CLEAN_SPLIT,Missing source geometry observation.
de64eb3a-34b3-4160-92f4-2a16ead57a69,SPLIT,2004,2936.8241069565947,0.0,,,,EXTREME_OVERLAP,MEASURED,CARVE_OUT,VALID
89ce26ab-05c3-4b69-930d-cccc0e05c6af,SPLIT,2004,5263.306763258943,0.0,,,,EXTREME_OVERLAP,MEASURED,CARVE_OUT,VALID
5f17cab2-4d07-4546-b7e0-03574743b9f0,SPLIT,2012,70.96017046231076,0.0,5.531619939469953,65.42855052284081,16.32684546044167,EXTREME_OVERLAP,MEASURED,CARVE_OUT,VALID
e9ff3e82-e52f-4ce7-8a1e-1a22446b048f,SPLIT,2016,12801.523008191938,0.0,414.6778082196336,12386.845199972304,1682.9121009440898,EXTREME_OVERLAP,MEASURED,CARVE_OUT,VALID
175a3988-d6d1-486c-b789-93495960536c,SPLIT,2011,3678.736464067826,0.0,331.79673141499245,3346.9397326528338,1128.9777155229517,EXTREME_OVERLAP,MEASURED,CARVE_OUT,VALID
8652fbfb-fadd-40fb-93ed-d3b94ba77ffe,NEW_DISTRICT,1983,,0.0,0.0,,,INVALID_GEOMETRY,,UNKNOWN,Missing source and target geometry observations.
ea2fd172-11e1-4407-aac9-adf98b7af405,NEW_DISTRICT,1961,,0.0,0.0,,,INVALID_GEOMETRY,,UNKNOWN,Missing source and target geometry observations.
c375ba12-91c3-4df7-9352-2ff204a17ed8,NEW_DISTRICT,2013,,0.0,0.0,,,INVALID_GEOMETRY,,UNKNOWN,Missing source and target geometry observations.
213dac28-bdcd-4728-a2c9-7ebc3869fc60,NEW_DISTRICT,2013,,0.0,0.0,,,INVALID_GEOMETRY,,UNKNOWN,Missing source and target geometry observations.
216704d8-1894-4b66-af4d-bb54e0e00f6b,NEW_DISTRICT,1957,,0.0,0.0,,,INVALID_GEOMETRY,,UNKNOWN,Missing source and target geometry observations.
cc96183f-ee74-4dc8-af9f-0223185da0c9,NEW_DISTRICT,1982,,0.0,0.0,,,INVALID_GEOMETRY,,UNKNOWN,Missing source and target geometry observations.
36de6dcd-efe5-44cc-ad05-4ac25a6f7eef,NEW_DISTRICT,1972,,0.0,0.0,,,INVALID_GEOMETRY,,UNKNOWN,Missing source and target geometry observations.
d416755b-a9df-4967-9aef-a2fba0379ab3,NEW_DISTRICT,2019,,0.0,0.0,,,INVALID_GEOMETRY,,UNKNOWN,Missing source and target geometry observations.
0cdca7d0-0c22-40aa-9b75-1dfae314cd0d,NEW_DISTRICT,2017,,0.0,0.0,,,INVALID_GEOMETRY,,UNKNOWN,Missing source and target geometry observations.
00772328-768d-49cb-84f3-f70debc83d68,RENAME,1951,,,,,,INVALID_GEOMETRY,NON_SPATIAL,UNKNOWN,RENAME events are nominal identity changes without spatial transfers.
cd7a8980-c9c2-4d1a-ae74-203826ab3f5e,RENAME,2001,,,,,,INVALID_GEOMETRY,NON_SPATIAL,UNKNOWN,RENAME events are nominal identity changes without spatial transfers.
eae6dfbd-611e-4097-ba85-69fbe8d6c5d4,RENAME,1951,,,,,,INVALID_GEOMETRY,NON_SPATIAL,UNKNOWN,RENAME events are nominal identity changes without spatial transfers.
d91a7114-5319-497e-920f-75be62a9ab21,RENAME,2011,,,,,,INVALID_GEOMETRY,NON_SPATIAL,UNKNOWN,RENAME events are nominal identity changes without spatial transfers.
ac407450-1148-47b6-85e1-0799da1ee749,RENAME,1981,,,,,,INVALID_GEOMETRY,NON_SPATIAL,UNKNOWN,RENAME events are nominal identity changes without spatial transfers.
4fbabb3f-8727-45b5-aae7-e12e9816c0d7,RENAME,2001,,,,,,INVALID_GEOMETRY,NON_SPATIAL,UNKNOWN,RENAME events are nominal identity changes without spatial transfers.
9c4cc4c2-a237-4381-b9f0-f1511a7ee3af,RENAME,2011,,,,,,INVALID_GEOMETRY,NON_SPATIAL,UNKNOWN,RENAME events are nominal identity changes without spatial transfers.
cc88a02b-91e0-428f-ac62-d246dda4d500,RENAME,1991,,,,,,INVALID_GEOMETRY,NON_SPATIAL,UNKNOWN,RENAME events are nominal identity changes without spatial transfers.
3ea13871-608e-4ceb-af0a-e35e4fb9ce5d,RENAME,2011,,,,,,INVALID_GEOMETRY,NON_SPATIAL,UNKNOWN,RENAME events are nominal identity changes without spatial transfers.
7254e03d-69eb-408f-ba85-ab6734444c03,RENAME,2011,,,,,,INVALID_GEOMETRY,NON_SPATIAL,UNKNOWN,RENAME events are nominal identity changes without spatial transfers.
e050c40f-6ee0-4128-9e57-325370661735,RENAME,2011,,,,,,INVALID_GEOMETRY,NON_SPATIAL,UNKNOWN,RENAME events are nominal identity changes without spatial transfers.
363094ba-a37d-4507-b694-afb3c1bcde25,SPLIT,1960,,0.0,0.0,,,INVALID_GEOMETRY,,UNKNOWN,Missing source and target geometry observations.
cf8cc53b-e06e-421c-98d6-53032c022ba9,SPLIT,1953,,0.0,0.0,,,INVALID_GEOMETRY,,UNKNOWN,Missing source and target geometry observations.
ee8bfbda-3841-49c2-a80b-4d5fd1c2b64f,SPLIT,1970,,0.0,0.0,,,INVALID_GEOMETRY,,UNKNOWN,Missing source and target geometry observations.
45b8cc82-4365-4e3f-aded-6ca1655478b0,SPLIT,1966,,0.0,0.0,,,INVALID_GEOMETRY,,UNKNOWN,Missing source and target geometry observations.
d4083c81-446c-4364-96a1-8b668304d7e0,SPLIT,1965,,0.0,0.0,,,INVALID_GEOMETRY,,UNKNOWN,Missing source and target geometry observations.
eeda5bbc-fba3-4343-b0ed-2c6e0cc99825,SPLIT,1965,,0.0,0.0,,,INVALID_GEOMETRY,,UNKNOWN,Missing source and target geometry observations.
91f6ca80-b2d1-4b92-a0da-c95ea4ba7255,SPLIT,1980,,0.0,0.0,,,INVALID_GEOMETRY,,UNKNOWN,Missing source and target geometry observations.
02426a43-405f-4db0-b68f-ef5e75b9c7f9,SPLIT,1972,,0.0,0.0,,,INVALID_GEOMETRY,,UNKNOWN,Missing source and target geometry observations.
8360c33b-8282-4fac-9300-c59a1270f231,SPLIT,1973,,0.0,0.0,,,INVALID_GEOMETRY,,UNKNOWN,Missing source and target geometry observations.
f2c24000-06df-4690-9e88-270867993a7a,SPLIT,1972,,0.0,0.0,,,INVALID_GEOMETRY,,UNKNOWN,Missing source and target geometry observations.
667c0ff4-e3c8-4dec-b370-dfadb58f2f31,SPLIT,1972,,0.0,0.0,,,INVALID_GEOMETRY,,UNKNOWN,Missing source and target geometry observations.
4e83cc20-0e51-4d7d-829c-c263a9298cf5,SPLIT,1972,,0.0,0.0,,,INVALID_GEOMETRY,,UNKNOWN,Missing source and target geometry observations.
29dbc72c-3da4-4319-be4d-7e2645452847,SPLIT,1974,,0.0,0.0,,,INVALID_GEOMETRY,,UNKNOWN,Missing source and target geometry observations.
bcef730e-ae90-4acb-b46c-12cd11e11934,SPLIT,1987,,0.0,0.0,,,INVALID_GEOMETRY,,UNKNOWN,Missing source and target geometry observations.
dda00bab-a432-4f34-bfb7-d2d9eb3a9776,SPLIT,1989,,0.0,0.0,,,INVALID_GEOMETRY,,UNKNOWN,Missing source and target geometry observations.
268b7f95-41fb-409b-b5ef-6bfbad6d2b8a,SPLIT,1983,,0.0,0.0,,,INVALID_GEOMETRY,,UNKNOWN,Missing source and target geometry observations.
764a3612-b838-46c9-af81-5885eb25c771,SPLIT,1987,,0.0,0.0,,,INVALID_GEOMETRY,,UNKNOWN,Missing source and target geometry observations.
95648408-b565-4437-ba20-d93e355fbd71,SPLIT,1989,,0.0,0.0,,,INVALID_GEOMETRY,,UNKNOWN,Missing source and target geometry observations.
0971cd6b-f135-47f8-b914-ce14659a2d82,SPLIT,1981,,0.0,0.0,,,INVALID_GEOMETRY,,UNKNOWN,Missing source and target geometry observations.
23a3200b-2fc7-422d-adbb-746472d38470,SPLIT,1989,,0.0,0.0,,,INVALID_GEOMETRY,,UNKNOWN,Missing source and target geometry observations.
19210377-4e13-4373-a0f2-65d1a4488d6c,SPLIT,1989,,0.0,0.0,,,INVALID_GEOMETRY,,UNKNOWN,Missing source and target geometry observations.
0c6f5af7-4864-4f6f-ab43-4a238fcd36f0,SPLIT,1984,,0.0,0.0,,,INVALID_GEOMETRY,,UNKNOWN,Missing source and target geometry observations.
59434f8a-9cee-4840-9f0d-7b9be565b6cd,SPLIT,1985,,0.0,0.0,,,INVALID_GEOMETRY,,UNKNOWN,Missing source and target geometry observations.
d2d2b179-638e-47e5-8a36-96c257fbbc03,SPLIT,1985,,0.0,0.0,,,INVALID_GEOMETRY,,UNKNOWN,Missing source and target geometry observations.
0f9be379-bc69-4765-bd3c-2364589d8c2e,SPLIT,1989,,0.0,0.0,,,INVALID_GEOMETRY,,UNKNOWN,Missing source and target geometry observations.
a7fea005-d996-42b7-bcb9-cb6e8eade2b0,SPLIT,1988,,0.0,0.0,,,INVALID_GEOMETRY,,UNKNOWN,Missing source and target geometry observations.
e1be6f42-fd1e-4b5c-b5c8-1194508c6ce6,SPLIT,1981,,0.0,0.0,,,INVALID_GEOMETRY,,UNKNOWN,Missing source and target geometry observations.
2e7dfe54-648e-4ed7-8ca4-80b35575a838,SPLIT,1991,,0.0,0.0,,,INVALID_GEOMETRY,,UNKNOWN,Missing source and target geometry observations.
99245661-93c0-49ab-a6f5-51a34e1cdc59,SPLIT,1991,,0.0,0.0,,,INVALID_GEOMETRY,,UNKNOWN,Missing source and target geometry observations.
33adabb7-0206-4f06-af83-20a58470aa05,SPLIT,1998,,0.0,0.0,,,INVALID_GEOMETRY,,UNKNOWN,Missing source and target geometry observations.
998d38e2-8b5e-4504-a088-f263495a00f6,SPLIT,1991,,0.0,0.0,,,INVALID_GEOMETRY,,UNKNOWN,Missing source and target geometry observations.
a20d2d11-33b9-4baa-89dd-bbb49b197656,SPLIT,1998,,0.0,0.0,,,INVALID_GEOMETRY,,UNKNOWN,Missing source and target geometry observations.
68217559-f6e1-4ab3-89c7-01a6b6d7549c,SPLIT,1998,,0.0,0.0,,,INVALID_GEOMETRY,,UNKNOWN,Missing source and target geometry observations.
3624bb0b-856d-40f0-8109-5b9151700fd8,SPLIT,1998,,0.0,0.0,,,INVALID_GEOMETRY,,UNKNOWN,Missing source and target geometry observations.
e440395c-8556-49c4-b457-8e0c25b5e29e,SPLIT,1999,,0.0,0.0,,,INVALID_GEOMETRY,,UNKNOWN,Missing source and target geometry observations.
8d5d465c-49f9-4c61-b853-4931014b30f8,SPLIT,1992,,0.0,0.0,,,INVALID_GEOMETRY,,UNKNOWN,Missing source and target geometry observations.
b7472fa2-8b9e-4c8f-8f7d-936c1907793a,SPLIT,1992,,0.0,0.0,,,INVALID_GEOMETRY,,UNKNOWN,Missing source and target geometry observations.
3ebc0d46-c946-4330-9b7c-635e8c14ba2a,SPLIT,1992,,0.0,0.0,,,INVALID_GEOMETRY,,UNKNOWN,Missing source and target geometry observations.
565b2b50-44f3-4189-99ba-725df12ab2cd,SPLIT,1993,,0.0,0.0,,,INVALID_GEOMETRY,,UNKNOWN,Missing source and target geometry observations.
74237540-ca0b-4dfd-9a18-3e0d0f7ae8bf,SPLIT,1993,,0.0,0.0,,,INVALID_GEOMETRY,,UNKNOWN,Missing source and target geometry observations.
427ac992-33fc-4b84-9f9e-853a55ef9a76,SPLIT,1993,,0.0,0.0,,,INVALID_GEOMETRY,,UNKNOWN,Missing source and target geometry observations.
b50e6452-8af0-4a95-89fe-da14af358fd6,SPLIT,1993,,0.0,0.0,,,INVALID_GEOMETRY,,UNKNOWN,Missing source and target geometry observations.
400d6263-6b00-41e7-abaa-4f7c8e8392db,SPLIT,1995,,0.0,0.0,,,INVALID_GEOMETRY,,UNKNOWN,Missing source and target geometry observations.
74abfe69-4308-44fe-8018-7ddf1f6f76b1,SPLIT,1992,,0.0,0.0,,,INVALID_GEOMETRY,,UNKNOWN,Missing source and target geometry observations.
a33c4bc3-ba14-454d-866a-d8135dff08e6,SPLIT,1991,,0.0,0.0,,,INVALID_GEOMETRY,,UNKNOWN,Missing source and target geometry observations.
965285ed-d104-4762-88c7-74ff5705d7cf,SPLIT,1997,,0.0,0.0,,,INVALID_GEOMETRY,,UNKNOWN,Missing source and target geometry observations.
67cbde8a-9588-4ca1-a6bb-c95135c55869,SPLIT,1997,,0.0,0.0,,,INVALID_GEOMETRY,,UNKNOWN,Missing source and target geometry observations.
91420061-858d-4ddb-a204-58f796671f4a,SPLIT,1997,,0.0,0.0,,,INVALID_GEOMETRY,,UNKNOWN,Missing source and target geometry observations.
a9eee4a4-a17f-4cc0-8d49-2a6320fcb882,SPLIT,1997,,0.0,0.0,,,INVALID_GEOMETRY,,UNKNOWN,Missing source and target geometry observations.
e772a5d0-df9e-47a3-805e-8b22cc88332d,SPLIT,1995,,0.0,0.0,,,INVALID_GEOMETRY,,UNKNOWN,Missing source and target geometry observations.
21168c65-c7f0-4d93-8386-079fdbf319bf,SPLIT,1997,,0.0,0.0,,,INVALID_GEOMETRY,,UNKNOWN,Missing source and target geometry observations.
6f5fecbb-56f5-43ba-89a5-189c4d23609a,SPLIT,2004,,0.0,0.0,,,INVALID_GEOMETRY,,UNKNOWN,Missing source and target geometry observations.
3f70c3cf-a409-4bc5-a9fd-7bd59ad56a06,SPLIT,2004,,0.0,0.0,,,INVALID_GEOMETRY,,UNKNOWN,Missing source and target geometry observations.
3ffe1771-be25-4bfd-b3a9-57f1fb682233,SPLIT,2004,,0.0,0.0,,,INVALID_GEOMETRY,,UNKNOWN,Missing source and target geometry observations.
3f229326-7600-4562-97f9-9b23f001cf58,SPLIT,2006,,0.0,0.0,,,INVALID_GEOMETRY,,UNKNOWN,Missing source and target geometry observations.
bd94ec90-d0cc-459a-81ed-1cb515324c54,SPLIT,2006,,0.0,0.0,,,INVALID_GEOMETRY,,UNKNOWN,Missing source and target geometry observations.
e9801f6e-0552-47ed-a5bf-971783393482,SPLIT,2006,,0.0,0.0,,,INVALID_GEOMETRY,,UNKNOWN,Missing source and target geometry observations.
440e6086-4e3d-47d1-946d-d241dca55a14,SPLIT,2001,,0.0,0.0,,,INVALID_GEOMETRY,,UNKNOWN,Missing source and target geometry observations.
3c5fa904-8c55-4c58-a937-e6b274382b88,SPLIT,2001,,0.0,0.0,,,INVALID_GEOMETRY,,UNKNOWN,Missing source and target geometry observations.
0241db55-cbcc-471a-97c1-8fef3f4df2eb,SPLIT,2001,,0.0,0.0,,,INVALID_GEOMETRY,,UNKNOWN,Missing source and target geometry observations.
c285ee1b-d90c-49c4-b5f7-c4a48b4fb825,SPLIT,2007,,0.0,0.0,,,INVALID_GEOMETRY,,UNKNOWN,Missing source and target geometry observations.
bc39088c-934d-427e-b4dc-16fa635e0e52,SPLIT,2007,,0.0,0.0,,,INVALID_GEOMETRY,,UNKNOWN,Missing source and target geometry observations.
1b848d42-0a71-4cf3-a615-5ef31de0be76,SPLIT,2003,,0.0,0.0,,,INVALID_GEOMETRY,,UNKNOWN,Missing source and target geometry observations.
5032cea0-9932-45a3-8379-77d90f08602e,SPLIT,2003,,0.0,0.0,,,INVALID_GEOMETRY,,UNKNOWN,Missing source and target geometry observations.
79af7e08-a65a-46b0-b259-ede708dacdc2,SPLIT,2003,,0.0,0.0,,,INVALID_GEOMETRY,,UNKNOWN,Missing source and target geometry observations.
54753d13-10a8-49b4-88b7-64e9ae2868e4,SPLIT,2006,,0.0,0.0,,,INVALID_GEOMETRY,,UNKNOWN,Missing source and target geometry observations.
1cef362e-4187-4076-a84d-155f5464f015,SPLIT,2008,,0.0,0.0,,,INVALID_GEOMETRY,,UNKNOWN,Missing source and target geometry observations.
65b2619f-be3b-4564-a536-b6d355908294,SPLIT,2017,,0.0,0.0,,,INVALID_GEOMETRY,,UNKNOWN,Missing source and target geometry observations.
79d13b9a-3163-4244-b26f-4285e769cde2,SPLIT,2018,,0.0,0.0,,,INVALID_GEOMETRY,,UNKNOWN,Missing source and target geometry observations.
750c146f-2cb4-4e63-b439-e3093a5ae65b,SPLIT,2015,,0.0,0.0,,,INVALID_GEOMETRY,,UNKNOWN,Missing source and target geometry observations.
80a87e56-78a6-4857-8546-6db36d3e37f4,SPLIT,2015,,0.0,0.0,,,INVALID_GEOMETRY,,UNKNOWN,Missing source and target geometry observations.
e67b0ff8-e4a9-46aa-923c-1c1223633509,SPLIT,2016,,0.0,0.0,,,INVALID_GEOMETRY,,UNKNOWN,Missing source and target geometry observations.
c9a2789b-d744-4949-a86a-7f26e6e21f96,SPLIT,2012,,0.0,0.0,,,INVALID_GEOMETRY,,UNKNOWN,Missing source and target geometry observations.
4c8d3125-3bfa-4286-ae08-92efa90950d0,SPLIT,2012,,0.0,0.0,,,INVALID_GEOMETRY,,UNKNOWN,Missing source and target geometry observations.
95b1fc3f-fb29-43a8-94db-bedb4267431a,SPLIT,2012,,0.0,0.0,,,INVALID_GEOMETRY,,UNKNOWN,Missing source and target geometry observations.
da35f9fd-69ea-4edb-9449-b9e268fb94bc,SPLIT,2012,,0.0,0.0,,,INVALID_GEOMETRY,,UNKNOWN,Missing source and target geometry observations.
37609cda-55b7-4be3-a0ba-549dc5d09f05,SPLIT,2019,,0.0,0.0,,,INVALID_GEOMETRY,,UNKNOWN,Missing source and target geometry observations.
b89be0a0-dbe9-4938-9bb8-a99c539469a3,SPLIT,2019,,0.0,0.0,,,INVALID_GEOMETRY,,UNKNOWN,Missing source and target geometry observations.
ed009853-d5a5-495c-83c4-98a5d01a6354,SPLIT,2021,,0.0,0.0,,,INVALID_GEOMETRY,,UNKNOWN,Missing source and target geometry observations.
778c298e-ef7d-49b9-b849-a77963097d9a,SPLIT,2011,,0.0,0.0,,,INVALID_GEOMETRY,,UNKNOWN,Missing source and target geometry observations.
c40cafb2-2ec0-4882-9906-ddbd903f8588,SPLIT,2019,,0.0,0.0,,,INVALID_GEOMETRY,,UNKNOWN,Missing source and target geometry observations.
c90c91d9-8688-4e72-a77a-6f56b6372d7a,SPLIT,2019,,0.0,0.0,,,INVALID_GEOMETRY,,UNKNOWN,Missing source and target geometry observations.
35bb2d79-25ef-4b00-b2f3-24840fbd845d,SPLIT,2020,,0.0,0.0,,,INVALID_GEOMETRY,,UNKNOWN,Missing source and target geometry observations.
527c3d19-6d72-4e5c-80e5-fd419fcf721f,SPLIT,2020,,0.0,0.0,,,INVALID_GEOMETRY,,UNKNOWN,Missing source and target geometry observations.
80b1b52b-56ae-4d57-9f93-8c7b4f4eab34,SPLIT,2010,,0.0,0.0,,,INVALID_GEOMETRY,,UNKNOWN,Missing source and target geometry observations.
0fbacdf7-ceaf-4c70-9557-068b0f7b6ec9,SPLIT,2014,,0.0,0.0,,,INVALID_GEOMETRY,,UNKNOWN,Missing source and target geometry observations.
dbfd1e67-f5d2-4659-8baa-ca71243af7b6,SPLIT,2016,,0.0,0.0,,,INVALID_GEOMETRY,,UNKNOWN,Missing source and target geometry observations.
c23f08dd-708e-4029-b712-cd397b4f58ed,SPLIT,2016,,0.0,0.0,,,INVALID_GEOMETRY,,UNKNOWN,Missing source and target geometry observations.
c8f69520-688a-4298-9116-0e4f2d94c621,SPLIT,2016,,0.0,0.0,,,INVALID_GEOMETRY,,UNKNOWN,Missing source and target geometry observations.
4190cfec-24fa-4ed5-a05e-71d48cfc8a42,SPLIT,2016,,0.0,0.0,,,INVALID_GEOMETRY,,UNKNOWN,Missing source and target geometry observations.
2108058f-13ce-41ea-8b62-b3908d23310a,SPLIT,2016,,0.0,0.0,,,INVALID_GEOMETRY,,UNKNOWN,Missing source and target geometry observations.
9b2e96a6-b07a-4b3a-af4d-dbcf18998b7a,SPLIT,2016,,0.0,0.0,,,INVALID_GEOMETRY,,UNKNOWN,Missing source and target geometry observations.
a85d2cac-ca9e-4ab3-b03b-c834c9a0548b,SPLIT,2022,,0.0,0.0,,,INVALID_GEOMETRY,,UNKNOWN,Missing source and target geometry observations.
c924ea3f-20a3-4d25-824f-dba4e19fe0fe,SPLIT,2022,,0.0,0.0,,,INVALID_GEOMETRY,,UNKNOWN,Missing source and target geometry observations.
c4ccbb91-2a14-41f1-9aa1-9be79679c518,SPLIT,2023,,0.0,0.0,,,INVALID_GEOMETRY,,UNKNOWN,Missing source and target geometry observations.
6bc92756-d2d2-4d62-a2a5-479980a06d07,SPLIT,2023,,0.0,0.0,,,INVALID_GEOMETRY,,UNKNOWN,Missing source and target geometry observations.
4016faf6-4f77-487a-8899-84bc6e989774,SPLIT,2023,,0.0,0.0,,,INVALID_GEOMETRY,,UNKNOWN,Missing source and target geometry observations.
4e798adc-7cd3-418f-9d46-f89c23d8aa45,NEW_DISTRICT,2022,,0.0,0.0,,,INVALID_GEOMETRY,,UNKNOWN,Missing source and target geometry observations.
7a488f09-e6a2-46fc-8cba-bf4262e7ba82,SPLIT,2023,,0.0,0.0,,,INVALID_GEOMETRY,,UNKNOWN,Missing source and target geometry observations.
1cd9069e-c16e-41bf-955f-22f7d599cf99,NEW_DISTRICT,1974,,0.0,0.0,,,INVALID_GEOMETRY,,UNKNOWN,Missing source and target geometry observations.
5e06a7e3-0acb-44f3-9f9a-7b05423df716,NEW_DISTRICT,2022,,0.0,0.0,,,INVALID_GEOMETRY,,UNKNOWN,Missing source and target geometry observations.
4d6e9ced-77ce-4e5a-8904-7621e4eaf7c6,NEW_DISTRICT,1957,,0.0,0.0,,,INVALID_GEOMETRY,,UNKNOWN,Missing source and target geometry observations.
0c54624c-1cc8-4cb8-8306-edc8451a5426,NEW_DISTRICT,1958,,0.0,0.0,,,INVALID_GEOMETRY,,UNKNOWN,Missing source and target geometry observations.
862dacb9-b22c-464e-802e-f429b4d55324,NEW_DISTRICT,1980,,0.0,0.0,,,INVALID_GEOMETRY,,UNKNOWN,Missing source and target geometry observations.
679cf4a9-f7c1-458a-9651-7d320d20ea0d,NEW_DISTRICT,1972,,0.0,0.0,,,INVALID_GEOMETRY,,UNKNOWN,Missing source and target geometry observations.
f99a5980-751b-4228-adef-491e07139db1,NEW_DISTRICT,2021,,0.0,0.0,,,INVALID_GEOMETRY,,UNKNOWN,Missing source and target geometry observations.
b3a80fb6-0f0c-48a9-bd48-c29fab94a485,NEW_DISTRICT,1997,,0.0,0.0,,,INVALID_GEOMETRY,,UNKNOWN,Missing source and target geometry observations.
56255e30-9403-450b-abc8-63079b8aa889,NEW_DISTRICT,1997,,0.0,0.0,,,INVALID_GEOMETRY,,UNKNOWN,Missing source and target geometry observations.
8699f88d-ed7c-415c-bedd-e0f8e9c68d71,NEW_DISTRICT,1970,,0.0,0.0,,,INVALID_GEOMETRY,,UNKNOWN,Missing source and target geometry observations.
0f0ddbab-792c-4904-8b82-81d4eec82ab1,NEW_DISTRICT,2008,,0.0,0.0,,,INVALID_GEOMETRY,,UNKNOWN,Missing source and target geometry observations.
7458de2d-2fce-4e26-a84d-49584389f0e0,RENAME,2001,,,,,,INVALID_GEOMETRY,NON_SPATIAL,UNKNOWN,RENAME events are nominal identity changes without spatial transfers.
f9fb136c-0ccc-432a-b1d5-40b5f4621369,RENAME,1961,,,,,,INVALID_GEOMETRY,NON_SPATIAL,UNKNOWN,RENAME events are nominal identity changes without spatial transfers.
1a0bafcf-91d8-4371-87bd-8aa6b7a6dc22,RENAME,2011,,,,,,INVALID_GEOMETRY,NON_SPATIAL,UNKNOWN,RENAME events are nominal identity changes without spatial transfers.
df4b8c2a-118f-4f8c-b5a7-649f0aa4d679,RENAME,2011,,,,,,INVALID_GEOMETRY,NON_SPATIAL,UNKNOWN,RENAME events are nominal identity changes without spatial transfers.
29905bfa-61b2-4df5-a8c0-7dea000d440c,RENAME,2021,,,,,,INVALID_GEOMETRY,NON_SPATIAL,UNKNOWN,RENAME events are nominal identity changes without spatial transfers.
92f1eb5c-790f-49d2-8094-f78c873fa489,RENAME,1951,,,,,,INVALID_GEOMETRY,NON_SPATIAL,UNKNOWN,RENAME events are nominal identity changes without spatial transfers.
12be5a01-c054-4153-9568-8dadc2a2d037,RENAME,1981,,,,,,INVALID_GEOMETRY,NON_SPATIAL,UNKNOWN,RENAME events are nominal identity changes without spatial transfers.
73d4229c-a98d-4689-8fd6-0079c09a66e5,RENAME,1981,,,,,,INVALID_GEOMETRY,NON_SPATIAL,UNKNOWN,RENAME events are nominal identity changes without spatial transfers.
5683bf92-3d90-4d68-978e-8387bc498e05,RENAME,1951,,,,,,INVALID_GEOMETRY,NON_SPATIAL,UNKNOWN,RENAME events are nominal identity changes without spatial transfers.
a17a092a-308d-4be1-9745-4cc9dc8d69e0,RENAME,2011,,,,,,INVALID_GEOMETRY,NON_SPATIAL,UNKNOWN,RENAME events are nominal identity changes without spatial transfers.
6cc9fcbe-7d63-4d79-b4c3-424d20a8868b,RENAME,2011,,,,,,INVALID_GEOMETRY,NON_SPATIAL,UNKNOWN,RENAME events are nominal identity changes without spatial transfers.
3a5314e2-d2de-4094-9ddb-7009ce633ad6,RENAME,2011,,,,,,INVALID_GEOMETRY,NON_SPATIAL,UNKNOWN,RENAME events are nominal identity changes without spatial transfers.
275d45e7-eb9e-4874-b2a9-82ed33e28e1f,RENAME,1971,,,,,,INVALID_GEOMETRY,NON_SPATIAL,UNKNOWN,RENAME events are nominal identity changes without spatial transfers.
5762e073-6c12-47f6-a6f6-773052f0ef43,SPLIT,1953,,0.0,0.0,,,INVALID_GEOMETRY,,UNKNOWN,Missing source and target geometry observations.
706c7dc1-3d47-4244-a4cc-0488f9a56010,SPLIT,1960,,0.0,0.0,,,INVALID_GEOMETRY,,UNKNOWN,Missing source and target geometry observations.
38f93825-bb57-4af7-9795-224ef051a024,SPLIT,1960,,0.0,0.0,,,INVALID_GEOMETRY,,UNKNOWN,Missing source and target geometry observations.
f167b196-afe7-41d7-be0b-0245542eced3,SPLIT,1960,,0.0,0.0,,,INVALID_GEOMETRY,,UNKNOWN,Missing source and target geometry observations.
b0eb3bad-efba-4e78-b141-31729cb1f64a,SPLIT,1970,,0.0,0.0,,,INVALID_GEOMETRY,,UNKNOWN,Missing source and target geometry observations.
f0a29bfa-4a71-4c13-a159-afae6058cee3,SPLIT,1966,,0.0,0.0,,,INVALID_GEOMETRY,,UNKNOWN,Missing source and target geometry observations.
9cfee1e0-a12a-4781-9e04-0243dffba016,SPLIT,1980,,0.0,0.0,,,INVALID_GEOMETRY,,UNKNOWN,Missing source and target geometry observations.
ba1917d0-d852-475d-8ec5-3a0abfdb8471,SPLIT,1973,,0.0,0.0,,,INVALID_GEOMETRY,,UNKNOWN,Missing source and target geometry observations.
3afd721c-42a6-4efd-b1d1-05f21fa6a0c1,SPLIT,1973,,0.0,0.0,,,INVALID_GEOMETRY,,UNKNOWN,Missing source and target geometry observations.
f596d28b-f658-4f26-897f-36e756d0b884,SPLIT,1979,,0.0,0.0,,,INVALID_GEOMETRY,,UNKNOWN,Missing source and target geometry observations.
ed036269-4590-4d54-bc61-4adf6892aed5,SPLIT,1972,,0.0,0.0,,,INVALID_GEOMETRY,,UNKNOWN,Missing source and target geometry observations.
0b440c4d-9646-4b09-9862-97c102098b57,SPLIT,1974,,0.0,0.0,,,INVALID_GEOMETRY,,UNKNOWN,Missing source and target geometry observations.
567925b2-39be-42c0-b2aa-e73f017255bd,SPLIT,1972,,0.0,0.0,,,INVALID_GEOMETRY,,UNKNOWN,Missing source and target geometry observations.
47ee0c88-38cc-41b7-b7a6-c3dfe3ef6f05,SPLIT,1973,,0.0,0.0,,,INVALID_GEOMETRY,,UNKNOWN,Missing source and target geometry observations.
4d572911-f361-44e3-8748-985f89b06f12,SPLIT,1979,,0.0,0.0,,,INVALID_GEOMETRY,,UNKNOWN,Missing source and target geometry observations.
6f2b32ae-763e-4884-ae8f-eca422539116,SPLIT,1974,,0.0,0.0,,,INVALID_GEOMETRY,,UNKNOWN,Missing source and target geometry observations.
b0a162fa-d19d-4d81-9ea2-5a307f4428fa,SPLIT,1989,,0.0,0.0,,,INVALID_GEOMETRY,,UNKNOWN,Missing source and target geometry observations.
06c0d543-b6fc-402a-9269-29f73641345d,SPLIT,1983,,0.0,0.0,,,INVALID_GEOMETRY,,UNKNOWN,Missing source and target geometry observations.
2ed0299f-33ff-4cf1-9434-9793b1de2c08,SPLIT,1983,,0.0,0.0,,,INVALID_GEOMETRY,,UNKNOWN,Missing source and target geometry observations.
4d740ed6-befa-4062-95fd-9590a7a32329,SPLIT,1989,,0.0,0.0,,,INVALID_GEOMETRY,,UNKNOWN,Missing source and target geometry observations.
a91de970-04ed-421f-a1c3-0e03bef58749,SPLIT,1987,,0.0,0.0,,,INVALID_GEOMETRY,,UNKNOWN,Missing source and target geometry observations.
3ff8efc3-ef04-4576-86b4-8c605b547589,SPLIT,1989,,0.0,0.0,,,INVALID_GEOMETRY,,UNKNOWN,Missing source and target geometry observations.
a39b6151-85b3-40c7-9a88-2e8e79bccdd2,SPLIT,1982,,0.0,0.0,,,INVALID_GEOMETRY,,UNKNOWN,Missing source and target geometry observations.
6704d309-33f4-4cde-be30-c118f5eb4144,SPLIT,1984,,0.0,0.0,,,INVALID_GEOMETRY,,UNKNOWN,Missing source and target geometry observations.
f07d1c27-8438-4893-ac2e-27e25e6e9fca,SPLIT,1981,,0.0,0.0,,,INVALID_GEOMETRY,,UNKNOWN,Missing source and target geometry observations.
64449251-ba87-4a10-bcab-e5d4f83470b3,SPLIT,1982,,0.0,0.0,,,INVALID_GEOMETRY,,UNKNOWN,Missing source and target geometry observations.
1d468113-3453-44ab-ad26-5084dc45dabb,SPLIT,1982,,0.0,0.0,,,INVALID_GEOMETRY,,UNKNOWN,Missing source and target geometry observations.
7b04c5ae-4a2d-4629-a5b8-bcaf7abf0df0,SPLIT,1985,,0.0,0.0,,,INVALID_GEOMETRY,,UNKNOWN,Missing source and target geometry observations.
edc36787-9465-46e5-b75d-ee7d0865ba11,SPLIT,1989,,0.0,0.0,,,INVALID_GEOMETRY,,UNKNOWN,Missing source and target geometry observations.
65bb7c5f-54f1-4f47-9295-abfde02b892d,SPLIT,1989,,0.0,0.0,,,INVALID_GEOMETRY,,UNKNOWN,Missing source and target geometry observations.
848b366b-26b4-449c-b5f8-ba1270f2b40e,SPLIT,1987,,0.0,0.0,,,INVALID_GEOMETRY,,UNKNOWN,Missing source and target geometry observations.
68cfed1d-68b7-4c53-9181-02fa683ff263,SPLIT,1991,,0.0,0.0,,,INVALID_GEOMETRY,,UNKNOWN,Missing source and target geometry observations.
22d8cc12-de9e-4580-9ca9-a8bcf1073124,SPLIT,1994,,0.0,0.0,,,INVALID_GEOMETRY,,UNKNOWN,Missing source and target geometry observations.
5cc3732f-1f48-4d86-90c4-d0bcd4a96116,SPLIT,1991,,0.0,0.0,,,INVALID_GEOMETRY,,UNKNOWN,Missing source and target geometry observations.
4c024a57-e32a-43cb-9db7-74864e9fb20c,SPLIT,1998,,0.0,0.0,,,INVALID_GEOMETRY,,UNKNOWN,Missing source and target geometry observations.
d960b4d3-b2ef-4cfb-a65e-a8a2fc04008e,SPLIT,1998,,0.0,0.0,,,INVALID_GEOMETRY,,UNKNOWN,Missing source and target geometry observations.
fc194506-db3d-4125-a108-7cdd3075358a,SPLIT,1998,,0.0,0.0,,,INVALID_GEOMETRY,,UNKNOWN,Missing source and target geometry observations.
c21f5f1b-9576-4e8c-bbe9-e3e0b9123325,SPLIT,1997,,0.0,0.0,,,INVALID_GEOMETRY,,UNKNOWN,Missing source and target geometry observations.
66683c77-128b-4a44-81c2-8e723c5f6538,SPLIT,1998,,0.0,0.0,,,INVALID_GEOMETRY,,UNKNOWN,Missing source and target geometry observations.
f269f1a0-d589-40e4-914e-96e4f390cfd8,SPLIT,1998,,0.0,0.0,,,INVALID_GEOMETRY,,UNKNOWN,Missing source and target geometry observations.
231d0047-bce5-4095-a42c-9c2001ae8231,SPLIT,1998,,0.0,0.0,,,INVALID_GEOMETRY,,UNKNOWN,Missing source and target geometry observations.
1f03778e-a60b-4cb0-83a3-58a1d82dae17,SPLIT,1993,,0.0,0.0,,,INVALID_GEOMETRY,,UNKNOWN,Missing source and target geometry observations.
240ddb9a-db23-4fea-ae17-ff8821030ee9,SPLIT,1993,,0.0,0.0,,,INVALID_GEOMETRY,,UNKNOWN,Missing source and target geometry observations.
5a0c0a17-2b7a-4145-9b71-83ed8c14471f,SPLIT,1993,,0.0,0.0,,,INVALID_GEOMETRY,,UNKNOWN,Missing source and target geometry observations.
02617eb3-e659-4a95-89bf-7b6abb75b754,SPLIT,1991,,0.0,0.0,,,INVALID_GEOMETRY,,UNKNOWN,Missing source and target geometry observations.
1e446766-a638-40b2-b004-636104a2ff10,SPLIT,1991,,0.0,0.0,,,INVALID_GEOMETRY,,UNKNOWN,Missing source and target geometry observations.
98e00dfd-2184-41bf-ad64-c291921ffc3a,SPLIT,1997,,0.0,0.0,,,INVALID_GEOMETRY,,UNKNOWN,Missing source and target geometry observations.
c937a010-63af-492f-9e33-79670c456840,SPLIT,1996,,0.0,0.0,,,INVALID_GEOMETRY,,UNKNOWN,Missing source and target geometry observations.
0f54f041-8bbf-44ed-bc90-337c5d71c2ea,SPLIT,1995,,0.0,0.0,,,INVALID_GEOMETRY,,UNKNOWN,Missing source and target geometry observations.
eb9379a9-781a-41d6-a92c-24b036ed0650,SPLIT,1997,,0.0,0.0,,,INVALID_GEOMETRY,,UNKNOWN,Missing source and target geometry observations.
41d25d9b-6292-485b-8f22-8531e0d850a8,SPLIT,1997,,0.0,0.0,,,INVALID_GEOMETRY,,UNKNOWN,Missing source and target geometry observations.
11e198e8-cbdc-4faa-834b-7320bbea442b,SPLIT,1995,,0.0,0.0,,,INVALID_GEOMETRY,,UNKNOWN,Missing source and target geometry observations.
cd9db67c-d572-4eaa-a90c-df1e1a9323b1,SPLIT,1997,,0.0,0.0,,,INVALID_GEOMETRY,,UNKNOWN,Missing source and target geometry observations.
74da71b2-a6b5-4698-b94d-194ebb3767ba,SPLIT,1997,,0.0,0.0,,,INVALID_GEOMETRY,,UNKNOWN,Missing source and target geometry observations.
c8b74a4b-f9ed-428b-bf90-b54bbd27e4f5,SPLIT,1997,,0.0,0.0,,,INVALID_GEOMETRY,,UNKNOWN,Missing source and target geometry observations.
29333a9f-7957-4b4b-be5d-bb7330c2b951,SPLIT,1997,,0.0,0.0,,,INVALID_GEOMETRY,,UNKNOWN,Missing source and target geometry observations.
1f493ed7-2f20-483d-baa4-58d4a068ab3a,SPLIT,2001,,0.0,0.0,,,INVALID_GEOMETRY,,UNKNOWN,Missing source and target geometry observations.
ec909699-7c97-48ce-9df8-02d01ca272c4,SPLIT,2004,,0.0,0.0,,,INVALID_GEOMETRY,,UNKNOWN,Missing source and target geometry observations.
b30a352d-8541-4876-bd68-3911f1dfdce9,SPLIT,2004,,0.0,0.0,,,INVALID_GEOMETRY,,UNKNOWN,Missing source and target geometry observations.
a4e205a1-61e9-41d2-a77a-7ce27b36485e,SPLIT,2004,,0.0,0.0,,,INVALID_GEOMETRY,,UNKNOWN,Missing source and target geometry observations.
78e935ae-3ab3-45ae-96fb-70dc9176242c,SPLIT,2001,,0.0,0.0,,,INVALID_GEOMETRY,,UNKNOWN,Missing source and target geometry observations.
790b93fc-2a86-4725-8424-f60ff18487e6,SPLIT,2007,,0.0,0.0,,,INVALID_GEOMETRY,,UNKNOWN,Missing source and target geometry observations.
5acd6040-f1a2-4b39-94ec-b89d5bc809c4,SPLIT,2009,,0.0,0.0,,,INVALID_GEOMETRY,,UNKNOWN,Missing source and target geometry observations.
479bd657-df2b-4395-8dc0-c602a84d10da,SPLIT,2003,,0.0,0.0,,,INVALID_GEOMETRY,,UNKNOWN,Missing source and target geometry observations.
91ff1d5d-688e-472b-ac26-ec8dc5be491e,SPLIT,2003,,0.0,0.0,,,INVALID_GEOMETRY,,UNKNOWN,Missing source and target geometry observations.
ded82ccb-daa2-4249-b063-5ab46d6b11e8,SPLIT,2006,,0.0,0.0,,,INVALID_GEOMETRY,,UNKNOWN,Missing source and target geometry observations.
98b19ded-e03d-4fb2-8590-feea34e2dcff,SPLIT,2012,,0.0,0.0,,,INVALID_GEOMETRY,,UNKNOWN,Missing source and target geometry observations.
44a1a0d5-40ba-4340-9606-5d9952312de0,SPLIT,2012,,0.0,0.0,,,INVALID_GEOMETRY,,UNKNOWN,Missing source and target geometry observations.
6fd4e763-d4fd-4ac6-bb54-f14279d15c79,SPLIT,2015,,0.0,0.0,,,INVALID_GEOMETRY,,UNKNOWN,Missing source and target geometry observations.
1d8b60e0-d3e1-4253-9476-7c4308e0bae9,SPLIT,2018,,0.0,0.0,,,INVALID_GEOMETRY,,UNKNOWN,Missing source and target geometry observations.
ffad69ef-d595-413b-aa9c-613f0cda7770,SPLIT,2020,,0.0,0.0,,,INVALID_GEOMETRY,,UNKNOWN,Missing source and target geometry observations.
600bb778-73bd-4163-a33d-c917afceb309,SPLIT,2020,,0.0,0.0,,,INVALID_GEOMETRY,,UNKNOWN,Missing source and target geometry observations.
0ac53694-1003-43f9-b130-fd008e1394df,SPLIT,2012,,0.0,0.0,,,INVALID_GEOMETRY,,UNKNOWN,Missing source and target geometry observations.
3b2c3d5c-5d49-40fc-80ba-7dccdc9d8a3d,SPLIT,2012,,0.0,0.0,,,INVALID_GEOMETRY,,UNKNOWN,Missing source and target geometry observations.
250864af-ff79-4ef8-834c-2af32629f4f9,SPLIT,2020,,0.0,0.0,,,INVALID_GEOMETRY,,UNKNOWN,Missing source and target geometry observations.
c506a507-92f1-41dc-901a-7a40ea8bcf00,SPLIT,2013,,0.0,0.0,,,INVALID_GEOMETRY,,UNKNOWN,Missing source and target geometry observations.
d5783d84-5243-41ec-b227-acb89d40abf6,SPLIT,2016,,0.0,0.0,,,INVALID_GEOMETRY,,UNKNOWN,Missing source and target geometry observations.
5acff2ac-ec5a-461c-b808-11df9d11da47,SPLIT,2016,,0.0,0.0,,,INVALID_GEOMETRY,,UNKNOWN,Missing source and target geometry observations.
a251131f-8c93-4c79-993f-3b2521503e0c,SPLIT,2016,,0.0,0.0,,,INVALID_GEOMETRY,,UNKNOWN,Missing source and target geometry observations.
3d9d2826-9d0a-414e-8f8f-7d588fe00d23,SPLIT,2016,,0.0,0.0,,,INVALID_GEOMETRY,,UNKNOWN,Missing source and target geometry observations.
d1558dd1-5739-43b5-853a-99dc02ee52ff,SPLIT,2019,,0.0,0.0,,,INVALID_GEOMETRY,,UNKNOWN,Missing source and target geometry observations.
8014729c-6eea-4900-b001-5308a364a7cb,SPLIT,2011,,0.0,0.0,,,INVALID_GEOMETRY,,UNKNOWN,Missing source and target geometry observations.
389e4cc0-06ef-4328-a4c1-4917722e70d7,SPLIT,2021,,0.0,0.0,,,INVALID_GEOMETRY,,UNKNOWN,Missing source and target geometry observations.
ea991ea5-2e0d-4242-9236-ebebb5665d14,SPLIT,2019,,0.0,0.0,,,INVALID_GEOMETRY,,UNKNOWN,Missing source and target geometry observations.
78cd5212-de65-4be7-8ca0-a3006a593d49,SPLIT,2012,,0.0,0.0,,,INVALID_GEOMETRY,,UNKNOWN,Missing source and target geometry observations.
b1a89ee2-f50c-4725-b993-78248afd86b4,SPLIT,2017,,0.0,0.0,,,INVALID_GEOMETRY,,UNKNOWN,Missing source and target geometry observations.
5b18c5e3-a1d9-4c58-a78e-2cd3db65f705,SPLIT,2019,,0.0,0.0,,,INVALID_GEOMETRY,,UNKNOWN,Missing source and target geometry observations.
a17d9fb3-3f9c-4f80-81de-7a9df5514ecb,SPLIT,2022,,0.0,0.0,,,INVALID_GEOMETRY,,UNKNOWN,Missing source and target geometry observations.
c7d7da70-585f-43ee-8618-9c28407b6998,SPLIT,2022,,0.0,0.0,,,INVALID_GEOMETRY,,UNKNOWN,Missing source and target geometry observations.
f642ff2a-4296-44c2-9e5a-bc3ab2603db7,SPLIT,2022,,0.0,0.0,,,INVALID_GEOMETRY,,UNKNOWN,Missing source and target geometry observations.
d92963ea-7d86-4c68-8d06-c7fe4fefef44,SPLIT,2022,,0.0,0.0,,,INVALID_GEOMETRY,,UNKNOWN,Missing source and target geometry observations.
712e5ef2-4bd2-4fb1-9ca8-c7bdebe209fb,SPLIT,2023,,0.0,0.0,,,INVALID_GEOMETRY,,UNKNOWN,Missing source and target geometry observations.
e9139c3d-e904-48fe-b638-dce34b5ef126,SPLIT,2023,,0.0,0.0,,,INVALID_GEOMETRY,,UNKNOWN,Missing source and target geometry observations.
2bd49a8a-9582-4c8c-9f49-791d38ff0cb8,SPLIT,2023,,0.0,0.0,,,INVALID_GEOMETRY,,UNKNOWN,Missing source and target geometry observations.
15400476-0346-4bb8-b6bf-375d69290dc3,SPLIT,2023,,0.0,0.0,,,INVALID_GEOMETRY,,UNKNOWN,Missing source and target geometry observations.
754f9688-809f-4283-9ca0-91e748342ec9,SPLIT,2023,,0.0,0.0,,,INVALID_GEOMETRY,,UNKNOWN,Missing source and target geometry observations.
544539b9-d82a-49ea-87c2-37369b31cb33,NEW_DISTRICT,2022,,0.0,0.0,,,INVALID_GEOMETRY,,UNKNOWN,Missing source and target geometry observations.
826fe1a6-6d35-47dd-90b0-7b42ce4fe31f,RENAME,1991,,,,,,INVALID_GEOMETRY,NON_SPATIAL,UNKNOWN,RENAME events are nominal identity changes without spatial transfers.
68142cb0-0267-4c3c-a38e-6e4341cb77d1,SPLIT,1988,,0.0,0.0,,,INVALID_GEOMETRY,,UNKNOWN,Missing source and target geometry observations.
14a8385b-33b0-4eaa-9c35-3784fec1d69e,SPLIT,2022,,0.0,0.0,,,INVALID_GEOMETRY,,UNKNOWN,Missing source and target geometry observations.
43357cbe-9dda-4899-b25d-c082879896f3,SPLIT,2023,,0.0,0.0,,,INVALID_GEOMETRY,,UNKNOWN,Missing source and target geometry observations.
0585ef2a-050d-4878-8ec8-23abda9c4d40,NEW_DISTRICT,1987,,0.0,0.0,,,INVALID_GEOMETRY,,CARVE_OUT,Missing source geometry observation.
3cf211dc-5177-499b-8b65-455538abfb29,NEW_DISTRICT,1970,15178.317373301981,0.0,,,,EXTREME_OVERLAP,MEASURED,CARVE_OUT,VALID
cc279ae3-29e3-4379-be37-6b3fa65018a4,NEW_DISTRICT,1989,3387.1400086496506,0.0,,,,EXTREME_OVERLAP,MEASURED,CARVE_OUT,VALID
da4bc425-856a-413a-95b6-e647676bbe34,NEW_DISTRICT,2015,10454.006919961925,0.0,,,,EXTREME_OVERLAP,MEASURED,CARVE_OUT,VALID
a2b8967f-200d-4393-980f-9ae772d4ad9b,NEW_DISTRICT,1991,4094.9179271696253,0.0,194.77007844023217,3900.147848729393,1497.8036297615872,EXTREME_OVERLAP,MEASURED,CARVE_OUT,VALID
5a557b91-dfb4-4d85-b0b7-27dd839bc4e9,NEW_DISTRICT,1998,,0.0,0.0,,,INVALID_GEOMETRY,,CARVE_OUT,Missing source geometry observation.
2116e99b-74c8-4a29-adc0-0adff5ff2ea6,NEW_DISTRICT,2007,11380.833455543801,0.0,170.22973596928966,11210.603719574512,881.9841226183609,EXTREME_OVERLAP,MEASURED,CARVE_OUT,VALID
6cc37dc1-e55a-4058-81db-cca21ad244a7,NEW_DISTRICT,1997,1467.8300703301863,0.0,104.63274077397638,1363.19732955621,300.5383840832053,EXTREME_OVERLAP,MEASURED,CARVE_OUT,VALID
00525c22-1a80-41d1-aa8b-bc70ed994752,NEW_DISTRICT,1973,7765.213542005201,0.0,1067.149437918706,6698.064104086495,2878.3092894961383,EXTREME_OVERLAP,MEASURED,CARVE_OUT,VALID
68828fc3-69cd-4d62-8963-3a5dd55893fa,NEW_DISTRICT,1989,3945.507444718086,0.0,627.982208240755,3317.525236477331,1670.022839399779,EXTREME_OVERLAP,MEASURED,CARVE_OUT,VALID
98d4552e-5b21-4d21-b11f-dc5b8430b0bd,NEW_DISTRICT,1989,3819.800352357889,0.0,496.0112079318974,3323.7891444259917,1385.8553051845354,EXTREME_OVERLAP,MEASURED,CARVE_OUT,VALID
1fc5b22c-9ba3-4961-8570-caba2f0933d9,NEW_DISTRICT,1997,14448.868217361625,0.0,749.1394052771554,13699.72881208447,1845.9820359292141,EXTREME_OVERLAP,MEASURED,CARVE_OUT,VALID
0615b53c-a108-4335-a439-b3f7515a7614,NEW_DISTRICT,1966,,0.0,0.0,,,INVALID_GEOMETRY,,CARVE_OUT,Missing source geometry observation.
7ed9fe58-9eaa-4285-b606-9f49f94b9ebe,NEW_DISTRICT,1956,,0.0,0.0,,,UNKNOWN,UNMEASURED,CARVE_OUT,VALID
ed63a7f4-931c-489d-bd97-e2d7f0e4cfad,NEW_DISTRICT,1956,,0.0,0.0,,,UNKNOWN,UNMEASURED,CARVE_OUT,VALID
173bf2fe-208f-461d-93b5-f1eada2f986f,NEW_DISTRICT,2006,1293.05347422686,0.0,132.14208586806726,1160.911388358793,283.9957849011565,EXTREME_OVERLAP,MEASURED,CARVE_OUT,VALID
b54078c4-eb81-41f8-95bb-f9ada9abbcd9,NEW_DISTRICT,1986,,0.0,0.0,,,INVALID_GEOMETRY,,CARVE_OUT,Missing source geometry observation.
af80eca8-ef88-40df-b51a-4396a7b026b6,NEW_DISTRICT,1997,13721.858592257608,0.0,0.0,13721.858592257608,,UNKNOWN,UNMEASURED,CARVE_OUT,VALID
49663937-bc7f-499b-9eea-ee7ae41b5aa5,NEW_DISTRICT,1997,14024.136959900314,0.0,1393.6229515738903,12630.514008326423,4177.942698963576,EXTREME_OVERLAP,MEASURED,CARVE_OUT,VALID
fc8fb0f3-d391-414e-9cd6-a43bdc040e1e,NEW_DISTRICT,2007,5815.983966864355,0.0,787.1097177754435,5028.874249088912,2673.6907929703502,EXTREME_OVERLAP,MEASURED,CARVE_OUT,VALID
e034d4c9-48ac-4d96-a57c-c5db2b232df5,NEW_DISTRICT,1998,10167.849727430192,0.0,942.1765353617787,9225.673192068412,4174.056051824697,EXTREME_OVERLAP,MEASURED,CARVE_OUT,VALID
07c1b9ef-1b88-47ec-a73b-160c7a598866,NEW_DISTRICT,2018,5024.781801973254,0.0,271.81658631556274,4752.965215657691,974.2138077477698,EXTREME_OVERLAP,MEASURED,CARVE_OUT,VALID
b2977884-40e5-4eb8-9c4d-2fefa5a3ed12,NEW_DISTRICT,2016,580.5028572288168,0.0,,,,EXTREME_OVERLAP,MEASURED,CARVE_OUT,VALID
08126cfb-ac02-4539-b0a9-341f79057b68,NEW_DISTRICT,2016,3261.919155083064,0.0,,,,EXTREME_OVERLAP,MEASURED,CARVE_OUT,VALID
6a6fca94-91fe-45d2-8cac-dad52d7b4f47,NEW_DISTRICT,1998,12668.614066431102,0.0,,,,EXTREME_OVERLAP,MEASURED,CARVE_OUT,VALID
969181b0-e080-44a8-9b6a-fc88e683ee12,NEW_DISTRICT,1998,3951.591252332833,0.0,,,,EXTREME_OVERLAP,MEASURED,CARVE_OUT,VALID
19152a7c-fd4b-4b9a-bd27-d8ee7b4fcbf8,NEW_DISTRICT,2019,3173.5352243124976,0.0,,,,EXTREME_OVERLAP,MEASURED,CARVE_OUT,VALID
fbdc99da-cd3b-4ee1-9f62-4062d00e18ce,NEW_DISTRICT,2004,2927.308471616352,0.0,,,,EXTREME_OVERLAP,MEASURED,CARVE_OUT,VALID
dd491feb-3012-4651-a956-344555d607ba,NEW_DISTRICT,1994,17378.071734007997,0.0,288.26417893194605,17089.80755507605,2627.034436372834,EXTREME_OVERLAP,MEASURED,CARVE_OUT,VALID
4934b3f5-156f-4c91-852c-f5f768891c63,NEW_DISTRICT,1992,3837.37631725848,0.0,0.0,3837.37631725848,,UNKNOWN,UNMEASURED,CARVE_OUT,VALID
655f3b39-7ada-4be9-91ca-1895fde1bf9b,NEW_DISTRICT,2006,4625.553234164863,0.0,376.7007588659281,4248.852475298935,908.3781525912741,EXTREME_OVERLAP,MEASURED,CARVE_OUT,VALID
b8b8b375-02d4-4b63-9335-ab1e10b07ad3,NEW_DISTRICT,2006,2036.9137477683262,0.0,187.18892885016066,1849.7248189181655,504.5627613737827,EXTREME_OVERLAP,MEASURED,CARVE_OUT,VALID
1584bacc-0738-41fa-aa15-f85da7b8e9f0,NEW_DISTRICT,1991,12119.039138128759,0.0,1786.8291110723899,10332.21002705637,5206.070630158503,EXTREME_OVERLAP,MEASURED,CARVE_OUT,VALID
a2c24185-acd8-4864-8d43-1205ca55af34,NEW_DISTRICT,1991,17883.2973925468,0.0,1457.3656076933796,16425.93178485342,3245.03020538065,EXTREME_OVERLAP,MEASURED,CARVE_OUT,VALID
491cebb5-871a-49f7-a630-88194f7a9b24,NEW_DISTRICT,2019,4430.778043579327,0.0,485.2096143737597,3945.5684292055666,2208.2494576382205,EXTREME_OVERLAP,MEASURED,CARVE_OUT,VALID
fe30fa76-0f8e-4e8e-bb10-213c16cf8c10,NEW_DISTRICT,2016,14756.90744277702,0.0,1.9544764755660966,14754.952966301453,6.894136384578129,NO_OVERLAP,MEASURED,CARVE_OUT,VALID
61617c40-d1e5-4fa9-8994-4515a7937387,NEW_DISTRICT,2016,14756.90744277702,0.0,1332.922373470585,13423.985069306435,5053.872617685959,EXTREME_OVERLAP,MEASURED,CARVE_OUT,VALID
bcc6c824-d57f-49fd-b4e1-68f5f2fd6cd8,NEW_DISTRICT,2016,14756.90744277702,0.0,426.1258923399072,14330.781550437112,1528.0314656395617,EXTREME_OVERLAP,MEASURED,CARVE_OUT,VALID
e91618a3-37ea-42a2-a6e7-2ed81bfe3fa6,NEW_DISTRICT,2019,14756.90744277702,0.0,335.86171861722573,14421.045724159794,1142.1343160193424,EXTREME_OVERLAP,MEASURED,CARVE_OUT,VALID
482b0338-70c1-4ea4-aada-42ec5e79465d,NEW_DISTRICT,2012,2972.6680226576245,0.0,,,,EXTREME_OVERLAP,MEASURED,CARVE_OUT,VALID
5596f20b-e540-4840-9ae6-46d008bb0149,NEW_DISTRICT,1997,5061.2553260683035,0.0,335.8110954446147,4725.444230623689,2226.4770023665037,EXTREME_OVERLAP,MEASURED,CARVE_OUT,VALID
d4e3ffd7-19df-4977-86ab-981d80f81b3c,NEW_DISTRICT,1997,7166.278863627633,0.0,218.97846608097763,6947.300397546655,1375.852891757275,EXTREME_OVERLAP,MEASURED,CARVE_OUT,VALID
a978a046-99bf-4476-b397-22ec3eef37fd,SPLIT,1956,,0.0,0.0,,,UNKNOWN,UNMEASURED,CLEAN_SPLIT,VALID
77931594-1fd7-4220-849b-6786614242f5,SPLIT,1964,9060.481373241271,0.0,0.0012152414459884167,9060.480157999826,,UNKNOWN,UNMEASURED,CLEAN_SPLIT,VALID
4fe0f5c4-b4bc-4c0e-ab38-3a3d5cc9495c,SPLIT,1969,22478.364538398026,0.0,,,,EXTREME_OVERLAP,MEASURED,CLEAN_SPLIT,VALID
e4b8cf36-8fd7-4ae6-ba09-fb6a5fdbe68a,SPLIT,1972,11320.00803793858,0.0,865.8325837241557,10454.175454214424,6359.25680545034,EXTREME_OVERLAP,MEASURED,CLEAN_SPLIT,VALID
7d6cdf23-15d7-49d6-93f1-8a844605bf82,SPLIT,1976,7959.739414241198,0.0,,,,EXTREME_OVERLAP,MEASURED,CLEAN_SPLIT,VALID
6731272e-e8ea-44b0-99fb-03c924fe3516,SPLIT,1974,14238.369100802365,0.0,2222.0903438452933,12016.278756957072,8705.031859042112,EXTREME_OVERLAP,MEASURED,CARVE_OUT,VALID
af47b02f-a31b-4de5-9e12-37c3e2a4ed37,SPLIT,1987,3646.8273636421522,0.0,0.0,,,UNKNOWN,UNMEASURED,CLEAN_SPLIT,VALID
89e59207-8c24-4423-9e7b-b4795b177337,SPLIT,1981,,0.0,0.0,,,UNKNOWN,UNMEASURED,CLEAN_SPLIT,VALID
db8cf9b2-6805-4622-a6c6-eb3a0b99ac97,SPLIT,1982,1417.8172970192677,0.0,0.02221105075313698,1417.7950859685145,0.0714307506231827,NO_OVERLAP,MEASURED,CARVE_OUT,VALID
f5385ab6-8095-4065-b570-c125d5237913,SPLIT,1997,1467.8300703301863,0.0,12.209331118987642,1455.6207392111987,35.92132921479051,MATERIAL_OVERLAP,MEASURED,CLEAN_SPLIT,VALID
9b5cbf7b-704b-42ed-8402-0eac8281640a,SPLIT,1997,1060.9735665754404,0.0,,,,EXTREME_OVERLAP,MEASURED,CLEAN_SPLIT,VALID
9a889d8a-8888-4371-8f9d-e3c9d958713a,SPLIT,1995,3837.37631725848,0.0,136.20268257003053,3701.1736346884495,353.0987611456022,EXTREME_OVERLAP,MEASURED,CARVE_OUT,VALID
94ecef3b-e84e-4876-9809-e7f83ac50b5e,SPLIT,1997,4439.427884203284,0.0,228.2314327405414,4211.1964514627425,697.0711721580582,EXTREME_OVERLAP,MEASURED,CARVE_OUT,VALID
cfe15f88-a976-4bd7-911f-165d495e2e26,SPLIT,2009,7672.040002079485,0.0,669.3341428252204,7002.705859254264,2279.6985642810123,EXTREME_OVERLAP,MEASURED,CARVE_OUT,VALID
43eed979-4ade-4701-b58f-17bc7ec9b6ed,SPLIT,2002,13461.533561726172,0.0,168.80950228318204,13292.72405944299,3809.8314568222904,EXTREME_OVERLAP,MEASURED,CLEAN_SPLIT,VALID
21c5ae07-488e-4d9e-8833-ddfc738dc2fd,SPLIT,2016,,0.0,0.0,,,INVALID_GEOMETRY,,CARVE_OUT,Missing source geometry observation.
04af41e0-082f-4f6c-a530-5973f35c0b8d,SPLIT,2016,,0.0,0.0,,,INVALID_GEOMETRY,,CARVE_OUT,Missing source geometry observation.
25eb8098-a769-4a80-86a9-d0061337dcf7,NEW_DISTRICT,1970,23196.390123451634,0.0,0.0,,,UNKNOWN,UNMEASURED,CARVE_OUT,VALID
ad4447dc-d962-48c9-9271-094ac97de81f,NEW_DISTRICT,1989,7909.430936785123,0.0,0.0,,,INVALID_GEOMETRY,,CARVE_OUT,Missing target geometry observation.
8cc4e752-7fcf-4b21-90d8-8fe630d52f01,NEW_DISTRICT,1987,2641.923935510518,0.0,0.0,2641.923935510518,,UNKNOWN,UNMEASURED,CARVE_OUT,VALID
c8b39090-25ea-460f-95de-2763d32266f0,NEW_DISTRICT,1989,3826.3754280742737,0.0,,,,EXTREME_OVERLAP,MEASURED,CARVE_OUT,VALID
ceb1b5de-9195-4424-b612-d32f43d28965,NEW_DISTRICT,1972,11320.00803793858,0.0,865.8325837241557,10454.175454214424,6359.25680545034,EXTREME_OVERLAP,MEASURED,CARVE_OUT,VALID
ec373fc2-1bbf-4f30-947a-83809578e3de,NEW_DISTRICT,1977,9204.087187145422,0.0,585.9640681672752,8618.123118978147,4650.443779346218,EXTREME_OVERLAP,MEASURED,CARVE_OUT,VALID
620a75f9-c57c-4823-ab5a-b7d7e06f6752,NEW_DISTRICT,1990,7955.404411519088,0.0,145.76990761380162,7809.634503905287,2668.3503579722283,EXTREME_OVERLAP,MEASURED,CARVE_OUT,VALID
74d0da2f-60c4-4f8e-941f-a1209b6e3b3d,NEW_DISTRICT,1991,6405.989090355114,0.0,222.67421989128474,6183.31487046383,2872.0707865078166,EXTREME_OVERLAP,MEASURED,CARVE_OUT,VALID
6b2b511d-c1bb-45a1-bf25-e47925cd5493,NEW_DISTRICT,1997,1467.8300703301863,0.0,9.6565528484113,1458.173517481775,28.252598978475504,MINOR_OVERLAP,MEASURED,CARVE_OUT,VALID
d7288eac-7a5b-4036-b542-2e5a811d45e5,NEW_DISTRICT,1997,1467.8300703301863,0.0,101.79991540115607,1366.0301549290302,293.8466425650111,EXTREME_OVERLAP,MEASURED,CARVE_OUT,VALID
d1d2c275-6c65-46c2-8baf-2a88222a3b8d,NEW_DISTRICT,1966,12625.329167375983,0.0,0.0,,,UNKNOWN,UNMEASURED,CARVE_OUT,VALID
b1b63888-c5c8-4d41-983e-628daefebac4,NEW_DISTRICT,2008,2744.2975534521975,0.0,10.508178569247173,2733.78937488295,30.83795973685313,MINOR_OVERLAP,MEASURED,CARVE_OUT,VALID
a6fa356a-05a0-46b6-a501-c1fe841a5321,NEW_DISTRICT,1972,8401.794323490636,0.0,265.1430051885121,8136.651318302124,679.6287362884929,EXTREME_OVERLAP,MEASURED,CARVE_OUT,VALID
f8eef427-11fd-4832-8ff9-5fb0ea2989c8,NEW_DISTRICT,1956,,0.0,0.0,,,UNKNOWN,UNMEASURED,CARVE_OUT,VALID
edf34e4b-056d-4ac3-902a-5205d38cfbb6,NEW_DISTRICT,1956,,0.0,0.0,,,UNKNOWN,UNMEASURED,CARVE_OUT,VALID
8fe31875-4c70-4db2-9818-9748a16404b1,NEW_DISTRICT,1979,7416.438855801343,0.0,894.1431155058741,6522.295740295469,1779.339664330084,EXTREME_OVERLAP,MEASURED,CARVE_OUT,VALID
0aab1525-5678-4cdc-b99a-5d8c63bcd364,NEW_DISTRICT,2006,3718.2779960789117,0.0,227.7326174413644,3490.5453786375474,510.29087469172055,EXTREME_OVERLAP,MEASURED,CARVE_OUT,VALID
0aee44d9-4a09-44d0-b5f5-6706cbbe1d8c,NEW_DISTRICT,1990,13468.991605306794,0.0,1066.8139123301164,12402.177692976677,12402.119458540956,EXTREME_OVERLAP,MEASURED,CARVE_OUT,VALID
d30a0df7-b20d-4e4a-914c-5d0f63faf101,NEW_DISTRICT,1979,96362.68229164062,0.0,4805.109132440181,91557.57315920044,12021.791007770415,EXTREME_OVERLAP,MEASURED,CARVE_OUT,VALID
4d102134-8e97-4d97-b6e9-da2ca78788a6,NEW_DISTRICT,1956,17562.35670911488,0.0,0.0,17562.35670911488,,NO_OVERLAP,,CARVE_OUT,VALID
b0120f4c-7cec-4a68-9182-c429d0975fb2,NEW_DISTRICT,1956,20566.480661900627,0.0,1710.7113752054436,18855.769286695184,7034.755324735722,EXTREME_OVERLAP,MEASURED,CARVE_OUT,VALID
c004e142-a8c7-418a-8ce1-3af758f13553,NEW_DISTRICT,1982,11631.731832989019,0.0,0.0,11631.731832989019,,UNKNOWN,UNMEASURED,CARVE_OUT,VALID
2002f075-abd7-4156-8c44-cb5a5c90031d,NEW_DISTRICT,1998,13243.48588794495,0.0,990.1769194559483,12253.308968489,4809.297780211686,EXTREME_OVERLAP,MEASURED,CARVE_OUT,VALID
23931bf8-c1d9-4eb5-ae98-380886e7740c,NEW_DISTRICT,2003,11108.879917934166,0.0,1101.3652941909538,10007.514623743213,3616.2868258997814,EXTREME_OVERLAP,MEASURED,CARVE_OUT,VALID
d20ff19c-fe7b-44cd-97ca-35e304eefcdb,NEW_DISTRICT,1998,10626.638831167655,0.0,1208.791219326037,9417.847611841618,3859.6854437297843,EXTREME_OVERLAP,MEASURED,CARVE_OUT,VALID
f99d621e-1eda-4173-a750-016996c87219,NEW_DISTRICT,1969,22478.364538398026,0.0,,,,EXTREME_OVERLAP,MEASURED,CARVE_OUT,VALID
ab1f6581-dbb4-4238-bc29-23f56414c7c7,NEW_DISTRICT,1983,5459.080902710379,0.0,,,,EXTREME_OVERLAP,MEASURED,CARVE_OUT,VALID
c842a552-cadf-4fc9-9424-59b02f398fd1,NEW_DISTRICT,2016,4111.341987282279,0.0,,,,EXTREME_OVERLAP,MEASURED,CARVE_OUT,VALID
c5f0e0a7-500f-4e16-aa7d-562a695bde99,NEW_DISTRICT,1976,14088.541902295321,0.0,,,,EXTREME_OVERLAP,MEASURED,CARVE_OUT,VALID
4cf3359b-b184-448d-9d1b-96764a8284cc,NEW_DISTRICT,2019,3496.558735539142,0.0,,,,EXTREME_OVERLAP,MEASURED,CARVE_OUT,VALID
8763ea68-e006-4f01-9281-aad5c2b0e576,NEW_DISTRICT,1973,6393.641098031671,0.0,,,,EXTREME_OVERLAP,MEASURED,CARVE_OUT,VALID
05ec14fc-0900-4074-aae4-6f1d071a40f2,NEW_DISTRICT,1973,6018.659594649014,0.0,,,,EXTREME_OVERLAP,MEASURED,CARVE_OUT,VALID
be9747d2-5e42-426b-ad09-0f38c4d82e68,NEW_DISTRICT,2004,3795.5883605093786,0.0,,,,EXTREME_OVERLAP,MEASURED,CARVE_OUT,VALID
17f316e5-9e67-4fba-adad-1e938854af05,NEW_DISTRICT,1972,7429.163388680452,0.0,454.05644660469005,6975.106942075762,1021.0792534372838,EXTREME_OVERLAP,MEASURED,CARVE_OUT,VALID
1ce29893-3b8d-4ebf-816d-67201d636c64,NEW_DISTRICT,1992,,0.0,0.0,,,UNKNOWN,UNMEASURED,CARVE_OUT,VALID
10ed26e7-2924-4b7a-bafb-14c01276cc82,NEW_DISTRICT,1994,20606.767819247565,0.0,2955.698916213095,17651.06890303447,6641.285598388614,EXTREME_OVERLAP,MEASURED,CARVE_OUT,VALID
1fcc5483-e8cd-4c87-a8b5-4ed1e30a1586,NEW_DISTRICT,1997,,0.0,0.0,,,INVALID_GEOMETRY,,CARVE_OUT,Missing source geometry observation.
64b5b58f-4fd1-4b73-92d4-93fa884ab594,NEW_DISTRICT,1956,3899.787638417159,0.0,381.7098169775297,3518.0778214396296,1322.9195904273588,EXTREME_OVERLAP,MEASURED,CARVE_OUT,VALID
98056949-feff-471f-818d-465a2d738426,NEW_DISTRICT,2007,10927.182968699864,0.0,369.207133589009,10557.975835110856,,UNKNOWN,UNMEASURED,CARVE_OUT,VALID
0ff9eb50-e72f-4abc-8769-0196e4e23490,NEW_DISTRICT,2016,,0.0,0.0,,,INVALID_GEOMETRY,,CARVE_OUT,Missing source geometry observation.
e119fdec-c024-40e6-ac94-ec9040d73354,NEW_DISTRICT,2016,12801.523008191938,0.0,159.71785815226374,12641.805150039674,664.6026778764132,EXTREME_OVERLAP,MEASURED,CARVE_OUT,VALID
47de039d-e8fc-46c1-bba5-4df12827e806,NEW_DISTRICT,1997,5953.943521594346,0.0,510.69371979088555,5443.24980180346,1680.030004588455,EXTREME_OVERLAP,MEASURED,CARVE_OUT,VALID
befbb401-114e-42c6-8ddb-8ad3ada37b8a,NEW_DISTRICT,1997,6944.86733780256,0.0,403.33368982455073,6541.533647978009,2106.7178932312536,EXTREME_OVERLAP,MEASURED,CARVE_OUT,VALID
e0cf5dc5-144c-4e03-948b-6d560a934b1e,NEW_DISTRICT,1997,,0.0,0.0,,,INVALID_GEOMETRY,,CARVE_OUT,Missing source geometry observation.
be93d1d1-d98b-4ec8-8505-bad7d778770b,NEW_DISTRICT,1997,,0.0,0.0,,,INVALID_GEOMETRY,,CARVE_OUT,Missing source geometry observation.
d14ca541-a16c-425b-93ca-ffdf8425f12e,NEW_DISTRICT,1981,11290.395332520051,0.0,203.30190393160942,11087.093428588441,7072.230255674563,EXTREME_OVERLAP,MEASURED,CARVE_OUT,VALID
7410d011-b27f-4fe3-9499-ff2f5988c703,NEW_DISTRICT,1992,,0.0,0.0,,,INVALID_GEOMETRY,,CARVE_OUT,Missing source geometry observation.
bb0968ae-240e-4392-b420-1a3c66bba671,NEW_DISTRICT,2002,13461.533561726172,0.0,168.80950228318204,13292.72405944299,3809.8314568222904,EXTREME_OVERLAP,MEASURED,CARVE_OUT,VALID
5f01ec20-1655-4ac2-b282-c909aa100cf0,NEW_DISTRICT,2017,9348.95370700191,0.0,178.13025688292817,9170.823450118982,2889.5773344721883,EXTREME_OVERLAP,MEASURED,CARVE_OUT,VALID
c97bc74e-a010-4316-88c4-f70c491fd895,SPLIT,1970,15178.317373301981,0.0,,,,EXTREME_OVERLAP,MEASURED,CLEAN_SPLIT,VALID
a289464b-6aff-4b56-802b-0bc726b510f9,SPLIT,1964,9227.909743127711,0.0,220.91051353101122,9006.9992295967,453.9255359587037,MATERIAL_OVERLAP,MEASURED,CLEAN_SPLIT,VALID
7d6f32cc-e7ee-4ffb-bf6b-b166e1860913,SPLIT,1979,11387.309814255597,0.0,603.3873699660087,10783.922444289588,4326.873179426085,EXTREME_OVERLAP,MEASURED,CLEAN_SPLIT,VALID
11bf4916-7756-4f7c-8fbf-9e56b8823492,SPLIT,1977,9204.087187145422,0.0,585.9640681672752,8618.123118978147,4650.443779346218,EXTREME_OVERLAP,MEASURED,CLEAN_SPLIT,VALID
951f916c-b4c9-458a-9fc2-d46701cf9931,SPLIT,1972,11320.00803793858,0.0,450.454498344381,10869.553539594199,3644.4148769415774,EXTREME_OVERLAP,MEASURED,CLEAN_SPLIT,VALID
49dce1ce-8bf4-4495-aacc-f14d46d651c5,SPLIT,1976,7959.739414241198,0.0,,,,EXTREME_OVERLAP,MEASURED,CLEAN_SPLIT,VALID
1cb60171-22b6-46cd-9430-a1100dcf1ac5,SPLIT,1976,14088.541902295321,0.0,,,,EXTREME_OVERLAP,MEASURED,CLEAN_SPLIT,VALID
e0a7cae9-7fbc-42e6-93bb-176708fbe7d0,SPLIT,1976,14088.541902295321,0.0,,,,EXTREME_OVERLAP,MEASURED,CLEAN_SPLIT,VALID
b8843595-8ab4-46a0-8c65-a8bf4bb5addb,SPLIT,1973,7090.027624325411,0.0,41.75071836205267,7048.276905963358,1113.2507024457168,EXTREME_OVERLAP,MEASURED,CLEAN_SPLIT,VALID
45b5997f-6624-4945-91b0-b2e6ea107ae1,SPLIT,1983,5459.080902710379,0.0,,,,EXTREME_OVERLAP,MEASURED,CLEAN_SPLIT,VALID
24d95431-5dc9-475a-963e-1d0f100a356a,SPLIT,1981,11290.395332520051,0.0,97.40659853765001,11192.988733982402,3916.8132145451846,EXTREME_OVERLAP,MEASURED,CLEAN_SPLIT,VALID
c1369045-0ff1-42de-a57e-5714f795e0cc,SPLIT,1991,2985.749724880524,0.0,68.73401167171791,2917.015713208806,882.2276918869485,EXTREME_OVERLAP,MEASURED,CARVE_OUT,VALID
5bfb361d-0a36-4e42-bded-05d9b50046c4,SPLIT,1994,,0.0,0.0,,,UNKNOWN,UNMEASURED,CLEAN_SPLIT,VALID
184c66ad-6d32-4fee-be48-9433df36b72c,SPLIT,2013,3991.4134874396195,0.0,178.02797857458347,3813.385508865036,389.2961605275466,EXTREME_OVERLAP,MEASURED,CARVE_OUT,VALID
44258886-c003-46ab-916e-ff8965129137,SPLIT,2016,,0.0,0.0,,,INVALID_GEOMETRY,,CARVE_OUT,Missing source geometry observation.
6aba09f3-2536-4718-97ac-a7030cfb6ce6,SPLIT,2016,,0.0,0.0,,,INVALID_GEOMETRY,,CARVE_OUT,Missing source geometry observation.
514470f7-ab66-495c-98e5-28ade8b8e4f3,SPLIT,2016,,0.0,0.0,,,INVALID_GEOMETRY,,CARVE_OUT,Missing source geometry observation.
62877773-acab-45f6-a195-a14046282bda,SPLIT,2019,,0.0,0.0,,,INVALID_GEOMETRY,,CARVE_OUT,Missing source geometry observation.
c53dcb64-5c5c-4944-b082-06bd861501e4,SPLIT,2019,,0.0,0.0,,,INVALID_GEOMETRY,,CARVE_OUT,Missing source geometry observation.
9b01942a-20af-417d-8f47-087065b11fe8,NEW_DISTRICT,2022,,0.0,0.0,,,INVALID_GEOMETRY,,UNKNOWN,Missing source and target geometry observations.
ac63f9e4-f679-45a1-995b-30ab4a1a9b7e,NEW_DISTRICT,1987,,0.0,0.0,,,INVALID_GEOMETRY,,UNKNOWN,Missing source and target geometry observations.
6b99547c-c367-47a8-82e8-65a6b2531627,NEW_DISTRICT,1987,,0.0,0.0,,,INVALID_GEOMETRY,,UNKNOWN,Missing source and target geometry observations.
1ad8a143-61d6-4109-9747-1d1c254b49cd,NEW_DISTRICT,2017,,0.0,0.0,,,INVALID_GEOMETRY,,UNKNOWN,Missing source and target geometry observations.
31044f0e-507d-4424-9787-eb2d38148363,NEW_DISTRICT,1961,,0.0,0.0,,,INVALID_GEOMETRY,,UNKNOWN,Missing source and target geometry observations.
06f2add2-617c-4513-a87c-0262e7941a82,NEW_DISTRICT,2012,,0.0,0.0,,,INVALID_GEOMETRY,,UNKNOWN,Missing source and target geometry observations.
d8c5d120-d4b5-47fd-9fff-dfd295f58838,NEW_DISTRICT,2013,,0.0,0.0,,,INVALID_GEOMETRY,,UNKNOWN,Missing source and target geometry observations.
466bf67d-da5b-4a3a-a345-519fc2f1b766,NEW_DISTRICT,1956,,0.0,0.0,,,INVALID_GEOMETRY,,UNKNOWN,Missing source and target geometry observations.
e9635696-79d7-4f40-a91e-57ba3f854861,NEW_DISTRICT,2006,,0.0,0.0,,,INVALID_GEOMETRY,,UNKNOWN,Missing source and target geometry observations.
40fd15ec-05c1-404d-b3d1-dee54a7a585d,NEW_DISTRICT,1997,,0.0,0.0,,,INVALID_GEOMETRY,,UNKNOWN,Missing source and target geometry observations.
54a5545c-efbb-4492-84a1-4b9cb40e17af,NEW_DISTRICT,1972,,0.0,0.0,,,INVALID_GEOMETRY,,UNKNOWN,Missing source and target geometry observations.
2771100e-5035-48cc-babd-73d52f0e5425,NEW_DISTRICT,2021,,0.0,0.0,,,INVALID_GEOMETRY,,UNKNOWN,Missing source and target geometry observations.
a8fac086-983c-4774-85a1-a2ba5ede31f3,NEW_DISTRICT,2021,,0.0,0.0,,,INVALID_GEOMETRY,,UNKNOWN,Missing source and target geometry observations.
e3bae7c0-4233-491d-9deb-25193eb5b82f,NEW_DISTRICT,2021,,0.0,0.0,,,INVALID_GEOMETRY,,UNKNOWN,Missing source and target geometry observations.
95284113-292a-47c9-be39-60565654c244,NEW_DISTRICT,2021,,0.0,0.0,,,INVALID_GEOMETRY,,UNKNOWN,Missing source and target geometry observations.
a34946a6-19b4-4575-b2a1-e7d7d73a28b1,NEW_DISTRICT,1997,,0.0,0.0,,,INVALID_GEOMETRY,,UNKNOWN,Missing source and target geometry observations.
05bbbd6d-38ea-483c-a8b6-ba9f8a0dca8c,NEW_DISTRICT,2020,,0.0,0.0,,,INVALID_GEOMETRY,,UNKNOWN,Missing source and target geometry observations.
6501094d-ae4a-47ba-85da-8fa136a0d6fa,NEW_DISTRICT,2016,,0.0,0.0,,,INVALID_GEOMETRY,,UNKNOWN,Missing source and target geometry observations.
30c3ddc4-529f-4622-9d2c-c34dd420c584,NEW_DISTRICT,1976,,0.0,0.0,,,INVALID_GEOMETRY,,UNKNOWN,Missing source and target geometry observations.
8598df48-b661-401d-865c-833604ac486e,NEW_DISTRICT,2011,,0.0,0.0,,,INVALID_GEOMETRY,,UNKNOWN,Missing source and target geometry observations.
1ca19213-d6bb-4419-8b30-398ab1b32104,RENAME,1951,,,,,,INVALID_GEOMETRY,NON_SPATIAL,UNKNOWN,RENAME events are nominal identity changes without spatial transfers.
b637b31d-e552-4b19-ae83-9c2444e509a5,RENAME,1971,,,,,,INVALID_GEOMETRY,NON_SPATIAL,UNKNOWN,RENAME events are nominal identity changes without spatial transfers.
052000a0-5d2d-4004-a184-0f61ac93f8a4,RENAME,2001,,,,,,INVALID_GEOMETRY,NON_SPATIAL,UNKNOWN,RENAME events are nominal identity changes without spatial transfers.
8afa8772-df80-4f62-9355-db8a39585ace,RENAME,1961,,,,,,INVALID_GEOMETRY,NON_SPATIAL,UNKNOWN,RENAME events are nominal identity changes without spatial transfers.
e1c3176c-8ea7-4e9f-9dc8-eccc2eee432d,RENAME,2011,,,,,,INVALID_GEOMETRY,NON_SPATIAL,UNKNOWN,RENAME events are nominal identity changes without spatial transfers.
40f105aa-9a0f-4318-a74c-eb41094646c0,RENAME,1981,,,,,,INVALID_GEOMETRY,NON_SPATIAL,UNKNOWN,RENAME events are nominal identity changes without spatial transfers.
46e652fb-c03e-4a89-b681-61e2d4d9c41e,RENAME,1981,,,,,,INVALID_GEOMETRY,NON_SPATIAL,UNKNOWN,RENAME events are nominal identity changes without spatial transfers.
455f04b6-cb6a-44aa-904a-d3af38158a53,RENAME,1971,,,,,,INVALID_GEOMETRY,NON_SPATIAL,UNKNOWN,RENAME events are nominal identity changes without spatial transfers.
7453a4c4-a8f0-4349-a2ca-05c901126ce8,RENAME,2001,,,,,,INVALID_GEOMETRY,NON_SPATIAL,UNKNOWN,RENAME events are nominal identity changes without spatial transfers.
0e4acfbe-ae21-430c-b977-746f67ee8368,RENAME,1991,,,,,,INVALID_GEOMETRY,NON_SPATIAL,UNKNOWN,RENAME events are nominal identity changes without spatial transfers.
d3f4ab31-f7af-49b1-a430-64e185b30ee4,RENAME,1991,,,,,,INVALID_GEOMETRY,NON_SPATIAL,UNKNOWN,RENAME events are nominal identity changes without spatial transfers.
fde82ee8-18d0-44de-86f9-93c9b4fdf302,RENAME,1951,,,,,,INVALID_GEOMETRY,NON_SPATIAL,UNKNOWN,RENAME events are nominal identity changes without spatial transfers.
bf08daeb-e2a6-4df3-adf2-24a66a806306,RENAME,1971,,,,,,INVALID_GEOMETRY,NON_SPATIAL,UNKNOWN,RENAME events are nominal identity changes without spatial transfers.
51bb6a04-3815-4dbc-8ecd-01abbc43b3a4,SPLIT,1954,,0.0,0.0,,,INVALID_GEOMETRY,,UNKNOWN,Missing source and target geometry observations.
32e67423-82e9-40a7-ad78-afca4c17cee4,SPLIT,1957,,0.0,0.0,,,INVALID_GEOMETRY,,UNKNOWN,Missing source and target geometry observations.
d9424ffd-dc8d-4e1b-b97e-700417a918eb,SPLIT,1956,,0.0,0.0,,,INVALID_GEOMETRY,,UNKNOWN,Missing source and target geometry observations.
6dd8b6e3-9f7a-4781-8ddb-ae7ff1334149,SPLIT,1961,,0.0,0.0,,,INVALID_GEOMETRY,,UNKNOWN,Missing source and target geometry observations.
301f19a0-5a6e-4d76-a581-4a0284194f5f,SPLIT,1979,,0.0,0.0,,,INVALID_GEOMETRY,,UNKNOWN,Missing source and target geometry observations.
cb313e7a-c5ff-4895-b708-38d66dfbce16,SPLIT,1976,,0.0,0.0,,,INVALID_GEOMETRY,,UNKNOWN,Missing source and target geometry observations.
2319f146-17d4-42e3-bfad-63f5a543f2db,SPLIT,1972,,0.0,0.0,,,INVALID_GEOMETRY,,UNKNOWN,Missing source and target geometry observations.
d9fd71c0-359f-4918-993c-6e071d0aa0bd,SPLIT,1972,,0.0,0.0,,,INVALID_GEOMETRY,,UNKNOWN,Missing source and target geometry observations.
4ab765cb-9e98-4b2a-ae0d-3c3a4fe72732,SPLIT,1973,,0.0,0.0,,,INVALID_GEOMETRY,,UNKNOWN,Missing source and target geometry observations.
d1980451-2581-415a-89a2-5a38e68cd050,SPLIT,1972,,0.0,0.0,,,INVALID_GEOMETRY,,UNKNOWN,Missing source and target geometry observations.
caee3e28-8614-4d11-8812-65c5dd9d1372,SPLIT,1972,,0.0,0.0,,,INVALID_GEOMETRY,,UNKNOWN,Missing source and target geometry observations.
ac97c6ac-2547-43d7-8253-3a424ebff2cf,SPLIT,1972,,0.0,0.0,,,INVALID_GEOMETRY,,UNKNOWN,Missing source and target geometry observations.
b6c0ca4f-8ecc-4666-a61c-85539eab5b27,SPLIT,1972,,0.0,0.0,,,INVALID_GEOMETRY,,UNKNOWN,Missing source and target geometry observations.
75e13506-fe7f-4737-9b85-668699bf4bb8,SPLIT,1972,,0.0,0.0,,,INVALID_GEOMETRY,,UNKNOWN,Missing source and target geometry observations.
36f6dcc5-9291-4d8a-9ece-17d2c1c30d4c,SPLIT,1972,,0.0,0.0,,,INVALID_GEOMETRY,,UNKNOWN,Missing source and target geometry observations.
65c4280f-8f1b-47a5-af5d-c03ae6172849,SPLIT,1972,,0.0,0.0,,,INVALID_GEOMETRY,,UNKNOWN,Missing source and target geometry observations.
04c1734d-f090-4535-81c8-a5bd38e42035,SPLIT,1987,,0.0,0.0,,,INVALID_GEOMETRY,,UNKNOWN,Missing source and target geometry observations.
7500acf1-2228-402a-a153-50cbca034b21,SPLIT,1983,,0.0,0.0,,,INVALID_GEOMETRY,,UNKNOWN,Missing source and target geometry observations.
5d8aacb7-0b80-4da4-a7d5-b0a6e47e6d19,SPLIT,1989,,0.0,0.0,,,INVALID_GEOMETRY,,UNKNOWN,Missing source and target geometry observations.
4ccea326-cb28-4a50-9794-b8c2dfafd488,SPLIT,1989,,0.0,0.0,,,INVALID_GEOMETRY,,UNKNOWN,Missing source and target geometry observations.
69676f49-fdb8-4979-af2d-38c0a21af0f1,SPLIT,1981,,0.0,0.0,,,INVALID_GEOMETRY,,UNKNOWN,Missing source and target geometry observations.
8030e10c-d555-431d-acc8-b609cb4072e7,SPLIT,1989,,0.0,0.0,,,INVALID_GEOMETRY,,UNKNOWN,Missing source and target geometry observations.
4d63c4a4-e42e-4e5c-8cf9-cfbe11bf7b37,SPLIT,1994,,0.0,0.0,,,INVALID_GEOMETRY,,UNKNOWN,Missing source and target geometry observations.
623acb90-27c9-47fa-bd73-a29a60465036,SPLIT,1991,,0.0,0.0,,,INVALID_GEOMETRY,,UNKNOWN,Missing source and target geometry observations.
aef76f53-c36a-4769-87a0-a3ea43c1c835,SPLIT,1991,,0.0,0.0,,,INVALID_GEOMETRY,,UNKNOWN,Missing source and target geometry observations.
92e0094b-393c-42b3-8d2c-9692bde00ecc,SPLIT,1998,,0.0,0.0,,,INVALID_GEOMETRY,,UNKNOWN,Missing source and target geometry observations.
6978ed40-ccf4-4892-8b88-12789d7730ae,SPLIT,1995,,0.0,0.0,,,INVALID_GEOMETRY,,UNKNOWN,Missing source and target geometry observations.
be2b3b82-da4f-445e-a1e7-359a0071e852,SPLIT,1991,,0.0,0.0,,,INVALID_GEOMETRY,,UNKNOWN,Missing source and target geometry observations.
8723ab13-19c0-4a7d-bff3-b805ba4fc66f,SPLIT,1997,,0.0,0.0,,,INVALID_GEOMETRY,,UNKNOWN,Missing source and target geometry observations.
e5d082a7-cfff-49e6-995f-da97d8ca8fdf,SPLIT,1998,,0.0,0.0,,,INVALID_GEOMETRY,,UNKNOWN,Missing source and target geometry observations.
0e8cf764-b5e9-45b1-838c-83f760774456,SPLIT,1998,,0.0,0.0,,,INVALID_GEOMETRY,,UNKNOWN,Missing source and target geometry observations.
8e56f21a-50b7-41f1-ba02-28376368edca,SPLIT,1998,,0.0,0.0,,,INVALID_GEOMETRY,,UNKNOWN,Missing source and target geometry observations.
bab7809e-2fc0-486d-9d74-96474e6a4dbe,SPLIT,1999,,0.0,0.0,,,INVALID_GEOMETRY,,UNKNOWN,Missing source and target geometry observations.
8078f55b-a84c-4e64-933c-aac3be414519,SPLIT,1992,,0.0,0.0,,,INVALID_GEOMETRY,,UNKNOWN,Missing source and target geometry observations.
e2a862e1-63b2-474b-b995-d8ef7fa9cbd4,SPLIT,1998,,0.0,0.0,,,INVALID_GEOMETRY,,UNKNOWN,Missing source and target geometry observations.
9c536b7b-5589-4f32-a7ed-2a42bd9e61ab,SPLIT,1993,,0.0,0.0,,,INVALID_GEOMETRY,,UNKNOWN,Missing source and target geometry observations.
e54ab8c0-d44f-4603-938a-40915a13d32e,SPLIT,1995,,0.0,0.0,,,INVALID_GEOMETRY,,UNKNOWN,Missing source and target geometry observations.
10838c1c-33af-4484-ba5e-216cd0bb25c6,SPLIT,1994,,0.0,0.0,,,INVALID_GEOMETRY,,UNKNOWN,Missing source and target geometry observations.
e10fa354-77c2-405d-9df5-9493b5e9ddaa,SPLIT,1991,,0.0,0.0,,,INVALID_GEOMETRY,,UNKNOWN,Missing source and target geometry observations.
e41cc13c-f80e-42b1-9c21-b10f075028c7,SPLIT,1997,,0.0,0.0,,,INVALID_GEOMETRY,,UNKNOWN,Missing source and target geometry observations.
ec48ce6a-3b44-423d-bf58-69e4259c07bd,SPLIT,1997,,0.0,0.0,,,INVALID_GEOMETRY,,UNKNOWN,Missing source and target geometry observations.
639c1a17-be2b-4c6d-a2cf-36b298b39721,SPLIT,1994,,0.0,0.0,,,INVALID_GEOMETRY,,UNKNOWN,Missing source and target geometry observations.
9887859d-7ce3-44ff-a1c6-156ebdb680f7,SPLIT,1997,,0.0,0.0,,,INVALID_GEOMETRY,,UNKNOWN,Missing source and target geometry observations.
11e5cc63-bdd2-4d1e-9261-d00bcce23c70,SPLIT,2006,,0.0,0.0,,,INVALID_GEOMETRY,,UNKNOWN,Missing source and target geometry observations.
6cbe1bb5-3fcc-4528-9eb0-a116b1fc9231,SPLIT,2001,,0.0,0.0,,,INVALID_GEOMETRY,,UNKNOWN,Missing source and target geometry observations.
268ee117-7091-4ae0-9cd8-298d014a1612,SPLIT,2004,,0.0,0.0,,,INVALID_GEOMETRY,,UNKNOWN,Missing source and target geometry observations.
dae500e1-2c34-46cd-aeb5-e2a2bad2f8de,SPLIT,2005,,0.0,0.0,,,INVALID_GEOMETRY,,UNKNOWN,Missing source and target geometry observations.
7e4abbfc-ee2e-4b2b-9c47-6bdb987c70ac,SPLIT,2006,,0.0,0.0,,,INVALID_GEOMETRY,,UNKNOWN,Missing source and target geometry observations.
2fcf25e2-684e-4248-a7d6-09fc985c04bc,SPLIT,2001,,0.0,0.0,,,INVALID_GEOMETRY,,UNKNOWN,Missing source and target geometry observations.
5209c254-6ece-467c-9d62-ed5280c6fde1,SPLIT,2001,,0.0,0.0,,,INVALID_GEOMETRY,,UNKNOWN,Missing source and target geometry observations.
77091c2a-093f-40b8-b9b0-2923bcf71302,SPLIT,2001,,0.0,0.0,,,INVALID_GEOMETRY,,UNKNOWN,Missing source and target geometry observations.
8729cc37-ecc4-4118-9cf0-c5f04424c344,SPLIT,2001,,0.0,0.0,,,INVALID_GEOMETRY,,UNKNOWN,Missing source and target geometry observations.
58b30421-212a-4c25-91e9-f3c04eed52c7,SPLIT,2004,,0.0,0.0,,,INVALID_GEOMETRY,,UNKNOWN,Missing source and target geometry observations.
792e90a1-a354-4039-bf3d-3cbb46c42f87,SPLIT,2004,,0.0,0.0,,,INVALID_GEOMETRY,,UNKNOWN,Missing source and target geometry observations.
2dc9dea2-cc7b-4197-b113-9a74466e581f,SPLIT,2004,,0.0,0.0,,,INVALID_GEOMETRY,,UNKNOWN,Missing source and target geometry observations.
feebf22d-8f3d-4c33-96a4-a6fb8e52d152,SPLIT,2006,,0.0,0.0,,,INVALID_GEOMETRY,,UNKNOWN,Missing source and target geometry observations.
cd20d14d-36a5-403b-adc9-b9e7e123cf58,SPLIT,2015,,0.0,0.0,,,INVALID_GEOMETRY,,UNKNOWN,Missing source and target geometry observations.
378a1820-fb97-4325-bcbc-d748bbec9e17,SPLIT,2018,,0.0,0.0,,,INVALID_GEOMETRY,,UNKNOWN,Missing source and target geometry observations.
02cd6089-51cd-43d0-9c64-a967f6d14876,SPLIT,2015,,0.0,0.0,,,INVALID_GEOMETRY,,UNKNOWN,Missing source and target geometry observations.
137ecd37-62c0-43aa-a66a-1b602d636994,SPLIT,2015,,0.0,0.0,,,INVALID_GEOMETRY,,UNKNOWN,Missing source and target geometry observations.
846933a2-9a56-4aeb-95c2-aeb23dc41060,SPLIT,2015,,0.0,0.0,,,INVALID_GEOMETRY,,UNKNOWN,Missing source and target geometry observations.
ab773a22-e0c7-4e3a-bd34-7c346c759fb0,SPLIT,2012,,0.0,0.0,,,INVALID_GEOMETRY,,UNKNOWN,Missing source and target geometry observations.
6457f43a-44e8-4e2d-a79d-9ac9097eeb9a,SPLIT,2020,,0.0,0.0,,,INVALID_GEOMETRY,,UNKNOWN,Missing source and target geometry observations.
c509b69c-bea4-405f-a9c6-5570b3dbe6af,SPLIT,2012,,0.0,0.0,,,INVALID_GEOMETRY,,UNKNOWN,Missing source and target geometry observations.
3ff4c7c4-2899-4b50-a15f-4050c6ac7b32,SPLIT,2012,,0.0,0.0,,,INVALID_GEOMETRY,,UNKNOWN,Missing source and target geometry observations.
7732d2d6-c7db-4f1d-a98f-08188489c220,SPLIT,2013,,0.0,0.0,,,INVALID_GEOMETRY,,UNKNOWN,Missing source and target geometry observations.
6770c43b-d5a7-4cec-b54c-de5b963878c2,SPLIT,2016,,0.0,0.0,,,INVALID_GEOMETRY,,UNKNOWN,Missing source and target geometry observations.
2a569b6d-eb34-4713-932d-25aaafe150ba,SPLIT,2016,,0.0,0.0,,,INVALID_GEOMETRY,,UNKNOWN,Missing source and target geometry observations.
16c04ef6-6f8e-44f6-b2b5-3024a7859407,SPLIT,2012,,0.0,0.0,,,INVALID_GEOMETRY,,UNKNOWN,Missing source and target geometry observations.
e2ea4cc1-7fbb-47c0-bcdd-8246cdd3c515,SPLIT,2011,,0.0,0.0,,,INVALID_GEOMETRY,,UNKNOWN,Missing source and target geometry observations.
48a812b1-0633-495d-9458-05f9abfea779,SPLIT,2016,,0.0,0.0,,,INVALID_GEOMETRY,,UNKNOWN,Missing source and target geometry observations.
69248789-aba3-4342-943f-d20ea5f57826,SPLIT,2016,,0.0,0.0,,,INVALID_GEOMETRY,,UNKNOWN,Missing source and target geometry observations.
4cf57b69-24ad-42a0-a126-299ab121e7f4,SPLIT,2022,,0.0,0.0,,,INVALID_GEOMETRY,,UNKNOWN,Missing source and target geometry observations.
fa787d5f-b21c-4731-a76d-6ce94a98ca62,SPLIT,2022,,0.0,0.0,,,INVALID_GEOMETRY,,UNKNOWN,Missing source and target geometry observations.
4bf51cab-6cb3-4afb-85bf-5035eef06c80,SPLIT,2022,,0.0,0.0,,,INVALID_GEOMETRY,,UNKNOWN,Missing source and target geometry observations.
58862bf8-bda8-4706-aae1-90c49c0b6c61,SPLIT,2022,,0.0,0.0,,,INVALID_GEOMETRY,,UNKNOWN,Missing source and target geometry observations.
c74d8665-6264-4d95-8328-49e8356753bf,SPLIT,2022,,0.0,0.0,,,INVALID_GEOMETRY,,UNKNOWN,Missing source and target geometry observations.
903d0671-2a7b-461e-8697-9c93f63fa524,SPLIT,2023,,0.0,0.0,,,INVALID_GEOMETRY,,UNKNOWN,Missing source and target geometry observations.
1c7f06c4-e853-4cda-a9b8-ce7601a872b7,SPLIT,2023,,0.0,0.0,,,INVALID_GEOMETRY,,UNKNOWN,Missing source and target geometry observations.
7391744e-0037-4513-8afe-163d7845f7d3,SPLIT,2023,,0.0,0.0,,,INVALID_GEOMETRY,,UNKNOWN,Missing source and target geometry observations.
77e8d694-3279-4f05-85d0-0ff61166575e,SPLIT,2023,,0.0,0.0,,,INVALID_GEOMETRY,,UNKNOWN,Missing source and target geometry observations.
501f2a1e-d3f6-484d-825b-ddbb5c326fde,SPLIT,2023,,0.0,0.0,,,INVALID_GEOMETRY,,UNKNOWN,Missing source and target geometry observations.
3ed7c82d-63d4-4a14-828a-5cf328fee89e,NEW_DISTRICT,2022,,0.0,0.0,,,INVALID_GEOMETRY,,UNKNOWN,Missing source and target geometry observations.
505b2804-0b1c-465c-a373-7bf8504355d6,RENAME,1991,,,,,,INVALID_GEOMETRY,NON_SPATIAL,UNKNOWN,RENAME events are nominal identity changes without spatial transfers.
64e6c5e7-4376-4a6f-8561-cc1ac2c508c4,SPLIT,2019,,0.0,0.0,,,INVALID_GEOMETRY,,UNKNOWN,Missing source and target geometry observations.
27cc7433-7629-4c74-ac4a-dbc583496b1d,NEW_DISTRICT,2016,,0.0,0.0,,,INVALID_GEOMETRY,,UNKNOWN,Missing source and target geometry observations.
6c0f1493-615a-463c-98c5-6b8988116a55,SPLIT,2004,,0.0,0.0,,,INVALID_GEOMETRY,,UNKNOWN,Missing source and target geometry observations.
