event_id,event_type,effective_year,source_ck,source_district_name,source_state,target_ck,target_district_name,target_state,source_snapshot_id,target_snapshot_id,source_area_before_km2,target_area_before_km2,source_area_after_km2,target_area_after_km2,area_transferred_km2,area_received_km2,area_relinquished_km2,raw_transfer_weight,statistical_weight,coverage_score,overlap_excess,area_measurement_method,measurement_status,crosswalk_status,relationship_type,evidence_type,confidence,normalization_method,distribution_assumption,pipeline_run_id,area_retained_km2,overlap_area_km2,unaccounted_area_km2,net_source_area_change_km2,net_target_area_change_km2
001b4f47-1e20-4917-98f6-b25a7138951c,NEW_DISTRICT,2022,,,,,,,,,,,,,,,,,,,,,UNMEASURED,UNMEASURED,,,,,,149f2020-a4d9-4dff-a50f-44da4f58f1cd,0.0,0.0,,,
0022f420-a92f-43f6-ab84-be7419e53e73,NEW_DISTRICT,1954,,,,,,,,,,,,,,,,,,,,,UNMEASURED,UNMEASURED,,,,,,149f2020-a4d9-4dff-a50f-44da4f58f1cd,0.0,0.0,,,
00525c22-1a80-41d1-aa8b-bc70ed994752,NEW_DISTRICT,1973,IND-000364,Karnal,Haryana,IND-000447,Kurukshetra,Haryana,2095,2577,7765.213542005201,,3819.800352357889,3945.507444718086,3945.4587274148444,3945.4587274148444,3945.4587274148444,0.508094040952287,0.32989274072491975,1.0,0.5401795136073031,AREA_WEIGHTED,MEASURED,MEASURED_NORMALIZED,FORMED_FROM,,1.00,PROPORTIONAL_APPORTIONMENT,Weights normalized (pre-normalization sum=1.540) due to overlapping target geometries detected in crosswalk_errors,149f2020-a4d9-4dff-a50f-44da4f58f1cd,3819.800352357889,4194.609274177213,-0.04553776753255079,-3945.413189647312,3945.507444718086
00772328-768d-49cb-84f3-f70debc83d68,RENAME,1951,,,,,,,,,,,,,,,,,,,,,NON_SPATIAL,UNMEASURED,,,,,,149f2020-a4d9-4dff-a50f-44da4f58f1cd,0.0,0.0,,,
009aa08c-0639-4867-9e65-a4222fcedb37,NEW_DISTRICT,1972,IND-000108,Shahabad,Bihar,IND-000432,Bhojpur,Bihar,585,2491,11320.00803793858,,,4094.9306682466026,4094.8693752859585,4094.8693752859585,4094.8693752859585,0.36173732046498186,0.2501998413498806,1.0,0.4457935645096063,AREA_WEIGHTED,MEASURED,MEASURED_NORMALIZED,FORMED_FROM,,1.00,PROPORTIONAL_APPORTIONMENT,Weights normalized (pre-normalization sum=1.446) due to overlapping target geometries detected in crosswalk_errors,149f2020-a4d9-4dff-a50f-44da4f58f1cd,0.0,5046.386733510034,7225.138662652622,,4094.9306682466026
00f07bb3-21fa-4456-820c-128f80d764ae,SPLIT,1953,,,,,,,,,,,,,,,,,,,,,UNMEASURED,UNMEASURED,,,,,,149f2020-a4d9-4dff-a50f-44da4f58f1cd,0.0,0.0,,,
00fd30f3-159b-4782-89b2-05a3f3e8e632,SPLIT,1973,,,,,,,,,,,,,,,,,,,,,UNMEASURED,UNMEASURED,,,,,,149f2020-a4d9-4dff-a50f-44da4f58f1cd,0.0,0.0,,,
010a97d3-a255-4fd8-a610-fa81e819f64c,NEW_DISTRICT,1956,IND-000143,Jammu and Kashmir,Jammu and Kashmir,IND-000322,Ladakh,Jammu and Kashmir,708,1824,,,,96362.68229164062,,,,,,0.0,,UNMEASURED,UNMEASURED,UNMEASURED,FORMED_FROM,,1.00,NONE,No geometric data available for this lineage pair,149f2020-a4d9-4dff-a50f-44da4f58f1cd,0.0,0.0,,,96362.68229164062
010b7fd8-bc16-4959-bb0c-5ad3acba19e5,NEW_DISTRICT,2022,,,,,,,,,,,,,,,,,,,,,UNMEASURED,UNMEASURED,,,,,,149f2020-a4d9-4dff-a50f-44da4f58f1cd,0.0,0.0,,,
0110aee8-99a8-4d53-b456-593c60f4a4d2,SPLIT,1957,IND-000212,Malabar,Madras,IND-000335,Kozhikode,Kerala,1038,1897,12789.189098051245,,,6574.145904678048,6573.846948370346,6573.846948370346,6573.846948370346,0.5140159315786516,0.3705636849384977,1.0,0.387119009419292,AREA_WEIGHTED,MEASURED,MEASURED_NORMALIZED,SPLIT_FROM,,1.00,PROPORTIONAL_APPORTIONMENT,Weights normalized (pre-normalization sum=1.387) due to overlapping target geometries detected in crosswalk_errors,149f2020-a4d9-4dff-a50f-44da4f58f1cd,0.0,4950.938214913606,6215.3421496809,,6574.145904678048
01c15e1c-06f7-4669-bba3-c4d9cd16f90f,SPLIT,2008,,,,,,,,,,,,,,,,,,,,,UNMEASURED,UNMEASURED,,,,,,149f2020-a4d9-4dff-a50f-44da4f58f1cd,0.0,0.0,,,
0241db55-cbcc-471a-97c1-8fef3f4df2eb,SPLIT,2001,,,,,,,,,,,,,,,,,,,,,UNMEASURED,UNMEASURED,,,,,,149f2020-a4d9-4dff-a50f-44da4f58f1cd,0.0,0.0,,,
02426a43-405f-4db0-b68f-ef5e75b9c7f9,SPLIT,1972,,,,,,,,,,,,,,,,,,,,,UNMEASURED,UNMEASURED,,,,,,149f2020-a4d9-4dff-a50f-44da4f58f1cd,0.0,0.0,,,
02617eb3-e659-4a95-89bf-7b6abb75b754,SPLIT,1991,,,,,,,,,,,,,,,,,,,,,UNMEASURED,UNMEASURED,,,,,,149f2020-a4d9-4dff-a50f-44da4f58f1cd,0.0,0.0,,,
0271f61f-a9fe-43da-80e2-50c0b02ec05d,NEW_DISTRICT,1992,IND-000601,Lower Subansiri,Arunachal Pradesh,IND-000600,Papum Pare,Arunachal Pradesh,3109,3104,,,9423.178915753346,3364.3232481089512,,,,,,,,,UNMEASURED,UNMEASURED,FORMED_FROM,,1.00,,,149f2020-a4d9-4dff-a50f-44da4f58f1cd,9423.178915753346,0.0,,,3364.3232481089512
029b70dc-ef7e-45b7-8a28-f815036b0677,SPLIT,1972,,,,,,,,,,,,,,,,,,,,,UNMEASURED,UNMEASURED,,,,,,149f2020-a4d9-4dff-a50f-44da4f58f1cd,0.0,0.0,,,
02cd6089-51cd-43d0-9c64-a967f6d14876,SPLIT,2015,,,,,,,,,,,,,,,,,,,,,UNMEASURED,UNMEASURED,,,,,,149f2020-a4d9-4dff-a50f-44da4f58f1cd,0.0,0.0,,,
04af41e0-082f-4f6c-a530-5973f35c0b8d,SPLIT,2016,IND-000816,,,IND-000825,Siddipet,Telangana,,4011,,,2749.53751080338,3626.567979082939,,,,,,,,,UNMEASURED,UNMEASURED,FORMED_FROM,,1.00,,,149f2020-a4d9-4dff-a50f-44da4f58f1cd,2749.53751080338,0.0,,,3626.567979082939
04c1734d-f090-4535-81c8-a5bd38e42035,SPLIT,1987,,,,,,,,,,,,,,,,,,,,,UNMEASURED,UNMEASURED,,,,,,149f2020-a4d9-4dff-a50f-44da4f58f1cd,0.0,0.0,,,
04ceb673-eba9-452a-8a7a-5905d00b86fc,RENAME,1961,,,,,,,,,,,,,,,,,,,,,NON_SPATIAL,UNMEASURED,,,,,,149f2020-a4d9-4dff-a50f-44da4f58f1cd,0.0,0.0,,,
052000a0-5d2d-4004-a184-0f61ac93f8a4,RENAME,2001,,,,,,,,,,,,,,,,,,,,,NON_SPATIAL,UNMEASURED,,,,,,149f2020-a4d9-4dff-a50f-44da4f58f1cd,0.0,0.0,,,
054634ab-1e42-4f94-9d46-10a2f83c9c4a,NEW_DISTRICT,1994,IND-000474,Deoria,Uttar_pradesh,IND-000581,Kushinagar,Uttar Pradesh,2688,3031,5360.606689055379,,,2848.8975527791185,2848.8804383035067,2848.8804383035067,2848.8804383035067,,0.5314473908559635,1.0000528010772372,,AREA_WEIGHTED,MEASURED,MEASURED,FORMED_FROM,,1.00,NONE,Uniform spatial distribution assumed across district area; no ancillary data available for this build,149f2020-a4d9-4dff-a50f-44da4f58f1cd,0.0,0.0,2511.7262507518726,,2848.8975527791185
0585ef2a-050d-4878-8ec8-23abda9c4d40,NEW_DISTRICT,1987,IND-000503,,,IND-000500,Changlang,Arunachal_pradesh,,2740,,,2171.4794283737606,4973.193940622871,,,,,,,,,UNMEASURED,UNMEASURED,FORMED_FROM,,1.00,,,149f2020-a4d9-4dff-a50f-44da4f58f1cd,2171.4794283737606,0.0,,,4973.193940622871
05aab76a-c10e-49bb-a1ce-d80e199a29b2,SPLIT,2007,IND-000360,Hazaribag,Bihar,IND-000762,Hazaribagh,Jharkhand,2072,3784,,5975.525882419854,,4291.408556556065,,,,,,0.0,,UNMEASURED,UNMEASURED,UNMEASURED,SPLIT_FROM,,1.00,NONE,No geometric data available for this lineage pair,149f2020-a4d9-4dff-a50f-44da4f58f1cd,0.0,0.0,,,-1684.1173258637882
05afed2e-bb89-49df-81de-7d1e6ae7e698,SPLIT,2012,IND-000559,South West,Delhi,IND-000556,New Delhi,Delhi,2945,2934,415.03411761464355,35.86031635357003,280.7043595052531,157.11028205164723,117.24648425387103,117.24648425387103,117.24648425387103,0.2824984242927557,0.1424393780933772,1.0,0.9832888073097434,AREA_WEIGHTED,MEASURED,MEASURED_NORMALIZED,FORMED_FROM,,1.00,PROPORTIONAL_APPORTIONMENT,Weights normalized (pre-normalization sum=1.983) due to overlapping target geometries detected in crosswalk_errors,149f2020-a4d9-4dff-a50f-44da4f58f1cd,280.7043595052531,408.0984025021546,17.08327385551945,-134.32975810939047,121.2499656980772
05bbbd6d-38ea-483c-a8b6-ba9f8a0dca8c,NEW_DISTRICT,2020,,,,,,,,,,,,,,,,,,,,,UNMEASURED,UNMEASURED,,,,,,149f2020-a4d9-4dff-a50f-44da4f58f1cd,0.0,0.0,,,
05ec14fc-0900-4074-aae4-6f1d071a40f2,NEW_DISTRICT,1973,IND-000341,Tuensang,Nagaland,IND-000402,Mon,Nagaland,1946,2326,6018.659594649014,21081.143788952166,3795.5896545157057,2223.058517373301,2222.969060351226,2222.969060351226,2222.969060351226,0.3693462016571916,0.16251206113048125,1.0,1.2727310150884303,AREA_WEIGHTED,MEASURED,MEASURED_NORMALIZED,FORMED_FROM,,1.00,PROPORTIONAL_APPORTIONMENT,Weights normalized (pre-normalization sum=2.273) due to overlapping target geometries detected in crosswalk_errors,149f2020-a4d9-4dff-a50f-44da4f58f1cd,3795.5896545157057,7660.134735369361,0.10087978208321147,-2223.0699401333086,-18858.085271578864
0615b53c-a108-4335-a439-b3f7515a7614,NEW_DISTRICT,1966,IND-000367,,,IND-000368,Kulu,Himachal Pradesh,,2121,,,8401.794323490636,5431.778141776359,,,,,,,,,UNMEASURED,UNMEASURED,FORMED_FROM,,1.00,,,149f2020-a4d9-4dff-a50f-44da4f58f1cd,8401.794323490636,0.0,,,5431.778141776359
06821f2f-ea96-45fc-b88e-17993bd3cf3f,SPLIT,2012,,,,,,,,,,,,,,,,,,,,,UNMEASURED,UNMEASURED,,,,,,149f2020-a4d9-4dff-a50f-44da4f58f1cd,0.0,0.0,,,
068bbd76-ca45-4289-8de9-401677229cbf,SPLIT,1979,,,,,,,,,,,,,,,,,,,,,UNMEASURED,UNMEASURED,,,,,,149f2020-a4d9-4dff-a50f-44da4f58f1cd,0.0,0.0,,,
06c0d543-b6fc-402a-9269-29f73641345d,SPLIT,1983,,,,,,,,,,,,,,,,,,,,,UNMEASURED,UNMEASURED,,,,,,149f2020-a4d9-4dff-a50f-44da4f58f1cd,0.0,0.0,,,
06f2add2-617c-4513-a87c-0262e7941a82,NEW_DISTRICT,2012,,,,,,,,,,,,,,,,,,,,,UNMEASURED,UNMEASURED,,,,,,149f2020-a4d9-4dff-a50f-44da4f58f1cd,0.0,0.0,,,
073f6657-8245-4773-897c-51c868d87e52,SPLIT,2004,,,,,,,,,,,,,,,,,,,,,UNMEASURED,UNMEASURED,,,,,,149f2020-a4d9-4dff-a50f-44da4f58f1cd,0.0,0.0,,,
07600426-793b-4f51-9864-292e8c8c1634,SPLIT,1998,,,,,,,,,,,,,,,,,,,,,UNMEASURED,UNMEASURED,,,,,,149f2020-a4d9-4dff-a50f-44da4f58f1cd,0.0,0.0,,,
07672b87-cd01-4597-a8ad-9ccf125488cc,NEW_DISTRICT,2014,IND-000314,Jalpaiguri,West Bengal,IND-000874,Alipurduar,West Bengal,1761,4137,6262.063523813318,,3399.184783762253,2749.769589662794,2734.3807768220045,2734.3807768220045,2734.3807768220045,,0.4366581026244346,0.9842727552624335,,AREA_WEIGHTED,MEASURED,MEASURED,FORMED_FROM,,1.00,NONE,Uniform spatial distribution assumed across district area; no ancillary data available for this build,149f2020-a4d9-4dff-a50f-44da4f58f1cd,3399.184783762253,0.0,128.4979632290606,-2862.878740051065,2749.769589662794
078f48f0-e028-4080-9a5c-c8f2c1f08481,NEW_DISTRICT,1997,IND-000686,Valsad,Gujarat,IND-000685,Navsari,Gujarat,3507,3501,5178.429151035631,,2968.0406386957825,2210.3677597710166,2210.330092146432,2210.330092146432,2210.330092146432,0.42683408958185504,0.2133328765096384,1.0,1.0007890793267893,AREA_WEIGHTED,MEASURED,MEASURED_NORMALIZED,FORMED_FROM,,1.00,PROPORTIONAL_APPORTIONMENT,Weights normalized (pre-normalization sum=2.001) due to overlapping target geometries detected in crosswalk_errors,149f2020-a4d9-4dff-a50f-44da4f58f1cd,2968.0406386957825,5182.515342423956,0.05842019341616833,-2210.388512339848,2210.3677597710166
07c1b9ef-1b88-47ec-a73b-160c7a598866,NEW_DISTRICT,2018,IND-000841,Tikamgarh,Madhya Pradesh,IND-000888,Niwari,Madhya Pradesh,4064,4184,5024.781801973254,,3717.3485244091794,1317.31913627127,1246.0303940633326,1246.0303940633326,1246.0303940633326,0.24797701535497738,0.12619611264551536,1.0,0.9650131066362111,AREA_WEIGHTED,MEASURED,MEASURED_NORMALIZED,FORMED_FROM,,1.00,PROPORTIONAL_APPORTIONMENT,Weights normalized (pre-normalization sum=1.965) due to overlapping target geometries detected in crosswalk_errors,149f2020-a4d9-4dff-a50f-44da4f58f1cd,3717.3485244091794,4848.980296891309,61.402883500742064,-1307.4332775640746,1317.31913627127
07c51b37-67b3-427b-b6c9-707dbe1c083a,SPLIT,2013,,,,,,,,,,,,,,,,,,,,,UNMEASURED,UNMEASURED,,,,,,149f2020-a4d9-4dff-a50f-44da4f58f1cd,0.0,0.0,,,
07c6c190-c97b-4720-bdf9-c1c3fed2965e,SPLIT,2012,,,,,,,,,,,,,,,,,,,,,UNMEASURED,UNMEASURED,,,,,,149f2020-a4d9-4dff-a50f-44da4f58f1cd,0.0,0.0,,,
07e4cab3-7f35-471e-b3cc-b070ae8f90eb,NEW_DISTRICT,1993,IND-000231,Phulabani,Orissa,IND-000644,Baudh,Orissa,1132,3293,11200.06889810001,,,3106.691806661081,3106.6078712780427,3106.6078712780427,3106.6078712780427,,0.2773739964943475,1.000055139174845,,AREA_WEIGHTED,MEASURED,MEASURED,FORMED_FROM,,1.00,NONE,Uniform spatial distribution assumed across district area; no ancillary data available for this build,149f2020-a4d9-4dff-a50f-44da4f58f1cd,0.0,0.0,8093.461026821967,,3106.691806661081
07f4de91-4b08-4313-8d25-490d83e9a6ba,SPLIT,1995,,,,,,,,,,,,,,,,,,,,,UNMEASURED,UNMEASURED,,,,,,149f2020-a4d9-4dff-a50f-44da4f58f1cd,0.0,0.0,,,
08126cfb-ac02-4539-b0a9-341f79057b68,NEW_DISTRICT,2016,IND-000753,Chandel,Manipur,IND-000871,Tengnoupal,Manipur,3756,4131,3261.919155083064,,2119.3248730280034,1142.328650637007,1111.3005640812157,1111.3005640812157,1111.3005640812157,0.34068918058544484,0.1149069090428441,1.0,1.964914672436413,AREA_WEIGHTED,MEASURED,MEASURED_NORMALIZED,FORMED_FROM,,1.00,PROPORTIONAL_APPORTIONMENT,Weights normalized (pre-normalization sum=2.965) due to overlapping target geometries detected in crosswalk_errors,149f2020-a4d9-4dff-a50f-44da4f58f1cd,2119.3248730280034,6409.3928081241,31.293717973845105,-1142.5942820550608,1142.328650637007
089f4409-b14d-4cdb-89dc-78819baa9a33,SPLIT,1973,IND-000117,Purnea,Bihar,IND-000359,Purnia,Bihar,635,2064,10980.479973380885,10980.479973380885,,7955.404411519088,,,,,,0.0,0.7081952189165401,UNMEASURED,UNMEASURED,UNMEASURED,SPLIT_FROM,,1.00,NONE,No geometric data available for this lineage pair,149f2020-a4d9-4dff-a50f-44da4f58f1cd,0.0,7776.323418557161,10980.479973380885,,-3025.075561861797
08ba2767-5a0e-4f5b-8b41-80d83960d2bd,SPLIT,1970,IND-000131,Tripura,Tripura,IND-000354,North Tripura,Tripura,693,2027,10370.715090609212,,,4316.269914408081,4316.157918375231,4316.157918375231,4316.157918375231,0.416187107703263,0.25343034298410694,1.0,0.6422149881609198,AREA_WEIGHTED,MEASURED,MEASURED_NORMALIZED,SPLIT_FROM,,1.00,PROPORTIONAL_APPORTIONMENT,Weights normalized (pre-normalization sum=1.642) due to overlapping target geometries detected in crosswalk_errors,149f2020-a4d9-4dff-a50f-44da4f58f1cd,0.0,6660.228669135868,6054.557172233981,,4316.269914408081
08fbbcc1-9b01-4f23-bd57-47cca900d702,NEW_DISTRICT,1973,IND-000318,Mokokchung,Nagaland,IND-000400,Zunheboto,Nagaland,1785,2313,4162.630923380044,,1603.3612857716737,1643.6841609009043,926.8614855459589,926.8614855459589,926.8614855459589,0.22266242254149934,0.22163584539710937,1.0,0.004631819110986646,AREA_WEIGHTED,MEASURED,MEASURED_NORMALIZED,FORMED_FROM,,1.00,PROPORTIONAL_APPORTIONMENT,Weights normalized (pre-normalization sum=1.005) due to overlapping target geometries detected in crosswalk_errors,149f2020-a4d9-4dff-a50f-44da4f58f1cd,1603.3612857716737,19.280553462895675,1632.4081520624113,-2559.2696376083704,1643.6841609009043
090a2a30-449d-4d44-b174-6d916b2f8a49,NEW_DISTRICT,1973,IND-000117,Purnea,Bihar,IND-000444,Katihar,Bihar,635,2563,10980.479973380885,,,3025.0575983286535,3024.980857427464,3024.980857427464,3024.980857427464,0.2754871248579923,0.16127379459165445,1.0,0.7081952189165401,AREA_WEIGHTED,MEASURED,MEASURED_NORMALIZED,FORMED_FROM,,1.00,PROPORTIONAL_APPORTIONMENT,Weights normalized (pre-normalization sum=1.708) due to overlapping target geometries detected in crosswalk_errors,149f2020-a4d9-4dff-a50f-44da4f58f1cd,0.0,7776.323418557161,7955.499115953421,,3025.0575983286535
090cd293-9588-4266-a8e8-4187f57e0dd0,NEW_DISTRICT,1991,IND-000360,Hazaribag,Bihar,IND-000623,Chatra,Jharkhand,2072,3204,,,,3784.1655567055273,,,,,,0.0,,UNMEASURED,UNMEASURED,UNMEASURED,FORMED_FROM,,1.00,NONE,No geometric data available for this lineage pair,149f2020-a4d9-4dff-a50f-44da4f58f1cd,0.0,0.0,,,3784.1655567055273
091cf6ff-fb4c-4670-8e44-0333ee33ab19,RENAME,2011,,,,,,,,,,,,,,,,,,,,,NON_SPATIAL,UNMEASURED,,,,,,149f2020-a4d9-4dff-a50f-44da4f58f1cd,0.0,0.0,,,
094b5618-692d-42f3-95af-11a67cf687dd,SPLIT,1991,,,,,,,,,,,,,,,,,,,,,UNMEASURED,UNMEASURED,,,,,,149f2020-a4d9-4dff-a50f-44da4f58f1cd,0.0,0.0,,,
0971cd6b-f135-47f8-b914-ce14659a2d82,SPLIT,1981,,,,,,,,,,,,,,,,,,,,,UNMEASURED,UNMEASURED,,,,,,149f2020-a4d9-4dff-a50f-44da4f58f1cd,0.0,0.0,,,
09924361-de6d-4cfb-a5f8-ec18340a9525,NEW_DISTRICT,2016,IND-000811,,,IND-000822,Rajanna Sircilla,Telangana,,4005,,,2134.0460571576646,1790.2006229066897,,,,,,,,,UNMEASURED,UNMEASURED,FORMED_FROM,,1.00,,,149f2020-a4d9-4dff-a50f-44da4f58f1cd,2134.0460571576646,0.0,,,1790.2006229066897
099a3a41-8311-4035-ab39-ba8031b0a7c6,SPLIT,1983,,,,,,,,,,,,,,,,,,,,,UNMEASURED,UNMEASURED,,,,,,149f2020-a4d9-4dff-a50f-44da4f58f1cd,0.0,0.0,,,
09dca6c3-ba5b-4a46-a4cf-84d5c3cd98df,SPLIT,1998,,,,,,,,,,,,,,,,,,,,,UNMEASURED,UNMEASURED,,,,,,149f2020-a4d9-4dff-a50f-44da4f58f1cd,0.0,0.0,,,
0a2928b3-9b6b-450a-b9c3-b71472e1d830,SPLIT,1982,,,,,,,,,,,,,,,,,,,,,UNMEASURED,UNMEASURED,,,,,,149f2020-a4d9-4dff-a50f-44da4f58f1cd,0.0,0.0,,,
0aab1525-5678-4cdc-b99a-5d8c63bcd364,NEW_DISTRICT,2006,IND-000317,Jammu,Jammu and Kashmir,IND-000731,Samba,Jammu and Kashmir,1780,3683,3718.2779960789117,,2253.2784025680976,788.3985396964733,738.0234921330849,738.0234921330849,738.0234921330849,,0.19848529155468292,0.7618953809356039,,AREA_WEIGHTED,MEASURED,LOW_COVERAGE,FORMED_FROM,,1.00,NONE,Uniform spatial distribution assumed across district area; no ancillary data available for this build,149f2020-a4d9-4dff-a50f-44da4f58f1cd,2253.2784025680976,0.0,726.9761013777293,-1464.999593510814,788.3985396964733
0ac53694-1003-43f9-b130-fd008e1394df,SPLIT,2012,,,,,,,,,,,,,,,,,,,,,UNMEASURED,UNMEASURED,,,,,,149f2020-a4d9-4dff-a50f-44da4f58f1cd,0.0,0.0,,,
0ad75e94-a14b-467d-820b-a25c432e4e5b,SPLIT,1997,,,,,,,,,,,,,,,,,,,,,UNMEASURED,UNMEASURED,,,,,,149f2020-a4d9-4dff-a50f-44da4f58f1cd,0.0,0.0,,,
0add88ea-b4f2-418b-a228-dc650b58d9be,SPLIT,2016,,,,,,,,,,,,,,,,,,,,,UNMEASURED,UNMEASURED,,,,,,149f2020-a4d9-4dff-a50f-44da4f58f1cd,0.0,0.0,,,
0aee44d9-4a09-44d0-b5f5-6706cbbe1d8c,NEW_DISTRICT,1990,IND-000124,Singhbhum,Bihar,IND-000632,Purbi Singhbhum,Jharkhand,658,3244,13468.991605306794,,,13469.032827303636,13468.933370871073,13468.933370871073,13468.933370871073,0.999995676407156,0.1980430375684011,1.0,4.049385672353023,AREA_WEIGHTED,MEASURED,MEASURED_NORMALIZED,FORMED_FROM,,1.00,PROPORTIONAL_APPORTIONMENT,Weights normalized (pre-normalization sum=5.049) due to overlapping target geometries detected in crosswalk_errors,149f2020-a4d9-4dff-a50f-44da4f58f1cd,0.0,54541.14162757248,0.05823443572080578,,13469.032827303636
0b064fac-c400-4023-b045-5c3e1e5f3b29,SPLIT,2004,,,,,,,,,,,,,,,,,,,,,UNMEASURED,UNMEASURED,,,,,,149f2020-a4d9-4dff-a50f-44da4f58f1cd,0.0,0.0,,,
0b440c4d-9646-4b09-9862-97c102098b57,SPLIT,1974,,,,,,,,,,,,,,,,,,,,,UNMEASURED,UNMEASURED,,,,,,149f2020-a4d9-4dff-a50f-44da4f58f1cd,0.0,0.0,,,
0b509387-7355-43b5-9ba0-d81eae13ad22,NEW_DISTRICT,1997,IND-000116,Delhi,Delhi,IND-000595,North,Sikkim,633,3089,1467.8300703301863,4283.592764609291,,,,,,,,0.0,0.09796757451034721,UNMEASURED,UNMEASURED,UNMEASURED,FORMED_FROM,,1.00,NONE,No geometric data available for this lineage pair,149f2020-a4d9-4dff-a50f-44da4f58f1cd,0.0,143.79975178360073,1467.8300703301863,,
0b71a670-920d-4278-b014-d7a5c5f35fc4,SPLIT,2017,IND-000602,Upper Subansiri,Arunachal Pradesh,IND-000890,Kamle,Arunachal Pradesh,3117,4189,6736.204796401924,13408.958841883028,6402.6845806038955,13408.958841883028,,,,,,0.0,0.8625551309658401,UNMEASURED,UNMEASURED,UNMEASURED,FORMED_FROM,,1.00,NONE,No geometric data available for this lineage pair,149f2020-a4d9-4dff-a50f-44da4f58f1cd,6402.6845806038955,5810.348010373182,333.5202157980284,-333.5202157980284,0.0
0bcacd7a-a116-4224-90c4-ee028f75d1cb,SPLIT,1991,,,,,,,,,,,,,,,,,,,,,UNMEASURED,UNMEASURED,,,,,,149f2020-a4d9-4dff-a50f-44da4f58f1cd,0.0,0.0,,,
0c159886-6d3a-4135-b0cd-d8765ac2f5bc,SPLIT,1973,,,,,,,,,,,,,,,,,,,,,UNMEASURED,UNMEASURED,,,,,,149f2020-a4d9-4dff-a50f-44da4f58f1cd,0.0,0.0,,,
0c54624c-1cc8-4cb8-8306-edc8451a5426,NEW_DISTRICT,1958,,,,,,,,,,,,,,,,,,,,,UNMEASURED,UNMEASURED,,,,,,149f2020-a4d9-4dff-a50f-44da4f58f1cd,0.0,0.0,,,
0c6f5af7-4864-4f6f-ab43-4a238fcd36f0,SPLIT,1984,,,,,,,,,,,,,,,,,,,,,UNMEASURED,UNMEASURED,,,,,,149f2020-a4d9-4dff-a50f-44da4f58f1cd,0.0,0.0,,,
0c94727f-67d3-42bf-83f8-ae68070d8839,RENAME,2011,,,,,,,,,,,,,,,,,,,,,NON_SPATIAL,UNMEASURED,,,,,,149f2020-a4d9-4dff-a50f-44da4f58f1cd,0.0,0.0,,,
0cdca7d0-0c22-40aa-9b75-1dfae314cd0d,NEW_DISTRICT,2017,,,,,,,,,,,,,,,,,,,,,UNMEASURED,UNMEASURED,,,,,,149f2020-a4d9-4dff-a50f-44da4f58f1cd,0.0,0.0,,,
0ce84210-38a0-40fb-8cc4-4f9f08d3d343,NEW_DISTRICT,1997,IND-000697,Bijapur,Karnataka,IND-000696,Bagalkot,Karnataka,3572,3564,17080.889373353533,,10495.741529199904,6585.251999009194,6584.946393284519,6584.946393284519,6584.946393284519,0.38551542893060026,0.07157307071942516,1.0,4.386319534086586,AREA_WEIGHTED,MEASURED,MEASURED_NORMALIZED,FORMED_FROM,,1.00,PROPORTIONAL_APPORTIONMENT,Weights normalized (pre-normalization sum=5.386) due to overlapping target geometries detected in crosswalk_errors,149f2020-a4d9-4dff-a50f-44da4f58f1cd,10495.741529199904,74922.23871791258,0.20145086910997634,-6585.147844153629,6585.251999009194
0d2afe3f-8189-4318-8ea3-0dd0d1dfb3ab,SPLIT,1969,IND-000130,Manipur,Manipur,IND-000346,Manipur South,Manipur,691,1980,22478.364538398026,,,4859.794302034519,4859.794302034519,4859.794302034519,4859.794302034519,0.2161987494122588,0.12398031700822223,1.0,0.7438151041178636,AREA_WEIGHTED,MEASURED,MEASURED_NORMALIZED,SPLIT_FROM,,1.00,PROPORTIONAL_APPORTIONMENT,Weights normalized (pre-normalization sum=1.744) due to overlapping target geometries detected in crosswalk_errors,149f2020-a4d9-4dff-a50f-44da4f58f1cd,0.0,16719.74705952782,17618.570236363506,,4859.794302034519
0d878470-4f4d-47ed-84d9-adfb86691a70,NEW_DISTRICT,1965,IND-000218,Salem,Madras,IND-000350,Dharmapuri,Tamil Nadu,1060,2002,18298.56165499695,,,9583.864306877003,9583.665418611326,9583.665418611326,9583.665418611326,0.5237387287210211,0.21267505970735628,1.0,1.462624105721153,AREA_WEIGHTED,MEASURED,MEASURED_NORMALIZED,FORMED_FROM,,1.00,PROPORTIONAL_APPORTIONMENT,Weights normalized (pre-normalization sum=2.463) due to overlapping target geometries detected in crosswalk_errors,149f2020-a4d9-4dff-a50f-44da4f58f1cd,0.0,26763.917376623296,8714.896236385623,,9583.864306877003
0dd8891d-043d-4532-aa25-2afd3b1d2585,NEW_DISTRICT,1997,IND-000295,Gonda,Uttar Pradesh,IND-000578,Balrampur,Uttar Pradesh,1607,3019,7367.872464736304,,3950.46515896033,3417.403362851812,3417.403087284927,3417.403087284927,3417.403087284927,,0.46382495131954427,1.000029556292878,,AREA_WEIGHTED,MEASURED,MEASURED,FORMED_FROM,,1.00,NONE,Uniform spatial distribution assumed across district area; no ancillary data available for this build,149f2020-a4d9-4dff-a50f-44da4f58f1cd,3950.46515896033,0.0,0.00421849104714056,-3417.4073057759742,3417.403362851812
0e4acfbe-ae21-430c-b977-746f67ee8368,RENAME,1991,,,,,,,,,,,,,,,,,,,,,NON_SPATIAL,UNMEASURED,,,,,,149f2020-a4d9-4dff-a50f-44da4f58f1cd,0.0,0.0,,,
0e66ed3d-e143-4d1f-8627-4779db8cc5cb,NEW_DISTRICT,1977,IND-000110,Champaran,Bihar,IND-000922,Purba Champaran,Bihar,597,4266,9204.087187145422,,,3967.5174826318616,3967.3824168926703,3967.3824168926703,3967.3824168926703,0.4310457230819783,0.30120666752369263,1.0,0.4310630193738083,AREA_WEIGHTED,MEASURED,MEASURED_NORMALIZED,FORMED_FROM,,1.00,PROPORTIONAL_APPORTIONMENT,Weights normalized (pre-normalization sum=1.431) due to overlapping target geometries detected in crosswalk_errors,149f2020-a4d9-4dff-a50f-44da4f58f1cd,0.0,3967.541613470688,5236.704770252752,,3967.5174826318616
0e8cf764-b5e9-45b1-838c-83f760774456,SPLIT,1998,,,,,,,,,,,,,,,,,,,,,UNMEASURED,UNMEASURED,,,,,,149f2020-a4d9-4dff-a50f-44da4f58f1cd,0.0,0.0,,,
0eaa62db-9625-4a1b-b917-2ca77df089a7,NEW_DISTRICT,1989,IND-000021,Nagaon,Assam,IND-000510,Marigaon,Assam,77,2779,4076.6528671445417,1632.2227248534912,4076.6381600257027,1632.140233237213,0.029770806067300464,0.029770806067300464,0.029770806067300464,7.30275719751267e-06,5.391309779743054e-06,1.0,0.3545423089861317,AREA_WEIGHTED,MEASURED,MEASURED_NORMALIZED,FORMED_FROM,,1.00,PROPORTIONAL_APPORTIONMENT,Weights normalized (pre-normalization sum=1.355) due to overlapping target geometries detected in crosswalk_errors,149f2020-a4d9-4dff-a50f-44da4f58f1cd,4076.6381600257027,1445.34592045236,-0.015063687228575873,-0.014707118838941824,-0.08249161627827561
0f0ddbab-792c-4904-8b82-81d4eec82ab1,NEW_DISTRICT,2008,,,,,,,,,,,,,,,,,,,,,UNMEASURED,UNMEASURED,,,,,,149f2020-a4d9-4dff-a50f-44da4f58f1cd,0.0,0.0,,,
0f54f041-8bbf-44ed-bc90-337c5d71c2ea,SPLIT,1995,,,,,,,,,,,,,,,,,,,,,UNMEASURED,UNMEASURED,,,,,,149f2020-a4d9-4dff-a50f-44da4f58f1cd,0.0,0.0,,,
0f5b8b88-8075-469e-9104-009e96ecfb21,NEW_DISTRICT,1997,IND-000390,Imphal,Manipur,IND-000608,Imphal West,Manipur,2264,3144,1060.9735665754404,,,519.4862202995649,339.09834427202105,339.09834427202105,339.09834427202105,0.31961054917376164,0.09822497664661155,1.0,2.2538623075843427,AREA_WEIGHTED,MEASURED,MEASURED_NORMALIZED,FORMED_FROM,,1.00,PROPORTIONAL_APPORTIONMENT,Weights normalized (pre-normalization sum=3.254) due to overlapping target geometries detected in crosswalk_errors,149f2020-a4d9-4dff-a50f-44da4f58f1cd,0.0,2391.2883310477123,721.8752223034194,,519.4862202995649
0f9be379-bc69-4765-bd3c-2364589d8c2e,SPLIT,1989,,,,,,,,,,,,,,,,,,,,,UNMEASURED,UNMEASURED,,,,,,149f2020-a4d9-4dff-a50f-44da4f58f1cd,0.0,0.0,,,
0fb258cb-907c-48e0-bdce-29a85c897056,SPLIT,2017,IND-000407,West Siang,Arunachal Pradesh,IND-000883,Lower Siang,Arunachal Pradesh,2361,4173,8361.155384251113,,1355.3444627360657,1750.42490157864,1198.8678980022432,1198.8678980022432,1198.8678980022432,0.14338543453700242,0.08522512246334982,1.0,0.6824315459172714,AREA_WEIGHTED,MEASURED,MEASURED_NORMALIZED,FORMED_FROM,,1.00,PROPORTIONAL_APPORTIONMENT,Weights normalized (pre-normalization sum=1.682) due to overlapping target geometries detected in crosswalk_errors,149f2020-a4d9-4dff-a50f-44da4f58f1cd,1355.3444627360657,5705.916194529004,5806.943023512804,-7005.810921515047,1750.42490157864
0fbacdf7-ceaf-4c70-9557-068b0f7b6ec9,SPLIT,2014,,,,,,,,,,,,,,,,,,,,,UNMEASURED,UNMEASURED,,,,,,149f2020-a4d9-4dff-a50f-44da4f58f1cd,0.0,0.0,,,
0ff9eb50-e72f-4abc-8769-0196e4e23490,NEW_DISTRICT,2016,IND-000820,,,IND-000810,Kamareddy,Telangana,,3981,,,4210.948336649883,3746.142571171392,,,,,,,,,UNMEASURED,UNMEASURED,FORMED_FROM,,1.00,,,149f2020-a4d9-4dff-a50f-44da4f58f1cd,4210.948336649883,0.0,,,3746.142571171392
101875e1-333d-4002-8843-0fdf209f8a5f,NEW_DISTRICT,2016,IND-000806,,,IND-000815,Mancherial,Telangana,,3991,,,3996.46639268975,3923.882386935616,,,,,,,,,UNMEASURED,UNMEASURED,FORMED_FROM,,1.00,,,149f2020-a4d9-4dff-a50f-44da4f58f1cd,3996.46639268975,0.0,,,3923.882386935616
1061e238-b641-4835-b5df-d1cd49946ff3,SPLIT,1997,,,,,,,,,,,,,,,,,,,,,UNMEASURED,UNMEASURED,,,,,,149f2020-a4d9-4dff-a50f-44da4f58f1cd,0.0,0.0,,,
10838c1c-33af-4484-ba5e-216cd0bb25c6,SPLIT,1994,,,,,,,,,,,,,,,,,,,,,UNMEASURED,UNMEASURED,,,,,,149f2020-a4d9-4dff-a50f-44da4f58f1cd,0.0,0.0,,,
109e157f-9741-43b3-9fd4-86f978124e85,SPLIT,2022,,,,,,,,,,,,,,,,,,,,,UNMEASURED,UNMEASURED,,,,,,149f2020-a4d9-4dff-a50f-44da4f58f1cd,0.0,0.0,,,
10ad8586-0c4b-4973-b820-283218834f06,SPLIT,1998,,,,,,,,,,,,,,,,,,,,,UNMEASURED,UNMEASURED,,,,,,149f2020-a4d9-4dff-a50f-44da4f58f1cd,0.0,0.0,,,
10c24980-cf68-48fa-b574-0d21a41fd220,SPLIT,2007,IND-000662,Dantewada,Chhattisgarh,IND-000697,Bijapur,Karnataka,3364,3574,20514.976985628567,10495.741529199904,,8191.851133304394,8025.119307882222,8025.119307882222,8025.119307882222,0.3911834419070559,0.3078805716122419,1.0,0.2705687788566573,AREA_WEIGHTED,MEASURED,MEASURED_NORMALIZED,SPLIT_FROM,,1.00,PROPORTIONAL_APPORTIONMENT,Weights normalized (pre-normalization sum=1.271) due to overlapping target geometries detected in crosswalk_errors,149f2020-a4d9-4dff-a50f-44da4f58f1cd,0.0,5550.71227127395,12489.857677746346,,-2303.8903958955098
10e5f44a-daaf-4b61-8d8c-9958d768501b,NEW_DISTRICT,1953,IND-000016,Warangal,Hyderabad,IND-000331,Khammam,Andhra Pradesh,43,1874,21957.440193999504,,2085.2547300917554,16002.878702629729,11842.404571718733,11842.404571718733,11842.404571718733,0.5393344792055955,0.28703462913604927,1.0,0.8789874964876128,AREA_WEIGHTED,MEASURED,MEASURED_NORMALIZED,FORMED_FROM,,1.00,PROPORTIONAL_APPORTIONMENT,Weights normalized (pre-normalization sum=1.879) due to overlapping target geometries detected in crosswalk_errors,149f2020-a4d9-4dff-a50f-44da4f58f1cd,2085.2547300917554,19300.315385400107,8029.7808921890155,-19872.18546390775,16002.878702629729
10ed26e7-2924-4b7a-bafb-14c01276cc82,NEW_DISTRICT,1994,IND-000076,Ganganagar,Rajasthan,IND-000561,Hanumangarh,Rajasthan,374,2952,20606.767819247565,,11009.937053560147,9597.034169048084,9596.984514601709,9596.984514601709,9596.984514601709,,0.46572002939916335,1.000456638925566,,AREA_WEIGHTED,MEASURED,MEASURED,FORMED_FROM,,1.00,NONE,Uniform spatial distribution assumed across district area; no ancillary data available for this build,149f2020-a4d9-4dff-a50f-44da4f58f1cd,11009.937053560147,0.0,-0.15374891429019044,-9596.830765687419,9597.034169048084
1119b82c-06a2-40aa-ae2e-08d56c71f288,SPLIT,1980,IND-000335,Kozhikode,Kerala,IND-000380,Wayanad,Kerala,1898,2199,3739.9212754241466,,2358.5685360291704,2124.706066360751,1381.3483305474767,1381.3483305474767,1381.3483305474767,0.3693522480338352,0.18467487520918047,1.0,1.0000135243923758,AREA_WEIGHTED,MEASURED,MEASURED_NORMALIZED,FORMED_FROM,,1.00,PROPORTIONAL_APPORTIONMENT,Weights normalized (pre-normalization sum=2.000) due to overlapping target geometries detected in crosswalk_errors,149f2020-a4d9-4dff-a50f-44da4f58f1cd,2358.5685360291704,3739.97185558693,0.00440884749923498,-1381.3527393949762,2124.706066360751
11378c49-1387-4f7e-8457-b5822eb43241,NEW_DISTRICT,2008,IND-000087,Chittaurgarh,Rajasthan,IND-000744,Pratapgarh,Rajasthan,466,3725,10534.77559157868,,7744.686481040005,,,,,,,0.0,0.0024649602182131858,UNMEASURED,UNMEASURED,UNMEASURED,FORMED_FROM,,1.00,NONE,No geometric data available for this lineage pair,149f2020-a4d9-4dff-a50f-44da4f58f1cd,7744.686481040005,25.96780274104473,2790.0891105386754,-2790.0891105386754,
116466c9-78fb-400d-9402-de3ae17a3088,NEW_DISTRICT,2016,IND-000816,,,IND-000824,Sangareddy,Telangana,,4009,,,2749.53751080338,4437.188370874527,,,,,,,,,UNMEASURED,UNMEASURED,FORMED_FROM,,1.00,,,149f2020-a4d9-4dff-a50f-44da4f58f1cd,2749.53751080338,0.0,,,4437.188370874527
118c5ddb-b533-45dd-bd8e-c32c20acdc6e,NEW_DISTRICT,2005,IND-000456,Faridabad,Haryana,IND-000742,Mewat,Haryana,2630,3719,2068.258233646709,,751.9789185615152,1531.0877073368088,13.067505351158633,13.067505351158633,13.067505351158633,0.006318120792933233,0.006309997318124102,1.0,0.0012873975058269593,AREA_WEIGHTED,MEASURED,MEASURED_NORMALIZED,FORMED_FROM,,1.00,PROPORTIONAL_APPORTIONMENT,Weights normalized (pre-normalization sum=1.001) due to overlapping target geometries detected in crosswalk_errors,149f2020-a4d9-4dff-a50f-44da4f58f1cd,751.9789185615152,2.6626704914028454,1303.2118097340351,-1316.2793150851937,1531.0877073368088
118f6407-0d82-4eb9-8113-3189ce0ff00f,SPLIT,1999,,,,,,,,,,,,,,,,,,,,,UNMEASURED,UNMEASURED,,,,,,149f2020-a4d9-4dff-a50f-44da4f58f1cd,0.0,0.0,,,
11bbe28d-55f2-4c6e-be27-abd4d3275574,RENAME,2011,,,,,,,,,,,,,,,,,,,,,NON_SPATIAL,UNMEASURED,,,,,,149f2020-a4d9-4dff-a50f-44da4f58f1cd,0.0,0.0,,,
11bf4916-7756-4f7c-8fbf-9e56b8823492,SPLIT,1977,IND-000110,Champaran,Bihar,IND-000438,Pashchim Champaran,Bihar,597,2527,9204.087187145422,,,5236.669329716247,5236.407847513494,5236.407847513494,5236.407847513494,0.5689220170389896,0.3975520360297854,1.0,0.4310630193738083,AREA_WEIGHTED,MEASURED,MEASURED_NORMALIZED,SPLIT_FROM,,1.00,PROPORTIONAL_APPORTIONMENT,Weights normalized (pre-normalization sum=1.431) due to overlapping target geometries detected in crosswalk_errors,149f2020-a4d9-4dff-a50f-44da4f58f1cd,0.0,3967.541613470688,3967.679339631928,,5236.669329716247
11c38136-c469-42d5-a945-8c60f652fd9f,NEW_DISTRICT,1991,IND-000497,Palamu,Bihar,IND-000621,Garhwa,Jharkhand,2737,3196,12750.333480171043,,12750.333480171043,4073.9434564588605,4073.928419835921,4073.928419835921,4073.928419835921,0.31951544060957926,0.1375372970239646,1.0,1.323118510565949,AREA_WEIGHTED,MEASURED,MEASURED_NORMALIZED,FORMED_FROM,,1.00,PROPORTIONAL_APPORTIONMENT,Weights normalized (pre-normalization sum=2.323) due to overlapping target geometries detected in crosswalk_errors,149f2020-a4d9-4dff-a50f-44da4f58f1cd,12750.333480171043,16870.202243503063,-4073.928419835922,0.0,4073.9434564588605
11e198e8-cbdc-4faa-834b-7320bbea442b,SPLIT,1995,,,,,,,,,,,,,,,,,,,,,UNMEASURED,UNMEASURED,,,,,,149f2020-a4d9-4dff-a50f-44da4f58f1cd,0.0,0.0,,,
11e5cc63-bdd2-4d1e-9261-d00bcce23c70,SPLIT,2006,,,,,,,,,,,,,,,,,,,,,UNMEASURED,UNMEASURED,,,,,,149f2020-a4d9-4dff-a50f-44da4f58f1cd,0.0,0.0,,,
12285a8c-16ad-4415-85d5-0f66c139cea5,SPLIT,1994,,,,,,,,,,,,,,,,,,,,,UNMEASURED,UNMEASURED,,,,,,149f2020-a4d9-4dff-a50f-44da4f58f1cd,0.0,0.0,,,
123781cf-36c7-45c2-b716-4d55980ce69d,NEW_DISTRICT,1956,IND-000143,Jammu and Kashmir,Jammu and Kashmir,IND-000340,Udhampur,Jammu and Kashmir,708,1937,,,,4569.978690755184,,,,,,0.0,,UNMEASURED,UNMEASURED,UNMEASURED,FORMED_FROM,,1.00,NONE,No geometric data available for this lineage pair,149f2020-a4d9-4dff-a50f-44da4f58f1cd,0.0,0.0,,,4569.978690755184
1240e309-fc1d-46a5-b2fa-5aaeb9124ca9,SPLIT,1982,,,,,,,,,,,,,,,,,,,,,UNMEASURED,UNMEASURED,,,,,,149f2020-a4d9-4dff-a50f-44da4f58f1cd,0.0,0.0,,,
1269ac1f-35d2-49ec-8709-556f3dca81ce,NEW_DISTRICT,1997,IND-000390,Imphal,Manipur,IND-000609,Imphal East,Manipur,2264,3148,1060.9735665754404,,,567.4296255619096,567.3848376130807,567.3848376130807,567.3848376130807,0.5347775434636494,0.1643516206008934,1.0,2.2538623075843427,AREA_WEIGHTED,MEASURED,MEASURED_NORMALIZED,FORMED_FROM,,1.00,PROPORTIONAL_APPORTIONMENT,Weights normalized (pre-normalization sum=3.254) due to overlapping target geometries detected in crosswalk_errors,149f2020-a4d9-4dff-a50f-44da4f58f1cd,0.0,2391.2883310477123,493.5887289623597,,567.4296255619096
12be5a01-c054-4153-9568-8dadc2a2d037,RENAME,1981,,,,,,,,,,,,,,,,,,,,,NON_SPATIAL,UNMEASURED,,,,,,149f2020-a4d9-4dff-a50f-44da4f58f1cd,0.0,0.0,,,
12d861b9-5914-4177-bb5c-5da08935d364,SPLIT,2022,,,,,,,,,,,,,,,,,,,,,UNMEASURED,UNMEASURED,,,,,,149f2020-a4d9-4dff-a50f-44da4f58f1cd,0.0,0.0,,,
1317f72e-85e8-452a-ab53-b2fd73a8cc57,SPLIT,2006,,,,,,,,,,,,,,,,,,,,,UNMEASURED,UNMEASURED,,,,,,149f2020-a4d9-4dff-a50f-44da4f58f1cd,0.0,0.0,,,
137ecd37-62c0-43aa-a66a-1b602d636994,SPLIT,2015,,,,,,,,,,,,,,,,,,,,,UNMEASURED,UNMEASURED,,,,,,149f2020-a4d9-4dff-a50f-44da4f58f1cd,0.0,0.0,,,
13a8ad42-5534-42eb-b270-72b7372c1090,SPLIT,1991,,,,,,,,,,,,,,,,,,,,,UNMEASURED,UNMEASURED,,,,,,149f2020-a4d9-4dff-a50f-44da4f58f1cd,0.0,0.0,,,
1426f5bc-9d52-42a6-aeb3-f1ffa13b100f,SPLIT,2022,,,,,,,,,,,,,,,,,,,,,UNMEASURED,UNMEASURED,,,,,,149f2020-a4d9-4dff-a50f-44da4f58f1cd,0.0,0.0,,,
14364838-1057-4f6c-851b-51c86f216901,SPLIT,2012,,,,,,,,,,,,,,,,,,,,,UNMEASURED,UNMEASURED,,,,,,149f2020-a4d9-4dff-a50f-44da4f58f1cd,0.0,0.0,,,
145c918e-4a1d-4d6a-8b88-2595805fd618,NEW_DISTRICT,1997,IND-000271,Allahabad,Uttar Pradesh,IND-000575,Kaushambi,Uttar Pradesh,1420,3007,7350.952351914067,,5559.474845290087,1791.370493165363,1791.274838111757,1791.274838111757,1791.274838111757,0.2436792883911618,0.2208188757544543,1.0,0.10352562732059112,AREA_WEIGHTED,MEASURED,MEASURED_NORMALIZED,FORMED_FROM,,1.00,PROPORTIONAL_APPORTIONMENT,Weights normalized (pre-normalization sum=1.104) due to overlapping target geometries detected in crosswalk_errors,149f2020-a4d9-4dff-a50f-44da4f58f1cd,5559.474845290087,761.0119536356784,0.20266851222277182,-1791.47750662398,1791.370493165363
146849f2-c70e-43ab-b5ab-e0e69eb264ae,NEW_DISTRICT,2015,IND-000021,Nagaon,Assam,IND-000864,Hojai,Assam,80,4117,3986.014683159142,,2578.237805267424,1455.4770667676885,1399.3678273957944,1399.3678273957944,1399.3678273957944,0.35106941108574047,0.3309418154310772,1.0,0.06081913712972642,AREA_WEIGHTED,MEASURED,MEASURED_NORMALIZED,FORMED_FROM,,1.00,PROPORTIONAL_APPORTIONMENT,Weights normalized (pre-normalization sum=1.061) due to overlapping target geometries detected in crosswalk_errors,149f2020-a4d9-4dff-a50f-44da4f58f1cd,2578.237805267424,242.42597361615884,8.409050495923566,-1407.776877891718,1455.4770667676885
14a8385b-33b0-4eaa-9c35-3784fec1d69e,SPLIT,2022,,,,,,,,,,,,,,,,,,,,,UNMEASURED,UNMEASURED,,,,,,149f2020-a4d9-4dff-a50f-44da4f58f1cd,0.0,0.0,,,
151bed2e-2591-40a8-b249-561c7383bb93,RENAME,1971,,,,,,,,,,,,,,,,,,,,,NON_SPATIAL,UNMEASURED,,,,,,149f2020-a4d9-4dff-a50f-44da4f58f1cd,0.0,0.0,,,
15400476-0346-4bb8-b6bf-375d69290dc3,SPLIT,2023,,,,,,,,,,,,,,,,,,,,,UNMEASURED,UNMEASURED,,,,,,149f2020-a4d9-4dff-a50f-44da4f58f1cd,0.0,0.0,,,
1584bacc-0738-41fa-aa15-f85da7b8e9f0,NEW_DISTRICT,1991,IND-000470,Kota,Rajasthan,IND-000565,Baran,Rajasthan,2680,2968,12119.039138128759,,12119.039138128759,6993.184686081395,6992.899741230893,6992.899741230893,6992.899741230893,0.5770176712467183,0.28849373217074925,1.0,1.0001047055857768,AREA_WEIGHTED,MEASURED,MEASURED_NORMALIZED,FORMED_FROM,,1.00,PROPORTIONAL_APPORTIONMENT,Weights normalized (pre-normalization sum=2.000) due to overlapping target geometries detected in crosswalk_errors,149f2020-a4d9-4dff-a50f-44da4f58f1cd,12119.039138128759,12120.30806922077,-6992.899741230893,0.0,6993.184686081395
15cc9080-5d4a-498a-b3d0-bfeada3829a9,NEW_DISTRICT,1985,IND-000019,Kamrup,Assam,IND-000421,Nalbari,Assam,60,2432,4588.649941153584,2141.208839094159,4588.641089611689,2141.1934239571174,0.052142363088123256,0.052142363088123256,0.052142363088123256,1.1363334261016802e-05,9.553248537488536e-06,1.0,0.18947332066418965,AREA_WEIGHTED,MEASURED,MEASURED_NORMALIZED,FORMED_FROM,,1.00,PROPORTIONAL_APPORTIONMENT,Weights normalized (pre-normalization sum=1.189) due to overlapping target geometries detected in crosswalk_errors,149f2020-a4d9-4dff-a50f-44da4f58f1cd,4588.641089611689,869.4267417159081,-0.04329082119238592,-0.008851541895637638,-0.015415137041600246
16063ddc-5dd0-4d33-b3a4-d92eb8dbe0cd,SPLIT,1982,,,,,,,,,,,,,,,,,,,,,UNMEASURED,UNMEASURED,,,,,,149f2020-a4d9-4dff-a50f-44da4f58f1cd,0.0,0.0,,,
167628a2-6f5f-4a1f-9dfd-898fb74a71b9,NEW_DISTRICT,1973,IND-000109,Saran,Bihar,IND-000436,Siwan,Bihar,588,2515,6902.697169128855,,2650.875446571274,2216.6147347609412,2216.612648728768,2216.612648728768,2216.612648728768,,0.3211226850052459,0.9999993522302395,,AREA_WEIGHTED,MEASURED,MEASURED,FORMED_FROM,,1.00,NONE,Uniform spatial distribution assumed across district area; no ancillary data available for this build,149f2020-a4d9-4dff-a50f-44da4f58f1cd,2650.875446571274,0.0,2035.2090738288134,-4251.821722557581,2216.6147347609412
169b5e3e-19a0-43cb-9fb9-0a7d9ff2656b,SPLIT,2011,IND-000263,Budaun,Uttar Pradesh,IND-000859,Sambhal,Uttar Pradesh,1355,4101,5194.168485884748,,5194.168485884748,2431.887269939046,903.3590833074112,903.3590833074112,903.3590833074112,,0.17391794004416813,1.0000506645880944,,AREA_WEIGHTED,MEASURED,MEASURED,FORMED_FROM,,1.00,NONE,Uniform spatial distribution assumed across district area; no ancillary data available for this build,149f2020-a4d9-4dff-a50f-44da4f58f1cd,5194.168485884748,0.0,-903.3590833074113,0.0,2431.887269939046
16c04ef6-6f8e-44f6-b2b5-3024a7859407,SPLIT,2012,,,,,,,,,,,,,,,,,,,,,UNMEASURED,UNMEASURED,,,,,,149f2020-a4d9-4dff-a50f-44da4f58f1cd,0.0,0.0,,,
17278792-3f54-45d4-95e6-230db2785972,SPLIT,1992,,,,,,,,,,,,,,,,,,,,,UNMEASURED,UNMEASURED,,,,,,149f2020-a4d9-4dff-a50f-44da4f58f1cd,0.0,0.0,,,
173bf2fe-208f-461d-93b5-f1eada2f986f,NEW_DISTRICT,2006,IND-000427,Pulwama,Jammu and Kashmir,IND-000726,Shupiyan,Jammu and Kashmir,2465,3668,1293.05347422686,,896.2613830785017,492.00625703696244,416.1378707692238,416.1378707692238,416.1378707692238,,0.321825724197555,1.0000814587156182,,AREA_WEIGHTED,MEASURED,MEASURED,FORMED_FROM,,1.00,NONE,Uniform spatial distribution assumed across district area; no ancillary data available for this build,149f2020-a4d9-4dff-a50f-44da4f58f1cd,896.2613830785017,0.0,-19.345779620865414,-396.7920911483584,492.00625703696244
1741867d-8975-4130-8136-8132eaf76a70,NEW_DISTRICT,1998,IND-000396,Aizawl,Mizoram,IND-000613,Serchhip,Mizoram,2294,3164,12668.614066431102,,3346.338841202789,931.0285391292106,931.0285325855173,931.0285325855173,931.0285325855173,0.07349095391993411,0.032919158384329135,1.0,1.2324675820059485,AREA_WEIGHTED,MEASURED,MEASURED_NORMALIZED,FORMED_FROM,,1.00,PROPORTIONAL_APPORTIONMENT,Weights normalized (pre-normalization sum=2.232) due to overlapping target geometries detected in crosswalk_errors,149f2020-a4d9-4dff-a50f-44da4f58f1cd,3346.338841202789,15613.656145820887,8391.246692642795,-9322.275225228314,931.0285391292106
175a3988-d6d1-486c-b789-93495960536c,SPLIT,2011,IND-000264,Moradabad,Uttar Pradesh,IND-000859,Sambhal,Uttar Pradesh,1364,4101,3678.736464067826,,3678.736464067826,2431.887269939046,1460.774446937944,1460.774446937944,1460.774446937944,0.3970859182782198,0.3925260091339226,1.0,0.011616833122366055,AREA_WEIGHTED,MEASURED,MEASURED_NORMALIZED,FORMED_FROM,,1.00,PROPORTIONAL_APPORTIONMENT,Weights normalized (pre-normalization sum=1.012) due to overlapping target geometries detected in crosswalk_errors,149f2020-a4d9-4dff-a50f-44da4f58f1cd,3678.736464067826,42.735267604238906,-1460.774446937944,0.0,2431.887269939046
17624995-164f-402a-93b3-ddcf378fa923,NEW_DISTRICT,1983,IND-000022,Sibsagar,Assam,IND-000423,Jorhat,Assam,86,2444,2641.923935510518,3142.6700294228162,2641.895409681941,3142.671754086188,0.07577037772222452,0.07577037772222452,0.07577037772222452,2.867999971679081e-05,1.2093774713936512e-05,1.0,1.3714679986341096,AREA_WEIGHTED,MEASURED,MEASURED_NORMALIZED,FORMED_FROM,,1.00,PROPORTIONAL_APPORTIONMENT,Weights normalized (pre-normalization sum=2.371) due to overlapping target geometries detected in crosswalk_errors,149f2020-a4d9-4dff-a50f-44da4f58f1cd,2641.895409681941,3623.3141323781606,-0.047244549145489145,-0.02852582857667585,0.0017246633715330972
17f316e5-9e67-4fba-adad-1e938854af05,NEW_DISTRICT,1972,IND-000403,Bhatinda,Punjab,IND-000404,Faridkot,Punjab,2333,2340,7429.163388680452,,,5143.0017330046485,1475.135700041974,1475.135700041974,1475.135700041974,0.1985601369717598,0.1281239520688683,1.0,0.5497503297824526,AREA_WEIGHTED,MEASURED,MEASURED_NORMALIZED,FORMED_FROM,,1.00,PROPORTIONAL_APPORTIONMENT,Weights normalized (pre-normalization sum=1.550) due to overlapping target geometries detected in crosswalk_errors,149f2020-a4d9-4dff-a50f-44da4f58f1cd,0.0,4084.185022934802,5954.027688638478,,5143.0017330046485
184c66ad-6d32-4fee-be48-9433df36b72c,SPLIT,2013,IND-000680,Kheda,Gujarat,IND-000850,Mahisagar,Gujarat,3474,4083,3991.4134874396195,,3392.01817520041,2513.4935894554333,567.3241391021301,567.3241391021301,567.3241391021301,0.14213614823105003,0.0712616023203348,1.0,0.9945685137996243,AREA_WEIGHTED,MEASURED,MEASURED_NORMALIZED,FORMED_FROM,,1.00,PROPORTIONAL_APPORTIONMENT,Weights normalized (pre-normalization sum=1.995) due to overlapping target geometries detected in crosswalk_errors,149f2020-a4d9-4dff-a50f-44da4f58f1cd,3392.01817520041,3969.7341801625976,32.07117313707931,-599.3953122392095,2513.4935894554333
184fb9f0-dc9a-4931-8aae-5f1701e1ea3f,NEW_DISTRICT,2007,,,,,,,,,,,,,,,,,,,,,UNMEASURED,UNMEASURED,,,,,,149f2020-a4d9-4dff-a50f-44da4f58f1cd,0.0,0.0,,,
18526e7c-8c7a-47c0-8673-909aff139a35,SPLIT,1998,,,,,,,,,,,,,,,,,,,,,UNMEASURED,UNMEASURED,,,,,,149f2020-a4d9-4dff-a50f-44da4f58f1cd,0.0,0.0,,,
185f6f40-f576-4ee2-add8-55f6629312fc,SPLIT,2015,,,,,,,,,,,,,,,,,,,,,UNMEASURED,UNMEASURED,,,,,,149f2020-a4d9-4dff-a50f-44da4f58f1cd,0.0,0.0,,,
1874ef8b-25d0-490f-8e58-e6d9c2926679,NEW_DISTRICT,1952,IND-000186,Hoshangabad,Madhya Pradesh,IND-000912,Narsimhapur,Madhya Pradesh,917,4234,15145.52263508443,,10006.312524665473,5139.28899604669,5139.118618102018,5139.118618102018,5139.118618102018,0.3393160303492802,0.17896462210590025,1.0,0.8959950092733624,AREA_WEIGHTED,MEASURED,MEASURED_NORMALIZED,FORMED_FROM,,1.00,PROPORTIONAL_APPORTIONMENT,Weights normalized (pre-normalization sum=1.896) due to overlapping target geometries detected in crosswalk_errors,149f2020-a4d9-4dff-a50f-44da4f58f1cd,10006.312524665473,13570.312693872394,0.0914923169384565,-5139.210110418957,5139.28899604669
189cdb87-6d9b-4afd-b8c5-04a326f2f4eb,NEW_DISTRICT,2003,IND-000666,Sidhi,Madhya Pradesh,IND-000774,Singrauli,Madhya Pradesh,3392,3827,10515.09444441573,,4674.851609319472,5764.657793425316,5701.360391013113,5701.360391013113,5701.360391013113,0.5422072451323483,0.2708644469350649,1.0,1.001766017163313,AREA_WEIGHTED,MEASURED,MEASURED_NORMALIZED,FORMED_FROM,,1.00,PROPORTIONAL_APPORTIONMENT,Weights normalized (pre-normalization sum=2.002) due to overlapping target geometries detected in crosswalk_errors,149f2020-a4d9-4dff-a50f-44da4f58f1cd,4674.851609319472,10533.664281678424,138.88244408314495,-5840.242835096258,5764.657793425316
19152a7c-fd4b-4b9a-bd27-d8ee7b4fcbf8,NEW_DISTRICT,2019,IND-000396,Aizawl,Mizoram,IND-000896,Saitual,Mizoram,2296,4200,3173.5352243124976,,2127.700443397068,1750.5747277547766,1023.7499584165544,1023.7499584165544,1023.7499584165544,0.3225897574961802,0.1612974492493487,1.0,0.9999681271927048,AREA_WEIGHTED,MEASURED,MEASURED_NORMALIZED,FORMED_FROM,,1.00,PROPORTIONAL_APPORTIONMENT,Weights normalized (pre-normalization sum=2.000) due to overlapping target geometries detected in crosswalk_errors,149f2020-a4d9-4dff-a50f-44da4f58f1cd,2127.700443397068,3173.4340748358486,22.084822498875383,-1045.8347809154297,1750.5747277547766
19210377-4e13-4373-a0f2-65d1a4488d6c,SPLIT,1989,,,,,,,,,,,,,,,,,,,,,UNMEASURED,UNMEASURED,,,,,,149f2020-a4d9-4dff-a50f-44da4f58f1cd,0.0,0.0,,,
192c9eed-4e35-47f0-adbc-b7a05de3277b,SPLIT,2022,,,,,,,,,,,,,,,,,,,,,UNMEASURED,UNMEASURED,,,,,,149f2020-a4d9-4dff-a50f-44da4f58f1cd,0.0,0.0,,,
197b80a4-b5b1-429f-a17a-c5f2ae45b991,SPLIT,2012,IND-000391,Jaintia Hills,Meghalaya,IND-000840,East Jaintia Hills,Meghalaya,2268,4057,3792.8859428381875,,,1917.5796813692682,1896.745627329167,1896.745627329167,1896.745627329167,0.500079795679236,0.25064162009283464,1.0,0.9951985448147536,AREA_WEIGHTED,MEASURED,MEASURED_NORMALIZED,SPLIT_FROM,,1.00,PROPORTIONAL_APPORTIONMENT,Weights normalized (pre-normalization sum=1.995) due to overlapping target geometries detected in crosswalk_errors,149f2020-a4d9-4dff-a50f-44da4f58f1cd,0.0,3774.6745709608986,1896.1403155090204,,1917.5796813692682
1983caa5-bf02-4e89-b62b-7fe4f947faf5,NEW_DISTRICT,1998,IND-000706,Mysore,Karnataka,IND-000707,Chamarajanagar,Karnataka,3621,3624,11954.373198796366,,6291.4040680519565,5662.850825170579,5662.8148747508285,5662.8148747508285,5662.8148747508285,0.47370236653821324,0.32078412668698836,1.0,0.47670139239912546,AREA_WEIGHTED,MEASURED,MEASURED_NORMALIZED,FORMED_FROM,,1.00,PROPORTIONAL_APPORTIONMENT,Weights normalized (pre-normalization sum=1.477) due to overlapping target geometries detected in crosswalk_errors,149f2020-a4d9-4dff-a50f-44da4f58f1cd,6291.4040680519565,5698.666349125015,0.15425599358059117,-5662.969130744409,5662.850825170579
1a0bafcf-91d8-4371-87bd-8aa6b7a6dc22,RENAME,2011,,,,,,,,,,,,,,,,,,,,,NON_SPATIAL,UNMEASURED,,,,,,149f2020-a4d9-4dff-a50f-44da4f58f1cd,0.0,0.0,,,
1a1b6542-3b48-4bbb-ad35-2d967d1b443d,SPLIT,1997,,,,,,,,,,,,,,,,,,,,,UNMEASURED,UNMEASURED,,,,,,149f2020-a4d9-4dff-a50f-44da4f58f1cd,0.0,0.0,,,
1a9655ff-d92b-4839-bcf9-d008f7d311c2,NEW_DISTRICT,1997,IND-000116,Delhi,Delhi,IND-000554,North East,Delhi,633,2924,1467.8300703301863,,,48.13271838060808,48.13066033377815,48.13066033377815,48.13066033377815,0.032790349037440845,0.029864587806305777,1.0,0.09796757451034721,AREA_WEIGHTED,MEASURED,MEASURED_NORMALIZED,FORMED_FROM,,1.00,PROPORTIONAL_APPORTIONMENT,Weights normalized (pre-normalization sum=1.098) due to overlapping target geometries detected in crosswalk_errors,149f2020-a4d9-4dff-a50f-44da4f58f1cd,0.0,143.79975178360073,1419.6994099964081,,48.13271838060808
1ad8a143-61d6-4109-9747-1d1c254b49cd,NEW_DISTRICT,2017,,,,,,,,,,,,,,,,,,,,,UNMEASURED,UNMEASURED,,,,,,149f2020-a4d9-4dff-a50f-44da4f58f1cd,0.0,0.0,,,
1b7d3429-cbff-451e-87a9-5f876557d467,SPLIT,1997,IND-000116,Delhi,Delhi,IND-000556,New Delhi,Delhi,633,2932,1467.8300703301863,,,37.909151826886806,37.909151826886806,37.909151826886806,37.909151826886806,0.025826662495311323,0.02352224518727619,1.0,0.09796757451034721,AREA_WEIGHTED,MEASURED,MEASURED_NORMALIZED,SPLIT_FROM,,1.00,PROPORTIONAL_APPORTIONMENT,Weights normalized (pre-normalization sum=1.098) due to overlapping target geometries detected in crosswalk_errors,149f2020-a4d9-4dff-a50f-44da4f58f1cd,0.0,143.79975178360073,1429.9209185032996,,37.909151826886806
1b848d42-0a71-4cf3-a615-5ef31de0be76,SPLIT,2003,,,,,,,,,,,,,,,,,,,,,UNMEASURED,UNMEASURED,,,,,,149f2020-a4d9-4dff-a50f-44da4f58f1cd,0.0,0.0,,,
1bc64c76-a024-4a9e-a072-331b65a996ed,SPLIT,1982,IND-000381,Idukki,Kerala,IND-000524,Pathanamthitta,Kerala,2205,2842,5319.394260539433,,4370.805158757406,2640.3034789244102,0.036428072166835974,0.036428072166835974,0.036428072166835974,6.848161723425601e-06,6.8383617861173e-06,1.0,0.0014330826029409494,AREA_WEIGHTED,MEASURED,MEASURED_NORMALIZED,FORMED_FROM,,1.00,PROPORTIONAL_APPORTIONMENT,Weights normalized (pre-normalization sum=1.001) due to overlapping target geometries detected in crosswalk_errors,149f2020-a4d9-4dff-a50f-44da4f58f1cd,4370.805158757406,7.623131372962997,948.5526737098598,-948.5891017820268,2640.3034789244102
1bf8425d-1f71-411f-876d-d4854b6f3a1f,SPLIT,1973,IND-000141,Sikkim,Sikkim,IND-000936,North District,Sikkim,706,4309,7090.027624325411,,,4211.78123411149,4134.342141955316,4134.342141955316,4134.342141955316,0.5831207381718323,0.2945398082096583,1.0,0.9797688526936139,AREA_WEIGHTED,MEASURED,MEASURED_NORMALIZED,SPLIT_FROM,,1.00,PROPORTIONAL_APPORTIONMENT,Weights normalized (pre-normalization sum=1.980) due to overlapping target geometries detected in crosswalk_errors,149f2020-a4d9-4dff-a50f-44da4f58f1cd,0.0,6946.588231051337,2955.685482370095,,4211.78123411149
1c48a361-0353-4614-b943-ef474f915743,NEW_DISTRICT,1997,IND-000684,Bharuch,Gujarat,IND-000683,Narmada,Gujarat,3496,3490,7493.071878274284,7800.102601057788,4943.018161675774,2808.9293175556413,2549.705148271257,2549.705148271257,2549.705148271257,,0.3402750153330272,1.0008970320932356,,AREA_WEIGHTED,MEASURED,MEASURED,FORMED_FROM,,1.00,NONE,Uniform spatial distribution assumed across district area; no ancillary data available for this build,149f2020-a4d9-4dff-a50f-44da4f58f1cd,4943.018161675774,0.0,0.34856832725381537,-2550.0537165985106,-4991.173283502147
1c57d946-6ca3-4257-89c2-0292c0d09754,SPLIT,1973,,,,,,,,,,,,,,,,,,,,,UNMEASURED,UNMEASURED,,,,,,149f2020-a4d9-4dff-a50f-44da4f58f1cd,0.0,0.0,,,
1c60d5b6-22d6-42c9-9ff0-8e43691b91b1,NEW_DISTRICT,1960,IND-000128,Mahasu,Himachal Pradesh,IND-000320,Kinnaur,Himachal Pradesh,686,1800,11524.45563362246,,5523.24520648348,6511.891827794665,6511.832358538463,6511.832358538463,6511.832358538463,0.5650446811162404,0.5283544211690295,1.0,0.06944251524579004,AREA_WEIGHTED,MEASURED,MEASURED_NORMALIZED,FORMED_FROM,,1.00,PROPORTIONAL_APPORTIONMENT,Weights normalized (pre-normalization sum=1.069) due to overlapping target geometries detected in crosswalk_errors,149f2020-a4d9-4dff-a50f-44da4f58f1cd,5523.24520648348,800.2871860372585,-510.6219313994843,-6001.21042713898,6511.891827794665
1c7f06c4-e853-4cda-a9b8-ce7601a872b7,SPLIT,2023,,,,,,,,,,,,,,,,,,,,,UNMEASURED,UNMEASURED,,,,,,149f2020-a4d9-4dff-a50f-44da4f58f1cd,0.0,0.0,,,
1ca19213-d6bb-4419-8b30-398ab1b32104,RENAME,1951,,,,,,,,,,,,,,,,,,,,,NON_SPATIAL,UNMEASURED,,,,,,149f2020-a4d9-4dff-a50f-44da4f58f1cd,0.0,0.0,,,
1cb60171-22b6-46cd-9430-a1100dcf1ac5,SPLIT,1976,IND-000024,United Khasi and Jaintia Hills,Assam,IND-000393,West Khasi Hills,Meghalaya,100,2275,14088.541902295321,,,5037.100821525741,5036.990862360423,5036.990862360423,5036.990862360423,0.35752392953736334,0.2305042834786404,1.0,0.5510511307721235,AREA_WEIGHTED,MEASURED,MEASURED_NORMALIZED,SPLIT_FROM,,1.00,PROPORTIONAL_APPORTIONMENT,Weights normalized (pre-normalization sum=1.551) due to overlapping target geometries detected in crosswalk_errors,149f2020-a4d9-4dff-a50f-44da4f58f1cd,0.0,7763.506946190281,9051.551039934897,,5037.100821525741
1cd9069e-c16e-41bf-955f-22f7d599cf99,NEW_DISTRICT,1974,,,,,,,,,,,,,,,,,,,,,UNMEASURED,UNMEASURED,,,,,,149f2020-a4d9-4dff-a50f-44da4f58f1cd,0.0,0.0,,,
1ce29893-3b8d-4ebf-816d-67201d636c64,NEW_DISTRICT,1992,IND-000403,Bathinda,Punjab,IND-000538,Mansa,Punjab,2335,2882,,,,2579.8106939183426,,,,,,0.0,,UNMEASURED,UNMEASURED,UNMEASURED,FORMED_FROM,,1.00,NONE,No geometric data available for this lineage pair,149f2020-a4d9-4dff-a50f-44da4f58f1cd,0.0,0.0,,,2579.8106939183426
1cef362e-4187-4076-a84d-155f5464f015,SPLIT,2008,,,,,,,,,,,,,,,,,,,,,UNMEASURED,UNMEASURED,,,,,,149f2020-a4d9-4dff-a50f-44da4f58f1cd,0.0,0.0,,,
1cfcd184-ddf2-4b6a-8a5c-9e03d306ab8e,RENAME,2011,,,,,,,,,,,,,,,,,,,,,NON_SPATIAL,UNMEASURED,,,,,,149f2020-a4d9-4dff-a50f-44da4f58f1cd,0.0,0.0,,,
1d468113-3453-44ab-ad26-5084dc45dabb,SPLIT,1982,,,,,,,,,,,,,,,,,,,,,UNMEASURED,UNMEASURED,,,,,,149f2020-a4d9-4dff-a50f-44da4f58f1cd,0.0,0.0,,,
1d8b60e0-d3e1-4253-9476-7c4308e0bae9,SPLIT,2018,,,,,,,,,,,,,,,,,,,,,UNMEASURED,UNMEASURED,,,,,,149f2020-a4d9-4dff-a50f-44da4f58f1cd,0.0,0.0,,,
1da26724-b6e7-4257-be1b-2d960a553e8f,SPLIT,1974,IND-000347,Manipur Central,Manipur,IND-000871,Tengnoupal,Manipur,1987,4131,5459.080902710379,,,1142.328650637007,1097.4399016461402,1097.4399016461402,1097.4399016461402,0.20103015895977513,0.11683658154884874,1.0,0.7206097293742331,AREA_WEIGHTED,MEASURED,MEASURED_NORMALIZED,SPLIT_FROM,,1.00,PROPORTIONAL_APPORTIONMENT,Weights normalized (pre-normalization sum=1.721) due to overlapping target geometries detected in crosswalk_errors,149f2020-a4d9-4dff-a50f-44da4f58f1cd,0.0,3933.86681193417,4361.6410010642385,,1142.328650637007
1e446766-a638-40b2-b004-636104a2ff10,SPLIT,1991,,,,,,,,,,,,,,,,,,,,,UNMEASURED,UNMEASURED,,,,,,149f2020-a4d9-4dff-a50f-44da4f58f1cd,0.0,0.0,,,
1e44f04c-7faf-454f-a1f6-40e026e9a2c3,SPLIT,1985,,,,,,,,,,,,,,,,,,,,,UNMEASURED,UNMEASURED,,,,,,149f2020-a4d9-4dff-a50f-44da4f58f1cd,0.0,0.0,,,
1ef05969-428e-42b4-9598-5cfafd994032,NEW_DISTRICT,2009,,,,,,,,,,,,,,,,,,,,,UNMEASURED,UNMEASURED,,,,,,149f2020-a4d9-4dff-a50f-44da4f58f1cd,0.0,0.0,,,
1efab99a-bc07-4594-a0e1-77e31cc7a1a0,RENAME,2011,,,,,,,,,,,,,,,,,,,,,NON_SPATIAL,UNMEASURED,,,,,,149f2020-a4d9-4dff-a50f-44da4f58f1cd,0.0,0.0,,,
1f03778e-a60b-4cb0-83a3-58a1d82dae17,SPLIT,1993,,,,,,,,,,,,,,,,,,,,,UNMEASURED,UNMEASURED,,,,,,149f2020-a4d9-4dff-a50f-44da4f58f1cd,0.0,0.0,,,
1f1fbd6a-3972-45e0-b606-661202eb26c6,SPLIT,1970,IND-000131,Tripura,Tripura,IND-000353,West Tripura,Tripura,693,2020,10370.715090609212,,,2543.8778379435203,2543.7576494890122,2543.7576494890122,2543.7576494890122,0.24528276278579966,0.1493609329802101,1.0,0.6422149881609198,AREA_WEIGHTED,MEASURED,MEASURED_NORMALIZED,SPLIT_FROM,,1.00,PROPORTIONAL_APPORTIONMENT,Weights normalized (pre-normalization sum=1.642) due to overlapping target geometries detected in crosswalk_errors,149f2020-a4d9-4dff-a50f-44da4f58f1cd,0.0,6660.228669135868,7826.957441120199,,2543.8778379435203
1f493ed7-2f20-483d-baa4-58d4a068ab3a,SPLIT,2001,,,,,,,,,,,,,,,,,,,,,UNMEASURED,UNMEASURED,,,,,,149f2020-a4d9-4dff-a50f-44da4f58f1cd,0.0,0.0,,,
1f8ffebe-049e-45f2-a5c4-3fda2d4fe2d3,SPLIT,1997,,,,,,,,,,,,,,,,,,,,,UNMEASURED,UNMEASURED,,,,,,149f2020-a4d9-4dff-a50f-44da4f58f1cd,0.0,0.0,,,
1f929630-8e04-4cc9-a267-f18d2d0c517a,SPLIT,2023,,,,,,,,,,,,,,,,,,,,,UNMEASURED,UNMEASURED,,,,,,149f2020-a4d9-4dff-a50f-44da4f58f1cd,0.0,0.0,,,
1faf98a1-20b6-42f1-be2d-afaf3bee3622,NEW_DISTRICT,1995,IND-000363,Ambala,Haryana,IND-000549,Panchkula,Haryana,2090,2904,2436.6840580358676,,1524.5177325804116,912.1894252715093,912.1735023324854,912.1735023324854,912.1735023324854,0.3743503386597272,0.1859075816903112,1.0,1.01363675034689,AREA_WEIGHTED,MEASURED,MEASURED_NORMALIZED,FORMED_FROM,,1.00,PROPORTIONAL_APPORTIONMENT,Weights normalized (pre-normalization sum=2.014) due to overlapping target geometries detected in crosswalk_errors,149f2020-a4d9-4dff-a50f-44da4f58f1cd,1524.5177325804116,2469.9125102095495,-0.007176877029451134,-912.166325455456,912.1894252715093
1fb3e2c9-713a-4bc2-b871-374f78e7b50d,NEW_DISTRICT,1964,,,,,,,,,,,,,,,,,,,,,UNMEASURED,UNMEASURED,,,,,,149f2020-a4d9-4dff-a50f-44da4f58f1cd,0.0,0.0,,,
1fc5b22c-9ba3-4961-8570-caba2f0933d9,NEW_DISTRICT,1997,IND-000366,Hisar,Haryana,IND-000550,Fatehabad,Haryana,2109,2908,14448.868217361625,,4018.5077856250714,2595.201774983028,2595.1214412063696,2595.1214412063696,2595.1214412063696,0.1796072468906662,0.15078685900422542,1.0,0.19113328626092763,AREA_WEIGHTED,MEASURED,MEASURED_NORMALIZED,FORMED_FROM,,1.00,PROPORTIONAL_APPORTIONMENT,Weights normalized (pre-normalization sum=1.191) due to overlapping target geometries detected in crosswalk_errors,149f2020-a4d9-4dff-a50f-44da4f58f1cd,4018.5077856250714,2761.6596651353984,7835.238990530184,-10430.360431736553,2595.201774983028
1fcc5483-e8cd-4c87-a8b5-4ed1e30a1586,NEW_DISTRICT,1997,IND-000069,Sawai Madhopur,Rajasthan,IND-000562,Karauli,Rajasthan,311,2956,,,5015.742288213449,5006.646616228917,,,,,,,,,UNMEASURED,UNMEASURED,FORMED_FROM,,1.00,,,149f2020-a4d9-4dff-a50f-44da4f58f1cd,5015.742288213449,0.0,,,5006.646616228917
2002f075-abd7-4156-8c44-cb5a5c90031d,NEW_DISTRICT,1998,IND-000676,Mandla,Madhya Pradesh,IND-000675,Dindori,Madhya Pradesh,3450,3443,13243.48588794495,,7444.157508831531,5799.616467677695,5799.474699667634,5799.474699667634,5799.474699667634,0.43791149465766255,0.21892517986933402,1.0,1.0002792502855589,AREA_WEIGHTED,MEASURED,MEASURED_NORMALIZED,FORMED_FROM,,1.00,PROPORTIONAL_APPORTIONMENT,Weights normalized (pre-normalization sum=2.000) due to overlapping target geometries detected in crosswalk_errors,149f2020-a4d9-4dff-a50f-44da4f58f1cd,7444.157508831531,13247.184135160953,-0.1463205542167998,-5799.328379113418,5799.616467677695
2015d866-1a6a-4854-9944-99583b5a2d81,NEW_DISTRICT,2016,IND-000806,,,IND-000819,Nirmal,Telangana,,3999,,,3996.46639268975,3714.586247986853,,,,,,,,,UNMEASURED,UNMEASURED,FORMED_FROM,,1.00,,,149f2020-a4d9-4dff-a50f-44da4f58f1cd,3996.46639268975,0.0,,,3714.586247986853
2054b337-dac8-45f6-b6eb-b2f97dd08d9a,NEW_DISTRICT,1998,IND-000670,West Nimar,Madhya Pradesh,IND-000671,Barwani,Madhya Pradesh,3418,3423,,,8131.195343771079,5306.132931320291,,,,,,,,,UNMEASURED,UNMEASURED,FORMED_FROM,,1.00,,,149f2020-a4d9-4dff-a50f-44da4f58f1cd,8131.195343771079,0.0,,,5306.132931320291
20654473-f8fd-4cac-8d7d-dbfa672fc712,NEW_DISTRICT,1989,,,,,,,,,,,,,,,,,,,,,UNMEASURED,UNMEASURED,,,,,,149f2020-a4d9-4dff-a50f-44da4f58f1cd,0.0,0.0,,,
20a0b42c-f85e-4c24-8db3-021f589e15ce,NEW_DISTRICT,2013,IND-000096,Junagadh,Saurashtra,IND-000851,Gir Somnath,Gujarat,532,4085,8785.28990772323,,5049.52554796005,3766.1794386648794,3745.14894441495,3745.14894441495,3745.14894441495,,0.4262977071618951,0.9975365482744886,,AREA_WEIGHTED,MEASURED,MEASURED,FORMED_FROM,,1.00,NONE,Uniform spatial distribution assumed across district area; no ancillary data available for this build,149f2020-a4d9-4dff-a50f-44da4f58f1cd,5049.52554796005,0.0,-9.384584651770638,-3735.7643597631804,3766.1794386648794
20c8ace7-3c07-4213-a4e9-a77b1dc8f1ef,SPLIT,2004,,,,,,,,,,,,,,,,,,,,,UNMEASURED,UNMEASURED,,,,,,149f2020-a4d9-4dff-a50f-44da4f58f1cd,0.0,0.0,,,
2108058f-13ce-41ea-8b62-b3908d23310a,SPLIT,2016,,,,,,,,,,,,,,,,,,,,,UNMEASURED,UNMEASURED,,,,,,149f2020-a4d9-4dff-a50f-44da4f58f1cd,0.0,0.0,,,
21168c65-c7f0-4d93-8386-079fdbf319bf,SPLIT,1997,,,,,,,,,,,,,,,,,,,,,UNMEASURED,UNMEASURED,,,,,,149f2020-a4d9-4dff-a50f-44da4f58f1cd,0.0,0.0,,,
2116e99b-74c8-4a29-adc0-0adff5ff2ea6,NEW_DISTRICT,2007,IND-000661,Bastar,Chhattisgarh,IND-000770,Narayanpur,Chhattisgarh,3360,3810,11380.833455543801,,10561.576512388689,4910.951280325872,1052.2138585876505,1052.2138585876505,1052.2138585876505,0.09245490347414749,0.06429031059314125,1.0,0.4380845670391109,AREA_WEIGHTED,MEASURED,MEASURED_NORMALIZED,FORMED_FROM,,1.00,PROPORTIONAL_APPORTIONMENT,Weights normalized (pre-normalization sum=1.438) due to overlapping target geometries detected in crosswalk_errors,149f2020-a4d9-4dff-a50f-44da4f58f1cd,10561.576512388689,4985.767496916134,-232.95691543253815,-819.2569431551128,4910.951280325872
213dac28-bdcd-4728-a2c9-7ebc3869fc60,NEW_DISTRICT,2013,,,,,,,,,,,,,,,,,,,,,UNMEASURED,UNMEASURED,,,,,,149f2020-a4d9-4dff-a50f-44da4f58f1cd,0.0,0.0,,,
21407708-04a3-47af-bd63-1262b915b356,NEW_DISTRICT,1994,IND-000228,Sambalpur,Orissa,IND-000634,Jharsuguda,Orissa,1106,3252,17378.071734007997,,6591.1851632141925,2151.2705300220196,2151.220185584436,2151.220185584436,2151.220185584436,0.12378934892843192,0.1235635146901958,1.0,0.0018276773593108864,AREA_WEIGHTED,MEASURED,MEASURED_NORMALIZED,FORMED_FROM,,1.00,PROPORTIONAL_APPORTIONMENT,Weights normalized (pre-normalization sum=1.002) due to overlapping target geometries detected in crosswalk_errors,149f2020-a4d9-4dff-a50f-44da4f58f1cd,6591.1851632141925,31.76150825672689,8635.66638520937,-10786.886570793806,2151.2705300220196
2142d8ac-21b3-4c0b-bf62-a3f46f1dc203,SPLIT,1960,,,,,,,,,,,,,,,,,,,,,UNMEASURED,UNMEASURED,,,,,,149f2020-a4d9-4dff-a50f-44da4f58f1cd,0.0,0.0,,,
216704d8-1894-4b66-af4d-bb54e0e00f6b,NEW_DISTRICT,1957,,,,,,,,,,,,,,,,,,,,,UNMEASURED,UNMEASURED,,,,,,149f2020-a4d9-4dff-a50f-44da4f58f1cd,0.0,0.0,,,
21b2963a-e4c9-4c01-a623-1c85d006123b,NEW_DISTRICT,1972,IND-000358,Muzaffarpur,Bihar,IND-000440,Vaishali,Bihar,2056,2539,7795.514249554497,,3167.0386688654066,2005.2464127643073,2005.2014785749386,2005.2014785749386,2005.2014785749386,0.25722504178470756,0.1250506556174457,1.0,1.0569667589077585,AREA_WEIGHTED,MEASURED,MEASURED_NORMALIZED,FORMED_FROM,,1.00,PROPORTIONAL_APPORTIONMENT,Weights normalized (pre-normalization sum=2.057) due to overlapping target geometries detected in crosswalk_errors,149f2020-a4d9-4dff-a50f-44da4f58f1cd,3167.0386688654066,8239.599430370863,2623.274102114152,-4628.47558068909,2005.2464127643073
21c5ae07-488e-4d9e-8833-ddfc738dc2fd,SPLIT,2016,IND-000812,,,IND-000813,Mahabubabad,Telangana,,3987,,,4545.4944439008,3566.7800465627183,,,,,,,,,UNMEASURED,UNMEASURED,FORMED_FROM,,1.00,,,149f2020-a4d9-4dff-a50f-44da4f58f1cd,4545.4944439008,0.0,,,3566.7800465627183
21f5c67c-ab8a-40d2-a23f-4dee99de5e9a,NEW_DISTRICT,2017,,,,,,,,,,,,,,,,,,,,,UNMEASURED,UNMEASURED,,,,,,149f2020-a4d9-4dff-a50f-44da4f58f1cd,0.0,0.0,,,
220043a8-e46d-453f-85b0-e553e81722bc,SPLIT,1988,,,,,,,,,,,,,,,,,,,,,UNMEASURED,UNMEASURED,,,,,,149f2020-a4d9-4dff-a50f-44da4f58f1cd,0.0,0.0,,,
2216e2a8-4dd6-4fa2-a42f-cd68fc129a0e,SPLIT,1979,,,,,,,,,,,,,,,,,,,,,UNMEASURED,UNMEASURED,,,,,,149f2020-a4d9-4dff-a50f-44da4f58f1cd,0.0,0.0,,,
222062b7-12f1-4647-8c2e-8bb2235015af,SPLIT,1990,,,,,,,,,,,,,,,,,,,,,UNMEASURED,UNMEASURED,,,,,,149f2020-a4d9-4dff-a50f-44da4f58f1cd,0.0,0.0,,,
2271eaa9-2124-4e7c-896c-7b92162fa1ca,SPLIT,1979,,,,,,,,,,,,,,,,,,,,,UNMEASURED,UNMEASURED,,,,,,149f2020-a4d9-4dff-a50f-44da4f58f1cd,0.0,0.0,,,
22931999-da4c-4b44-9802-66156d33c0b3,SPLIT,1988,,,,,,,,,,,,,,,,,,,,,UNMEASURED,UNMEASURED,,,,,,149f2020-a4d9-4dff-a50f-44da4f58f1cd,0.0,0.0,,,
22a86e3d-8452-412d-9221-8947733fb9a3,SPLIT,1982,,,,,,,,,,,,,,,,,,,,,UNMEASURED,UNMEASURED,,,,,,149f2020-a4d9-4dff-a50f-44da4f58f1cd,0.0,0.0,,,
22d8cc12-de9e-4580-9ca9-a8bcf1073124,SPLIT,1994,,,,,,,,,,,,,,,,,,,,,UNMEASURED,UNMEASURED,,,,,,149f2020-a4d9-4dff-a50f-44da4f58f1cd,0.0,0.0,,,
2319f146-17d4-42e3-bfad-63f5a543f2db,SPLIT,1972,,,,,,,,,,,,,,,,,,,,,UNMEASURED,UNMEASURED,,,,,,149f2020-a4d9-4dff-a50f-44da4f58f1cd,0.0,0.0,,,
231d0047-bce5-4095-a42c-9c2001ae8231,SPLIT,1998,,,,,,,,,,,,,,,,,,,,,UNMEASURED,UNMEASURED,,,,,,149f2020-a4d9-4dff-a50f-44da4f58f1cd,0.0,0.0,,,
23590b9b-7cc3-497c-877c-83109a9e9bd6,NEW_DISTRICT,1997,IND-000267,Farrukhabad,Uttar Pradesh,IND-000571,Kannauj,Uttar Pradesh,1389,2991,4295.562503312894,,2183.1226456952536,2112.3805493247055,2112.3051078748845,2112.3051078748845,2112.3051078748845,0.49174121113260444,0.49117704904927195,1.0,0.0011485921103691066,AREA_WEIGHTED,MEASURED,MEASURED_NORMALIZED,FORMED_FROM,,1.00,PROPORTIONAL_APPORTIONMENT,Weights normalized (pre-normalization sum=1.001) due to overlapping target geometries detected in crosswalk_errors,149f2020-a4d9-4dff-a50f-44da4f58f1cd,2183.1226456952536,4.933849200902559,0.13474974275504792,-2112.43985761764,2112.3805493247055
23931bf8-c1d9-4eb5-ae98-380886e7740c,NEW_DISTRICT,2003,IND-000663,Guna,Madhya Pradesh,IND-000773,Ashoknagar,Madhya Pradesh,3372,3824,11108.879917934166,,6434.706492910603,4825.877662007143,4717.6521200907355,4717.6521200907355,4717.6521200907355,0.4246739684776466,0.21233514488485694,1.0,1.0000173250072883,AREA_WEIGHTED,MEASURED,MEASURED_NORMALIZED,FORMED_FROM,,1.00,PROPORTIONAL_APPORTIONMENT,Weights normalized (pre-normalization sum=2.000) due to overlapping target geometries detected in crosswalk_errors,149f2020-a4d9-4dff-a50f-44da4f58f1cd,6434.706492910603,11109.07237935971,-43.47869506717325,-4674.173425023563,4825.877662007143
23a22154-dcf5-4bc3-afa5-92f52030cc49,RENAME,2011,,,,,,,,,,,,,,,,,,,,,NON_SPATIAL,UNMEASURED,,,,,,149f2020-a4d9-4dff-a50f-44da4f58f1cd,0.0,0.0,,,
23a3200b-2fc7-422d-adbb-746472d38470,SPLIT,1989,,,,,,,,,,,,,,,,,,,,,UNMEASURED,UNMEASURED,,,,,,149f2020-a4d9-4dff-a50f-44da4f58f1cd,0.0,0.0,,,
23cb9b25-7fa4-4551-9cce-ea41939dd3e3,NEW_DISTRICT,1975,IND-000366,Hisar,Haryana,IND-000451,Sirsa,Haryana,2109,2600,14448.868217361625,,4018.5077856250714,4349.740753487852,4349.68462981887,4349.68462981887,4349.68462981887,0.30103981601772306,0.252733946309832,1.0,0.19113328626092763,AREA_WEIGHTED,MEASURED,MEASURED_NORMALIZED,FORMED_FROM,,1.00,PROPORTIONAL_APPORTIONMENT,Weights normalized (pre-normalization sum=1.191) due to overlapping target geometries detected in crosswalk_errors,149f2020-a4d9-4dff-a50f-44da4f58f1cd,4018.5077856250714,2761.6596651353984,6080.675801917683,-10430.360431736553,4349.740753487852
240ddb9a-db23-4fea-ae17-ff8821030ee9,SPLIT,1993,,,,,,,,,,,,,,,,,,,,,UNMEASURED,UNMEASURED,,,,,,149f2020-a4d9-4dff-a50f-44da4f58f1cd,0.0,0.0,,,
24239bbe-3d01-4ca6-95f6-6684ac90bfc9,NEW_DISTRICT,1997,IND-000396,Aizawl,Mizoram,IND-000612,Champhai,Mizoram,2294,3160,12668.614066431102,,3346.338841202789,3856.805502217708,3856.716534371368,3856.716534371368,3856.716534371368,0.3044308173054837,0.1363651681929205,1.0,1.2324675820059485,AREA_WEIGHTED,MEASURED,MEASURED_NORMALIZED,FORMED_FROM,,1.00,PROPORTIONAL_APPORTIONMENT,Weights normalized (pre-normalization sum=2.232) due to overlapping target geometries detected in crosswalk_errors,149f2020-a4d9-4dff-a50f-44da4f58f1cd,3346.338841202789,15613.656145820887,5465.558690856946,-9322.275225228314,3856.805502217708
244b866d-0dff-4263-ab1c-60e30e4d076d,SPLIT,1956,IND-000143,Jammu and Kashmir,Jammu and Kashmir,IND-000319,Kathua,Jammu and Kashmir,708,1792,,,,2458.9154786752542,,,,,,0.0,,UNMEASURED,UNMEASURED,UNMEASURED,SPLIT_FROM,,1.00,NONE,No geometric data available for this lineage pair,149f2020-a4d9-4dff-a50f-44da4f58f1cd,0.0,0.0,,,2458.9154786752542
2460f7bf-5624-493b-b64d-df9675e7ed7d,NEW_DISTRICT,1972,IND-000113,Monghyar,Bihar,IND-000441,Begusarai,Bihar,610,2545,9825.28184221673,,,1938.174537489302,1938.1532931605532,1938.1532931605532,1938.1532931605532,0.19726185205525637,0.11904424478009674,1.0,0.6570465243376216,AREA_WEIGHTED,MEASURED,MEASURED_NORMALIZED,FORMED_FROM,,1.00,PROPORTIONAL_APPORTIONMENT,Weights normalized (pre-normalization sum=1.657) due to overlapping target geometries detected in crosswalk_errors,149f2020-a4d9-4dff-a50f-44da4f58f1cd,0.0,6455.667285066045,7887.128549056176,,1938.174537489302
24af0a4b-37cb-401e-8365-b0b69f43baa5,SPLIT,1979,,,,,,,,,,,,,,,,,,,,,UNMEASURED,UNMEASURED,,,,,,149f2020-a4d9-4dff-a50f-44da4f58f1cd,0.0,0.0,,,
24c37a1d-f53a-4891-8eb2-bdd835714195,SPLIT,2018,,,,,,,,,,,,,,,,,,,,,UNMEASURED,UNMEASURED,,,,,,149f2020-a4d9-4dff-a50f-44da4f58f1cd,0.0,0.0,,,
24ca89e3-e783-4d46-bb91-b04b598d184a,NEW_DISTRICT,1960,IND-000287,Garhwal,Uttar Pradesh,IND-000326,Chamoli,Uttar Pradesh,1537,1853,14238.56924250547,,5388.8353188869705,8849.654718555492,8849.52535435625,8849.52535435625,8849.52535435625,0.6215178789128855,0.18476183442600455,1.0,2.3638867076836574,AREA_WEIGHTED,MEASURED,MEASURED_NORMALIZED,FORMED_FROM,,1.00,PROPORTIONAL_APPORTIONMENT,Weights normalized (pre-normalization sum=3.364) due to overlapping target geometries detected in crosswalk_errors,149f2020-a4d9-4dff-a50f-44da4f58f1cd,5388.8353188869705,33658.36456879204,0.20856926224951167,-8849.7339236185,8849.654718555492
24d85574-dd75-4326-b84a-57c3f61deca0,NEW_DISTRICT,1960,IND-000286,Almora,Uttar Pradesh,IND-000333,Pithoragarh,Uttar Pradesh,1532,1886,13998.047041010894,,7102.51429079948,6895.5670688749815,6895.49696606625,6895.49696606625,6895.49696606625,0.4926042144210625,0.16453726995665344,1.0,1.9938761871449358,AREA_WEIGHTED,MEASURED,MEASURED_NORMALIZED,FORMED_FROM,,1.00,PROPORTIONAL_APPORTIONMENT,Weights normalized (pre-normalization sum=2.994) due to overlapping target geometries detected in crosswalk_errors,149f2020-a4d9-4dff-a50f-44da4f58f1cd,7102.51429079948,27910.372661606252,0.03578414516414341,-6895.532750211414,6895.5670688749815
24d95431-5dc9-475a-963e-1d0f100a356a,SPLIT,1981,IND-000308,Twenty Four Parganas,West Bengal,IND-000923,North Twenty Four Parganas,West Bengal,1713,4269,11290.395332520051,,,4014.357079558181,4014.2198130828347,4014.2198130828347,4014.2198130828347,0.3555428924194144,0.17969681879167354,1.0,0.9785708773821034,AREA_WEIGHTED,MEASURED,MEASURED_NORMALIZED,SPLIT_FROM,,1.00,PROPORTIONAL_APPORTIONMENT,Weights normalized (pre-normalization sum=1.979) due to overlapping target geometries detected in crosswalk_errors,149f2020-a4d9-4dff-a50f-44da4f58f1cd,0.0,11048.45206653495,7276.175519437216,,4014.357079558181
250864af-ff79-4ef8-834c-2af32629f4f9,SPLIT,2020,,,,,,,,,,,,,,,,,,,,,UNMEASURED,UNMEASURED,,,,,,149f2020-a4d9-4dff-a50f-44da4f58f1cd,0.0,0.0,,,
251a597d-a7da-4e95-9eec-60dec842f7f9,SPLIT,2013,,,,,,,,,,,,,,,,,,,,,UNMEASURED,UNMEASURED,,,,,,149f2020-a4d9-4dff-a50f-44da4f58f1cd,0.0,0.0,,,
25456b56-638d-4918-b9ce-ac0e93a93140,RENAME,1971,,,,,,,,,,,,,,,,,,,,,NON_SPATIAL,UNMEASURED,,,,,,149f2020-a4d9-4dff-a50f-44da4f58f1cd,0.0,0.0,,,
257b4378-9ec2-4edd-b241-f516cc61b387,NEW_DISTRICT,2012,IND-000393,West Khasi Hills,Meghalaya,IND-000854,South West Khasi Hills,Meghalaya,2278,4091,5121.116080207762,,3793.405502198225,1436.3775682060223,1410.4811376744103,1410.4811376744103,1410.4811376744103,0.27542455894051665,0.1400112389251338,1.0,0.9671603583751618,AREA_WEIGHTED,MEASURED,MEASURED_NORMALIZED,FORMED_FROM,,1.00,PROPORTIONAL_APPORTIONMENT,Weights normalized (pre-normalization sum=1.967) due to overlapping target geometries detected in crosswalk_errors,149f2020-a4d9-4dff-a50f-44da4f58f1cd,3793.405502198225,4952.940463414543,-82.77055966487296,-1327.7105780095371,1436.3775682060223
258d7e9f-97e3-476a-89a4-d404018a54eb,SPLIT,1974,,,,,,,,,,,,,,,,,,,,,UNMEASURED,UNMEASURED,,,,,,149f2020-a4d9-4dff-a50f-44da4f58f1cd,0.0,0.0,,,
25ac03b7-b02f-49d2-b95e-cb18e2679430,NEW_DISTRICT,1995,IND-000354,North Tripura,Tripura,IND-000616,Dhalai,Tripura,2029,3176,,,2001.5781485109994,2367.6966243262973,,,,,,0.0,,UNMEASURED,UNMEASURED,UNMEASURED,FORMED_FROM,,1.00,NONE,No geometric data available for this lineage pair,149f2020-a4d9-4dff-a50f-44da4f58f1cd,2001.5781485109994,0.0,,,2367.6966243262973
25eb8098-a769-4a80-86a9-d0061337dcf7,NEW_DISTRICT,1970,IND-000343,Nellore,Andhra Pradesh,IND-000910,Ongole,Andhra Pradesh,1961,4226,23196.390123451634,,13214.150704155258,,,,,,,0.0,,UNMEASURED,UNMEASURED,UNMEASURED,FORMED_FROM,,1.00,NONE,No geometric data available for this lineage pair,149f2020-a4d9-4dff-a50f-44da4f58f1cd,13214.150704155258,0.0,9982.239419296377,-9982.239419296377,
2613bf09-922f-4b7c-b9b3-cf1436ea588e,NEW_DISTRICT,1993,IND-000237,Kalahandi,Orissa,IND-000646,Nuapada,Orissa,1177,3301,11707.64744078711,,7919.439893272086,3788.1932841099047,3788.0773028508534,3788.0773028508534,3788.0773028508534,,0.32355580589606303,1.0003212760299465,,AREA_WEIGHTED,MEASURED,MEASURED,FORMED_FROM,,1.00,NONE,Uniform spatial distribution assumed across district area; no ancillary data available for this build,149f2020-a4d9-4dff-a50f-44da4f58f1cd,7919.439893272086,0.0,0.13024466417118674,-3788.207547515024,3788.1932841099047
26492435-cf86-4e5f-ae07-4f5fd26620b5,SPLIT,1993,,,,,,,,,,,,,,,,,,,,,UNMEASURED,UNMEASURED,,,,,,149f2020-a4d9-4dff-a50f-44da4f58f1cd,0.0,0.0,,,
268b7f95-41fb-409b-b5ef-6bfbad6d2b8a,SPLIT,1983,,,,,,,,,,,,,,,,,,,,,UNMEASURED,UNMEASURED,,,,,,149f2020-a4d9-4dff-a50f-44da4f58f1cd,0.0,0.0,,,
268ee117-7091-4ae0-9cd8-298d014a1612,SPLIT,2004,,,,,,,,,,,,,,,,,,,,,UNMEASURED,UNMEASURED,,,,,,149f2020-a4d9-4dff-a50f-44da4f58f1cd,0.0,0.0,,,
268f6500-074a-4328-9750-e19b21ee4d31,SPLIT,1973,,,,,,,,,,,,,,,,,,,,,UNMEASURED,UNMEASURED,,,,,,149f2020-a4d9-4dff-a50f-44da4f58f1cd,0.0,0.0,,,
26f4ac0f-f907-4cdd-8020-597d4f7bc935,SPLIT,2023,,,,,,,,,,,,,,,,,,,,,UNMEASURED,UNMEASURED,,,,,,149f2020-a4d9-4dff-a50f-44da4f58f1cd,0.0,0.0,,,
26fc7e8e-10ca-47df-aa0b-97cd72c2c14d,NEW_DISTRICT,1956,IND-000187,Nimar,Madhya Pradesh,IND-000670,Khargone,Madhya Pradesh,926,3415,,,,13437.265236033483,,,,,,0.0,,UNMEASURED,UNMEASURED,UNMEASURED,FORMED_FROM,,1.00,NONE,No geometric data available for this lineage pair,149f2020-a4d9-4dff-a50f-44da4f58f1cd,0.0,0.0,,,13437.265236033483
2748cdde-96cc-4bc1-a640-e9181d6f7f96,SPLIT,1972,,,,,,,,,,,,,,,,,,,,,UNMEASURED,UNMEASURED,,,,,,149f2020-a4d9-4dff-a50f-44da4f58f1cd,0.0,0.0,,,
275d45e7-eb9e-4874-b2a9-82ed33e28e1f,RENAME,1971,,,,,,,,,,,,,,,,,,,,,NON_SPATIAL,UNMEASURED,,,,,,149f2020-a4d9-4dff-a50f-44da4f58f1cd,0.0,0.0,,,
2770c5bb-34ca-4eee-bdef-5734e5a6cd1a,NEW_DISTRICT,2013,IND-000772,Shajapur,Madhya Pradesh,IND-000947,Agar Malwa,Madhya Pradesh,3821,4326,6219.30033883042,,3250.6465486747643,2946.0786138211693,2916.254072785181,2916.254072785181,2916.254072785181,0.4689038820938501,0.46828353775282044,1.0,0.0013247195150325464,AREA_WEIGHTED,MEASURED,MEASURED_NORMALIZED,FORMED_FROM,,1.00,PROPORTIONAL_APPORTIONMENT,Weights normalized (pre-normalization sum=1.001) due to overlapping target geometries detected in crosswalk_errors,149f2020-a4d9-4dff-a50f-44da4f58f1cd,3250.6465486747643,8.238828528697185,52.39971737047472,-2968.6537901556553,2946.0786138211693
2771100e-5035-48cc-babd-73d52f0e5425,NEW_DISTRICT,2021,,,,,,,,,,,,,,,,,,,,,UNMEASURED,UNMEASURED,,,,,,149f2020-a4d9-4dff-a50f-44da4f58f1cd,0.0,0.0,,,
27cc7433-7629-4c74-ac4a-dbc583496b1d,NEW_DISTRICT,2016,,,,,,,,,,,,,,,,,,,,,UNMEASURED,UNMEASURED,,,,,,149f2020-a4d9-4dff-a50f-44da4f58f1cd,0.0,0.0,,,
2819a0c8-bbfa-4328-a7cf-7e538e249d31,NEW_DISTRICT,1980,IND-000890,Kameng,Arunachal Pradesh,IND-000406,East Kameng,Arunachal Pradesh,4188,2352,13408.958841883028,,13408.958841883028,6271.9410720056485,,,,,,0.0,,UNMEASURED,UNMEASURED,UNMEASURED,FORMED_FROM,,1.00,NONE,No geometric data available for this lineage pair,149f2020-a4d9-4dff-a50f-44da4f58f1cd,13408.958841883028,0.0,0.0,0.0,6271.9410720056485
28249b42-17b4-4a10-b034-11d075116dd1,NEW_DISTRICT,2007,IND-000360,Hazaribag,Bihar,IND-000763,Ramgarh,Jharkhand,2072,3787,,,,1334.5467363172343,,,,,,0.0,,UNMEASURED,UNMEASURED,UNMEASURED,FORMED_FROM,,1.00,NONE,No geometric data available for this lineage pair,149f2020-a4d9-4dff-a50f-44da4f58f1cd,0.0,0.0,,,1334.5467363172343
283ad4c4-6869-43a9-90c6-5507232ac01f,SPLIT,1976,,,,,,,,,,,,,,,,,,,,,UNMEASURED,UNMEASURED,,,,,,149f2020-a4d9-4dff-a50f-44da4f58f1cd,0.0,0.0,,,
28dde404-cff8-41ea-8848-efa6a1080382,SPLIT,1995,,,,,,,,,,,,,,,,,,,,,UNMEASURED,UNMEASURED,,,,,,149f2020-a4d9-4dff-a50f-44da4f58f1cd,0.0,0.0,,,
2913dab2-950c-495b-8d0f-9242b43acc2e,SPLIT,1998,,,,,,,,,,,,,,,,,,,,,UNMEASURED,UNMEASURED,,,,,,149f2020-a4d9-4dff-a50f-44da4f58f1cd,0.0,0.0,,,
29333a9f-7957-4b4b-be5d-bb7330c2b951,SPLIT,1997,,,,,,,,,,,,,,,,,,,,,UNMEASURED,UNMEASURED,,,,,,149f2020-a4d9-4dff-a50f-44da4f58f1cd,0.0,0.0,,,
297955c4-1f30-4c6d-8872-7d23733f3fba,NEW_DISTRICT,1991,IND-000114,Bhagalpur,Bihar,IND-000589,Banka,Bihar,615,3064,5583.5020705443785,,5583.5020705443785,3033.2670903363296,3033.1719962630696,3033.1719962630696,3033.1719962630696,,0.5432382683736235,1.0000917676634917,,AREA_WEIGHTED,MEASURED,MEASURED,FORMED_FROM,,1.00,NONE,Uniform spatial distribution assumed across district area; no ancillary data available for this build,149f2020-a4d9-4dff-a50f-44da4f58f1cd,5583.5020705443785,0.0,-3033.1719962630705,0.0,3033.2670903363296
29905bfa-61b2-4df5-a8c0-7dea000d440c,RENAME,2021,,,,,,,,,,,,,,,,,,,,,NON_SPATIAL,UNMEASURED,,,,,,149f2020-a4d9-4dff-a50f-44da4f58f1cd,0.0,0.0,,,
29a0c1c2-05b5-45d9-a283-ccff1cba4077,SPLIT,2016,,,,,,,,,,,,,,,,,,,,,UNMEASURED,UNMEASURED,,,,,,149f2020-a4d9-4dff-a50f-44da4f58f1cd,0.0,0.0,,,
29dbc72c-3da4-4319-be4d-7e2645452847,SPLIT,1974,,,,,,,,,,,,,,,,,,,,,UNMEASURED,UNMEASURED,,,,,,149f2020-a4d9-4dff-a50f-44da4f58f1cd,0.0,0.0,,,
29fb3cf8-fd73-4318-b806-f8f0d825e183,NEW_DISTRICT,1976,IND-000024,United Khasi and Jaintia Hills,Assam,IND-000393,West Khasi Hills,Meghalaya,100,2275,14088.541902295321,,,5037.100821525741,5036.990862360423,5036.990862360423,5036.990862360423,0.35752392953736334,0.2305042834786404,1.0,0.5510511307721235,AREA_WEIGHTED,MEASURED,MEASURED_NORMALIZED,FORMED_FROM,,1.00,PROPORTIONAL_APPORTIONMENT,Weights normalized (pre-normalization sum=1.551) due to overlapping target geometries detected in crosswalk_errors,149f2020-a4d9-4dff-a50f-44da4f58f1cd,0.0,7763.506946190281,9051.551039934897,,5037.100821525741
2a2e7467-a515-449b-b502-6e852d45cfc1,SPLIT,1961,,,,,,,,,,,,,,,,,,,,,UNMEASURED,UNMEASURED,,,,,,149f2020-a4d9-4dff-a50f-44da4f58f1cd,0.0,0.0,,,
2a3d4f4d-2792-49a6-9d12-26a1e6c373b2,SPLIT,1958,IND-000336,,,IND-000376,Eranakulam,Kerala,,2174,,,6711.357397694583,2924.998493951632,,,,,,,,,UNMEASURED,UNMEASURED,FORMED_FROM,,1.00,,,149f2020-a4d9-4dff-a50f-44da4f58f1cd,6711.357397694583,0.0,,,2924.998493951632
2a4d382b-3c7d-421b-a90f-475f2122c420,NEW_DISTRICT,2016,IND-000812,,,IND-000835,Bhadradri Kothagudem,Telangana,,4037,,,4545.4944439008,7025.890852964756,,,,,,,,,UNMEASURED,UNMEASURED,FORMED_FROM,,1.00,,,149f2020-a4d9-4dff-a50f-44da4f58f1cd,4545.4944439008,0.0,,,7025.890852964756
2a569b6d-eb34-4713-932d-25aaafe150ba,SPLIT,2016,,,,,,,,,,,,,,,,,,,,,UNMEASURED,UNMEASURED,,,,,,149f2020-a4d9-4dff-a50f-44da4f58f1cd,0.0,0.0,,,
2aa448d7-f68c-431c-b59b-8a3982b50a54,RENAME,1951,,,,,,,,,,,,,,,,,,,,,NON_SPATIAL,UNMEASURED,,,,,,149f2020-a4d9-4dff-a50f-44da4f58f1cd,0.0,0.0,,,
2ae43a35-6fcf-428e-8b5a-6edf6a41ff17,SPLIT,1976,IND-000024,United Khasi and Jaintia Hills,Assam,IND-000391,Jaintia Hills,Meghalaya,100,2265,14088.541902295321,,,3860.2273866365904,3860.1998696276264,3860.1998696276264,3860.1998696276264,0.2739956978087788,0.1766516218407203,1.0,0.5510511307721235,AREA_WEIGHTED,MEASURED,MEASURED_NORMALIZED,SPLIT_FROM,,1.00,PROPORTIONAL_APPORTIONMENT,Weights normalized (pre-normalization sum=1.551) due to overlapping target geometries detected in crosswalk_errors,149f2020-a4d9-4dff-a50f-44da4f58f1cd,0.0,7763.506946190281,10228.342032667695,,3860.2273866365904
2ba62588-b6ec-4699-b8d4-94300dba92ab,SPLIT,1973,,,,,,,,,,,,,,,,,,,,,UNMEASURED,UNMEASURED,,,,,,149f2020-a4d9-4dff-a50f-44da4f58f1cd,0.0,0.0,,,
2bd49a8a-9582-4c8c-9f49-791d38ff0cb8,SPLIT,2023,,,,,,,,,,,,,,,,,,,,,UNMEASURED,UNMEASURED,,,,,,149f2020-a4d9-4dff-a50f-44da4f58f1cd,0.0,0.0,,,
2bf4a9c3-6afb-4f72-a7a4-97b6dad8f680,RENAME,2001,,,,,,,,,,,,,,,,,,,,,NON_SPATIAL,UNMEASURED,,,,,,149f2020-a4d9-4dff-a50f-44da4f58f1cd,0.0,0.0,,,
2cbda86d-ca5a-4efa-a0d1-24f17fce406b,NEW_DISTRICT,1997,IND-000365,Rohtak,Haryana,IND-000551,Jhajjar,Haryana,2104,2912,4173.937505322121,,1623.1973419349226,1811.607118529297,1811.577243813164,1811.577243813164,1811.577243813164,0.4340211710173549,0.21503898952608733,1.0,1.0183371023732506,AREA_WEIGHTED,MEASURED,MEASURED_NORMALIZED,FORMED_FROM,,1.00,PROPORTIONAL_APPORTIONMENT,Weights normalized (pre-normalization sum=2.018) due to overlapping target geometries detected in crosswalk_errors,149f2020-a4d9-4dff-a50f-44da4f58f1cd,1623.1973419349226,4250.475424656763,739.1629195740343,-2550.7401633871987,1811.607118529297
2cc846fd-244b-49fb-9d36-408a49911e77,SPLIT,1973,IND-000117,Purnea,Bihar,IND-000444,Katihar,Bihar,635,2563,10980.479973380885,,,3025.0575983286535,3024.980857427464,3024.980857427464,3024.980857427464,0.2754871248579923,0.16127379459165445,1.0,0.7081952189165401,AREA_WEIGHTED,MEASURED,MEASURED_NORMALIZED,SPLIT_FROM,,1.00,PROPORTIONAL_APPORTIONMENT,Weights normalized (pre-normalization sum=1.708) due to overlapping target geometries detected in crosswalk_errors,149f2020-a4d9-4dff-a50f-44da4f58f1cd,0.0,7776.323418557161,7955.499115953421,,3025.0575983286535
2cf2cea3-f130-45fe-b50b-f5de5d110f4f,SPLIT,1969,,,,,,,,,,,,,,,,,,,,,UNMEASURED,UNMEASURED,,,,,,149f2020-a4d9-4dff-a50f-44da4f58f1cd,0.0,0.0,,,
2d0129c1-f9b0-4129-9b73-e309c390f955,RENAME,1971,,,,,,,,,,,,,,,,,,,,,NON_SPATIAL,UNMEASURED,,,,,,149f2020-a4d9-4dff-a50f-44da4f58f1cd,0.0,0.0,,,
2d327de0-67c0-42a8-b5b5-781c76831639,SPLIT,1997,,,,,,,,,,,,,,,,,,,,,UNMEASURED,UNMEASURED,,,,,,149f2020-a4d9-4dff-a50f-44da4f58f1cd,0.0,0.0,,,
2d4eb6c1-ed37-4abe-874d-ac52903f3fac,SPLIT,2013,,,,,,,,,,,,,,,,,,,,,UNMEASURED,UNMEASURED,,,,,,149f2020-a4d9-4dff-a50f-44da4f58f1cd,0.0,0.0,,,
2d5cee81-237a-4383-b11f-cc913d615618,NEW_DISTRICT,1974,,,,,,,,,,,,,,,,,,,,,UNMEASURED,UNMEASURED,,,,,,149f2020-a4d9-4dff-a50f-44da4f58f1cd,0.0,0.0,,,
2d674216-0f41-448a-a8aa-81201bbc9b4d,SPLIT,1972,,,,,,,,,,,,,,,,,,,,,UNMEASURED,UNMEASURED,,,,,,149f2020-a4d9-4dff-a50f-44da4f58f1cd,0.0,0.0,,,
2d6ed94f-c939-48ed-a815-df2271d97627,SPLIT,1998,,,,,,,,,,,,,,,,,,,,,UNMEASURED,UNMEASURED,,,,,,149f2020-a4d9-4dff-a50f-44da4f58f1cd,0.0,0.0,,,
2d7aa2c4-397a-44b3-b751-592c0d0c7e73,SPLIT,2022,,,,,,,,,,,,,,,,,,,,,UNMEASURED,UNMEASURED,,,,,,149f2020-a4d9-4dff-a50f-44da4f58f1cd,0.0,0.0,,,
2d96c4e4-197c-474b-9667-691ece1738c4,NEW_DISTRICT,1984,IND-000372,Kannur,Kerala,IND-000523,Kasaragod,Kerala,2152,2837,,,,2017.453177101139,,,,,,0.0,,UNMEASURED,UNMEASURED,UNMEASURED,FORMED_FROM,,1.00,NONE,No geometric data available for this lineage pair,149f2020-a4d9-4dff-a50f-44da4f58f1cd,0.0,0.0,,,2017.453177101139
2db81a55-4f59-4556-ae6f-17c17c785892,SPLIT,1992,,,,,,,,,,,,,,,,,,,,,UNMEASURED,UNMEASURED,,,,,,149f2020-a4d9-4dff-a50f-44da4f58f1cd,0.0,0.0,,,
2dc9dea2-cc7b-4197-b113-9a74466e581f,SPLIT,2004,,,,,,,,,,,,,,,,,,,,,UNMEASURED,UNMEASURED,,,,,,149f2020-a4d9-4dff-a50f-44da4f58f1cd,0.0,0.0,,,
2e3d0a9e-8906-4d34-8624-e98bc4df0ef1,SPLIT,1994,,,,,,,,,,,,,,,,,,,,,UNMEASURED,UNMEASURED,,,,,,149f2020-a4d9-4dff-a50f-44da4f58f1cd,0.0,0.0,,,
2e44cca1-7966-48e0-bfdc-61645e30d80c,SPLIT,2006,IND-000427,Pulwama,Jammu and Kashmir,IND-000727,Kulgam,Jammu and Kashmir,2465,3671,1293.05347422686,,896.2613830785017,1165.8537807228763,5.5743072994914,5.5743072994914,5.5743072994914,,0.004310964249041887,1.0000814587156182,,AREA_WEIGHTED,MEASURED,MEASURED,FORMED_FROM,,1.00,NONE,Uniform spatial distribution assumed across district area; no ancillary data available for this build,149f2020-a4d9-4dff-a50f-44da4f58f1cd,896.2613830785017,0.0,391.21778384886704,-396.7920911483584,1165.8537807228763
2e6b55a6-ee5b-4e12-ace7-62a2fe160425,NEW_DISTRICT,1981,IND-000269,Kanpur,Uttar Pradesh,IND-000417,Kanpur Dehat,Uttar Pradesh,1405,2405,6176.028245495687,6176.028223503255,2999.0433462418036,6176.028223503255,6176.028141490837,6176.028141490837,6176.028141490837,0.9999999831599135,0.6037686850074669,1.0,0.6562634134420973,AREA_WEIGHTED,MEASURED,MEASURED_NORMALIZED,FORMED_FROM,,1.00,PROPORTIONAL_APPORTIONMENT,Weights normalized (pre-normalization sum=1.656) due to overlapping target geometries detected in crosswalk_errors,149f2020-a4d9-4dff-a50f-44da4f58f1cd,2999.0433462418036,4053.1013779038067,-2999.043242236954,-3176.984899253883,0.0
2e7dfe54-648e-4ed7-8ca4-80b35575a838,SPLIT,1991,,,,,,,,,,,,,,,,,,,,,UNMEASURED,UNMEASURED,,,,,,149f2020-a4d9-4dff-a50f-44da4f58f1cd,0.0,0.0,,,
2ed0299f-33ff-4cf1-9434-9793b1de2c08,SPLIT,1983,,,,,,,,,,,,,,,,,,,,,UNMEASURED,UNMEASURED,,,,,,149f2020-a4d9-4dff-a50f-44da4f58f1cd,0.0,0.0,,,
2ef25821-5642-40d8-96d0-d6b8a715ea07,NEW_DISTRICT,1994,IND-000360,Hazaribag,Bihar,IND-000624,Kodarma,Jharkhand,2072,3208,,,,1399.7452563222992,,,,,,0.0,,UNMEASURED,UNMEASURED,UNMEASURED,FORMED_FROM,,1.00,NONE,No geometric data available for this lineage pair,149f2020-a4d9-4dff-a50f-44da4f58f1cd,0.0,0.0,,,1399.7452563222992
2ef6c264-dc2f-466b-870f-95f9f1920024,SPLIT,2011,,,,,,,,,,,,,,,,,,,,,UNMEASURED,UNMEASURED,,,,,,149f2020-a4d9-4dff-a50f-44da4f58f1cd,0.0,0.0,,,
2fa62794-4333-45d1-9c43-b975103a26f9,SPLIT,2016,,,,,,,,,,,,,,,,,,,,,UNMEASURED,UNMEASURED,,,,,,149f2020-a4d9-4dff-a50f-44da4f58f1cd,0.0,0.0,,,
2fa6d566-3a2a-4213-956b-8471ee054a23,NEW_DISTRICT,2012,IND-000769,Durg,Chhattisgarh,IND-000902,Bametara,Chhattisgarh,3807,4214,8430.995588576707,,2297.595035350104,2865.3426023560155,2809.552373776672,2809.552373776672,2809.552373776672,0.33324087816904807,0.16849767138637578,1.0,0.9777180030275063,AREA_WEIGHTED,MEASURED,MEASURED_NORMALIZED,FORMED_FROM,,1.00,PROPORTIONAL_APPORTIONMENT,Weights normalized (pre-normalization sum=1.978) due to overlapping target geometries detected in crosswalk_errors,149f2020-a4d9-4dff-a50f-44da4f58f1cd,2297.595035350104,8243.136170396932,3323.848179449931,-6133.400553226603,2865.3426023560155
2fb2e740-dd23-4368-86f7-b86616d575c6,SPLIT,2023,,,,,,,,,,,,,,,,,,,,,UNMEASURED,UNMEASURED,,,,,,149f2020-a4d9-4dff-a50f-44da4f58f1cd,0.0,0.0,,,
2fcf25e2-684e-4248-a7d6-09fc985c04bc,SPLIT,2001,,,,,,,,,,,,,,,,,,,,,UNMEASURED,UNMEASURED,,,,,,149f2020-a4d9-4dff-a50f-44da4f58f1cd,0.0,0.0,,,
2feed954-5cf3-487e-b193-fdd70d2012cb,SPLIT,2012,IND-000554,North East,Delhi,IND-000857,Shahdara,Delhi,2925,4097,54.46544335949743,,34.45738796551392,36.12157767492555,13.593799103576366,13.593799103576366,13.593799103576366,0.24958576053169945,0.13516316858173566,1.0,0.8465515654197642,AREA_WEIGHTED,MEASURED,MEASURED_NORMALIZED,FORMED_FROM,,1.00,PROPORTIONAL_APPORTIONMENT,Weights normalized (pre-normalization sum=1.847) due to overlapping target geometries detected in crosswalk_errors,149f2020-a4d9-4dff-a50f-44da4f58f1cd,34.45738796551392,46.107806337264044,6.414256290407145,-20.00805539398351,36.12157767492555
30040bb8-5804-4d28-8bfc-3823ab330fe4,NEW_DISTRICT,2018,,,,,,,,,,,,,,,,,,,,,UNMEASURED,UNMEASURED,,,,,,149f2020-a4d9-4dff-a50f-44da4f58f1cd,0.0,0.0,,,
301f19a0-5a6e-4d76-a581-4a0284194f5f,SPLIT,1979,,,,,,,,,,,,,,,,,,,,,UNMEASURED,UNMEASURED,,,,,,149f2020-a4d9-4dff-a50f-44da4f58f1cd,0.0,0.0,,,
3032148a-0c74-4907-aca5-bf8ed7cd2667,SPLIT,2011,,,,,,,,,,,,,,,,,,,,,UNMEASURED,UNMEASURED,,,,,,149f2020-a4d9-4dff-a50f-44da4f58f1cd,0.0,0.0,,,
306f1901-39ca-4f9d-8208-03f47dbe2fe0,NEW_DISTRICT,1957,IND-000212,Malabar,Madras,IND-000374,Palakkad,Kerala,1038,2165,12789.189098051245,,,5193.869904128577,2506.545347182684,2506.545347182684,2506.545347182684,0.19598938822201162,0.14129241030591977,1.0,0.387119009419292,AREA_WEIGHTED,MEASURED,MEASURED_NORMALIZED,FORMED_FROM,,1.00,PROPORTIONAL_APPORTIONMENT,Weights normalized (pre-normalization sum=1.387) due to overlapping target geometries detected in crosswalk_errors,149f2020-a4d9-4dff-a50f-44da4f58f1cd,0.0,4950.938214913606,10282.643750868561,,5193.869904128577
30774841-7f1e-4821-8fe4-ee8a3c21f3f1,SPLIT,2013,,,,,,,,,,,,,,,,,,,,,UNMEASURED,UNMEASURED,,,,,,149f2020-a4d9-4dff-a50f-44da4f58f1cd,0.0,0.0,,,
3093c5e1-d30c-40b8-9bc4-ef71b68834b8,SPLIT,2007,,,,,,,,,,,,,,,,,,,,,UNMEASURED,UNMEASURED,,,,,,149f2020-a4d9-4dff-a50f-44da4f58f1cd,0.0,0.0,,,
30c3ddc4-529f-4622-9d2c-c34dd420c584,NEW_DISTRICT,1976,,,,,,,,,,,,,,,,,,,,,UNMEASURED,UNMEASURED,,,,,,149f2020-a4d9-4dff-a50f-44da4f58f1cd,0.0,0.0,,,
30c58c61-9b43-4b1d-93ac-e3617e514fe4,RENAME,1991,,,,,,,,,,,,,,,,,,,,,NON_SPATIAL,UNMEASURED,,,,,,149f2020-a4d9-4dff-a50f-44da4f58f1cd,0.0,0.0,,,
31044f0e-507d-4424-9787-eb2d38148363,NEW_DISTRICT,1961,,,,,,,,,,,,,,,,,,,,,UNMEASURED,UNMEASURED,,,,,,149f2020-a4d9-4dff-a50f-44da4f58f1cd,0.0,0.0,,,
311ce791-7592-4240-97bd-800a009c234d,SPLIT,1958,IND-000100,Trichur,Travancore - Cochin,IND-000376,Eranakulam,Kerala,552,2174,7415.923673119696,,3046.881455255696,2924.998493951632,1681.9222995504472,1681.9222995504472,1681.9222995504472,0.2267987608403882,0.15050478803975312,1.0,0.5069205690684302,AREA_WEIGHTED,MEASURED,MEASURED_NORMALIZED,FORMED_FROM,,1.00,PROPORTIONAL_APPORTIONMENT,Weights normalized (pre-normalization sum=1.507) due to overlapping target geometries detected in crosswalk_errors,149f2020-a4d9-4dff-a50f-44da4f58f1cd,3046.881455255696,3759.2842485458796,2687.119918313553,-4369.042217864,2924.998493951632
31f59aeb-c6e8-4f17-aa3c-641fce4c8aee,NEW_DISTRICT,1960,IND-000300,Tehri Garhwal,Uttar Pradesh,IND-000324,Uttar Kashi,Uttar Pradesh,1648,1841,12782.52102566644,,,8034.842068633491,8034.699984904809,8034.699984904809,8034.699984904809,0.6285692758706732,0.3736615416906287,1.0,0.6821888413421315,AREA_WEIGHTED,MEASURED,MEASURED_NORMALIZED,FORMED_FROM,,1.00,PROPORTIONAL_APPORTIONMENT,Weights normalized (pre-normalization sum=1.682) due to overlapping target geometries detected in crosswalk_errors,149f2020-a4d9-4dff-a50f-44da4f58f1cd,0.0,8720.093207930824,4747.821040761631,,8034.842068633491
3214dd06-45da-45c5-ab96-efda82ff7b54,SPLIT,1972,,,,,,,,,,,,,,,,,,,,,UNMEASURED,UNMEASURED,,,,,,149f2020-a4d9-4dff-a50f-44da4f58f1cd,0.0,0.0,,,
326861d1-5f71-4d4f-89ba-e1b397b2cdf7,SPLIT,1998,,,,,,,,,,,,,,,,,,,,,UNMEASURED,UNMEASURED,,,,,,149f2020-a4d9-4dff-a50f-44da4f58f1cd,0.0,0.0,,,
32ab8eb4-23a3-451e-ac2a-a1007a2586c9,NEW_DISTRICT,1973,IND-000141,Sikkim,Sikkim,IND-000937,West District,Sikkim,706,4311,7090.027624325411,,,1173.7069954160215,1155.0014208077694,1155.0014208077694,1155.0014208077694,0.162905066384373,0.08228489207855214,1.0,0.9797688526936139,AREA_WEIGHTED,MEASURED,MEASURED_NORMALIZED,FORMED_FROM,,1.00,PROPORTIONAL_APPORTIONMENT,Weights normalized (pre-normalization sum=1.980) due to overlapping target geometries detected in crosswalk_errors,149f2020-a4d9-4dff-a50f-44da4f58f1cd,0.0,6946.588231051337,5935.026203517642,,1173.7069954160215
32e67423-82e9-40a7-ad78-afca4c17cee4,SPLIT,1957,,,,,,,,,,,,,,,,,,,,,UNMEASURED,UNMEASURED,,,,,,149f2020-a4d9-4dff-a50f-44da4f58f1cd,0.0,0.0,,,
32f083c1-5d41-4b73-8ef2-ebe77a3da77f,SPLIT,1998,,,,,,,,,,,,,,,,,,,,,UNMEASURED,UNMEASURED,,,,,,149f2020-a4d9-4dff-a50f-44da4f58f1cd,0.0,0.0,,,
33027270-400d-43bf-a372-d34b8087b111,SPLIT,1991,,,,,,,,,,,,,,,,,,,,,UNMEASURED,UNMEASURED,,,,,,149f2020-a4d9-4dff-a50f-44da4f58f1cd,0.0,0.0,,,
330f0887-cce2-44a0-b15c-70d048b4605e,RENAME,1971,,,,,,,,,,,,,,,,,,,,,NON_SPATIAL,UNMEASURED,,,,,,149f2020-a4d9-4dff-a50f-44da4f58f1cd,0.0,0.0,,,
33611dcd-9c70-4c50-b87c-951c14a2c59c,SPLIT,1997,,,,,,,,,,,,,,,,,,,,,UNMEASURED,UNMEASURED,,,,,,149f2020-a4d9-4dff-a50f-44da4f58f1cd,0.0,0.0,,,
3365d923-eab4-4440-ae0b-aa109a76fc0c,SPLIT,2021,,,,,,,,,,,,,,,,,,,,,UNMEASURED,UNMEASURED,,,,,,149f2020-a4d9-4dff-a50f-44da4f58f1cd,0.0,0.0,,,
336d9ff9-5087-45f1-adab-d7282bbb7f3f,SPLIT,1979,,,,,,,,,,,,,,,,,,,,,UNMEASURED,UNMEASURED,,,,,,149f2020-a4d9-4dff-a50f-44da4f58f1cd,0.0,0.0,,,
33adabb7-0206-4f06-af83-20a58470aa05,SPLIT,1998,,,,,,,,,,,,,,,,,,,,,UNMEASURED,UNMEASURED,,,,,,149f2020-a4d9-4dff-a50f-44da4f58f1cd,0.0,0.0,,,
33be14e9-fc2f-4486-8008-32e153b16761,SPLIT,1997,,,,,,,,,,,,,,,,,,,,,UNMEASURED,UNMEASURED,,,,,,149f2020-a4d9-4dff-a50f-44da4f58f1cd,0.0,0.0,,,
33de677d-f500-4547-914f-6cfb23b6ddb1,SPLIT,1978,,,,,,,,,,,,,,,,,,,,,UNMEASURED,UNMEASURED,,,,,,149f2020-a4d9-4dff-a50f-44da4f58f1cd,0.0,0.0,,,
33fbc7f7-3806-4431-a842-e802314180d9,SPLIT,1981,,,,,,,,,,,,,,,,,,,,,UNMEASURED,UNMEASURED,,,,,,149f2020-a4d9-4dff-a50f-44da4f58f1cd,0.0,0.0,,,
341c7196-ae0c-473b-803a-3277247790d8,NEW_DISTRICT,1981,IND-000118,Santhal Pargana,Bihar,IND-000499,Dumka,Bihar,639,2739,,,,5593.344178329527,,,,,,0.0,,UNMEASURED,UNMEASURED,UNMEASURED,FORMED_FROM,,1.00,NONE,No geometric data available for this lineage pair,149f2020-a4d9-4dff-a50f-44da4f58f1cd,0.0,0.0,,,5593.344178329527
34a675cc-0ff9-4fba-98ae-bbf38a02f6b8,SPLIT,1956,,,,,,,,,,,,,,,,,,,,,UNMEASURED,UNMEASURED,,,,,,149f2020-a4d9-4dff-a50f-44da4f58f1cd,0.0,0.0,,,
34cacb9a-a8fa-45e4-ab77-2e5de2378b06,RENAME,2011,,,,,,,,,,,,,,,,,,,,,NON_SPATIAL,UNMEASURED,,,,,,149f2020-a4d9-4dff-a50f-44da4f58f1cd,0.0,0.0,,,
34d66b01-5631-4464-9026-99b6a35d5b00,RENAME,2011,,,,,,,,,,,,,,,,,,,,,NON_SPATIAL,UNMEASURED,,,,,,149f2020-a4d9-4dff-a50f-44da4f58f1cd,0.0,0.0,,,
34d8f324-97f7-40d1-b1b8-32312e116e43,SPLIT,2023,,,,,,,,,,,,,,,,,,,,,UNMEASURED,UNMEASURED,,,,,,149f2020-a4d9-4dff-a50f-44da4f58f1cd,0.0,0.0,,,
3528586d-156d-4742-8a50-1ef898dba89a,NEW_DISTRICT,2016,IND-000823,,,IND-000944,Medchal Malkajgiri,Telangana,,4323,,,4996.185161930081,1075.3041092109559,,,,,,,,,UNMEASURED,UNMEASURED,FORMED_FROM,,1.00,,,149f2020-a4d9-4dff-a50f-44da4f58f1cd,4996.185161930081,0.0,,,1075.3041092109559
35bb2d79-25ef-4b00-b2f3-24840fbd845d,SPLIT,2020,,,,,,,,,,,,,,,,,,,,,UNMEASURED,UNMEASURED,,,,,,149f2020-a4d9-4dff-a50f-44da4f58f1cd,0.0,0.0,,,
35d2859c-1a5f-4178-ba0f-447ec695a155,SPLIT,1994,,,,,,,,,,,,,,,,,,,,,UNMEASURED,UNMEASURED,,,,,,149f2020-a4d9-4dff-a50f-44da4f58f1cd,0.0,0.0,,,
35f40788-783c-4a17-ae33-5890221118e1,NEW_DISTRICT,1991,IND-000433,Rohtas,Bihar,IND-000593,Kaimur (bhabua),Bihar,2498,3080,7225.164621925851,,7225.164621925851,3343.9076893378847,3343.8685988431257,3343.8685988431257,3343.8685988431257,0.46280863811679146,0.23136266991748383,1.0,1.0003600333703515,AREA_WEIGHTED,MEASURED,MEASURED_NORMALIZED,FORMED_FROM,,1.00,PROPORTIONAL_APPORTIONMENT,Weights normalized (pre-normalization sum=2.000) due to overlapping target geometries detected in crosswalk_errors,149f2020-a4d9-4dff-a50f-44da4f58f1cd,7225.164621925851,7227.765922296027,-3343.868598843126,0.0,3343.9076893378847
35fc46e6-c781-4a37-a03c-c9d7723a787f,SPLIT,1956,,,,,,,,,,,,,,,,,,,,,UNMEASURED,UNMEASURED,,,,,,149f2020-a4d9-4dff-a50f-44da4f58f1cd,0.0,0.0,,,
3617c5ef-b4b7-4005-801a-4339e7a9e606,SPLIT,2023,,,,,,,,,,,,,,,,,,,,,UNMEASURED,UNMEASURED,,,,,,149f2020-a4d9-4dff-a50f-44da4f58f1cd,0.0,0.0,,,
361828a5-9748-473c-ae9b-5d5a9bdb4ffd,SPLIT,2017,IND-000302,Barddhaman,West Bengal,IND-000900,Purba Bardhaman,West Bengal,1669,4210,7025.484441344885,,,5410.7688565254675,5359.174724284258,5359.174724284258,5359.174724284258,0.762819243146506,0.6080653962288302,1.0,0.25450197935525654,AREA_WEIGHTED,MEASURED,MEASURED_NORMALIZED,SPLIT_FROM,,1.00,PROPORTIONAL_APPORTIONMENT,Weights normalized (pre-normalization sum=1.255) due to overlapping target geometries detected in crosswalk_errors,149f2020-a4d9-4dff-a50f-44da4f58f1cd,0.0,1787.9996962518321,1666.309717060627,,5410.7688565254675
3624bb0b-856d-40f0-8109-5b9151700fd8,SPLIT,1998,,,,,,,,,,,,,,,,,,,,,UNMEASURED,UNMEASURED,,,,,,149f2020-a4d9-4dff-a50f-44da4f58f1cd,0.0,0.0,,,
362c2e42-5254-45d5-9d6d-72c9d103385b,SPLIT,1956,,,,,,,,,,,,,,,,,,,,,UNMEASURED,UNMEASURED,,,,,,149f2020-a4d9-4dff-a50f-44da4f58f1cd,0.0,0.0,,,
363094ba-a37d-4507-b694-afb3c1bcde25,SPLIT,1960,,,,,,,,,,,,,,,,,,,,,UNMEASURED,UNMEASURED,,,,,,149f2020-a4d9-4dff-a50f-44da4f58f1cd,0.0,0.0,,,
36381add-71d3-4361-b2eb-bd76a296d66e,NEW_DISTRICT,1993,IND-000225,Cuttack,Orissa,IND-000639,Jajapur,Orissa,1079,3272,10898.219863729146,,3686.1137559949193,2972.5682839907204,2972.511639771137,2972.511639771137,2972.511639771137,,0.27275203445510277,1.000081263467672,,AREA_WEIGHTED,MEASURED,MEASURED,FORMED_FROM,,1.00,NONE,Uniform spatial distribution assumed across district area; no ancillary data available for this build,149f2020-a4d9-4dff-a50f-44da4f58f1cd,3686.1137559949193,0.0,4239.594467963089,-7212.1061077342265,2972.5682839907204
363e2cec-7bd7-4869-b898-8f486e2cf899,NEW_DISTRICT,2016,IND-000811,,,IND-000904,Jagtial,Telangana,,4218,,,2134.0460571576646,2885.1344350079767,,,,,,,,,UNMEASURED,UNMEASURED,FORMED_FROM,,1.00,,,149f2020-a4d9-4dff-a50f-44da4f58f1cd,2134.0460571576646,0.0,,,2885.1344350079767
36668468-464b-455f-bc85-63336bd2054c,SPLIT,1957,,,,,,,,,,,,,,,,,,,,,UNMEASURED,UNMEASURED,,,,,,149f2020-a4d9-4dff-a50f-44da4f58f1cd,0.0,0.0,,,
366a1ac2-a232-47a9-9d58-eb9c6df4da1b,RENAME,2011,,,,,,,,,,,,,,,,,,,,,NON_SPATIAL,UNMEASURED,,,,,,149f2020-a4d9-4dff-a50f-44da4f58f1cd,0.0,0.0,,,
36caf7c9-ea95-4f4b-9764-9023d674513e,NEW_DISTRICT,2016,,,,,,,,,,,,,,,,,,,,,UNMEASURED,UNMEASURED,,,,,,149f2020-a4d9-4dff-a50f-44da4f58f1cd,0.0,0.0,,,
36de6dcd-efe5-44cc-ad05-4ac25a6f7eef,NEW_DISTRICT,1972,,,,,,,,,,,,,,,,,,,,,UNMEASURED,UNMEASURED,,,,,,149f2020-a4d9-4dff-a50f-44da4f58f1cd,0.0,0.0,,,
36de962d-2afb-43ed-a7a6-686f42772938,SPLIT,1997,,,,,,,,,,,,,,,,,,,,,UNMEASURED,UNMEASURED,,,,,,149f2020-a4d9-4dff-a50f-44da4f58f1cd,0.0,0.0,,,
36f6dcc5-9291-4d8a-9ece-17d2c1c30d4c,SPLIT,1972,,,,,,,,,,,,,,,,,,,,,UNMEASURED,UNMEASURED,,,,,,149f2020-a4d9-4dff-a50f-44da4f58f1cd,0.0,0.0,,,
371caae1-b09c-41b5-aca5-e3535100aa5a,NEW_DISTRICT,1969,,,,,,,,,,,,,,,,,,,,,UNMEASURED,UNMEASURED,,,,,,149f2020-a4d9-4dff-a50f-44da4f58f1cd,0.0,0.0,,,
372c9a34-d5ac-48fe-84db-13876c2bd21d,SPLIT,2022,,,,,,,,,,,,,,,,,,,,,UNMEASURED,UNMEASURED,,,,,,149f2020-a4d9-4dff-a50f-44da4f58f1cd,0.0,0.0,,,
37609cda-55b7-4be3-a0ba-549dc5d09f05,SPLIT,2019,,,,,,,,,,,,,,,,,,,,,UNMEASURED,UNMEASURED,,,,,,149f2020-a4d9-4dff-a50f-44da4f58f1cd,0.0,0.0,,,
378a1820-fb97-4325-bcbc-d748bbec9e17,SPLIT,2018,,,,,,,,,,,,,,,,,,,,,UNMEASURED,UNMEASURED,,,,,,149f2020-a4d9-4dff-a50f-44da4f58f1cd,0.0,0.0,,,
379a108f-f4dd-4240-8f57-5ea620ab4eb5,SPLIT,2013,IND-000681,Panch Mahals,Gujarat,IND-000850,Mahisagar,Gujarat,3482,4083,5276.7539306241115,,3287.536713724906,2513.4935894554333,1928.240386445984,1928.240386445984,1928.240386445984,0.3654216989833976,0.18290939120777147,1.0,0.9978290702870787,AREA_WEIGHTED,MEASURED,MEASURED_NORMALIZED,FORMED_FROM,,1.00,PROPORTIONAL_APPORTIONMENT,Weights normalized (pre-normalization sum=1.998) due to overlapping target geometries detected in crosswalk_errors,149f2020-a4d9-4dff-a50f-44da4f58f1cd,3287.536713724906,5265.298468728345,60.97683045322174,-1989.2172168992056,2513.4935894554333
37dd4274-ce22-4e9e-ba49-1e95414ee404,RENAME,1991,,,,,,,,,,,,,,,,,,,,,NON_SPATIAL,UNMEASURED,,,,,,149f2020-a4d9-4dff-a50f-44da4f58f1cd,0.0,0.0,,,
3811f898-05af-482b-bfdd-9fe89ffb8fec,SPLIT,2023,,,,,,,,,,,,,,,,,,,,,UNMEASURED,UNMEASURED,,,,,,149f2020-a4d9-4dff-a50f-44da4f58f1cd,0.0,0.0,,,
38140216-7804-495b-890e-09c5ce06dfe1,SPLIT,2014,,,,,,,,,,,,,,,,,,,,,UNMEASURED,UNMEASURED,,,,,,149f2020-a4d9-4dff-a50f-44da4f58f1cd,0.0,0.0,,,
382f46d9-4874-45f8-9a57-844af630ad59,NEW_DISTRICT,1997,IND-000268,Etawah,Uttar Pradesh,IND-000572,Auraiya,Uttar Pradesh,1398,2995,4330.027933819654,,2322.3741065796708,2007.7614562042734,2007.6081492246678,2007.6081492246678,2007.6081492246678,,0.46364785167879813,1.0000722184085602,,AREA_WEIGHTED,MEASURED,MEASURED,FORMED_FROM,,1.00,NONE,Uniform spatial distribution assumed across district area; no ancillary data available for this build,149f2020-a4d9-4dff-a50f-44da4f58f1cd,2322.3741065796708,0.0,0.04567801531538862,-2007.6538272399835,2007.7614562042734
389e4cc0-06ef-4328-a4c1-4917722e70d7,SPLIT,2021,,,,,,,,,,,,,,,,,,,,,UNMEASURED,UNMEASURED,,,,,,149f2020-a4d9-4dff-a50f-44da4f58f1cd,0.0,0.0,,,
38a254cb-eb90-4bec-a329-d003a3334f27,SPLIT,2022,,,,,,,,,,,,,,,,,,,,,UNMEASURED,UNMEASURED,,,,,,149f2020-a4d9-4dff-a50f-44da4f58f1cd,0.0,0.0,,,
38d23b27-17d2-4048-a6ae-008fda371be5,SPLIT,1998,,,,,,,,,,,,,,,,,,,,,UNMEASURED,UNMEASURED,,,,,,149f2020-a4d9-4dff-a50f-44da4f58f1cd,0.0,0.0,,,
38e23711-f444-4249-a4f5-f66d65e47c4b,SPLIT,1979,,,,,,,,,,,,,,,,,,,,,UNMEASURED,UNMEASURED,,,,,,149f2020-a4d9-4dff-a50f-44da4f58f1cd,0.0,0.0,,,
38edb2c5-1c61-48b5-9b74-b4a1f712f5bb,NEW_DISTRICT,2016,IND-000505,Thoubal,Manipur,IND-000842,Kakching,Manipur,2751,4067,638.1524112322946,,298.5826777967064,303.96022972151263,279.16241270181473,279.16241270181473,279.16241270181473,0.43745413758249746,0.13894151581024952,1.0,2.148476789183173,AREA_WEIGHTED,MEASURED,MEASURED_NORMALIZED,FORMED_FROM,,1.00,PROPORTIONAL_APPORTIONMENT,Weights normalized (pre-normalization sum=3.148) due to overlapping target geometries detected in crosswalk_errors,149f2020-a4d9-4dff-a50f-44da4f58f1cd,298.5826777967064,1371.0556434938603,60.40732073377353,-339.56973343558826,303.96022972151263
38f08d63-0771-4b93-9ae3-620971a6a6c5,SPLIT,2019,,,,,,,,,,,,,,,,,,,,,UNMEASURED,UNMEASURED,,,,,,149f2020-a4d9-4dff-a50f-44da4f58f1cd,0.0,0.0,,,
38f93825-bb57-4af7-9795-224ef051a024,SPLIT,1960,,,,,,,,,,,,,,,,,,,,,UNMEASURED,UNMEASURED,,,,,,149f2020-a4d9-4dff-a50f-44da4f58f1cd,0.0,0.0,,,
38fb61e9-3c4a-4d5f-9b5e-c410035b2f49,SPLIT,2004,,,,,,,,,,,,,,,,,,,,,UNMEASURED,UNMEASURED,,,,,,149f2020-a4d9-4dff-a50f-44da4f58f1cd,0.0,0.0,,,
39163cca-4232-4c71-8fac-106d1adbfe8a,RENAME,2001,,,,,,,,,,,,,,,,,,,,,NON_SPATIAL,UNMEASURED,,,,,,149f2020-a4d9-4dff-a50f-44da4f58f1cd,0.0,0.0,,,
393205d9-5618-49f4-ac1b-ef6e614704b1,NEW_DISTRICT,1969,IND-000130,Manipur,Manipur,IND-000346,Manipur South,Manipur,691,1980,22478.364538398026,,,4859.794302034519,4859.794302034519,4859.794302034519,4859.794302034519,0.2161987494122588,0.12398031700822223,1.0,0.7438151041178636,AREA_WEIGHTED,MEASURED,MEASURED_NORMALIZED,FORMED_FROM,,1.00,PROPORTIONAL_APPORTIONMENT,Weights normalized (pre-normalization sum=1.744) due to overlapping target geometries detected in crosswalk_errors,149f2020-a4d9-4dff-a50f-44da4f58f1cd,0.0,16719.74705952782,17618.570236363506,,4859.794302034519
3971ff56-73e3-4fb7-bd21-786dbd406a69,SPLIT,1989,,,,,,,,,,,,,,,,,,,,,UNMEASURED,UNMEASURED,,,,,,149f2020-a4d9-4dff-a50f-44da4f58f1cd,0.0,0.0,,,
3a0566bc-d42b-4aae-b502-7a9805b57f1a,SPLIT,1994,,,,,,,,,,,,,,,,,,,,,UNMEASURED,UNMEASURED,,,,,,149f2020-a4d9-4dff-a50f-44da4f58f1cd,0.0,0.0,,,
3a267111-e36c-44de-b30e-8f2aa406ae27,SPLIT,1995,,,,,,,,,,,,,,,,,,,,,UNMEASURED,UNMEASURED,,,,,,149f2020-a4d9-4dff-a50f-44da4f58f1cd,0.0,0.0,,,
3a2b98cb-e06c-4733-8b00-e6410f033a7c,SPLIT,1972,,,,,,,,,,,,,,,,,,,,,UNMEASURED,UNMEASURED,,,,,,149f2020-a4d9-4dff-a50f-44da4f58f1cd,0.0,0.0,,,
3a2e6f51-fa77-488f-9890-9f770eb52793,SPLIT,2015,,,,,,,,,,,,,,,,,,,,,UNMEASURED,UNMEASURED,,,,,,149f2020-a4d9-4dff-a50f-44da4f58f1cd,0.0,0.0,,,
3a5314e2-d2de-4094-9ddb-7009ce633ad6,RENAME,2011,,,,,,,,,,,,,,,,,,,,,NON_SPATIAL,UNMEASURED,,,,,,149f2020-a4d9-4dff-a50f-44da4f58f1cd,0.0,0.0,,,
3a53b186-c491-41a5-9673-61ba040818d0,SPLIT,1997,,,,,,,,,,,,,,,,,,,,,UNMEASURED,UNMEASURED,,,,,,149f2020-a4d9-4dff-a50f-44da4f58f1cd,0.0,0.0,,,
3af96d14-28f1-4bd4-87ab-cfce2816a4ac,SPLIT,1977,IND-000110,Champaran,Bihar,IND-000922,Purba Champaran,Bihar,597,4266,9204.087187145422,,,3967.5174826318616,3967.3824168926703,3967.3824168926703,3967.3824168926703,0.4310457230819783,0.30120666752369263,1.0,0.4310630193738083,AREA_WEIGHTED,MEASURED,MEASURED_NORMALIZED,SPLIT_FROM,,1.00,PROPORTIONAL_APPORTIONMENT,Weights normalized (pre-normalization sum=1.431) due to overlapping target geometries detected in crosswalk_errors,149f2020-a4d9-4dff-a50f-44da4f58f1cd,0.0,3967.541613470688,5236.704770252752,,3967.5174826318616
3afd721c-42a6-4efd-b1d1-05f21fa6a0c1,SPLIT,1973,,,,,,,,,,,,,,,,,,,,,UNMEASURED,UNMEASURED,,,,,,149f2020-a4d9-4dff-a50f-44da4f58f1cd,0.0,0.0,,,
3b0b94c8-9b98-460c-9318-311ed21ccef0,RENAME,1991,,,,,,,,,,,,,,,,,,,,,NON_SPATIAL,UNMEASURED,,,,,,149f2020-a4d9-4dff-a50f-44da4f58f1cd,0.0,0.0,,,
3b2bccbb-1965-4663-8622-432910db8ed6,NEW_DISTRICT,1974,IND-000222,Tiruchirapalli,Madras,IND-000413,Pudukkottai,Tamil Nadu,1066,2383,14238.369100802365,,4380.368976744687,4766.549459497346,3310.9054564960775,3310.9054564960775,3310.9054564960775,0.23253403764547023,0.09891054406966288,1.0,1.3509529730389112,AREA_WEIGHTED,MEASURED,MEASURED_NORMALIZED,FORMED_FROM,,1.00,PROPORTIONAL_APPORTIONMENT,Weights normalized (pre-normalization sum=2.351) due to overlapping target geometries detected in crosswalk_errors,149f2020-a4d9-4dff-a50f-44da4f58f1cd,4380.368976744687,19235.367067954325,6547.094667561601,-9858.000124057678,4766.549459497346
3b2c3d5c-5d49-40fc-80ba-7dccdc9d8a3d,SPLIT,2012,,,,,,,,,,,,,,,,,,,,,UNMEASURED,UNMEASURED,,,,,,149f2020-a4d9-4dff-a50f-44da4f58f1cd,0.0,0.0,,,
3bd434e2-f114-4cf8-b721-421431b1d084,RENAME,1991,,,,,,,,,,,,,,,,,,,,,NON_SPATIAL,UNMEASURED,,,,,,149f2020-a4d9-4dff-a50f-44da4f58f1cd,0.0,0.0,,,
3c13a119-198e-42ca-a26a-a9b42ccaed0f,SPLIT,1990,IND-000124,Singhbhum,Bihar,IND-000631,Pashchimi Singhbhum,Jharkhand,658,3240,13468.991605306794,,,9899.482822783024,9899.33962849302,9899.33962849302,9899.33962849302,0.734972588786281,0.14555683334122949,1.0,4.049385672353023,AREA_WEIGHTED,MEASURED,MEASURED_NORMALIZED,SPLIT_FROM,,1.00,PROPORTIONAL_APPORTIONMENT,Weights normalized (pre-normalization sum=5.049) due to overlapping target geometries detected in crosswalk_errors,149f2020-a4d9-4dff-a50f-44da4f58f1cd,0.0,54541.14162757248,3569.651976813773,,9899.482822783024
3c56a4b2-5e68-4886-81c3-b132e2008327,NEW_DISTRICT,1983,IND-000120,Ranchi,Bihar,IND-000491,Gumla,Bihar,645,2714,18258.41543982621,,7651.21934868889,8562.46190368956,8562.186812405565,8562.186812405565,8562.186812405565,0.4689446814606527,0.2529804802584957,1.0,0.8536793075160762,AREA_WEIGHTED,MEASURED,MEASURED_NORMALIZED,FORMED_FROM,,1.00,PROPORTIONAL_APPORTIONMENT,Weights normalized (pre-normalization sum=1.854) due to overlapping target geometries detected in crosswalk_errors,149f2020-a4d9-4dff-a50f-44da4f58f1cd,7651.21934868889,15586.831449011674,2045.0092787317553,-10607.19609113732,8562.46190368956
3c5fa904-8c55-4c58-a937-e6b274382b88,SPLIT,2001,,,,,,,,,,,,,,,,,,,,,UNMEASURED,UNMEASURED,,,,,,149f2020-a4d9-4dff-a50f-44da4f58f1cd,0.0,0.0,,,
3ca7a802-7e23-478e-8866-73761b13a19e,RENAME,1971,,,,,,,,,,,,,,,,,,,,,NON_SPATIAL,UNMEASURED,,,,,,149f2020-a4d9-4dff-a50f-44da4f58f1cd,0.0,0.0,,,
3cc208cb-e64b-4159-bc9e-fc3c502848ef,SPLIT,2019,,,,,,,,,,,,,,,,,,,,,UNMEASURED,UNMEASURED,,,,,,149f2020-a4d9-4dff-a50f-44da4f58f1cd,0.0,0.0,,,
3cd06bff-7efe-4ce4-9cbc-2d23c7752771,SPLIT,2011,,,,,,,,,,,,,,,,,,,,,UNMEASURED,UNMEASURED,,,,,,149f2020-a4d9-4dff-a50f-44da4f58f1cd,0.0,0.0,,,
3cf211dc-5177-499b-8b65-455538abfb29,NEW_DISTRICT,1970,IND-000044,United Mikir and North Cachar Hills,Assam,IND-000356,Mikir Hills,Assam,225,2041,15178.317373301981,,,10282.027432826195,10281.97700894336,10281.97700894336,10281.97700894336,0.6774121765979755,0.5663284421765039,1.0,0.1961471933045713,AREA_WEIGHTED,MEASURED,MEASURED_NORMALIZED,FORMED_FROM,,1.00,PROPORTIONAL_APPORTIONMENT,Weights normalized (pre-normalization sum=1.196) due to overlapping target geometries detected in crosswalk_errors,149f2020-a4d9-4dff-a50f-44da4f58f1cd,0.0,2977.184351859197,4896.340364358621,,10282.027432826195
3cf83578-c42c-4d53-921e-458e0af5884b,SPLIT,1992,IND-000464,Patiala,Punjab,IND-000535,Fatehgarh Sahib,Punjab,2644,2870,4264.19262087592,,3283.1336756768833,1165.5520901420919,980.8785538237665,980.8785538237665,980.8785538237665,0.23002679311946314,0.1086788536050211,1.0,1.1165736064484548,AREA_WEIGHTED,MEASURED,MEASURED_NORMALIZED,FORMED_FROM,,1.00,PROPORTIONAL_APPORTIONMENT,Weights normalized (pre-normalization sum=2.117) due to overlapping target geometries detected in crosswalk_errors,149f2020-a4d9-4dff-a50f-44da4f58f1cd,3283.1336756768833,4761.284933282314,0.18039137527011917,-981.0589451990363,1165.5520901420919
3d37b4d2-4751-4b84-95b9-c2316880a586,RENAME,1951,,,,,,,,,,,,,,,,,,,,,NON_SPATIAL,UNMEASURED,,,,,,149f2020-a4d9-4dff-a50f-44da4f58f1cd,0.0,0.0,,,
3d6fb073-1533-45f2-b062-54897a000018,NEW_DISTRICT,1973,IND-000107,Gaya,Bihar,IND-000342,Aurangabad,Maharashtra,576,1955,12341.759304097304,17491.564107424092,6555.03320593457,19056.46441556442,,,,,,,,,UNMEASURED,UNMEASURED,FORMED_FROM,,1.00,,,149f2020-a4d9-4dff-a50f-44da4f58f1cd,6555.03320593457,0.0,5786.726098162734,-5786.726098162734,1564.900308140328
3d9b35b1-c928-4693-9341-628249cfba6e,SPLIT,2017,,,,,,,,,,,,,,,,,,,,,UNMEASURED,UNMEASURED,,,,,,149f2020-a4d9-4dff-a50f-44da4f58f1cd,0.0,0.0,,,
3d9d2826-9d0a-414e-8f8f-7d588fe00d23,SPLIT,2016,,,,,,,,,,,,,,,,,,,,,UNMEASURED,UNMEASURED,,,,,,149f2020-a4d9-4dff-a50f-44da4f58f1cd,0.0,0.0,,,
3e57d40a-2e2f-4381-a070-ed90c4a207c3,SPLIT,2006,IND-000338,Anantnag,Jammu and Kashmir,IND-000727,Kulgam,Jammu and Kashmir,1925,3671,3626.504557623516,,2819.656092226423,1165.8537807228763,1114.3559452466864,1114.3559452466864,1114.3559452466864,,0.30728099952449384,1.000033100736682,,AREA_WEIGHTED,MEASURED,MEASURED,FORMED_FROM,,1.00,NONE,Uniform spatial distribution assumed across district area; no ancillary data available for this build,149f2020-a4d9-4dff-a50f-44da4f58f1cd,2819.656092226423,0.0,-307.50747984959344,-806.8484653970932,1165.8537807228763
3e7456e2-5e36-4684-887d-c11931d3bb05,SPLIT,2007,,,,,,,,,,,,,,,,,,,,,UNMEASURED,UNMEASURED,,,,,,149f2020-a4d9-4dff-a50f-44da4f58f1cd,0.0,0.0,,,
3e8e12f0-f849-4aed-906f-ef0be8a91fe4,NEW_DISTRICT,1981,IND-000308,Twenty Four Parganas,West Bengal,IND-000923,North Twenty Four Parganas,West Bengal,1713,4269,11290.395332520051,,,4014.357079558181,4014.2198130828347,4014.2198130828347,4014.2198130828347,0.3555428924194144,0.17969681879167354,1.0,0.9785708773821034,AREA_WEIGHTED,MEASURED,MEASURED_NORMALIZED,FORMED_FROM,,1.00,PROPORTIONAL_APPORTIONMENT,Weights normalized (pre-normalization sum=1.979) due to overlapping target geometries detected in crosswalk_errors,149f2020-a4d9-4dff-a50f-44da4f58f1cd,0.0,11048.45206653495,7276.175519437216,,4014.357079558181
3e92238c-cff7-4d14-8c3f-0754ca3926a2,SPLIT,2023,,,,,,,,,,,,,,,,,,,,,UNMEASURED,UNMEASURED,,,,,,149f2020-a4d9-4dff-a50f-44da4f58f1cd,0.0,0.0,,,
3ea13871-608e-4ceb-af0a-e35e4fb9ce5d,RENAME,2011,,,,,,,,,,,,,,,,,,,,,NON_SPATIAL,UNMEASURED,,,,,,149f2020-a4d9-4dff-a50f-44da4f58f1cd,0.0,0.0,,,
3ebc0d46-c946-4330-9b7c-635e8c14ba2a,SPLIT,1992,,,,,,,,,,,,,,,,,,,,,UNMEASURED,UNMEASURED,,,,,,149f2020-a4d9-4dff-a50f-44da4f58f1cd,0.0,0.0,,,
3ed7c82d-63d4-4a14-828a-5cf328fee89e,NEW_DISTRICT,2022,,,,,,,,,,,,,,,,,,,,,UNMEASURED,UNMEASURED,,,,,,149f2020-a4d9-4dff-a50f-44da4f58f1cd,0.0,0.0,,,
3f229326-7600-4562-97f9-9b23f001cf58,SPLIT,2006,,,,,,,,,,,,,,,,,,,,,UNMEASURED,UNMEASURED,,,,,,149f2020-a4d9-4dff-a50f-44da4f58f1cd,0.0,0.0,,,
3f320923-885b-4e80-9a70-12e880296373,SPLIT,1997,,,,,,,,,,,,,,,,,,,,,UNMEASURED,UNMEASURED,,,,,,149f2020-a4d9-4dff-a50f-44da4f58f1cd,0.0,0.0,,,
3f55bdc3-7623-425b-ae2b-4144642f5747,SPLIT,1991,,,,,,,,,,,,,,,,,,,,,UNMEASURED,UNMEASURED,,,,,,149f2020-a4d9-4dff-a50f-44da4f58f1cd,0.0,0.0,,,
3f70c3cf-a409-4bc5-a9fd-7bd59ad56a06,SPLIT,2004,,,,,,,,,,,,,,,,,,,,,UNMEASURED,UNMEASURED,,,,,,149f2020-a4d9-4dff-a50f-44da4f58f1cd,0.0,0.0,,,
3f9d18d9-8c55-4c18-8fdc-f27e544817c9,RENAME,1981,,,,,,,,,,,,,,,,,,,,,NON_SPATIAL,UNMEASURED,,,,,,149f2020-a4d9-4dff-a50f-44da4f58f1cd,0.0,0.0,,,
3fa12b02-0cdb-47ce-972c-729e9a62d587,RENAME,1961,,,,,,,,,,,,,,,,,,,,,NON_SPATIAL,UNMEASURED,,,,,,149f2020-a4d9-4dff-a50f-44da4f58f1cd,0.0,0.0,,,
3febe5e7-c3ef-495a-8a90-3e5358dd88e5,SPLIT,1991,,,,,,,,,,,,,,,,,,,,,UNMEASURED,UNMEASURED,,,,,,149f2020-a4d9-4dff-a50f-44da4f58f1cd,0.0,0.0,,,
3ff3c8ef-7e22-47cc-990d-8df660e58821,SPLIT,2020,,,,,,,,,,,,,,,,,,,,,UNMEASURED,UNMEASURED,,,,,,149f2020-a4d9-4dff-a50f-44da4f58f1cd,0.0,0.0,,,
3ff4c7c4-2899-4b50-a15f-4050c6ac7b32,SPLIT,2012,,,,,,,,,,,,,,,,,,,,,UNMEASURED,UNMEASURED,,,,,,149f2020-a4d9-4dff-a50f-44da4f58f1cd,0.0,0.0,,,
3ff8efc3-ef04-4576-86b4-8c605b547589,SPLIT,1989,,,,,,,,,,,,,,,,,,,,,UNMEASURED,UNMEASURED,,,,,,149f2020-a4d9-4dff-a50f-44da4f58f1cd,0.0,0.0,,,
3ffe1771-be25-4bfd-b3a9-57f1fb682233,SPLIT,2004,,,,,,,,,,,,,,,,,,,,,UNMEASURED,UNMEASURED,,,,,,149f2020-a4d9-4dff-a50f-44da4f58f1cd,0.0,0.0,,,
4000c70f-38fc-40d1-83e0-4e13fd907c9a,NEW_DISTRICT,1978,IND-000387,Hyderabad,Andhra Pradesh,IND-000941,Rangareddy,Andhra Pradesh,2244,4320,7761.908860119769,,85.11486028982046,7548.432991832963,7274.950633880117,7274.950633880117,7274.950633880117,0.9372630837316817,0.23986801249971879,1.0,2.9074117218225597,AREA_WEIGHTED,MEASURED,MEASURED_NORMALIZED,FORMED_FROM,,1.00,PROPORTIONAL_APPORTIONMENT,Weights normalized (pre-normalization sum=3.907) due to overlapping target geometries detected in crosswalk_errors,149f2020-a4d9-4dff-a50f-44da4f58f1cd,85.11486028982046,22567.0648036306,401.84336594983233,-7676.793999829949,7548.432991832963
400d6263-6b00-41e7-abaa-4f7c8e8392db,SPLIT,1995,,,,,,,,,,,,,,,,,,,,,UNMEASURED,UNMEASURED,,,,,,149f2020-a4d9-4dff-a50f-44da4f58f1cd,0.0,0.0,,,
40109f59-04aa-44b8-bf90-3fbb5d85c5fb,SPLIT,2016,,,,,,,,,,,,,,,,,,,,,UNMEASURED,UNMEASURED,,,,,,149f2020-a4d9-4dff-a50f-44da4f58f1cd,0.0,0.0,,,
4016faf6-4f77-487a-8899-84bc6e989774,SPLIT,2023,,,,,,,,,,,,,,,,,,,,,UNMEASURED,UNMEASURED,,,,,,149f2020-a4d9-4dff-a50f-44da4f58f1cd,0.0,0.0,,,
40230f2d-e948-4117-819f-fc1da38ee531,NEW_DISTRICT,1997,IND-000096,Junagarh,Saurashtra,IND-000678,Porbandar,Gujarat,530,3459,10598.910902093457,,8836.246428815895,2316.460507742416,2316.3803561961568,2316.3803561961568,2316.3803561961568,0.2185489035235341,0.16769303382496067,1.0,0.303267634549788,AREA_WEIGHTED,MEASURED,MEASURED_NORMALIZED,FORMED_FROM,,1.00,PROPORTIONAL_APPORTIONMENT,Weights normalized (pre-normalization sum=1.303) due to overlapping target geometries detected in crosswalk_errors,149f2020-a4d9-4dff-a50f-44da4f58f1cd,8836.246428815895,3214.3066380818427,-553.7158829185955,-1762.6644732775621,2316.460507742416
402fb3ef-739f-448d-880e-8ffd10992504,SPLIT,1989,,,,,,,,,,,,,,,,,,,,,UNMEASURED,UNMEASURED,,,,,,149f2020-a4d9-4dff-a50f-44da4f58f1cd,0.0,0.0,,,
404e274e-f244-430c-988b-1ca05920ca54,NEW_DISTRICT,1993,IND-000201,South Arcot,Madras,IND-000718,Cuddalore,Tamilnadu,1016,3650,,,,3650.7368249795168,,,,,,0.0,,UNMEASURED,UNMEASURED,UNMEASURED,FORMED_FROM,,1.00,NONE,No geometric data available for this lineage pair,149f2020-a4d9-4dff-a50f-44da4f58f1cd,0.0,0.0,,,3650.7368249795168
404ef373-32f0-43a1-a421-77be58292b21,SPLIT,2018,,,,,,,,,,,,,,,,,,,,,UNMEASURED,UNMEASURED,,,,,,149f2020-a4d9-4dff-a50f-44da4f58f1cd,0.0,0.0,,,
4090b884-3b5f-48c9-9cf7-78ac2aeeb9e0,RENAME,1971,,,,,,,,,,,,,,,,,,,,,NON_SPATIAL,UNMEASURED,,,,,,149f2020-a4d9-4dff-a50f-44da4f58f1cd,0.0,0.0,,,
40a4b4e4-e827-42aa-a963-4258e7ce67d8,NEW_DISTRICT,2016,,,,,,,,,,,,,,,,,,,,,UNMEASURED,UNMEASURED,,,,,,149f2020-a4d9-4dff-a50f-44da4f58f1cd,0.0,0.0,,,
40cb224c-f815-4d30-b904-b5521d04ba00,SPLIT,1993,IND-000226,Baleshwar,Orissa,IND-000636,Bhadrak,Orissa,1088,3260,6302.237168674421,,3814.095490324312,2488.3224426277584,2488.2991393441016,2488.2991393441016,2488.2991393441016,0.39482791154105,0.39341242685235317,1.0,0.003597966388662499,AREA_WEIGHTED,MEASURED,MEASURED_NORMALIZED,FORMED_FROM,,1.00,PROPORTIONAL_APPORTIONMENT,Weights normalized (pre-normalization sum=1.004) due to overlapping target geometries detected in crosswalk_errors,149f2020-a4d9-4dff-a50f-44da4f58f1cd,3814.095490324312,22.67523750627008,-0.15746099399257218,-2488.141678350109,2488.3224426277584
40f105aa-9a0f-4318-a74c-eb41094646c0,RENAME,1981,,,,,,,,,,,,,,,,,,,,,NON_SPATIAL,UNMEASURED,,,,,,149f2020-a4d9-4dff-a50f-44da4f58f1cd,0.0,0.0,,,
40fd15ec-05c1-404d-b3d1-dee54a7a585d,NEW_DISTRICT,1997,,,,,,,,,,,,,,,,,,,,,UNMEASURED,UNMEASURED,,,,,,149f2020-a4d9-4dff-a50f-44da4f58f1cd,0.0,0.0,,,
4107b688-d565-42e4-b638-a62774f62f3c,SPLIT,1994,,,,,,,,,,,,,,,,,,,,,UNMEASURED,UNMEASURED,,,,,,149f2020-a4d9-4dff-a50f-44da4f58f1cd,0.0,0.0,,,
4119216f-002e-4eb8-a300-398097694a10,SPLIT,2016,IND-000332,Warangal,Andhra Pradesh,IND-000813,Mahabubabad,Telangana,1885,3987,12801.523008191938,,,3566.7800465627183,3038.076808855338,3038.076808855338,3038.076808855338,0.23732151298804174,0.1939714974022343,1.0,0.22348652336231423,AREA_WEIGHTED,MEASURED,MEASURED_NORMALIZED,FORMED_FROM,,1.00,PROPORTIONAL_APPORTIONMENT,Weights normalized (pre-normalization sum=1.223) due to overlapping target geometries detected in crosswalk_errors,149f2020-a4d9-4dff-a50f-44da4f58f1cd,0.0,2860.967870843491,9763.4461993366,,3566.7800465627183
41205bce-8b98-4e48-a6b6-f2b68a6cb07f,SPLIT,1981,,,,,,,,,,,,,,,,,,,,,UNMEASURED,UNMEASURED,,,,,,149f2020-a4d9-4dff-a50f-44da4f58f1cd,0.0,0.0,,,
413ae984-036c-4f67-8128-d925464b9b2b,SPLIT,1957,IND-000212,Malabar,Madras,IND-000374,Palakkad,Kerala,1038,2165,12789.189098051245,,,5193.869904128577,2506.545347182684,2506.545347182684,2506.545347182684,0.19598938822201162,0.14129241030591977,1.0,0.387119009419292,AREA_WEIGHTED,MEASURED,MEASURED_NORMALIZED,SPLIT_FROM,,1.00,PROPORTIONAL_APPORTIONMENT,Weights normalized (pre-normalization sum=1.387) due to overlapping target geometries detected in crosswalk_errors,149f2020-a4d9-4dff-a50f-44da4f58f1cd,0.0,4950.938214913606,10282.643750868561,,5193.869904128577
413bcc11-50ec-4d53-ad98-f1019d6499b5,NEW_DISTRICT,1976,IND-000036,Garo Hills,Assam,IND-000394,East Garo Hills,Meghalaya,176,2281,7959.739414241198,,,2854.621014425809,2854.5923278271835,2854.5923278271835,2854.5923278271835,0.3586288670103796,0.2587100559868956,1.0,0.38621927795703925,AREA_WEIGHTED,MEASURED,MEASURED_NORMALIZED,FORMED_FROM,,1.00,PROPORTIONAL_APPORTIONMENT,Weights normalized (pre-normalization sum=1.386) due to overlapping target geometries detected in crosswalk_errors,149f2020-a4d9-4dff-a50f-44da4f58f1cd,0.0,3074.204809294422,5105.147086414014,,2854.621014425809
4190cfec-24fa-4ed5-a05e-71d48cfc8a42,SPLIT,2016,,,,,,,,,,,,,,,,,,,,,UNMEASURED,UNMEASURED,,,,,,149f2020-a4d9-4dff-a50f-44da4f58f1cd,0.0,0.0,,,
41a91c34-32c5-4eec-a17c-ae3a6a4c7449,SPLIT,2012,,,,,,,,,,,,,,,,,,,,,UNMEASURED,UNMEASURED,,,,,,149f2020-a4d9-4dff-a50f-44da4f58f1cd,0.0,0.0,,,
41d25d9b-6292-485b-8f22-8531e0d850a8,SPLIT,1997,,,,,,,,,,,,,,,,,,,,,UNMEASURED,UNMEASURED,,,,,,149f2020-a4d9-4dff-a50f-44da4f58f1cd,0.0,0.0,,,
41e64655-48ce-4e6d-b222-02f4f3a37a9b,SPLIT,1979,,,,,,,,,,,,,,,,,,,,,UNMEASURED,UNMEASURED,,,,,,149f2020-a4d9-4dff-a50f-44da4f58f1cd,0.0,0.0,,,
423f196f-f924-4751-b6fc-d24f4fcb3b95,SPLIT,1972,,,,,,,,,,,,,,,,,,,,,UNMEASURED,UNMEASURED,,,,,,149f2020-a4d9-4dff-a50f-44da4f58f1cd,0.0,0.0,,,
42641e1b-b424-4468-829d-ea4d2a47d59c,RENAME,1981,,,,,,,,,,,,,,,,,,,,,NON_SPATIAL,UNMEASURED,,,,,,149f2020-a4d9-4dff-a50f-44da4f58f1cd,0.0,0.0,,,
427ac992-33fc-4b84-9f9e-853a55ef9a76,SPLIT,1993,,,,,,,,,,,,,,,,,,,,,UNMEASURED,UNMEASURED,,,,,,149f2020-a4d9-4dff-a50f-44da4f58f1cd,0.0,0.0,,,
42b263e3-caa2-4dfc-a767-8c862726ea99,NEW_DISTRICT,1974,IND-000347,Manipur Central,Manipur,IND-000871,Tengnoupal,Manipur,1987,4131,5459.080902710379,,,1142.328650637007,1097.4399016461402,1097.4399016461402,1097.4399016461402,0.20103015895977513,0.11683658154884874,1.0,0.7206097293742331,AREA_WEIGHTED,MEASURED,MEASURED_NORMALIZED,FORMED_FROM,,1.00,PROPORTIONAL_APPORTIONMENT,Weights normalized (pre-normalization sum=1.721) due to overlapping target geometries detected in crosswalk_errors,149f2020-a4d9-4dff-a50f-44da4f58f1cd,0.0,3933.86681193417,4361.6410010642385,,1142.328650637007
42de457c-7541-4e1b-971a-3b07a5e40d35,NEW_DISTRICT,1997,IND-000680,Kheda,Gujarat,IND-000679,Anand,Gujarat,3472,3465,7149.583093413756,,3982.4059573734176,3167.0880305006376,3166.99206071467,3166.99206071467,3166.99206071467,0.4429617810347745,0.17563690274314966,1.0,1.5220313847287499,AREA_WEIGHTED,MEASURED,MEASURED_NORMALIZED,FORMED_FROM,,1.00,PROPORTIONAL_APPORTIONMENT,Weights normalized (pre-normalization sum=2.522) due to overlapping target geometries detected in crosswalk_errors,149f2020-a4d9-4dff-a50f-44da4f58f1cd,3982.4059573734176,10881.889855901798,0.18507532566763985,-3167.177136040338,3167.0880305006376
432422cf-43f9-43e1-8a27-a3337e2b664f,NEW_DISTRICT,2004,IND-000341,Tuensang,Nagaland,IND-000751,Kiphire,Nagaland,1949,3747,3795.5883605093786,,2234.2964866728844,1106.7607919617608,1075.4254860757696,1075.4254860757696,1075.4254860757696,0.28333564758098384,0.14218869096667214,1.0,0.9926735780090654,AREA_WEIGHTED,MEASURED,MEASURED_NORMALIZED,FORMED_FROM,,1.00,PROPORTIONAL_APPORTIONMENT,Weights normalized (pre-normalization sum=1.993) due to overlapping target geometries detected in crosswalk_errors,149f2020-a4d9-4dff-a50f-44da4f58f1cd,2234.2964866728844,3767.780278476407,485.8663877607246,-1561.2918738364942,1106.7607919617608
43357cbe-9dda-4899-b25d-c082879896f3,SPLIT,2023,,,,,,,,,,,,,,,,,,,,,UNMEASURED,UNMEASURED,,,,,,149f2020-a4d9-4dff-a50f-44da4f58f1cd,0.0,0.0,,,
435d3122-5b8c-41f1-8d87-881f1ea414aa,SPLIT,1992,,,,,,,,,,,,,,,,,,,,,UNMEASURED,UNMEASURED,,,,,,149f2020-a4d9-4dff-a50f-44da4f58f1cd,0.0,0.0,,,
4365457f-d963-4f6c-8632-d271f625ea42,SPLIT,1997,,,,,,,,,,,,,,,,,,,,,UNMEASURED,UNMEASURED,,,,,,149f2020-a4d9-4dff-a50f-44da4f58f1cd,0.0,0.0,,,
439f0ac2-23fc-412d-94f9-f4cf19ac981f,SPLIT,1987,IND-000329,Diu,"Goa, Daman and Diu",IND-000708,North Goa,Goa,1871,3629,3646.8273636421522,3646.8275056835773,,,,,,,,0.0,1.5345834674580585,UNMEASURED,UNMEASURED,UNMEASURED,SPLIT_FROM,,1.00,NONE,No geometric data available for this lineage pair,149f2020-a4d9-4dff-a50f-44da4f58f1cd,0.0,5596.360980918904,3646.8273636421522,,
43eed979-4ade-4701-b58f-17bc7ec9b6ed,SPLIT,2002,IND-000305,Medinipur,West Bengal,IND-000760,Purba Medinipur,West Bengal,1693,3777,13461.533561726172,,,4015.0700115809605,3978.6409591054726,3978.6409591054726,3978.6409591054726,0.2955562931119188,0.24380583047840462,1.0,0.21226097231541785,AREA_WEIGHTED,MEASURED,MEASURED_NORMALIZED,SPLIT_FROM,,1.00,PROPORTIONAL_APPORTIONMENT,Weights normalized (pre-normalization sum=1.212) due to overlapping target geometries detected in crosswalk_errors,149f2020-a4d9-4dff-a50f-44da4f58f1cd,0.0,2857.358202668627,9482.8926026207,,4015.0700115809605
43ef7352-40a4-4285-bdd4-0000c5a3b809,SPLIT,1989,,,,,,,,,,,,,,,,,,,,,UNMEASURED,UNMEASURED,,,,,,149f2020-a4d9-4dff-a50f-44da4f58f1cd,0.0,0.0,,,
43f5b7fe-a077-45ef-a240-5a7977ecc03d,RENAME,2001,,,,,,,,,,,,,,,,,,,,,NON_SPATIAL,UNMEASURED,,,,,,149f2020-a4d9-4dff-a50f-44da4f58f1cd,0.0,0.0,,,
440e6086-4e3d-47d1-946d-d241dca55a14,SPLIT,2001,,,,,,,,,,,,,,,,,,,,,UNMEASURED,UNMEASURED,,,,,,149f2020-a4d9-4dff-a50f-44da4f58f1cd,0.0,0.0,,,
441a2429-56eb-4d02-ac5d-e8221f98dfc1,NEW_DISTRICT,1985,IND-000414,Madurai,Tamil Nadu,IND-000919,Dindigul Anna,Tamil Nadu,2390,4258,12648.634772287765,,3660.2802035282743,,,,,,,0.0,1.0237441484029697,UNMEASURED,UNMEASURED,UNMEASURED,FORMED_FROM,,1.00,NONE,No geometric data available for this lineage pair,149f2020-a4d9-4dff-a50f-44da4f58f1cd,3660.2802035282743,12948.965833415929,8988.35456875949,-8988.35456875949,
44212bcc-ec3e-4d50-a645-35a9d3fdd772,NEW_DISTRICT,1998,IND-000656,,,IND-000655,Kawardha,Chhattisgarh,,3336,,,11142.427173263304,4213.241173465679,,,,,,,,,UNMEASURED,UNMEASURED,FORMED_FROM,,1.00,,,149f2020-a4d9-4dff-a50f-44da4f58f1cd,11142.427173263304,0.0,,,4213.241173465679
44258886-c003-46ab-916e-ff8965129137,SPLIT,2016,IND-000811,,,IND-000807,Jagitial,Telangana,,3976,,,2134.0460571576646,2866.248706081469,,,,,,,,,UNMEASURED,UNMEASURED,FORMED_FROM,,1.00,,,149f2020-a4d9-4dff-a50f-44da4f58f1cd,2134.0460571576646,0.0,,,2866.248706081469
449aa272-760e-4495-9364-d995ecc09410,SPLIT,1997,,,,,,,,,,,,,,,,,,,,,UNMEASURED,UNMEASURED,,,,,,149f2020-a4d9-4dff-a50f-44da4f58f1cd,0.0,0.0,,,
44a1a0d5-40ba-4340-9606-5d9952312de0,SPLIT,2012,,,,,,,,,,,,,,,,,,,,,UNMEASURED,UNMEASURED,,,,,,149f2020-a4d9-4dff-a50f-44da4f58f1cd,0.0,0.0,,,
44e63bba-1bd2-4e57-b5d2-94c84b29db43,SPLIT,1973,IND-000141,Sikkim,Sikkim,IND-000939,East District,Sikkim,706,4315,7090.027624325411,,,954.1557954837031,947.783666201435,947.783666201435,947.783666201435,0.13367841656210938,0.06752223441652319,1.0,0.9797688526936139,AREA_WEIGHTED,MEASURED,MEASURED_NORMALIZED,SPLIT_FROM,,1.00,PROPORTIONAL_APPORTIONMENT,Weights normalized (pre-normalization sum=1.980) due to overlapping target geometries detected in crosswalk_errors,149f2020-a4d9-4dff-a50f-44da4f58f1cd,0.0,6946.588231051337,6142.243958123976,,954.1557954837031
4525acb4-ace5-4501-9916-f70405f0331f,RENAME,2011,,,,,,,,,,,,,,,,,,,,,NON_SPATIAL,UNMEASURED,,,,,,149f2020-a4d9-4dff-a50f-44da4f58f1cd,0.0,0.0,,,
455f04b6-cb6a-44aa-904a-d3af38158a53,RENAME,1971,,,,,,,,,,,,,,,,,,,,,NON_SPATIAL,UNMEASURED,,,,,,149f2020-a4d9-4dff-a50f-44da4f58f1cd,0.0,0.0,,,
45690733-4782-4bcc-9835-086319c7cab9,SPLIT,1989,,,,,,,,,,,,,,,,,,,,,UNMEASURED,UNMEASURED,,,,,,149f2020-a4d9-4dff-a50f-44da4f58f1cd,0.0,0.0,,,
457159e7-77d0-46f6-baad-67962f60c357,NEW_DISTRICT,1995,IND-000246,Jalandhar,Punjab,IND-000534,Nawanshahr,Punjab,1213,2866,3426.8616141031916,,2659.065753984103,1256.9869206107335,767.6448743124273,767.6448743124273,767.6448743124273,,0.22400813360924693,1.0000531345705954,,AREA_WEIGHTED,MEASURED,MEASURED,FORMED_FROM,,1.00,NONE,Uniform spatial distribution assumed across district area; no ancillary data available for this build,149f2020-a4d9-4dff-a50f-44da4f58f1cd,2659.065753984103,0.0,0.1509858066610832,-767.7958601190885,1256.9869206107335
45b5997f-6624-4945-91b0-b2e6ea107ae1,SPLIT,1983,IND-000347,Manipur Central,Manipur,IND-000504,Bishnupur,Manipur,1987,2744,5459.080902710379,,,618.3850795725539,618.3693828011463,618.3693828011463,618.3693828011463,0.11327353336971653,0.0658333679252836,1.0,0.7206097293742331,AREA_WEIGHTED,MEASURED,MEASURED_NORMALIZED,SPLIT_FROM,,1.00,PROPORTIONAL_APPORTIONMENT,Weights normalized (pre-normalization sum=1.721) due to overlapping target geometries detected in crosswalk_errors,149f2020-a4d9-4dff-a50f-44da4f58f1cd,0.0,3933.86681193417,4840.711519909232,,618.3850795725539
45b8cc82-4365-4e3f-aded-6ca1655478b0,SPLIT,1966,,,,,,,,,,,,,,,,,,,,,UNMEASURED,UNMEASURED,,,,,,149f2020-a4d9-4dff-a50f-44da4f58f1cd,0.0,0.0,,,
45c4d704-c84b-42bd-b052-074809c0e138,NEW_DISTRICT,2018,IND-000407,West Siang,Arunachal Pradesh,IND-000952,Shi Yomi,Arunachal Pradesh,2361,4335,8361.155384251113,,1355.3444627360657,2640.0533486534114,2621.8094510263354,2621.8094510263354,2621.8094510263354,0.3135702340808924,0.18637919316350673,1.0,0.6824315459172714,AREA_WEIGHTED,MEASURED,MEASURED_NORMALIZED,FORMED_FROM,,1.00,PROPORTIONAL_APPORTIONMENT,Weights normalized (pre-normalization sum=1.682) due to overlapping target geometries detected in crosswalk_errors,149f2020-a4d9-4dff-a50f-44da4f58f1cd,1355.3444627360657,5705.916194529004,4384.001470488712,-7005.810921515047,2640.0533486534114
46115908-bd46-4813-b9f2-cdd5a99bf837,SPLIT,1989,,,,,,,,,,,,,,,,,,,,,UNMEASURED,UNMEASURED,,,,,,149f2020-a4d9-4dff-a50f-44da4f58f1cd,0.0,0.0,,,
465516b2-691c-472c-b63f-b3725de6a398,NEW_DISTRICT,2016,IND-000823,,,IND-000827,Vikarabad,Telangana,,4015,,,4996.185161930081,3620.0380748814237,,,,,,,,,UNMEASURED,UNMEASURED,FORMED_FROM,,1.00,,,149f2020-a4d9-4dff-a50f-44da4f58f1cd,4996.185161930081,0.0,,,3620.0380748814237
466bf67d-da5b-4a3a-a345-519fc2f1b766,NEW_DISTRICT,1956,,,,,,,,,,,,,,,,,,,,,UNMEASURED,UNMEASURED,,,,,,149f2020-a4d9-4dff-a50f-44da4f58f1cd,0.0,0.0,,,
46e224f0-11c9-477c-abc2-22bbd4b26529,RENAME,2001,,,,,,,,,,,,,,,,,,,,,NON_SPATIAL,UNMEASURED,,,,,,149f2020-a4d9-4dff-a50f-44da4f58f1cd,0.0,0.0,,,
46e652fb-c03e-4a89-b681-61e2d4d9c41e,RENAME,1981,,,,,,,,,,,,,,,,,,,,,NON_SPATIAL,UNMEASURED,,,,,,149f2020-a4d9-4dff-a50f-44da4f58f1cd,0.0,0.0,,,
47264928-e1c1-4185-bf94-b77e44cca16c,SPLIT,1968,,,,,,,,,,,,,,,,,,,,,UNMEASURED,UNMEASURED,,,,,,149f2020-a4d9-4dff-a50f-44da4f58f1cd,0.0,0.0,,,
474f1589-af74-4e96-aea8-d4e8b65b739e,NEW_DISTRICT,1987,IND-000329,Diu,"Goa, Daman and Diu",IND-000709,South Goa,Goa,1871,3634,3646.8273636421522,,,,,,,,,0.0,1.5345834674580585,UNMEASURED,UNMEASURED,UNMEASURED,FORMED_FROM,,1.00,NONE,No geometric data available for this lineage pair,149f2020-a4d9-4dff-a50f-44da4f58f1cd,0.0,5596.360980918904,3646.8273636421522,,
477290ef-6700-4d31-a677-a35dc3063c24,NEW_DISTRICT,2012,IND-000657,Raipur,Chhattisgarh,IND-000901,Gariaband,Chhattisgarh,3345,4212,12545.692191244243,,2904.424708708804,4839.118509898371,4756.324555225885,4756.324555225885,4756.324555225885,0.3791201380299581,0.3777329787989684,1.0,0.003672327566950351,AREA_WEIGHTED,MEASURED,MEASURED_NORMALIZED,FORMED_FROM,,1.00,PROPORTIONAL_APPORTIONMENT,Weights normalized (pre-normalization sum=1.004) due to overlapping target geometries detected in crosswalk_errors,149f2020-a4d9-4dff-a50f-44da4f58f1cd,2904.424708708804,46.07189128037999,4884.942927309554,-9641.267482535439,4839.118509898371
479bd657-df2b-4395-8dc0-c602a84d10da,SPLIT,2003,,,,,,,,,,,,,,,,,,,,,UNMEASURED,UNMEASURED,,,,,,149f2020-a4d9-4dff-a50f-44da4f58f1cd,0.0,0.0,,,
47b3f7cc-6c30-4fbe-aca8-4f59d8d4a9d9,SPLIT,2021,,,,,,,,,,,,,,,,,,,,,UNMEASURED,UNMEASURED,,,,,,149f2020-a4d9-4dff-a50f-44da4f58f1cd,0.0,0.0,,,
47de039d-e8fc-46c1-bba5-4df12827e806,NEW_DISTRICT,1997,IND-000264,Moradabad,Uttar Pradesh,IND-000566,Jyotiba Phule Nagar,Uttar Pradesh,1362,2972,5953.943521594346,,3763.1444932965783,2190.758864965997,2190.7237243793406,2190.7237243793406,2190.7237243793406,0.3679449958559078,0.29203313368846,1.0,0.2599426346204614,AREA_WEIGHTED,MEASURED,MEASURED_NORMALIZED,FORMED_FROM,,1.00,PROPORTIONAL_APPORTIONMENT,Weights normalized (pre-normalization sum=1.260) due to overlapping target geometries detected in crosswalk_errors,149f2020-a4d9-4dff-a50f-44da4f58f1cd,3763.1444932965783,1547.6837653846624,0.07530391842647077,-2190.7990282977676,2190.758864965997
47ee0c88-38cc-41b7-b7a6-c3dfe3ef6f05,SPLIT,1973,,,,,,,,,,,,,,,,,,,,,UNMEASURED,UNMEASURED,,,,,,149f2020-a4d9-4dff-a50f-44da4f58f1cd,0.0,0.0,,,
47f490b7-edfe-47e3-b79a-a88564962c03,SPLIT,1986,,,,,,,,,,,,,,,,,,,,,UNMEASURED,UNMEASURED,,,,,,149f2020-a4d9-4dff-a50f-44da4f58f1cd,0.0,0.0,,,
482b0338-70c1-4ea4-aada-42ec5e79465d,NEW_DISTRICT,2012,IND-000353,West Tripura,Tripura,IND-000856,Khowai,Tripura,2024,4095,2972.6680226576245,,940.9129263079036,1001.7639686359598,972.8233588248613,972.8233588248613,972.8233588248613,0.3272559705322015,0.164953327371185,1.0,0.983930701778426,AREA_WEIGHTED,MEASURED,MEASURED_NORMALIZED,FORMED_FROM,,1.00,PROPORTIONAL_APPORTIONMENT,Weights normalized (pre-normalization sum=1.984) due to overlapping target geometries detected in crosswalk_errors,149f2020-a4d9-4dff-a50f-44da4f58f1cd,940.9129263079036,2924.8993336878025,1058.9317375248597,-2031.755096349721,1001.7639686359598
4876e23d-1940-4b06-83f9-f72b199772cf,NEW_DISTRICT,1973,IND-000318,Mokokchung,Nagaland,IND-000401,Wokha,Nagaland,1785,2319,4162.630923380044,,1603.3612857716737,1632.4986454638074,1632.3304872340648,1632.3304872340648,1632.3304872340648,0.39213913442718035,0.3903311909572903,1.0,0.004631819110986646,AREA_WEIGHTED,MEASURED,MEASURED_NORMALIZED,FORMED_FROM,,1.00,PROPORTIONAL_APPORTIONMENT,Weights normalized (pre-normalization sum=1.005) due to overlapping target geometries detected in crosswalk_errors,149f2020-a4d9-4dff-a50f-44da4f58f1cd,1603.3612857716737,19.280553462895675,926.9391503743054,-2559.2696376083704,1632.4986454638074
48845d8a-0953-4740-8592-900b36a839c9,SPLIT,2013,,,,,,,,,,,,,,,,,,,,,UNMEASURED,UNMEASURED,,,,,,149f2020-a4d9-4dff-a50f-44da4f58f1cd,0.0,0.0,,,
489461c1-715c-4dab-b350-dd8a1d2c6ea7,SPLIT,1957,,,,,,,,,,,,,,,,,,,,,UNMEASURED,UNMEASURED,,,,,,149f2020-a4d9-4dff-a50f-44da4f58f1cd,0.0,0.0,,,
48a812b1-0633-495d-9458-05f9abfea779,SPLIT,2016,,,,,,,,,,,,,,,,,,,,,UNMEASURED,UNMEASURED,,,,,,149f2020-a4d9-4dff-a50f-44da4f58f1cd,0.0,0.0,,,
48c75aed-2adf-488d-b86d-bb5d1c6562aa,NEW_DISTRICT,1993,IND-000512,Balangir,Orissa,IND-000645,Sonapur,Orissa,2791,3297,8742.81853255147,,6426.6042483740275,2316.256529827146,2316.1494480266074,2316.1494480266074,2316.1494480266074,0.2649202244565714,0.1324591769811368,1.0,1.000014121288841,AREA_WEIGHTED,MEASURED,MEASURED_NORMALIZED,FORMED_FROM,,1.00,PROPORTIONAL_APPORTIONMENT,Weights normalized (pre-normalization sum=2.000) due to overlapping target geometries detected in crosswalk_errors,149f2020-a4d9-4dff-a50f-44da4f58f1cd,6426.6042483740275,8742.94199241725,0.06483615083379846,-2316.214284177442,2316.256529827146
48f281a4-3462-44f0-9f50-1870a4ea8148,SPLIT,2013,,,,,,,,,,,,,,,,,,,,,UNMEASURED,UNMEASURED,,,,,,149f2020-a4d9-4dff-a50f-44da4f58f1cd,0.0,0.0,,,
491cebb5-871a-49f7-a630-88194f7a9b24,NEW_DISTRICT,2019,IND-000793,Kancheepuram,Tamil Nadu,IND-000895,Chengalpattu,Tamil Nadu,3929,4198,4430.778043579327,,1641.2875816404085,2737.6868594718308,2693.45907201198,2693.45907201198,2693.45907201198,,0.6078975397820009,0.9983070732326649,,AREA_WEIGHTED,MEASURED,MEASURED,FORMED_FROM,,1.00,NONE,Uniform spatial distribution assumed across district area; no ancillary data available for this build,149f2020-a4d9-4dff-a50f-44da4f58f1cd,1641.2875816404085,0.0,96.03138992693857,-2789.490461938918,2737.6868594718308
4934b3f5-156f-4c91-852c-f5f768891c63,NEW_DISTRICT,1992,IND-000245,Hoshiarpur,Punjab,IND-000535,Fatehgarh Sahib,Punjab,1204,2870,3837.37631725848,,3348.122190350368,1165.5520901420919,,,,,,0.0,,UNMEASURED,UNMEASURED,UNMEASURED,FORMED_FROM,,1.00,NONE,No geometric data available for this lineage pair,149f2020-a4d9-4dff-a50f-44da4f58f1cd,3348.122190350368,0.0,489.2541269081121,-489.2541269081121,1165.5520901420919
49663937-bc7f-499b-9eea-ee7ae41b5aa5,NEW_DISTRICT,1997,IND-000698,Raichur,Karnataka,IND-000699,Koppal,Karnataka,3577,3582,14024.136959900314,,8452.331918201526,5571.663346105022,5571.565650537466,5571.565650537466,5571.565650537466,,0.39728403013094005,0.3987908828122269,,AREA_WEIGHTED,MEASURED,LOW_COVERAGE,FORMED_FROM,,1.00,NONE,Uniform spatial distribution assumed across district area; no ancillary data available for this build,149f2020-a4d9-4dff-a50f-44da4f58f1cd,8452.331918201526,0.0,0.23939116132169147,-5571.805041698788,5571.663346105022
496a8ea6-09ac-4325-ad60-79dbe9dd1c70,RENAME,2011,,,,,,,,,,,,,,,,,,,,,NON_SPATIAL,UNMEASURED,,,,,,149f2020-a4d9-4dff-a50f-44da4f58f1cd,0.0,0.0,,,
49dce1ce-8bf4-4495-aacc-f14d46d651c5,SPLIT,1976,IND-000036,Garo Hills,Assam,IND-000395,West Garo Hills,Meghalaya,176,2287,7959.739414241198,,,5105.1824787362975,5105.063273416816,5105.063273416816,5105.063273416816,0.6413606033739085,0.4626689395916662,1.0,0.38621927795703925,AREA_WEIGHTED,MEASURED,MEASURED_NORMALIZED,SPLIT_FROM,,1.00,PROPORTIONAL_APPORTIONMENT,Weights normalized (pre-normalization sum=1.386) due to overlapping target geometries detected in crosswalk_errors,149f2020-a4d9-4dff-a50f-44da4f58f1cd,0.0,3074.204809294422,2854.676140824382,,5105.1824787362975
4a23d6f8-2e99-4408-b7d4-68c2d2c89057,NEW_DISTRICT,2016,IND-000344,Senapati,Manipur,IND-000870,Kangpokpi,Manipur,1970,4129,3533.2466287886123,,1753.3706380386761,1605.590573319022,1394.2627668767611,1394.2627668767611,1394.2627668767611,0.3946123532720357,0.18811433612151163,1.0,1.0977261032202112,AREA_WEIGHTED,MEASURED,MEASURED_NORMALIZED,FORMED_FROM,,1.00,PROPORTIONAL_APPORTIONMENT,Weights normalized (pre-normalization sum=2.098) due to overlapping target geometries detected in crosswalk_errors,149f2020-a4d9-4dff-a50f-44da4f58f1cd,1753.3706380386761,3878.5370535360717,385.6132238731748,-1779.8759907499361,1605.590573319022
4a7c22c1-bf1e-47db-a20d-fdba2fcad1e9,NEW_DISTRICT,1972,IND-000112,Darbhanga,Bihar,IND-000442,Samastipur,Bihar,601,2551,8702.390506157917,,2485.653296537163,2714.225177362466,2714.136010469875,2714.136010469875,2714.136010469875,,0.3118839597636212,1.0000373595269554,,AREA_WEIGHTED,MEASURED,MEASURED,FORMED_FROM,,1.00,NONE,Uniform spatial distribution assumed across district area; no ancillary data available for this build,149f2020-a4d9-4dff-a50f-44da4f58f1cd,2485.653296537163,0.0,3502.6011991508785,-6216.737209620755,2714.225177362466
4a958d25-3b28-45fc-bc4e-0a236fb23ae5,SPLIT,2001,,,,,,,,,,,,,,,,,,,,,UNMEASURED,UNMEASURED,,,,,,149f2020-a4d9-4dff-a50f-44da4f58f1cd,0.0,0.0,,,
4a96dfdc-5221-4f02-be27-bc62b9cd48a7,SPLIT,1973,IND-000141,Sikkim,Sikkim,IND-000938,South District,Sikkim,706,4313,7090.027624325411,,,708.9850692614582,707.7164784093187,707.7164784093187,707.7164784093187,0.09981857841867792,0.05041930944759928,1.0,0.9797688526936139,AREA_WEIGHTED,MEASURED,MEASURED_NORMALIZED,SPLIT_FROM,,1.00,PROPORTIONAL_APPORTIONMENT,Weights normalized (pre-normalization sum=1.980) due to overlapping target geometries detected in crosswalk_errors,149f2020-a4d9-4dff-a50f-44da4f58f1cd,0.0,6946.588231051337,6382.311145916093,,708.9850692614582
4ab765cb-9e98-4b2a-ae0d-3c3a4fe72732,SPLIT,1973,,,,,,,,,,,,,,,,,,,,,UNMEASURED,UNMEASURED,,,,,,149f2020-a4d9-4dff-a50f-44da4f58f1cd,0.0,0.0,,,
4bb09585-bdac-4579-97a9-a32e3d944ba5,SPLIT,2019,,,,,,,,,,,,,,,,,,,,,UNMEASURED,UNMEASURED,,,,,,149f2020-a4d9-4dff-a50f-44da4f58f1cd,0.0,0.0,,,
4be3e659-a88b-4125-8c4c-d76fde9f871e,NEW_DISTRICT,2006,,,,,,,,,,,,,,,,,,,,,UNMEASURED,UNMEASURED,,,,,,149f2020-a4d9-4dff-a50f-44da4f58f1cd,0.0,0.0,,,
4bf51cab-6cb3-4afb-85bf-5035eef06c80,SPLIT,2022,,,,,,,,,,,,,,,,,,,,,UNMEASURED,UNMEASURED,,,,,,149f2020-a4d9-4dff-a50f-44da4f58f1cd,0.0,0.0,,,
4c024612-3d01-43a3-87be-9b87f1c826b8,SPLIT,2009,IND-000795,,,IND-000801,Tiruppur,Tamil Nadu,,3954,,,5769.500147007334,5189.799318363895,,,,,,,,,UNMEASURED,UNMEASURED,FORMED_FROM,,1.00,,,149f2020-a4d9-4dff-a50f-44da4f58f1cd,5769.500147007334,0.0,,,5189.799318363895
4c024a57-e32a-43cb-9db7-74864e9fb20c,SPLIT,1998,,,,,,,,,,,,,,,,,,,,,UNMEASURED,UNMEASURED,,,,,,149f2020-a4d9-4dff-a50f-44da4f58f1cd,0.0,0.0,,,
4c6e8731-6a51-4592-b6fa-a9ae94538d6f,SPLIT,2016,,,,,,,,,,,,,,,,,,,,,UNMEASURED,UNMEASURED,,,,,,149f2020-a4d9-4dff-a50f-44da4f58f1cd,0.0,0.0,,,
4c8d3125-3bfa-4286-ae08-92efa90950d0,SPLIT,2012,,,,,,,,,,,,,,,,,,,,,UNMEASURED,UNMEASURED,,,,,,149f2020-a4d9-4dff-a50f-44da4f58f1cd,0.0,0.0,,,
4ca5a8a5-e96e-41a0-a4ca-489d69c3c343,SPLIT,2017,,,,,,,,,,,,,,,,,,,,,UNMEASURED,UNMEASURED,,,,,,149f2020-a4d9-4dff-a50f-44da4f58f1cd,0.0,0.0,,,
4ccea326-cb28-4a50-9794-b8c2dfafd488,SPLIT,1989,,,,,,,,,,,,,,,,,,,,,UNMEASURED,UNMEASURED,,,,,,149f2020-a4d9-4dff-a50f-44da4f58f1cd,0.0,0.0,,,
4ce17bec-827c-4399-a6ac-2a783e52bcc9,NEW_DISTRICT,1995,,,,,,,,,,,,,,,,,,,,,UNMEASURED,UNMEASURED,,,,,,149f2020-a4d9-4dff-a50f-44da4f58f1cd,0.0,0.0,,,
4cf3359b-b184-448d-9d1b-96764a8284cc,NEW_DISTRICT,2019,IND-000612,Champhai,Mizoram,IND-000897,Khawzawl,Mizoram,3161,4201,3496.558735539142,,1577.6410047772767,1168.7535424861871,1136.0948113499553,1136.0948113499553,1136.0948113499553,0.3249179828734604,0.1648947462129426,1.0,0.97045685405808,AREA_WEIGHTED,MEASURED,MEASURED_NORMALIZED,FORMED_FROM,,1.00,PROPORTIONAL_APPORTIONMENT,Weights normalized (pre-normalization sum=1.970) due to overlapping target geometries detected in crosswalk_errors,149f2020-a4d9-4dff-a50f-44da4f58f1cd,1577.6410047772767,3393.259390520614,782.8229194119099,-1918.9177307618654,1168.7535424861871
4cf57b69-24ad-42a0-a126-299ab121e7f4,SPLIT,2022,,,,,,,,,,,,,,,,,,,,,UNMEASURED,UNMEASURED,,,,,,149f2020-a4d9-4dff-a50f-44da4f58f1cd,0.0,0.0,,,
4d102134-8e97-4d97-b6e9-da2ca78788a6,NEW_DISTRICT,1956,IND-000184,Sagar,Madhya Pradesh,IND-000321,Damoh,Madhya Pradesh,907,1809,17562.35670911488,,10258.350575793407,2187.252175685989,,,,,,,,,UNMEASURED,UNMEASURED,FORMED_FROM,,1.00,,,149f2020-a4d9-4dff-a50f-44da4f58f1cd,10258.350575793407,0.0,7304.006133321473,-7304.006133321473,2187.252175685989
4d324947-c272-4257-8de7-98459d1c0740,NEW_DISTRICT,1989,IND-000466,Mahendragarh,Haryana,IND-000468,Rewari,Haryana,2656,2667,3265.5533489664476,,1834.2382560441524,1431.3390256906937,1431.1944707841808,1431.1944707841808,1431.1944707841808,0.4382701238787466,0.21894652154555178,1.0,1.0017222506435877,AREA_WEIGHTED,MEASURED,MEASURED_NORMALIZED,FORMED_FROM,,1.00,PROPORTIONAL_APPORTIONMENT,Weights normalized (pre-normalization sum=2.002) due to overlapping target geometries detected in crosswalk_errors,149f2020-a4d9-4dff-a50f-44da4f58f1cd,1834.2382560441524,3271.177450323375,0.12062213811441325,-1431.3150929222952,1431.3390256906937
4d572911-f361-44e3-8748-985f89b06f12,SPLIT,1979,,,,,,,,,,,,,,,,,,,,,UNMEASURED,UNMEASURED,,,,,,149f2020-a4d9-4dff-a50f-44da4f58f1cd,0.0,0.0,,,
4d63c4a4-e42e-4e5c-8cf9-cfbe11bf7b37,SPLIT,1994,,,,,,,,,,,,,,,,,,,,,UNMEASURED,UNMEASURED,,,,,,149f2020-a4d9-4dff-a50f-44da4f58f1cd,0.0,0.0,,,
4d6e9ced-77ce-4e5a-8904-7621e4eaf7c6,NEW_DISTRICT,1957,,,,,,,,,,,,,,,,,,,,,UNMEASURED,UNMEASURED,,,,,,149f2020-a4d9-4dff-a50f-44da4f58f1cd,0.0,0.0,,,
4d740ed6-befa-4062-95fd-9590a7a32329,SPLIT,1989,,,,,,,,,,,,,,,,,,,,,UNMEASURED,UNMEASURED,,,,,,149f2020-a4d9-4dff-a50f-44da4f58f1cd,0.0,0.0,,,
4dc450cb-cde8-4222-9d11-7c2e1b7ee2b7,NEW_DISTRICT,2019,,,,,,,,,,,,,,,,,,,,,UNMEASURED,UNMEASURED,,,,,,149f2020-a4d9-4dff-a50f-44da4f58f1cd,0.0,0.0,,,
4df8d7e7-a9d0-4259-9868-d5dfe343ce4b,SPLIT,2010,IND-000290,Rae Bareli,Uttar Pradesh,IND-000852,Amethi,Uttar Pradesh,1564,4087,4561.5679445679025,,,3314.378847191413,1301.7783443280841,1301.7783443280841,1301.7783443280841,,0.28537958003635433,0.30327685076789446,,AREA_WEIGHTED,MEASURED,LOW_COVERAGE,SPLIT_FROM,,1.00,NONE,Uniform spatial distribution assumed across district area; no ancillary data available for this build,149f2020-a4d9-4dff-a50f-44da4f58f1cd,0.0,0.0,3259.7896002398184,,3314.378847191413
4e3a0965-3826-4f8b-81ad-06d660a7e97a,NEW_DISTRICT,1970,IND-000131,Tripura,Tripura,IND-000353,West Tripura,Tripura,693,2020,10370.715090609212,,,2543.8778379435203,2543.7576494890122,2543.7576494890122,2543.7576494890122,0.24528276278579966,0.1493609329802101,1.0,0.6422149881609198,AREA_WEIGHTED,MEASURED,MEASURED_NORMALIZED,FORMED_FROM,,1.00,PROPORTIONAL_APPORTIONMENT,Weights normalized (pre-normalization sum=1.642) due to overlapping target geometries detected in crosswalk_errors,149f2020-a4d9-4dff-a50f-44da4f58f1cd,0.0,6660.228669135868,7826.957441120199,,2543.8778379435203
4e798adc-7cd3-418f-9d46-f89c23d8aa45,NEW_DISTRICT,2022,,,,,,,,,,,,,,,,,,,,,UNMEASURED,UNMEASURED,,,,,,149f2020-a4d9-4dff-a50f-44da4f58f1cd,0.0,0.0,,,
4e83cc20-0e51-4d7d-829c-c263a9298cf5,SPLIT,1972,,,,,,,,,,,,,,,,,,,,,UNMEASURED,UNMEASURED,,,,,,149f2020-a4d9-4dff-a50f-44da4f58f1cd,0.0,0.0,,,
4ed08270-3099-4771-a4f4-7e35000f1faf,NEW_DISTRICT,2007,IND-000327,Surat,Gujarat,IND-000780,Tapi,Gujarat,1863,3865,7446.842515317025,,4306.079205595497,3210.399303707554,3095.6364693871674,3095.6364693871674,3095.6364693871674,0.4156978562417445,0.20846425394052612,1.0,0.9940965819508856,AREA_WEIGHTED,MEASURED,MEASURED_NORMALIZED,FORMED_FROM,,1.00,PROPORTIONAL_APPORTIONMENT,Weights normalized (pre-normalization sum=1.994) due to overlapping target geometries detected in crosswalk_errors,149f2020-a4d9-4dff-a50f-44da4f58f1cd,4306.079205595497,7402.880690803189,45.12684033436017,-3140.7633097215275,3210.399303707554
4ee825ca-86b6-4852-9b9a-e02703f46d8e,NEW_DISTRICT,1982,IND-000179,Chandrapur,Madhya Pradesh,IND-000514,Gadchiroli,Maharashtra,873,2796,25296.06808298661,,10760.140039041546,14535.808890913504,14535.55643426219,14535.55643426219,14535.55643426219,0.5746172245653615,0.5437639921850644,1.0,0.056740116711877064,AREA_WEIGHTED,MEASURED,MEASURED_NORMALIZED,FORMED_FROM,,1.00,PROPORTIONAL_APPORTIONMENT,Weights normalized (pre-normalization sum=1.057) due to overlapping target geometries detected in crosswalk_errors,149f2020-a4d9-4dff-a50f-44da4f58f1cd,10760.140039041546,1435.3018553802485,0.3716096828757145,-14535.928043945065,14535.808890913504
4eff639d-9b0f-46b1-90a0-6253a1d77112,SPLIT,1956,IND-000187,Nimar,Madhya Pradesh,IND-000672,Khandwa,Madhya Pradesh,926,3427,,,,10740.826704630923,,,,,,0.0,,UNMEASURED,UNMEASURED,UNMEASURED,SPLIT_FROM,,1.00,NONE,No geometric data available for this lineage pair,149f2020-a4d9-4dff-a50f-44da4f58f1cd,0.0,0.0,,,10740.826704630923
4f2a5901-19f6-47a6-ac6f-e5ca2a231fef,NEW_DISTRICT,1997,,,,,,,,,,,,,,,,,,,,,UNMEASURED,UNMEASURED,,,,,,149f2020-a4d9-4dff-a50f-44da4f58f1cd,0.0,0.0,,,
4f37734f-4cbb-48a6-bc49-967847dab68b,SPLIT,1982,,,,,,,,,,,,,,,,,,,,,UNMEASURED,UNMEASURED,,,,,,149f2020-a4d9-4dff-a50f-44da4f58f1cd,0.0,0.0,,,
4f95b1a1-9e31-433e-9f1c-2ba314fc798f,NEW_DISTRICT,2001,IND-000622,Palamu,Jharkhand,IND-000761,Latehar,Jharkhand,3200,3780,8676.439506350998,,8676.439506350998,4144.23289929674,4119.353396859265,4119.353396859265,4119.353396859265,,0.4747746346694369,0.9961717577951307,,AREA_WEIGHTED,MEASURED,MEASURED,FORMED_FROM,,1.00,NONE,Uniform spatial distribution assumed across district area; no ancillary data available for this build,149f2020-a4d9-4dff-a50f-44da4f58f1cd,8676.439506350998,0.0,-4119.353396859264,0.0,4144.23289929674
4fbabb3f-8727-45b5-aae7-e12e9816c0d7,RENAME,2001,,,,,,,,,,,,,,,,,,,,,NON_SPATIAL,UNMEASURED,,,,,,149f2020-a4d9-4dff-a50f-44da4f58f1cd,0.0,0.0,,,
4fd0433b-dcd9-4316-8d2e-df2959e11172,SPLIT,1993,,,,,,,,,,,,,,,,,,,,,UNMEASURED,UNMEASURED,,,,,,149f2020-a4d9-4dff-a50f-44da4f58f1cd,0.0,0.0,,,
4fd6b9a7-8c48-4c28-b0c1-5d8d5bff7773,RENAME,1951,,,,,,,,,,,,,,,,,,,,,NON_SPATIAL,UNMEASURED,,,,,,149f2020-a4d9-4dff-a50f-44da4f58f1cd,0.0,0.0,,,
4fe0f5c4-b4bc-4c0e-ab38-3a3d5cc9495c,SPLIT,1969,IND-000130,Manipur,Manipur,IND-000344,Manipur North,Manipur,691,1966,22478.364538398026,,,3521.6914129097686,3521.6407308441903,3521.6407308441903,3521.6407308441903,0.1566680140287096,0.08984210175651769,1.0,0.7438151041178636,AREA_WEIGHTED,MEASURED,MEASURED_NORMALIZED,SPLIT_FROM,,1.00,PROPORTIONAL_APPORTIONMENT,Weights normalized (pre-normalization sum=1.744) due to overlapping target geometries detected in crosswalk_errors,149f2020-a4d9-4dff-a50f-44da4f58f1cd,0.0,16719.74705952782,18956.723807553833,,3521.6914129097686
501f2a1e-d3f6-484d-825b-ddbb5c326fde,SPLIT,2023,,,,,,,,,,,,,,,,,,,,,UNMEASURED,UNMEASURED,,,,,,149f2020-a4d9-4dff-a50f-44da4f58f1cd,0.0,0.0,,,
5032cea0-9932-45a3-8379-77d90f08602e,SPLIT,2003,,,,,,,,,,,,,,,,,,,,,UNMEASURED,UNMEASURED,,,,,,149f2020-a4d9-4dff-a50f-44da4f58f1cd,0.0,0.0,,,
505b2804-0b1c-465c-a373-7bf8504355d6,RENAME,1991,,,,,,,,,,,,,,,,,,,,,NON_SPATIAL,UNMEASURED,,,,,,149f2020-a4d9-4dff-a50f-44da4f58f1cd,0.0,0.0,,,
5117542b-8615-40ba-8d62-875963d86cd2,SPLIT,1995,,,,,,,,,,,,,,,,,,,,,UNMEASURED,UNMEASURED,,,,,,149f2020-a4d9-4dff-a50f-44da4f58f1cd,0.0,0.0,,,
514470f7-ab66-495c-98e5-28ade8b8e4f3,SPLIT,2016,IND-000811,,,IND-000816,Medak,Telangana,,3993,,,2134.0460571576646,2749.53751080338,,,,,,,,,UNMEASURED,UNMEASURED,FORMED_FROM,,1.00,,,149f2020-a4d9-4dff-a50f-44da4f58f1cd,2134.0460571576646,0.0,,,2749.53751080338
51bb6a04-3815-4dbc-8ecd-01abbc43b3a4,SPLIT,1954,,,,,,,,,,,,,,,,,,,,,UNMEASURED,UNMEASURED,,,,,,149f2020-a4d9-4dff-a50f-44da4f58f1cd,0.0,0.0,,,
5209c254-6ece-467c-9d62-ed5280c6fde1,SPLIT,2001,,,,,,,,,,,,,,,,,,,,,UNMEASURED,UNMEASURED,,,,,,149f2020-a4d9-4dff-a50f-44da4f58f1cd,0.0,0.0,,,
521119dd-cd13-41f9-a8ac-ca475edd569a,SPLIT,1956,,,,,,,,,,,,,,,,,,,,,UNMEASURED,UNMEASURED,,,,,,149f2020-a4d9-4dff-a50f-44da4f58f1cd,0.0,0.0,,,
52559a6d-eab5-4d66-a7e9-cec61b54f418,SPLIT,2021,,,,,,,,,,,,,,,,,,,,,UNMEASURED,UNMEASURED,,,,,,149f2020-a4d9-4dff-a50f-44da4f58f1cd,0.0,0.0,,,
527c3d19-6d72-4e5c-80e5-fd419fcf721f,SPLIT,2020,,,,,,,,,,,,,,,,,,,,,UNMEASURED,UNMEASURED,,,,,,149f2020-a4d9-4dff-a50f-44da4f58f1cd,0.0,0.0,,,
5304cdeb-e515-440b-90c8-8850f7b3cdbb,SPLIT,1997,IND-000116,Delhi,Delhi,IND-000555,East,Delhi,633,2928,1467.8300703301863,,,70.75049775110703,70.7492739687798,70.7492739687798,70.7492739687798,0.04819990774059074,0.043899208737640645,1.0,0.09796757451034721,AREA_WEIGHTED,MEASURED,MEASURED_NORMALIZED,SPLIT_FROM,,1.00,PROPORTIONAL_APPORTIONMENT,Weights normalized (pre-normalization sum=1.098) due to overlapping target geometries detected in crosswalk_errors,149f2020-a4d9-4dff-a50f-44da4f58f1cd,0.0,143.79975178360073,1397.0807963614066,,70.75049775110703
53a35d76-ef6e-469e-bc31-0b1ec6944f2c,SPLIT,1994,,,,,,,,,,,,,,,,,,,,,UNMEASURED,UNMEASURED,,,,,,149f2020-a4d9-4dff-a50f-44da4f58f1cd,0.0,0.0,,,
53b84933-4c83-4ef4-b896-448c5e73e81e,SPLIT,1956,IND-000143,Jammu and Kashmir,Jammu and Kashmir,IND-000338,Anantnag,Jammu and Kashmir,708,1921,,,,4919.607845164943,,,,,,0.0,,UNMEASURED,UNMEASURED,UNMEASURED,SPLIT_FROM,,1.00,NONE,No geometric data available for this lineage pair,149f2020-a4d9-4dff-a50f-44da4f58f1cd,0.0,0.0,,,4919.607845164943
53f668e4-e240-4f88-aa58-fe1b5c80febe,SPLIT,2021,,,,,,,,,,,,,,,,,,,,,UNMEASURED,UNMEASURED,,,,,,149f2020-a4d9-4dff-a50f-44da4f58f1cd,0.0,0.0,,,
5428b26f-3afa-4936-a4b0-ae7b8c20f833,SPLIT,2020,,,,,,,,,,,,,,,,,,,,,UNMEASURED,UNMEASURED,,,,,,149f2020-a4d9-4dff-a50f-44da4f58f1cd,0.0,0.0,,,
5431509e-8a46-48fc-8fa0-932184d4a267,RENAME,1971,,,,,,,,,,,,,,,,,,,,,NON_SPATIAL,UNMEASURED,,,,,,149f2020-a4d9-4dff-a50f-44da4f58f1cd,0.0,0.0,,,
54317bcd-8f2d-48f9-9dba-73aaa95974e6,SPLIT,2012,,,,,,,,,,,,,,,,,,,,,UNMEASURED,UNMEASURED,,,,,,149f2020-a4d9-4dff-a50f-44da4f58f1cd,0.0,0.0,,,
544539b9-d82a-49ea-87c2-37369b31cb33,NEW_DISTRICT,2022,,,,,,,,,,,,,,,,,,,,,UNMEASURED,UNMEASURED,,,,,,149f2020-a4d9-4dff-a50f-44da4f58f1cd,0.0,0.0,,,
5446aed2-0222-465f-94b7-572a72731bbc,SPLIT,1990,,,,,,,,,,,,,,,,,,,,,UNMEASURED,UNMEASURED,,,,,,149f2020-a4d9-4dff-a50f-44da4f58f1cd,0.0,0.0,,,
54753d13-10a8-49b4-88b7-64e9ae2868e4,SPLIT,2006,,,,,,,,,,,,,,,,,,,,,UNMEASURED,UNMEASURED,,,,,,149f2020-a4d9-4dff-a50f-44da4f58f1cd,0.0,0.0,,,
54a5545c-efbb-4492-84a1-4b9cb40e17af,NEW_DISTRICT,1972,,,,,,,,,,,,,,,,,,,,,UNMEASURED,UNMEASURED,,,,,,149f2020-a4d9-4dff-a50f-44da4f58f1cd,0.0,0.0,,,
54ff2c22-1279-4d45-a73a-477f3118b1e1,SPLIT,1980,,,,,,,,,,,,,,,,,,,,,UNMEASURED,UNMEASURED,,,,,,149f2020-a4d9-4dff-a50f-44da4f58f1cd,0.0,0.0,,,
552c57fc-62d6-458a-b8c5-17225c8330d8,NEW_DISTRICT,1993,,,,,,,,,,,,,,,,,,,,,UNMEASURED,UNMEASURED,,,,,,149f2020-a4d9-4dff-a50f-44da4f58f1cd,0.0,0.0,,,
553e0c01-7ad1-4846-bc7e-6eac3856a350,NEW_DISTRICT,1990,IND-000144,Greater Bombay,Bombay,IND-000695,Mumbai,Maharashtra,711,3561,422.43417271016455,422.4341336505767,,70.92808130559163,70.8481126697417,70.8481126697417,70.8481126697417,0.1677139711856388,0.14346730404535687,1.0,0.1690048286724366,AREA_WEIGHTED,MEASURED,MEASURED_NORMALIZED,FORMED_FROM,,1.00,PROPORTIONAL_APPORTIONMENT,Weights normalized (pre-normalization sum=1.169) due to overlapping target geometries detected in crosswalk_errors,149f2020-a4d9-4dff-a50f-44da4f58f1cd,0.0,71.39341498426386,351.58606004042286,,-351.50605234498505
5596f20b-e540-4840-9ae6-46d008bb0149,NEW_DISTRICT,1997,IND-000584,Varanasi,Uttar Pradesh,IND-000583,Chandauli,Uttar Pradesh,3045,3039,5061.2553260683035,,1520.150049933289,2562.406365437229,2562.2880978111184,2562.2880978111184,2562.2880978111184,0.5062554510170427,0.20627234278642173,1.0,1.4543060120339506,AREA_WEIGHTED,MEASURED,MEASURED_NORMALIZED,FORMED_FROM,,1.00,PROPORTIONAL_APPORTIONMENT,Weights normalized (pre-normalization sum=2.454) due to overlapping target geometries detected in crosswalk_errors,149f2020-a4d9-4dff-a50f-44da4f58f1cd,1520.150049933289,7360.6140491399865,978.8171783238959,-3541.1052761350147,2562.406365437229
55da71cf-1d51-4942-b0c4-36c92302cfa0,SPLIT,2017,,,,,,,,,,,,,,,,,,,,,UNMEASURED,UNMEASURED,,,,,,149f2020-a4d9-4dff-a50f-44da4f58f1cd,0.0,0.0,,,
5610806f-66c5-4233-9a6d-2010c06d8cb8,SPLIT,1989,,,,,,,,,,,,,,,,,,,,,UNMEASURED,UNMEASURED,,,,,,149f2020-a4d9-4dff-a50f-44da4f58f1cd,0.0,0.0,,,
56255e30-9403-450b-abc8-63079b8aa889,NEW_DISTRICT,1997,,,,,,,,,,,,,,,,,,,,,UNMEASURED,UNMEASURED,,,,,,149f2020-a4d9-4dff-a50f-44da4f58f1cd,0.0,0.0,,,
565b2b50-44f3-4189-99ba-725df12ab2cd,SPLIT,1993,,,,,,,,,,,,,,,,,,,,,UNMEASURED,UNMEASURED,,,,,,149f2020-a4d9-4dff-a50f-44da4f58f1cd,0.0,0.0,,,
56771df5-2db6-4a9e-9b74-fbbabb4bcb99,NEW_DISTRICT,1989,,,,,,,,,,,,,,,,,,,,,UNMEASURED,UNMEASURED,,,,,,149f2020-a4d9-4dff-a50f-44da4f58f1cd,0.0,0.0,,,
567925b2-39be-42c0-b2aa-e73f017255bd,SPLIT,1972,,,,,,,,,,,,,,,,,,,,,UNMEASURED,UNMEASURED,,,,,,149f2020-a4d9-4dff-a50f-44da4f58f1cd,0.0,0.0,,,
5683bf92-3d90-4d68-978e-8387bc498e05,RENAME,1951,,,,,,,,,,,,,,,,,,,,,NON_SPATIAL,UNMEASURED,,,,,,149f2020-a4d9-4dff-a50f-44da4f58f1cd,0.0,0.0,,,
5687e441-0615-4e9f-b165-c08e75e4f320,SPLIT,1988,,,,,,,,,,,,,,,,,,,,,UNMEASURED,UNMEASURED,,,,,,149f2020-a4d9-4dff-a50f-44da4f58f1cd,0.0,0.0,,,
56a096b1-e880-48a5-8aeb-716b1fc7e79e,NEW_DISTRICT,1972,IND-000358,Muzaffarpur,Bihar,IND-000439,Sitamarhi,Bihar,2056,2533,7795.514249554497,,3167.0386688654066,2623.1900820179985,2623.0725401654195,2623.0725401654195,2623.0725401654195,0.33648486247271303,0.16358303361760945,1.0,1.0569667589077585,AREA_WEIGHTED,MEASURED,MEASURED_NORMALIZED,FORMED_FROM,,1.00,PROPORTIONAL_APPORTIONMENT,Weights normalized (pre-normalization sum=2.057) due to overlapping target geometries detected in crosswalk_errors,149f2020-a4d9-4dff-a50f-44da4f58f1cd,3167.0386688654066,8239.599430370863,2005.4030405236708,-4628.47558068909,2623.1900820179985
56b1f4f9-5bc1-4082-bf67-65903c6fac37,NEW_DISTRICT,1993,IND-000227,Puri,Orissa,IND-000642,Khordha,Orissa,1097,3285,10438.302738207261,,3486.017890156245,2906.1005250847243,2906.0795535996854,2906.0795535996854,2906.0795535996854,,0.2784053716858181,0.999992228156113,,AREA_WEIGHTED,MEASURED,MEASURED,FORMED_FROM,,1.00,NONE,Uniform spatial distribution assumed across district area; no ancillary data available for this build,149f2020-a4d9-4dff-a50f-44da4f58f1cd,3486.017890156245,0.0,4046.2052944513307,-6952.2848480510165,2906.1005250847243
5762e073-6c12-47f6-a6f6-773052f0ef43,SPLIT,1953,,,,,,,,,,,,,,,,,,,,,UNMEASURED,UNMEASURED,,,,,,149f2020-a4d9-4dff-a50f-44da4f58f1cd,0.0,0.0,,,
57ae5a75-a83f-460a-b9b5-bb3fe698d7d3,RENAME,1961,,,,,,,,,,,,,,,,,,,,,NON_SPATIAL,UNMEASURED,,,,,,149f2020-a4d9-4dff-a50f-44da4f58f1cd,0.0,0.0,,,
57fb5dca-0043-4974-8a74-fbff467fe4e0,NEW_DISTRICT,2022,,,,,,,,,,,,,,,,,,,,,UNMEASURED,UNMEASURED,,,,,,149f2020-a4d9-4dff-a50f-44da4f58f1cd,0.0,0.0,,,
582be224-5352-47f5-9689-1ba4c98cdf3f,SPLIT,2011,,,,,,,,,,,,,,,,,,,,,UNMEASURED,UNMEASURED,,,,,,149f2020-a4d9-4dff-a50f-44da4f58f1cd,0.0,0.0,,,
584c88f9-c84d-4042-b181-90231d5a7513,SPLIT,1957,IND-000212,Malabar,Madras,IND-000372,Kannur,Kerala,1038,2150,12789.189098051245,,,5718.289464230443,3700.5973316145123,3700.5973316145123,3700.5973316145123,0.2893535550411395,0.2086003818535191,1.0,0.387119009419292,AREA_WEIGHTED,MEASURED,MEASURED_NORMALIZED,SPLIT_FROM,,1.00,PROPORTIONAL_APPORTIONMENT,Weights normalized (pre-normalization sum=1.387) due to overlapping target geometries detected in crosswalk_errors,149f2020-a4d9-4dff-a50f-44da4f58f1cd,0.0,4950.938214913606,9088.591766436733,,5718.289464230443
585f494a-09a0-4df0-bc5c-56a0d4e32db6,SPLIT,1973,,,,,,,,,,,,,,,,,,,,,UNMEASURED,UNMEASURED,,,,,,149f2020-a4d9-4dff-a50f-44da4f58f1cd,0.0,0.0,,,
5867ba3e-2ee5-48ad-b161-4f9dd52c4af9,SPLIT,2016,IND-000814,,,IND-000817,Nagarkurnool,Telangana,,3995,,,18391.81834659842,6405.73640289616,,,,,,,,,UNMEASURED,UNMEASURED,FORMED_FROM,,1.00,,,149f2020-a4d9-4dff-a50f-44da4f58f1cd,18391.81834659842,0.0,,,6405.73640289616
58862bf8-bda8-4706-aae1-90c49c0b6c61,SPLIT,2022,,,,,,,,,,,,,,,,,,,,,UNMEASURED,UNMEASURED,,,,,,149f2020-a4d9-4dff-a50f-44da4f58f1cd,0.0,0.0,,,
588c9130-8e0e-4547-b313-47dbdb16574f,NEW_DISTRICT,2016,IND-000818,,,IND-000826,Suryapet,Telangana,,4013,,,7203.242884027627,3594.035539385791,,,,,,,,,UNMEASURED,UNMEASURED,FORMED_FROM,,1.00,,,149f2020-a4d9-4dff-a50f-44da4f58f1cd,7203.242884027627,0.0,,,3594.035539385791
58b30421-212a-4c25-91e9-f3c04eed52c7,SPLIT,2004,,,,,,,,,,,,,,,,,,,,,UNMEASURED,UNMEASURED,,,,,,149f2020-a4d9-4dff-a50f-44da4f58f1cd,0.0,0.0,,,
58e531dd-043a-4475-85fd-1cdf2d3e30fa,NEW_DISTRICT,1982,IND-000070,Bharatpur,Rajasthan,IND-000920,Dhaulpur,Rajasthan,319,4259,8114.9813748781935,,5067.944095142819,3047.055700460901,3046.703128817352,3046.703128817352,3046.703128817352,0.37544178945981665,0.27262783095958915,1.0,0.3771220206621797,AREA_WEIGHTED,MEASURED,MEASURED_NORMALIZED,FORMED_FROM,,1.00,PROPORTIONAL_APPORTIONMENT,Weights normalized (pre-normalization sum=1.377) due to overlapping target geometries detected in crosswalk_errors,149f2020-a4d9-4dff-a50f-44da4f58f1cd,5067.944095142819,3060.3381737300174,0.3341509180227149,-3047.037279735375,3047.055700460901
58f12274-e1d7-446c-9b87-be8837adc5ae,NEW_DISTRICT,2002,IND-000305,Medinipur,West Bengal,IND-000759,Paschim Medinipur,West Bengal,1693,3775,13461.533561726172,,,9348.95370700191,9232.56719300441,9232.56719300441,9232.56719300441,0.685848098262329,0.5657594477799275,1.0,0.21226097231541785,AREA_WEIGHTED,MEASURED,MEASURED_NORMALIZED,FORMED_FROM,,1.00,PROPORTIONAL_APPORTIONMENT,Weights normalized (pre-normalization sum=1.212) due to overlapping target geometries detected in crosswalk_errors,149f2020-a4d9-4dff-a50f-44da4f58f1cd,0.0,2857.358202668627,4228.966368721762,,9348.95370700191
58f72654-8b51-4161-8583-5d86a1ba6d61,SPLIT,1994,,,,,,,,,,,,,,,,,,,,,UNMEASURED,UNMEASURED,,,,,,149f2020-a4d9-4dff-a50f-44da4f58f1cd,0.0,0.0,,,
590c8002-573f-4281-83aa-c70fa50b5532,SPLIT,2022,,,,,,,,,,,,,,,,,,,,,UNMEASURED,UNMEASURED,,,,,,149f2020-a4d9-4dff-a50f-44da4f58f1cd,0.0,0.0,,,
591739cf-4c21-49e8-b786-1309e2628257,NEW_DISTRICT,2012,IND-000560,South,Delhi,IND-000858,South East,Delhi,2949,4099,276.12906284745236,,162.91152046926345,101.59505683239126,97.08662188078814,97.08662188078814,97.08662188078814,0.35159870851560343,0.17816462119118154,1.0,0.973448522859746,AREA_WEIGHTED,MEASURED,MEASURED_NORMALIZED,FORMED_FROM,,1.00,PROPORTIONAL_APPORTIONMENT,Weights normalized (pre-normalization sum=1.973) due to overlapping target geometries detected in crosswalk_errors,149f2020-a4d9-4dff-a50f-44da4f58f1cd,162.91152046926345,268.79742834749845,16.13092049740078,-113.21754237818891,101.59505683239126
5937f02d-3408-4008-86a1-dfc073deaa79,NEW_DISTRICT,2011,,,,,,,,,,,,,,,,,,,,,UNMEASURED,UNMEASURED,,,,,,149f2020-a4d9-4dff-a50f-44da4f58f1cd,0.0,0.0,,,
5941fc41-29dd-4915-b3f9-2a0c6de882d6,NEW_DISTRICT,1956,IND-000143,Jammu and Kashmir,Jammu and Kashmir,IND-000317,Jammu,Jammu and Kashmir,708,1776,,,,3718.277915752788,,,,,,0.0,,UNMEASURED,UNMEASURED,UNMEASURED,FORMED_FROM,,1.00,NONE,No geometric data available for this lineage pair,149f2020-a4d9-4dff-a50f-44da4f58f1cd,0.0,0.0,,,3718.277915752788
59434f8a-9cee-4840-9f0d-7b9be565b6cd,SPLIT,1985,,,,,,,,,,,,,,,,,,,,,UNMEASURED,UNMEASURED,,,,,,149f2020-a4d9-4dff-a50f-44da4f58f1cd,0.0,0.0,,,
598013ec-a2aa-4bce-a030-bcf69205221c,NEW_DISTRICT,1970,IND-000131,Tripura,Tripura,IND-000354,North Tripura,Tripura,693,2027,10370.715090609212,,,4316.269914408081,4316.157918375231,4316.157918375231,4316.157918375231,0.416187107703263,0.25343034298410694,1.0,0.6422149881609198,AREA_WEIGHTED,MEASURED,MEASURED_NORMALIZED,FORMED_FROM,,1.00,PROPORTIONAL_APPORTIONMENT,Weights normalized (pre-normalization sum=1.642) due to overlapping target geometries detected in crosswalk_errors,149f2020-a4d9-4dff-a50f-44da4f58f1cd,0.0,6660.228669135868,6054.557172233981,,4316.269914408081
59c0ebfd-dd48-425f-987a-70f6448ba177,SPLIT,1989,,,,,,,,,,,,,,,,,,,,,UNMEASURED,UNMEASURED,,,,,,149f2020-a4d9-4dff-a50f-44da4f58f1cd,0.0,0.0,,,
5a0bb03a-aa97-44ac-b476-d4c7c2e40551,NEW_DISTRICT,2010,,,,,,,,,,,,,,,,,,,,,UNMEASURED,UNMEASURED,,,,,,149f2020-a4d9-4dff-a50f-44da4f58f1cd,0.0,0.0,,,
5a0c0a17-2b7a-4145-9b71-83ed8c14471f,SPLIT,1993,,,,,,,,,,,,,,,,,,,,,UNMEASURED,UNMEASURED,,,,,,149f2020-a4d9-4dff-a50f-44da4f58f1cd,0.0,0.0,,,
5a226355-b406-4cf2-97b3-8b008fae6fbf,SPLIT,2017,IND-000601,Lower Subansiri,Arunachal Pradesh,IND-000890,Kamle,Arunachal Pradesh,3111,4189,2711.551861880562,13408.958841883028,1457.8888739445176,13408.958841883028,,,,,,0.0,0.5456398691702558,UNMEASURED,UNMEASURED,UNMEASURED,FORMED_FROM,,1.00,NONE,No geometric data available for this lineage pair,149f2020-a4d9-4dff-a50f-44da4f58f1cd,1457.8888739445176,1479.530803164873,1253.6629879360441,-1253.6629879360441,0.0
5a26011d-c83e-4e00-af8e-05d805838566,NEW_DISTRICT,1972,,,,,,,,,,,,,,,,,,,,,UNMEASURED,UNMEASURED,,,,,,149f2020-a4d9-4dff-a50f-44da4f58f1cd,0.0,0.0,,,
5a557b91-dfb4-4d85-b0b7-27dd839bc4e9,NEW_DISTRICT,1998,IND-000657,,,IND-000659,Dhamtari,Chhattisgarh,,3352,,,12766.44448476108,4079.7352095240594,,,,,,,,,UNMEASURED,UNMEASURED,FORMED_FROM,,1.00,,,149f2020-a4d9-4dff-a50f-44da4f58f1cd,12766.44448476108,0.0,,,4079.7352095240594
5a91988b-7ad6-4e66-8595-306c195cd3e5,NEW_DISTRICT,2012,IND-000650,Surguja,Chhattisgarh,IND-000578,Balrampur,Uttar Pradesh,3316,3021,15765.011121275411,3267.79300304653,4007.4739656544716,3345.013577586581,,,,,,0.0,0.6044309919127508,UNMEASURED,UNMEASURED,UNMEASURED,FORMED_FROM,,1.00,NONE,No geometric data available for this lineage pair,149f2020-a4d9-4dff-a50f-44da4f58f1cd,4007.4739656544716,9528.861309548045,11757.53715562094,-11757.53715562094,77.22057454005108
5aae53d3-2827-4489-a574-5b51c7d3b9b0,SPLIT,1994,,,,,,,,,,,,,,,,,,,,,UNMEASURED,UNMEASURED,,,,,,149f2020-a4d9-4dff-a50f-44da4f58f1cd,0.0,0.0,,,
5acd6040-f1a2-4b39-94ec-b89d5bc809c4,SPLIT,2009,,,,,,,,,,,,,,,,,,,,,UNMEASURED,UNMEASURED,,,,,,149f2020-a4d9-4dff-a50f-44da4f58f1cd,0.0,0.0,,,
5acff2ac-ec5a-461c-b808-11df9d11da47,SPLIT,2016,,,,,,,,,,,,,,,,,,,,,UNMEASURED,UNMEASURED,,,,,,149f2020-a4d9-4dff-a50f-44da4f58f1cd,0.0,0.0,,,
5ae48b86-8485-41eb-a35d-eae42ac300b2,SPLIT,1994,,,,,,,,,,,,,,,,,,,,,UNMEASURED,UNMEASURED,,,,,,149f2020-a4d9-4dff-a50f-44da4f58f1cd,0.0,0.0,,,
5b18c5e3-a1d9-4c58-a78e-2cd3db65f705,SPLIT,2019,,,,,,,,,,,,,,,,,,,,,UNMEASURED,UNMEASURED,,,,,,149f2020-a4d9-4dff-a50f-44da4f58f1cd,0.0,0.0,,,
5bbec809-15c8-49eb-9c40-39c1b6f86bf9,SPLIT,2012,,,,,,,,,,,,,,,,,,,,,UNMEASURED,UNMEASURED,,,,,,149f2020-a4d9-4dff-a50f-44da4f58f1cd,0.0,0.0,,,
5bd785d4-da82-4108-8bbd-174fd6f94102,SPLIT,2003,,,,,,,,,,,,,,,,,,,,,UNMEASURED,UNMEASURED,,,,,,149f2020-a4d9-4dff-a50f-44da4f58f1cd,0.0,0.0,,,
5bf03f85-6e9c-4e00-8faa-135881ff1c8d,SPLIT,1973,,,,,,,,,,,,,,,,,,,,,UNMEASURED,UNMEASURED,,,,,,149f2020-a4d9-4dff-a50f-44da4f58f1cd,0.0,0.0,,,
5bf1ab0f-1320-427e-a469-8ff5554a0f38,NEW_DISTRICT,2016,IND-000346,Churachandpur,Manipur,IND-000873,Pherzawl,Manipur,1984,4135,4788.416836475105,,2456.5378123464147,2121.610102299944,2074.6320112119097,2074.6320112119097,2074.6320112119097,0.4332605289098239,0.21586983385414057,1.0,1.0070452697090149,AREA_WEIGHTED,MEASURED,MEASURED_NORMALIZED,FORMED_FROM,,1.00,PROPORTIONAL_APPORTIONMENT,Weights normalized (pre-normalization sum=2.007) due to overlapping target geometries detected in crosswalk_errors,149f2020-a4d9-4dff-a50f-44da4f58f1cd,2456.5378123464147,4822.15252456726,257.2470129167805,-2331.87902412869,2121.610102299944
5bfb361d-0a36-4e42-bded-05d9b50046c4,SPLIT,1994,IND-000360,Hazaribag,Bihar,IND-000624,Kodarma,Jharkhand,2072,3208,,,,1399.7452563222992,,,,,,0.0,,UNMEASURED,UNMEASURED,UNMEASURED,SPLIT_FROM,,1.00,NONE,No geometric data available for this lineage pair,149f2020-a4d9-4dff-a50f-44da4f58f1cd,0.0,0.0,,,1399.7452563222992
5c1d5d79-0a04-4ac2-b183-1f77ef9e588d,RENAME,1981,,,,,,,,,,,,,,,,,,,,,NON_SPATIAL,UNMEASURED,,,,,,149f2020-a4d9-4dff-a50f-44da4f58f1cd,0.0,0.0,,,
5c1ee99e-d77f-4e72-9b13-6ae2101c8212,SPLIT,2015,,,,,,,,,,,,,,,,,,,,,UNMEASURED,UNMEASURED,,,,,,149f2020-a4d9-4dff-a50f-44da4f58f1cd,0.0,0.0,,,
5c56441d-425f-48f4-b1cc-8b89b5c0f897,RENAME,1971,,,,,,,,,,,,,,,,,,,,,NON_SPATIAL,UNMEASURED,,,,,,149f2020-a4d9-4dff-a50f-44da4f58f1cd,0.0,0.0,,,
5c614fe1-696f-408e-a69c-e5bdb8baa75d,NEW_DISTRICT,2004,IND-000020,Darrang,Assam,IND-000758,Udalguri,Assam,70,3772,3655.969523090336,,1580.3413861579024,2015.1520455754828,1973.1002033146885,1973.1002033146885,1973.1002033146885,,0.5396927383702194,0.9899473582479872,,AREA_WEIGHTED,MEASURED,MEASURED,FORMED_FROM,,1.00,NONE,Uniform spatial distribution assumed across district area; no ancillary data available for this build,149f2020-a4d9-4dff-a50f-44da4f58f1cd,1580.3413861579024,0.0,102.52793361774548,-2075.628136932434,2015.1520455754828
5c7ecfa6-b175-4c68-976f-fd0a41c5a1d8,SPLIT,1995,,,,,,,,,,,,,,,,,,,,,UNMEASURED,UNMEASURED,,,,,,149f2020-a4d9-4dff-a50f-44da4f58f1cd,0.0,0.0,,,
5c80a317-8eee-4746-b29a-67976879923c,SPLIT,1988,,,,,,,,,,,,,,,,,,,,,UNMEASURED,UNMEASURED,,,,,,149f2020-a4d9-4dff-a50f-44da4f58f1cd,0.0,0.0,,,
5cc3732f-1f48-4d86-90c4-d0bcd4a96116,SPLIT,1991,,,,,,,,,,,,,,,,,,,,,UNMEASURED,UNMEASURED,,,,,,149f2020-a4d9-4dff-a50f-44da4f58f1cd,0.0,0.0,,,
5cc510d3-75c5-43b6-a8b4-2e5e47d3f207,RENAME,1961,,,,,,,,,,,,,,,,,,,,,NON_SPATIAL,UNMEASURED,,,,,,149f2020-a4d9-4dff-a50f-44da4f58f1cd,0.0,0.0,,,
5cd38491-3b84-429c-8647-fb8a4b2b5e33,RENAME,2021,,,,,,,,,,,,,,,,,,,,,NON_SPATIAL,UNMEASURED,,,,,,149f2020-a4d9-4dff-a50f-44da4f58f1cd,0.0,0.0,,,
5d1e0ec0-6c8d-4872-a956-613795d87b74,SPLIT,2012,,,,,,,,,,,,,,,,,,,,,UNMEASURED,UNMEASURED,,,,,,149f2020-a4d9-4dff-a50f-44da4f58f1cd,0.0,0.0,,,
5d819867-7a0f-4517-a3be-7bd279ff5956,NEW_DISTRICT,1995,IND-000484,Nainital,Uttar_pradesh,IND-000547,Udham Singh Nagar,Uttranchal,2703,2901,6654.122360154444,,,2520.0808966019913,2519.929095033532,2519.929095033532,2519.929095033532,0.37870194725049267,0.19018597538382667,1.0,0.9912191027030763,AREA_WEIGHTED,MEASURED,MEASURED_NORMALIZED,FORMED_FROM,,1.00,PROPORTIONAL_APPORTIONMENT,Weights normalized (pre-normalization sum=1.991) due to overlapping target geometries detected in crosswalk_errors,149f2020-a4d9-4dff-a50f-44da4f58f1cd,0.0,6595.6931951087645,4134.193265120912,,2520.0808966019913
5d8aacb7-0b80-4da4-a7d5-b0a6e47e6d19,SPLIT,1989,,,,,,,,,,,,,,,,,,,,,UNMEASURED,UNMEASURED,,,,,,149f2020-a4d9-4dff-a50f-44da4f58f1cd,0.0,0.0,,,
5d997bad-38d1-41e6-be8f-fcc331848b81,SPLIT,1995,,,,,,,,,,,,,,,,,,,,,UNMEASURED,UNMEASURED,,,,,,149f2020-a4d9-4dff-a50f-44da4f58f1cd,0.0,0.0,,,
5da46199-6375-437b-ae3a-fd451539069d,SPLIT,1969,IND-000335,Kozhikode,Kerala,IND-000373,Malappuram,Kerala,1897,2158,6574.145904678048,,3739.9212754241466,3546.7579108764435,2834.0627933895457,2834.0627933895457,2834.0627933895457,0.43109216535228945,0.35622747622109513,1.0,0.21015978308402294,AREA_WEIGHTED,MEASURED,MEASURED_NORMALIZED,FORMED_FROM,,1.00,PROPORTIONAL_APPORTIONMENT,Weights normalized (pre-normalization sum=1.210) due to overlapping target geometries detected in crosswalk_errors,149f2020-a4d9-4dff-a50f-44da4f58f1cd,3739.9212754241466,1381.6210772898564,0.16183586435636244,-2834.2246292539016,3546.7579108764435
5dadff71-f64a-495b-a3ec-9573beb44db6,SPLIT,1983,,,,,,,,,,,,,,,,,,,,,UNMEASURED,UNMEASURED,,,,,,149f2020-a4d9-4dff-a50f-44da4f58f1cd,0.0,0.0,,,
5e06a7e3-0acb-44f3-9f9a-7b05423df716,NEW_DISTRICT,2022,,,,,,,,,,,,,,,,,,,,,UNMEASURED,UNMEASURED,,,,,,149f2020-a4d9-4dff-a50f-44da4f58f1cd,0.0,0.0,,,
5e625307-c768-40f5-ade1-99d15935e89b,NEW_DISTRICT,1979,,,,,,,,,,,,,,,,,,,,,UNMEASURED,UNMEASURED,,,,,,149f2020-a4d9-4dff-a50f-44da4f58f1cd,0.0,0.0,,,
5ed46932-200a-4d2c-9844-1c04b3617d55,SPLIT,1978,,,,,,,,,,,,,,,,,,,,,UNMEASURED,UNMEASURED,,,,,,149f2020-a4d9-4dff-a50f-44da4f58f1cd,0.0,0.0,,,
5ee78df3-d82e-49ce-9fb7-30b2f8dc71de,RENAME,2011,,,,,,,,,,,,,,,,,,,,,NON_SPATIAL,UNMEASURED,,,,,,149f2020-a4d9-4dff-a50f-44da4f58f1cd,0.0,0.0,,,
5f01ec20-1655-4ac2-b282-c909aa100cf0,NEW_DISTRICT,2017,IND-000759,Paschim Medinipur,West Bengal,IND-000876,Jhargram,West Bengal,3775,4141,9348.95370700191,,6274.8985689423935,3096.254470396789,3067.7075913551166,3067.7075913551166,3067.7075913551166,,0.32813378774755864,0.33479084440588697,,AREA_WEIGHTED,MEASURED,LOW_COVERAGE,FORMED_FROM,,1.00,NONE,Uniform spatial distribution assumed across district area; no ancillary data available for this build,149f2020-a4d9-4dff-a50f-44da4f58f1cd,6274.8985689423935,0.0,6.347546704400884,-3074.055138059517,3096.254470396789
5f17cab2-4d07-4546-b7e0-03574743b9f0,SPLIT,2012,IND-000555,East,Delhi,IND-000857,Shahdara,Delhi,2929,4097,70.96017046231076,,43.924302965336715,36.12157767492555,21.858465399911623,21.858465399911623,21.858465399911623,0.3080385131194317,0.1548753693066453,1.0,0.98894449452147,AREA_WEIGHTED,MEASURED,MEASURED_NORMALIZED,FORMED_FROM,,1.00,PROPORTIONAL_APPORTIONMENT,Weights normalized (pre-normalization sum=1.989) due to overlapping target geometries detected in crosswalk_errors,149f2020-a4d9-4dff-a50f-44da4f58f1cd,43.924302965336715,70.17566990900725,5.177402097062426,-27.035867496974042,36.12157767492555
5f47b35e-97e5-4e12-898b-3c3c1ceff2a7,NEW_DISTRICT,1989,IND-000363,Ambala,Haryana,IND-000469,Yamunanagar,Haryana,2089,2672,4148.212516417549,,2436.6840580358676,1711.5239997902033,1711.4451195682993,1711.4451195682993,1711.4451195682993,0.41257411783866993,0.18517838448741666,1.0,1.2279820562248474,AREA_WEIGHTED,MEASURED,MEASURED_NORMALIZED,FORMED_FROM,,1.00,PROPORTIONAL_APPORTIONMENT,Weights normalized (pre-normalization sum=2.228) due to overlapping target geometries detected in crosswalk_errors,149f2020-a4d9-4dff-a50f-44da4f58f1cd,2436.6840580358676,5093.93053556807,0.08333881338148785,-1711.528458381681,1711.5239997902033
5f6308cf-31d8-4324-9ba0-17fa27c38053,RENAME,1951,,,,,,,,,,,,,,,,,,,,,NON_SPATIAL,UNMEASURED,,,,,,149f2020-a4d9-4dff-a50f-44da4f58f1cd,0.0,0.0,,,
5f9d355b-bb16-403f-ba23-0231f0064bbd,SPLIT,2022,,,,,,,,,,,,,,,,,,,,,UNMEASURED,UNMEASURED,,,,,,149f2020-a4d9-4dff-a50f-44da4f58f1cd,0.0,0.0,,,
5fce86e9-74ac-40d9-bc47-65be9d95bec2,SPLIT,1998,,,,,,,,,,,,,,,,,,,,,UNMEASURED,UNMEASURED,,,,,,149f2020-a4d9-4dff-a50f-44da4f58f1cd,0.0,0.0,,,
5febd270-6a08-4537-97ed-09d27a6e7e93,SPLIT,1983,,,,,,,,,,,,,,,,,,,,,UNMEASURED,UNMEASURED,,,,,,149f2020-a4d9-4dff-a50f-44da4f58f1cd,0.0,0.0,,,
600bb778-73bd-4163-a33d-c917afceb309,SPLIT,2020,,,,,,,,,,,,,,,,,,,,,UNMEASURED,UNMEASURED,,,,,,149f2020-a4d9-4dff-a50f-44da4f58f1cd,0.0,0.0,,,
60304913-f813-4e77-8cb8-322307509d90,SPLIT,1953,,,,,,,,,,,,,,,,,,,,,UNMEASURED,UNMEASURED,,,,,,149f2020-a4d9-4dff-a50f-44da4f58f1cd,0.0,0.0,,,
604e1366-3b54-4341-b430-68e44e145c06,SPLIT,2003,,,,,,,,,,,,,,,,,,,,,UNMEASURED,UNMEASURED,,,,,,149f2020-a4d9-4dff-a50f-44da4f58f1cd,0.0,0.0,,,
60567416-0ec4-449a-9145-1e34d10cd639,SPLIT,1969,IND-000130,Manipur,Manipur,IND-000348,Manipur East,Manipur,691,1988,22478.364538398026,,,4530.03530654014,4529.96684522807,4529.96684522807,4529.96684522807,0.20152564202301657,0.11556594592347075,1.0,0.7438151041178636,AREA_WEIGHTED,MEASURED,MEASURED_NORMALIZED,SPLIT_FROM,,1.00,PROPORTIONAL_APPORTIONMENT,Weights normalized (pre-normalization sum=1.744) due to overlapping target geometries detected in crosswalk_errors,149f2020-a4d9-4dff-a50f-44da4f58f1cd,0.0,16719.74705952782,17948.397693169954,,4530.03530654014
605ae0dd-d11b-46a3-a2b2-36210d282eac,SPLIT,1998,,,,,,,,,,,,,,,,,,,,,UNMEASURED,UNMEASURED,,,,,,149f2020-a4d9-4dff-a50f-44da4f58f1cd,0.0,0.0,,,
60c4b296-b783-4602-b520-fa6f79d7cf0d,SPLIT,1975,,,,,,,,,,,,,,,,,,,,,UNMEASURED,UNMEASURED,,,,,,149f2020-a4d9-4dff-a50f-44da4f58f1cd,0.0,0.0,,,
610539a6-a5df-47dc-9b7c-e65b7e1dc653,NEW_DISTRICT,1972,IND-000119,Hazaribagh,Bihar,IND-000446,Giridih,Bihar,641,2575,18038.617920050838,,,6879.0701100425,6878.985662426625,6878.985662426625,6878.985662426625,0.3813477114995758,0.1552640977414347,1.0,1.4561229353526652,AREA_WEIGHTED,MEASURED,MEASURED_NORMALIZED,FORMED_FROM,,1.00,PROPORTIONAL_APPORTIONMENT,Weights normalized (pre-normalization sum=2.456) due to overlapping target geometries detected in crosswalk_errors,149f2020-a4d9-4dff-a50f-44da4f58f1cd,0.0,26266.445275449616,11159.632257624213,,6879.0701100425
6120b294-a2d6-4db7-8414-112c2064ae94,SPLIT,1997,,,,,,,,,,,,,,,,,,,,,UNMEASURED,UNMEASURED,,,,,,149f2020-a4d9-4dff-a50f-44da4f58f1cd,0.0,0.0,,,
61217905-1340-4e68-9bc7-ebdd74f58406,SPLIT,1997,,,,,,,,,,,,,,,,,,,,,UNMEASURED,UNMEASURED,,,,,,149f2020-a4d9-4dff-a50f-44da4f58f1cd,0.0,0.0,,,
61617c40-d1e5-4fa9-8994-4515a7937387,NEW_DISTRICT,2016,IND-000002,Mahbubnagar,Hyderabad,IND-000817,Nagarkurnool,Telangana,4,3995,14756.90744277702,,,6405.73640289616,6386.794991156544,6386.794991156544,6386.794991156544,0.4328003693133315,0.15046777783631443,1.0,1.8763657943041538,AREA_WEIGHTED,MEASURED,MEASURED_NORMALIZED,FORMED_FROM,,1.00,PROPORTIONAL_APPORTIONMENT,Weights normalized (pre-normalization sum=2.876) due to overlapping target geometries detected in crosswalk_errors,149f2020-a4d9-4dff-a50f-44da4f58f1cd,0.0,27689.356355339183,8370.112451620476,,6405.73640289616
61edfa13-4c15-4925-b948-8dfb1d99c303,SPLIT,1982,,,,,,,,,,,,,,,,,,,,,UNMEASURED,UNMEASURED,,,,,,149f2020-a4d9-4dff-a50f-44da4f58f1cd,0.0,0.0,,,
620a75f9-c57c-4823-ab5a-b7d7e06f6752,NEW_DISTRICT,1990,IND-000359,Purnia,Bihar,IND-000488,Araria,Bihar,2064,2707,7955.404411519088,,3205.1139026208075,2814.249311629958,2814.1202655860297,2814.1202655860297,2814.1202655860297,0.3537369214708058,0.17686605891952756,1.0,1.0000271597149846,AREA_WEIGHTED,MEASURED,MEASURED_NORMALIZED,FORMED_FROM,,1.00,PROPORTIONAL_APPORTIONMENT,Weights normalized (pre-normalization sum=2.000) due to overlapping target geometries detected in crosswalk_errors,149f2020-a4d9-4dff-a50f-44da4f58f1cd,3205.1139026208075,7955.620478035492,1936.170243312251,-4750.290508898281,2814.249311629958
623acb90-27c9-47fa-bd73-a29a60465036,SPLIT,1991,,,,,,,,,,,,,,,,,,,,,UNMEASURED,UNMEASURED,,,,,,149f2020-a4d9-4dff-a50f-44da4f58f1cd,0.0,0.0,,,
62877773-acab-45f6-a195-a14046282bda,SPLIT,2019,IND-000812,,,IND-000808,Mulugu,Telangana,,3977,,,4545.4944439008,4278.748634069385,,,,,,,,,UNMEASURED,UNMEASURED,FORMED_FROM,,1.00,,,149f2020-a4d9-4dff-a50f-44da4f58f1cd,4545.4944439008,0.0,,,4278.748634069385
62a0e443-4d7f-45e1-878a-847978e260c7,SPLIT,1993,IND-000201,South Arcot,Madras,IND-000713,Viluppuram,Tamilnadu,1016,3642,,,,7202.29671420198,,,,,,0.0,,UNMEASURED,UNMEASURED,UNMEASURED,SPLIT_FROM,,1.00,NONE,No geometric data available for this lineage pair,149f2020-a4d9-4dff-a50f-44da4f58f1cd,0.0,0.0,,,7202.29671420198
62a252d3-ee23-4e60-bd94-beaee86a2121,SPLIT,1990,IND-000124,Singhbhum,Bihar,IND-000632,Purbi Singhbhum,Jharkhand,658,3244,13468.991605306794,,,13469.032827303636,13468.933370871073,13468.933370871073,13468.933370871073,0.999995676407156,0.1980430375684011,1.0,4.049385672353023,AREA_WEIGHTED,MEASURED,MEASURED_NORMALIZED,SPLIT_FROM,,1.00,PROPORTIONAL_APPORTIONMENT,Weights normalized (pre-normalization sum=5.049) due to overlapping target geometries detected in crosswalk_errors,149f2020-a4d9-4dff-a50f-44da4f58f1cd,0.0,54541.14162757248,0.05823443572080578,,13469.032827303636
62b0c13c-1b18-444c-80d7-79e90307cccb,SPLIT,1997,IND-000416,Ghaziabad,Uttar Pradesh,IND-000568,Gautam Buddha Nagar,Uttar Pradesh,2400,2980,2504.6456811336257,,2039.7691131676895,1390.1559204402058,464.82103399420095,464.82103399420095,464.82103399420095,0.1855835488011297,0.12924125339315296,1.0,0.4359466805585903,AREA_WEIGHTED,MEASURED,MEASURED_NORMALIZED,FORMED_FROM,,1.00,PROPORTIONAL_APPORTIONMENT,Weights normalized (pre-normalization sum=1.436) due to overlapping target geometries detected in crosswalk_errors,149f2020-a4d9-4dff-a50f-44da4f58f1cd,2039.7691131676895,1091.8919706656136,0.05553397173525809,-464.87656796593615,1390.1559204402058
62f5ddad-877b-4153-9289-dbedf6261159,RENAME,2011,,,,,,,,,,,,,,,,,,,,,NON_SPATIAL,UNMEASURED,,,,,,149f2020-a4d9-4dff-a50f-44da4f58f1cd,0.0,0.0,,,
62ff4bfb-8ce4-4854-9268-1109416da383,NEW_DISTRICT,1997,IND-000116,Delhi,Delhi,IND-000596,West,Sikkim,633,3092,1467.8300703301863,1252.3769355417658,,,,,,,,0.0,0.09796757451034721,UNMEASURED,UNMEASURED,UNMEASURED,FORMED_FROM,,1.00,NONE,No geometric data available for this lineage pair,149f2020-a4d9-4dff-a50f-44da4f58f1cd,0.0,143.79975178360073,1467.8300703301863,,
631f8b7f-7fb9-444d-a56b-2ad7203af8f2,SPLIT,1981,,,,,,,,,,,,,,,,,,,,,UNMEASURED,UNMEASURED,,,,,,149f2020-a4d9-4dff-a50f-44da4f58f1cd,0.0,0.0,,,
637e27d1-8ede-4deb-9582-9886489ebf27,NEW_DISTRICT,2001,IND-000630,Gumla,Jharkhand,IND-000767,Simdega,Jharkhand,3233,3800,2267.1217996613263,,2267.1217996613263,3776.8880391396497,,,,,,0.0,,UNMEASURED,UNMEASURED,UNMEASURED,FORMED_FROM,,1.00,NONE,No geometric data available for this lineage pair,149f2020-a4d9-4dff-a50f-44da4f58f1cd,2267.1217996613263,0.0,0.0,0.0,3776.8880391396497
639c1a17-be2b-4c6d-a2cf-36b298b39721,SPLIT,1994,,,,,,,,,,,,,,,,,,,,,UNMEASURED,UNMEASURED,,,,,,149f2020-a4d9-4dff-a50f-44da4f58f1cd,0.0,0.0,,,
63bea055-41ca-43c8-a8a9-f353949c7c4e,SPLIT,1997,IND-000116,Delhi,Delhi,IND-000552,North West,Delhi,633,2916,1467.8300703301863,,,395.6674479016636,395.64655796616717,395.64655796616717,395.64655796616717,0.2695452055135831,0.24549468652003703,1.0,0.09796757451034721,AREA_WEIGHTED,MEASURED,MEASURED_NORMALIZED,SPLIT_FROM,,1.00,PROPORTIONAL_APPORTIONMENT,Weights normalized (pre-normalization sum=1.098) due to overlapping target geometries detected in crosswalk_errors,149f2020-a4d9-4dff-a50f-44da4f58f1cd,0.0,143.79975178360073,1072.1835123640192,,395.6674479016636
64069488-42c2-428f-a95b-f3639fe7f2e2,SPLIT,2021,,,,,,,,,,,,,,,,,,,,,UNMEASURED,UNMEASURED,,,,,,149f2020-a4d9-4dff-a50f-44da4f58f1cd,0.0,0.0,,,
64449251-ba87-4a10-bcab-e5d4f83470b3,SPLIT,1982,,,,,,,,,,,,,,,,,,,,,UNMEASURED,UNMEASURED,,,,,,149f2020-a4d9-4dff-a50f-44da4f58f1cd,0.0,0.0,,,
64575562-aa21-404e-b673-08e1019bb364,RENAME,1971,,,,,,,,,,,,,,,,,,,,,NON_SPATIAL,UNMEASURED,,,,,,149f2020-a4d9-4dff-a50f-44da4f58f1cd,0.0,0.0,,,
6457f43a-44e8-4e2d-a79d-9ac9097eeb9a,SPLIT,2020,,,,,,,,,,,,,,,,,,,,,UNMEASURED,UNMEASURED,,,,,,149f2020-a4d9-4dff-a50f-44da4f58f1cd,0.0,0.0,,,
648a19f0-6488-48a2-ba2d-dc40f4f1f46a,SPLIT,2022,,,,,,,,,,,,,,,,,,,,,UNMEASURED,UNMEASURED,,,,,,149f2020-a4d9-4dff-a50f-44da4f58f1cd,0.0,0.0,,,
64b5b58f-4fd1-4b73-92d4-93fa884ab594,NEW_DISTRICT,1956,IND-000097,Trivandrum,Travancore - Cochin,IND-000337,Kanyakumari,Madras,535,1913,3899.787638417159,,2195.122435679532,1704.656042236707,1704.6294074048885,1704.6294074048885,1704.6294074048885,,0.4371082647199634,1.0000088909513074,,AREA_WEIGHTED,MEASURED,MEASURED,FORMED_FROM,,1.00,NONE,Uniform spatial distribution assumed across district area; no ancillary data available for this build,149f2020-a4d9-4dff-a50f-44da4f58f1cd,2195.122435679532,0.0,0.035795332738871366,-1704.6652027376272,1704.656042236707
64d3108c-b431-4b28-af95-920246bc4789,NEW_DISTRICT,2012,IND-000606,Tirap,Arunachal Pradesh,IND-000868,Longding,Arunachal Pradesh,3137,4125,2019.3050992620617,,1087.4301183794169,936.9571277842723,916.9990092719552,916.9990092719552,916.9990092719552,0.4541161261896802,0.15373429015462942,1.0,1.953902644185106,AREA_WEIGHTED,MEASURED,MEASURED_NORMALIZED,FORMED_FROM,,1.00,PROPORTIONAL_APPORTIONMENT,Weights normalized (pre-normalization sum=2.954) due to overlapping target geometries detected in crosswalk_errors,149f2020-a4d9-4dff-a50f-44da4f58f1cd,1087.4301183794169,3945.5255728646102,14.875971610689703,-931.8749808826449,936.9571277842723
64e6c5e7-4376-4a6f-8561-cc1ac2c508c4,SPLIT,2019,,,,,,,,,,,,,,,,,,,,,UNMEASURED,UNMEASURED,,,,,,149f2020-a4d9-4dff-a50f-44da4f58f1cd,0.0,0.0,,,
64fb619a-8772-43f4-8988-936fdda18c41,SPLIT,1981,,,,,,,,,,,,,,,,,,,,,UNMEASURED,UNMEASURED,,,,,,149f2020-a4d9-4dff-a50f-44da4f58f1cd,0.0,0.0,,,
6501094d-ae4a-47ba-85da-8fa136a0d6fa,NEW_DISTRICT,2016,,,,,,,,,,,,,,,,,,,,,UNMEASURED,UNMEASURED,,,,,,149f2020-a4d9-4dff-a50f-44da4f58f1cd,0.0,0.0,,,
6515fec8-c40d-41e2-9550-155df6767670,SPLIT,1983,,,,,,,,,,,,,,,,,,,,,UNMEASURED,UNMEASURED,,,,,,149f2020-a4d9-4dff-a50f-44da4f58f1cd,0.0,0.0,,,
6520db72-f80b-4657-8949-38d5efaddf59,NEW_DISTRICT,1979,IND-000411,Coimbatore,Tamil Nadu,IND-000410,Periyar,Tamil Nadu,2377,2375,15647.27243167411,,7672.040002079485,7975.344740510256,7975.218751601593,7975.218751601593,7975.218751601593,0.5096874734191817,0.18908227509285844,1.0,1.6955856817825672,AREA_WEIGHTED,MEASURED,MEASURED_NORMALIZED,FORMED_FROM,,1.00,PROPORTIONAL_APPORTIONMENT,Weights normalized (pre-normalization sum=2.696) due to overlapping target geometries detected in crosswalk_errors,149f2020-a4d9-4dff-a50f-44da4f58f1cd,7672.040002079485,26531.291094097713,0.013677993030796642,-7975.232429594625,7975.344740510256
652601be-cf2d-4e0f-808b-99a7cd84ed44,SPLIT,2014,,,,,,,,,,,,,,,,,,,,,UNMEASURED,UNMEASURED,,,,,,149f2020-a4d9-4dff-a50f-44da4f58f1cd,0.0,0.0,,,
655f3b39-7ada-4be9-91ca-1895fde1bf9b,NEW_DISTRICT,2006,IND-000539,Sangrur,Punjab,IND-000735,Barnala,Punjab,2890,3698,4625.553234164863,,3736.9724531693614,1366.352248056348,1285.0789114572021,1285.0789114572021,1285.0789114572021,0.277821667247382,0.1391626934307128,1.0,0.996380354521563,AREA_WEIGHTED,MEASURED,MEASURED_NORMALIZED,FORMED_FROM,,1.00,PROPORTIONAL_APPORTIONMENT,Weights normalized (pre-normalization sum=1.996) due to overlapping target geometries detected in crosswalk_errors,149f2020-a4d9-4dff-a50f-44da4f58f1cd,3736.9724531693614,4608.810371315549,-396.4981304617004,-888.5807809955018,1366.352248056348
65725bc7-906d-4fb9-96c3-d035b8be7a01,SPLIT,2008,,,,,,,,,,,,,,,,,,,,,UNMEASURED,UNMEASURED,,,,,,149f2020-a4d9-4dff-a50f-44da4f58f1cd,0.0,0.0,,,
658ed1fb-99c6-4600-af0e-bc9999d0b202,SPLIT,1972,,,,,,,,,,,,,,,,,,,,,UNMEASURED,UNMEASURED,,,,,,149f2020-a4d9-4dff-a50f-44da4f58f1cd,0.0,0.0,,,
65b2619f-be3b-4564-a536-b6d355908294,SPLIT,2017,,,,,,,,,,,,,,,,,,,,,UNMEASURED,UNMEASURED,,,,,,149f2020-a4d9-4dff-a50f-44da4f58f1cd,0.0,0.0,,,
65bb7c5f-54f1-4f47-9295-abfde02b892d,SPLIT,1989,,,,,,,,,,,,,,,,,,,,,UNMEASURED,UNMEASURED,,,,,,149f2020-a4d9-4dff-a50f-44da4f58f1cd,0.0,0.0,,,
65c4280f-8f1b-47a5-af5d-c03ae6172849,SPLIT,1972,,,,,,,,,,,,,,,,,,,,,UNMEASURED,UNMEASURED,,,,,,149f2020-a4d9-4dff-a50f-44da4f58f1cd,0.0,0.0,,,
66683bcf-7290-4b62-909b-378cb3bfad3a,SPLIT,1991,,,,,,,,,,,,,,,,,,,,,UNMEASURED,UNMEASURED,,,,,,149f2020-a4d9-4dff-a50f-44da4f58f1cd,0.0,0.0,,,
66683c77-128b-4a44-81c2-8e723c5f6538,SPLIT,1998,,,,,,,,,,,,,,,,,,,,,UNMEASURED,UNMEASURED,,,,,,149f2020-a4d9-4dff-a50f-44da4f58f1cd,0.0,0.0,,,
667c0ff4-e3c8-4dec-b370-dfadb58f2f31,SPLIT,1972,,,,,,,,,,,,,,,,,,,,,UNMEASURED,UNMEASURED,,,,,,149f2020-a4d9-4dff-a50f-44da4f58f1cd,0.0,0.0,,,
6684730f-5a4b-4183-9a71-823df83c2482,SPLIT,1986,,,,,,,,,,,,,,,,,,,,,UNMEASURED,UNMEASURED,,,,,,149f2020-a4d9-4dff-a50f-44da4f58f1cd,0.0,0.0,,,
6704d309-33f4-4cde-be30-c118f5eb4144,SPLIT,1984,,,,,,,,,,,,,,,,,,,,,UNMEASURED,UNMEASURED,,,,,,149f2020-a4d9-4dff-a50f-44da4f58f1cd,0.0,0.0,,,
6731272e-e8ea-44b0-99fb-03c924fe3516,SPLIT,1974,IND-000222,Tiruchirapalli,Madras,IND-000412,Tiruchchirappalli,Tamil Nadu,1066,2382,14238.369100802365,,4380.368976744687,10927.221410698641,10927.122202887405,10927.122202887405,10927.122202887405,0.7674419819803405,0.32643867860458403,1.0,1.3509529730389112,AREA_WEIGHTED,MEASURED,MEASURED_NORMALIZED,FORMED_FROM,,1.00,PROPORTIONAL_APPORTIONMENT,Weights normalized (pre-normalization sum=2.351) due to overlapping target geometries detected in crosswalk_errors,149f2020-a4d9-4dff-a50f-44da4f58f1cd,4380.368976744687,19235.367067954325,-1069.122078829727,-9858.000124057678,10927.221410698641
67448b45-e624-452c-b658-982f119b49be,SPLIT,1983,IND-000347,Manipur Central,Manipur,IND-000505,Thoubal,Manipur,1987,2749,5459.080902710379,,,547.4321584339217,547.4098935781159,547.4098935781159,547.4098935781159,0.10027510185942333,0.05827881834417633,1.0,0.7206097293742331,AREA_WEIGHTED,MEASURED,MEASURED_NORMALIZED,SPLIT_FROM,,1.00,PROPORTIONAL_APPORTIONMENT,Weights normalized (pre-normalization sum=1.721) due to overlapping target geometries detected in crosswalk_errors,149f2020-a4d9-4dff-a50f-44da4f58f1cd,0.0,3933.86681193417,4911.671009132263,,547.4321584339217
6749aed8-1ae9-4e14-ab14-7c3d4d0debc6,SPLIT,1997,,,,,,,,,,,,,,,,,,,,,UNMEASURED,UNMEASURED,,,,,,149f2020-a4d9-4dff-a50f-44da4f58f1cd,0.0,0.0,,,
674deddd-5a60-4449-89b8-345f00cb90d9,RENAME,1971,,,,,,,,,,,,,,,,,,,,,NON_SPATIAL,UNMEASURED,,,,,,149f2020-a4d9-4dff-a50f-44da4f58f1cd,0.0,0.0,,,
6770c43b-d5a7-4cec-b54c-de5b963878c2,SPLIT,2016,,,,,,,,,,,,,,,,,,,,,UNMEASURED,UNMEASURED,,,,,,149f2020-a4d9-4dff-a50f-44da4f58f1cd,0.0,0.0,,,
679cf4a9-f7c1-458a-9651-7d320d20ea0d,NEW_DISTRICT,1972,,,,,,,,,,,,,,,,,,,,,UNMEASURED,UNMEASURED,,,,,,149f2020-a4d9-4dff-a50f-44da4f58f1cd,0.0,0.0,,,
67b154f7-67b4-4e9f-95bd-72532e9ed46b,RENAME,1951,,,,,,,,,,,,,,,,,,,,,NON_SPATIAL,UNMEASURED,,,,,,149f2020-a4d9-4dff-a50f-44da4f58f1cd,0.0,0.0,,,
67cad0c3-eb18-4683-8ea7-2d93613948fa,SPLIT,2012,,,,,,,,,,,,,,,,,,,,,UNMEASURED,UNMEASURED,,,,,,149f2020-a4d9-4dff-a50f-44da4f58f1cd,0.0,0.0,,,
67cbde8a-9588-4ca1-a6bb-c95135c55869,SPLIT,1997,,,,,,,,,,,,,,,,,,,,,UNMEASURED,UNMEASURED,,,,,,149f2020-a4d9-4dff-a50f-44da4f58f1cd,0.0,0.0,,,
67d1edb6-d6ef-411a-bb4a-a2db05491c92,NEW_DISTRICT,2012,IND-000654,Bilaspur,Chhattisgarh,IND-000847,Mungeli,Chhattisgarh,3333,4077,,,,2772.2793076245134,,,,,,0.0,,UNMEASURED,UNMEASURED,UNMEASURED,FORMED_FROM,,1.00,NONE,No geometric data available for this lineage pair,149f2020-a4d9-4dff-a50f-44da4f58f1cd,0.0,0.0,,,2772.2793076245134
67d80f13-1647-4ee9-84ac-ca0f16ee864e,SPLIT,1997,,,,,,,,,,,,,,,,,,,,,UNMEASURED,UNMEASURED,,,,,,149f2020-a4d9-4dff-a50f-44da4f58f1cd,0.0,0.0,,,
68142cb0-0267-4c3c-a38e-6e4341cb77d1,SPLIT,1988,,,,,,,,,,,,,,,,,,,,,UNMEASURED,UNMEASURED,,,,,,149f2020-a4d9-4dff-a50f-44da4f58f1cd,0.0,0.0,,,
68217559-f6e1-4ab3-89c7-01a6b6d7549c,SPLIT,1998,,,,,,,,,,,,,,,,,,,,,UNMEASURED,UNMEASURED,,,,,,149f2020-a4d9-4dff-a50f-44da4f58f1cd,0.0,0.0,,,
684a4331-cdf3-4ae5-80bb-61e832c979d8,SPLIT,1997,,,,,,,,,,,,,,,,,,,,,UNMEASURED,UNMEASURED,,,,,,149f2020-a4d9-4dff-a50f-44da4f58f1cd,0.0,0.0,,,
68828fc3-69cd-4d62-8963-3a5dd55893fa,NEW_DISTRICT,1989,IND-000447,Kurukshetra,Haryana,IND-000465,Kaithal,Haryana,2577,2649,3945.507444718086,,1647.2601547667982,2298.254253784867,2298.005047640534,2298.005047640534,2298.005047640534,,0.5824358665745036,1.0000217251336658,,AREA_WEIGHTED,MEASURED,MEASURED,FORMED_FROM,,1.00,NONE,Uniform spatial distribution assumed across district area; no ancillary data available for this build,149f2020-a4d9-4dff-a50f-44da4f58f1cd,1647.2601547667982,0.0,0.24224231075368152,-2298.2472899512877,2298.254253784867
68cfed1d-68b7-4c53-9181-02fa683ff263,SPLIT,1991,,,,,,,,,,,,,,,,,,,,,UNMEASURED,UNMEASURED,,,,,,149f2020-a4d9-4dff-a50f-44da4f58f1cd,0.0,0.0,,,
69248789-aba3-4342-943f-d20ea5f57826,SPLIT,2016,,,,,,,,,,,,,,,,,,,,,UNMEASURED,UNMEASURED,,,,,,149f2020-a4d9-4dff-a50f-44da4f58f1cd,0.0,0.0,,,
69676f49-fdb8-4979-af2d-38c0a21af0f1,SPLIT,1981,,,,,,,,,,,,,,,,,,,,,UNMEASURED,UNMEASURED,,,,,,149f2020-a4d9-4dff-a50f-44da4f58f1cd,0.0,0.0,,,
6978ed40-ccf4-4892-8b88-12789d7730ae,SPLIT,1995,,,,,,,,,,,,,,,,,,,,,UNMEASURED,UNMEASURED,,,,,,149f2020-a4d9-4dff-a50f-44da4f58f1cd,0.0,0.0,,,
69a8830c-fb01-4272-af19-84515e329959,SPLIT,2016,,,,,,,,,,,,,,,,,,,,,UNMEASURED,UNMEASURED,,,,,,149f2020-a4d9-4dff-a50f-44da4f58f1cd,0.0,0.0,,,
69cff992-dc5e-432b-8434-b93f280c9373,SPLIT,1994,,,,,,,,,,,,,,,,,,,,,UNMEASURED,UNMEASURED,,,,,,149f2020-a4d9-4dff-a50f-44da4f58f1cd,0.0,0.0,,,
69d695d1-8dde-4169-98f3-919e5b30964c,SPLIT,1987,,,,,,,,,,,,,,,,,,,,,UNMEASURED,UNMEASURED,,,,,,149f2020-a4d9-4dff-a50f-44da4f58f1cd,0.0,0.0,,,
69e33866-2b19-4e4a-bf8e-f708999a7541,SPLIT,2006,,,,,,,,,,,,,,,,,,,,,UNMEASURED,UNMEASURED,,,,,,149f2020-a4d9-4dff-a50f-44da4f58f1cd,0.0,0.0,,,
6a6fca94-91fe-45d2-8cac-dad52d7b4f47,NEW_DISTRICT,1998,IND-000396,Aizawl,Mizoram,IND-000610,Mamit,Mizoram,2294,3152,12668.614066431102,,3346.338841202789,3001.0028967521644,3000.9251832105842,3000.9251832105842,3000.9251832105842,0.2368787278130401,0.10610623407135725,1.0,1.2324675820059485,AREA_WEIGHTED,MEASURED,MEASURED_NORMALIZED,FORMED_FROM,,1.00,PROPORTIONAL_APPORTIONMENT,Weights normalized (pre-normalization sum=2.232) due to overlapping target geometries detected in crosswalk_errors,149f2020-a4d9-4dff-a50f-44da4f58f1cd,3346.338841202789,15613.656145820887,6321.35004201773,-9322.275225228314,3001.0028967521644
6a7993b4-eace-47e2-8ea6-66b014cc0b09,SPLIT,2012,,,,,,,,,,,,,,,,,,,,,UNMEASURED,UNMEASURED,,,,,,149f2020-a4d9-4dff-a50f-44da4f58f1cd,0.0,0.0,,,
6a831ce5-5a4d-43a1-ab14-7dc59f346d5f,SPLIT,1986,,,,,,,,,,,,,,,,,,,,,UNMEASURED,UNMEASURED,,,,,,149f2020-a4d9-4dff-a50f-44da4f58f1cd,0.0,0.0,,,
6aba09f3-2536-4718-97ac-a7030cfb6ce6,SPLIT,2016,IND-000814,,,IND-000809,Jogulamba Gadwal,Telangana,,3979,,,18391.81834659842,2572.679770725188,,,,,,,,,UNMEASURED,UNMEASURED,FORMED_FROM,,1.00,,,149f2020-a4d9-4dff-a50f-44da4f58f1cd,18391.81834659842,0.0,,,2572.679770725188
6acc06a8-b6c2-413d-a559-ad497c4af3c7,NEW_DISTRICT,1988,,,,,,,,,,,,,,,,,,,,,UNMEASURED,UNMEASURED,,,,,,149f2020-a4d9-4dff-a50f-44da4f58f1cd,0.0,0.0,,,
6b2414ae-6d94-4f13-8b5a-67b798c502a9,SPLIT,2011,IND-000253,Muzaffarnagar,Uttar Pradesh,IND-000884,Shamli,Uttar Pradesh,1267,4175,4056.223428929055,,4056.223428929055,1263.9358676228933,1234.4851967770448,1234.4851967770448,1234.4851967770448,0.3043434905416391,0.3009964719945743,1.0,0.01111979328158097,AREA_WEIGHTED,MEASURED,MEASURED_NORMALIZED,FORMED_FROM,,1.00,PROPORTIONAL_APPORTIONMENT,Weights normalized (pre-normalization sum=1.011) due to overlapping target geometries detected in crosswalk_errors,149f2020-a4d9-4dff-a50f-44da4f58f1cd,4056.223428929055,45.10436603359663,-1234.485196777045,0.0,1263.9358676228933
6b292c16-7f74-4457-a691-a7b218a8ff3d,SPLIT,2016,,,,,,,,,,,,,,,,,,,,,UNMEASURED,UNMEASURED,,,,,,149f2020-a4d9-4dff-a50f-44da4f58f1cd,0.0,0.0,,,
6b2b511d-c1bb-45a1-bf25-e47925cd5493,NEW_DISTRICT,1997,IND-000116,Delhi,Delhi,IND-000556,New Delhi,Delhi,633,2932,1467.8300703301863,,,37.909151826886806,37.909151826886806,37.909151826886806,37.909151826886806,0.025826662495311323,0.02352224518727619,1.0,0.09796757451034721,AREA_WEIGHTED,MEASURED,MEASURED_NORMALIZED,FORMED_FROM,,1.00,PROPORTIONAL_APPORTIONMENT,Weights normalized (pre-normalization sum=1.098) due to overlapping target geometries detected in crosswalk_errors,149f2020-a4d9-4dff-a50f-44da4f58f1cd,0.0,143.79975178360073,1429.9209185032996,,37.909151826886806
6b99547c-c367-47a8-82e8-65a6b2531627,NEW_DISTRICT,1987,,,,,,,,,,,,,,,,,,,,,UNMEASURED,UNMEASURED,,,,,,149f2020-a4d9-4dff-a50f-44da4f58f1cd,0.0,0.0,,,
6bafae74-4c7d-4386-b7d6-4748dd225def,SPLIT,2012,,,,,,,,,,,,,,,,,,,,,UNMEASURED,UNMEASURED,,,,,,149f2020-a4d9-4dff-a50f-44da4f58f1cd,0.0,0.0,,,
6bc92756-d2d2-4d62-a2a5-479980a06d07,SPLIT,2023,,,,,,,,,,,,,,,,,,,,,UNMEASURED,UNMEASURED,,,,,,149f2020-a4d9-4dff-a50f-44da4f58f1cd,0.0,0.0,,,
6be6d897-b94e-404e-a344-d9325344cce8,NEW_DISTRICT,1987,IND-000329,Diu,"Goa, Daman and Diu",IND-000708,North Goa,Goa,1871,3629,3646.8273636421522,3646.8275056835773,,,,,,,,0.0,1.5345834674580585,UNMEASURED,UNMEASURED,UNMEASURED,FORMED_FROM,,1.00,NONE,No geometric data available for this lineage pair,149f2020-a4d9-4dff-a50f-44da4f58f1cd,0.0,5596.360980918904,3646.8273636421522,,
6c0f1493-615a-463c-98c5-6b8988116a55,SPLIT,2004,,,,,,,,,,,,,,,,,,,,,UNMEASURED,UNMEASURED,,,,,,149f2020-a4d9-4dff-a50f-44da4f58f1cd,0.0,0.0,,,
6c1c85d0-d33c-46e5-bef8-7eabb2d3a6a2,SPLIT,1994,,,,,,,,,,,,,,,,,,,,,UNMEASURED,UNMEASURED,,,,,,149f2020-a4d9-4dff-a50f-44da4f58f1cd,0.0,0.0,,,
6c4162bd-fd31-4a4d-9fcb-55fd6372503a,NEW_DISTRICT,1995,IND-000404,Faridkot,Punjab,IND-000537,Muktsar,Punjab,2341,2878,5142.992654388533,,1475.078366882366,2641.210721265118,2641.179320079911,2641.179320079911,2641.179320079911,0.5135491138269824,0.2560865258614584,1.0,1.005373426420764,AREA_WEIGHTED,MEASURED,MEASURED_NORMALIZED,FORMED_FROM,,1.00,PROPORTIONAL_APPORTIONMENT,Weights normalized (pre-normalization sum=2.005) due to overlapping target geometries detected in crosswalk_errors,149f2020-a4d9-4dff-a50f-44da4f58f1cd,1475.078366882366,5170.62814699942,1026.734967426256,-3667.914287506167,2641.210721265118
6cbe1bb5-3fcc-4528-9eb0-a116b1fc9231,SPLIT,2001,,,,,,,,,,,,,,,,,,,,,UNMEASURED,UNMEASURED,,,,,,149f2020-a4d9-4dff-a50f-44da4f58f1cd,0.0,0.0,,,
6cc37dc1-e55a-4058-81db-cca21ad244a7,NEW_DISTRICT,1997,IND-000116,Delhi,Delhi,IND-000559,South West,Delhi,633,2944,1467.8300703301863,,,405.2254382514587,405.17112485718167,405.17112485718167,405.17112485718167,0.2760340812244288,0.2514045839172707,1.0,0.09796757451034721,AREA_WEIGHTED,MEASURED,MEASURED_NORMALIZED,FORMED_FROM,,1.00,PROPORTIONAL_APPORTIONMENT,Weights normalized (pre-normalization sum=1.098) due to overlapping target geometries detected in crosswalk_errors,149f2020-a4d9-4dff-a50f-44da4f58f1cd,0.0,143.79975178360073,1062.6589454730047,,405.2254382514587
6cc9fcbe-7d63-4d79-b4c3-424d20a8868b,RENAME,2011,,,,,,,,,,,,,,,,,,,,,NON_SPATIAL,UNMEASURED,,,,,,149f2020-a4d9-4dff-a50f-44da4f58f1cd,0.0,0.0,,,
6d66f7ed-06be-4a06-b1bf-edb78971632f,SPLIT,2016,,,,,,,,,,,,,,,,,,,,,UNMEASURED,UNMEASURED,,,,,,149f2020-a4d9-4dff-a50f-44da4f58f1cd,0.0,0.0,,,
6dd8b6e3-9f7a-4781-8ddb-ae7ff1334149,SPLIT,1961,,,,,,,,,,,,,,,,,,,,,UNMEASURED,UNMEASURED,,,,,,149f2020-a4d9-4dff-a50f-44da4f58f1cd,0.0,0.0,,,
6e213d3a-f420-45fa-b314-443f1512d5d4,SPLIT,1966,,,,,,,,,,,,,,,,,,,,,UNMEASURED,UNMEASURED,,,,,,149f2020-a4d9-4dff-a50f-44da4f58f1cd,0.0,0.0,,,
6e7e8fc4-120d-4f03-862e-64e13401a066,NEW_DISTRICT,1999,IND-000691,Bhandara,Maharashtra,IND-000692,Gondiya,Maharashtra,3539,3544,9364.941744834514,,4154.405991664697,5210.464201778636,5210.431867604831,5210.431867604831,5210.431867604831,0.556376324548819,0.27818881355045566,1.0,0.9999953177409413,AREA_WEIGHTED,MEASURED,MEASURED_NORMALIZED,FORMED_FROM,,1.00,PROPORTIONAL_APPORTIONMENT,Weights normalized (pre-normalization sum=2.000) due to overlapping target geometries detected in crosswalk_errors,149f2020-a4d9-4dff-a50f-44da4f58f1cd,4154.405991664697,9364.897895751195,0.10388556498764956,-5210.535753169817,5210.464201778636
6e9a9874-482a-4ea7-abf0-1ba16356720b,NEW_DISTRICT,1980,IND-000885,Siang,Arunachal Pradesh,IND-000407,West Siang,Arunachal Pradesh,4177,2358,24257.047925301682,,24257.047925301682,7909.430936785123,,,,,,0.0,,UNMEASURED,UNMEASURED,UNMEASURED,FORMED_FROM,,1.00,NONE,No geometric data available for this lineage pair,149f2020-a4d9-4dff-a50f-44da4f58f1cd,24257.047925301682,0.0,0.0,0.0,7909.430936785123
6f2b32ae-763e-4884-ae8f-eca422539116,SPLIT,1974,,,,,,,,,,,,,,,,,,,,,UNMEASURED,UNMEASURED,,,,,,149f2020-a4d9-4dff-a50f-44da4f58f1cd,0.0,0.0,,,
6f5fecbb-56f5-43ba-89a5-189c4d23609a,SPLIT,2004,,,,,,,,,,,,,,,,,,,,,UNMEASURED,UNMEASURED,,,,,,149f2020-a4d9-4dff-a50f-44da4f58f1cd,0.0,0.0,,,
6f67caab-1cce-4a45-aad7-0dd8d8219865,SPLIT,2003,,,,,,,,,,,,,,,,,,,,,UNMEASURED,UNMEASURED,,,,,,149f2020-a4d9-4dff-a50f-44da4f58f1cd,0.0,0.0,,,
6f84a30f-44db-48af-a096-2530b9d91dbf,SPLIT,1991,,,,,,,,,,,,,,,,,,,,,UNMEASURED,UNMEASURED,,,,,,149f2020-a4d9-4dff-a50f-44da4f58f1cd,0.0,0.0,,,
6f9c003a-2146-4ea3-bd31-cebdfaad6558,SPLIT,1993,,,,,,,,,,,,,,,,,,,,,UNMEASURED,UNMEASURED,,,,,,149f2020-a4d9-4dff-a50f-44da4f58f1cd,0.0,0.0,,,
6fb62fe9-94df-4d15-984e-520af05c9e7c,SPLIT,1989,,,,,,,,,,,,,,,,,,,,,UNMEASURED,UNMEASURED,,,,,,149f2020-a4d9-4dff-a50f-44da4f58f1cd,0.0,0.0,,,
6fd4e763-d4fd-4ac6-bb54-f14279d15c79,SPLIT,2015,,,,,,,,,,,,,,,,,,,,,UNMEASURED,UNMEASURED,,,,,,149f2020-a4d9-4dff-a50f-44da4f58f1cd,0.0,0.0,,,
6ff81d97-b9b6-4759-b28b-022ebf7515c1,SPLIT,2010,IND-000297,Sultanpur,Uttar Pradesh,IND-000852,Amethi,Uttar Pradesh,1626,4087,4466.126340628052,,4480.145685081312,3314.378847191413,1978.0474216397033,1978.0474216397033,1978.0474216397033,0.4429000146380854,0.3096377313466904,1.0,0.4303812804460383,AREA_WEIGHTED,MEASURED,MEASURED_NORMALIZED,FORMED_FROM,,1.00,PROPORTIONAL_APPORTIONMENT,Weights normalized (pre-normalization sum=1.430) due to overlapping target geometries detected in crosswalk_errors,149f2020-a4d9-4dff-a50f-44da4f58f1cd,4480.145685081312,1922.1371731132806,-1992.066766092963,14.019344453259691,3314.378847191413
706c7dc1-3d47-4244-a4cc-0488f9a56010,SPLIT,1960,,,,,,,,,,,,,,,,,,,,,UNMEASURED,UNMEASURED,,,,,,149f2020-a4d9-4dff-a50f-44da4f58f1cd,0.0,0.0,,,
70ba7e6e-60c3-4e04-b4ec-2a572bddda68,NEW_DISTRICT,2004,IND-000712,Dharmapuri,Tamilnadu,IND-000800,Krishnagiri,Tamil Nadu,3641,3951,9583.818078748158,,,5068.851676878484,5005.5631595021305,5005.5631595021305,5005.5631595021305,,0.5222932153315623,0.9992591081100681,,AREA_WEIGHTED,MEASURED,MEASURED,FORMED_FROM,,1.00,NONE,Uniform spatial distribution assumed across district area; no ancillary data available for this build,149f2020-a4d9-4dff-a50f-44da4f58f1cd,0.0,0.0,4578.254919246027,,5068.851676878484
70f2d426-0ff9-4784-9078-877f593ff147,NEW_DISTRICT,2001,IND-000627,Dumka,Jharkhand,IND-000764,Jamtara,Jharkhand,3220,3790,5593.344178329527,,5593.344178329527,1862.126701906132,1801.0928955981965,1801.0928955981965,1801.0928955981965,0.32200644876748846,0.3211032021776387,1.0,0.00281294793612874,AREA_WEIGHTED,MEASURED,MEASURED_NORMALIZED,FORMED_FROM,,1.00,PROPORTIONAL_APPORTIONMENT,Weights normalized (pre-normalization sum=1.003) due to overlapping target geometries detected in crosswalk_errors,149f2020-a4d9-4dff-a50f-44da4f58f1cd,5593.344178329527,15.733785962489746,-1801.0928955981963,0.0,1862.126701906132
712d3eea-b4e0-479a-80ad-dd885086c6b7,NEW_DISTRICT,1997,IND-000542,,,IND-000545,Champawat,Uttranchal,,2899,,,6895.541094303322,1802.994701468622,,,,,,,,,UNMEASURED,UNMEASURED,FORMED_FROM,,1.00,,,149f2020-a4d9-4dff-a50f-44da4f58f1cd,6895.541094303322,0.0,,,1802.994701468622
712e5ef2-4bd2-4fb1-9ca8-c7bdebe209fb,SPLIT,2023,,,,,,,,,,,,,,,,,,,,,UNMEASURED,UNMEASURED,,,,,,149f2020-a4d9-4dff-a50f-44da4f58f1cd,0.0,0.0,,,
71d15e2e-ac80-4eb3-a533-ff748a080bf3,SPLIT,1987,,,,,,,,,,,,,,,,,,,,,UNMEASURED,UNMEASURED,,,,,,149f2020-a4d9-4dff-a50f-44da4f58f1cd,0.0,0.0,,,
7254e03d-69eb-408f-ba85-ab6734444c03,RENAME,2011,,,,,,,,,,,,,,,,,,,,,NON_SPATIAL,UNMEASURED,,,,,,149f2020-a4d9-4dff-a50f-44da4f58f1cd,0.0,0.0,,,
72761f66-37f6-4ab0-acdf-ff9d9bf4c272,RENAME,1961,,,,,,,,,,,,,,,,,,,,,NON_SPATIAL,UNMEASURED,,,,,,149f2020-a4d9-4dff-a50f-44da4f58f1cd,0.0,0.0,,,
731de343-f8f8-4fa3-9ae5-60d92e01d3d7,SPLIT,2021,,,,,,,,,,,,,,,,,,,,,UNMEASURED,UNMEASURED,,,,,,149f2020-a4d9-4dff-a50f-44da4f58f1cd,0.0,0.0,,,
736ba40a-dbc0-4306-b463-8cdcb5d09f82,SPLIT,2009,,,,,,,,,,,,,,,,,,,,,UNMEASURED,UNMEASURED,,,,,,149f2020-a4d9-4dff-a50f-44da4f58f1cd,0.0,0.0,,,
736c40cf-72c3-4ad8-beb0-07f14087b2a2,SPLIT,1997,,,,,,,,,,,,,,,,,,,,,UNMEASURED,UNMEASURED,,,,,,149f2020-a4d9-4dff-a50f-44da4f58f1cd,0.0,0.0,,,
7391744e-0037-4513-8afe-163d7845f7d3,SPLIT,2023,,,,,,,,,,,,,,,,,,,,,UNMEASURED,UNMEASURED,,,,,,149f2020-a4d9-4dff-a50f-44da4f58f1cd,0.0,0.0,,,
73d4229c-a98d-4689-8fd6-0079c09a66e5,RENAME,1981,,,,,,,,,,,,,,,,,,,,,NON_SPATIAL,UNMEASURED,,,,,,149f2020-a4d9-4dff-a50f-44da4f58f1cd,0.0,0.0,,,
73dfdae2-6bd9-4b67-970c-54292e743ff7,SPLIT,2021,,,,,,,,,,,,,,,,,,,,,UNMEASURED,UNMEASURED,,,,,,149f2020-a4d9-4dff-a50f-44da4f58f1cd,0.0,0.0,,,
7402a8ea-65f1-42be-8193-51faf0ab07fe,SPLIT,2012,,,,,,,,,,,,,,,,,,,,,UNMEASURED,UNMEASURED,,,,,,149f2020-a4d9-4dff-a50f-44da4f58f1cd,0.0,0.0,,,
7410d011-b27f-4fe3-9499-ff2f5988c703,NEW_DISTRICT,1992,IND-000312,West Dinajpur,West Bengal,IND-000620,Dakshin Dinajpur,West Bengal,1745,3192,,,,2225.720882332637,,,,,,,,,UNMEASURED,UNMEASURED,FORMED_FROM,,1.00,,,149f2020-a4d9-4dff-a50f-44da4f58f1cd,0.0,0.0,,,2225.720882332637
7422fa70-4883-47c8-9033-f035021c7d9b,SPLIT,2017,,,,,,,,,,,,,,,,,,,,,UNMEASURED,UNMEASURED,,,,,,149f2020-a4d9-4dff-a50f-44da4f58f1cd,0.0,0.0,,,
74237540-ca0b-4dfd-9a18-3e0d0f7ae8bf,SPLIT,1993,,,,,,,,,,,,,,,,,,,,,UNMEASURED,UNMEASURED,,,,,,149f2020-a4d9-4dff-a50f-44da4f58f1cd,0.0,0.0,,,
743c7c67-a1f3-473c-a7d7-db82fe066b3f,NEW_DISTRICT,2012,IND-000657,Raipur,Chhattisgarh,IND-000846,Baloda Bazar,Chhattisgarh,3345,4075,12545.692191244243,,2904.424708708804,4666.846611667777,4582.077654039514,4582.077654039514,4582.077654039514,0.36523115537916584,0.36389481442069843,1.0,0.003672327566950351,AREA_WEIGHTED,MEASURED,MEASURED_NORMALIZED,FORMED_FROM,,1.00,PROPORTIONAL_APPORTIONMENT,Weights normalized (pre-normalization sum=1.004) due to overlapping target geometries detected in crosswalk_errors,149f2020-a4d9-4dff-a50f-44da4f58f1cd,2904.424708708804,46.07189128037999,5059.189828495926,-9641.267482535439,4666.846611667777
7453a4c4-a8f0-4349-a2ca-05c901126ce8,RENAME,2001,,,,,,,,,,,,,,,,,,,,,NON_SPATIAL,UNMEASURED,,,,,,149f2020-a4d9-4dff-a50f-44da4f58f1cd,0.0,0.0,,,
7458de2d-2fce-4e26-a84d-49584389f0e0,RENAME,2001,,,,,,,,,,,,,,,,,,,,,NON_SPATIAL,UNMEASURED,,,,,,149f2020-a4d9-4dff-a50f-44da4f58f1cd,0.0,0.0,,,
74abfe69-4308-44fe-8018-7ddf1f6f76b1,SPLIT,1992,,,,,,,,,,,,,,,,,,,,,UNMEASURED,UNMEASURED,,,,,,149f2020-a4d9-4dff-a50f-44da4f58f1cd,0.0,0.0,,,
74b5a3f7-0749-41dc-864e-84786be34eca,SPLIT,2013,,,,,,,,,,,,,,,,,,,,,UNMEASURED,UNMEASURED,,,,,,149f2020-a4d9-4dff-a50f-44da4f58f1cd,0.0,0.0,,,
74d0da2f-60c4-4f8e-941f-a1209b6e3b3d,NEW_DISTRICT,1991,IND-000445,Munger,Bihar,IND-000594,Jamui,Bihar,2570,3084,6405.989090355114,,6405.989090355114,3094.7870902491654,3094.7450063991014,3094.7450063991014,3094.7450063991014,0.4831018228018158,0.2415443396264612,1.0,1.0000544146425194,AREA_WEIGHTED,MEASURED,MEASURED_NORMALIZED,FORMED_FROM,,1.00,PROPORTIONAL_APPORTIONMENT,Weights normalized (pre-normalization sum=2.000) due to overlapping target geometries detected in crosswalk_errors,149f2020-a4d9-4dff-a50f-44da4f58f1cd,6405.989090355114,6406.337669961449,-3094.745006399101,0.0,3094.7870902491654
74da71b2-a6b5-4698-b94d-194ebb3767ba,SPLIT,1997,,,,,,,,,,,,,,,,,,,,,UNMEASURED,UNMEASURED,,,,,,149f2020-a4d9-4dff-a50f-44da4f58f1cd,0.0,0.0,,,
74f1f04c-bcec-4618-ac36-d6f75443a661,SPLIT,1958,,,,,,,,,,,,,,,,,,,,,UNMEASURED,UNMEASURED,,,,,,149f2020-a4d9-4dff-a50f-44da4f58f1cd,0.0,0.0,,,
7500acf1-2228-402a-a153-50cbca034b21,SPLIT,1983,,,,,,,,,,,,,,,,,,,,,UNMEASURED,UNMEASURED,,,,,,149f2020-a4d9-4dff-a50f-44da4f58f1cd,0.0,0.0,,,
750c146f-2cb4-4e63-b439-e3093a5ae65b,SPLIT,2015,,,,,,,,,,,,,,,,,,,,,UNMEASURED,UNMEASURED,,,,,,149f2020-a4d9-4dff-a50f-44da4f58f1cd,0.0,0.0,,,
7524f8d4-6dd8-4304-9148-15016b925206,NEW_DISTRICT,2004,,,,,,,,,,,,,,,,,,,,,UNMEASURED,UNMEASURED,,,,,,149f2020-a4d9-4dff-a50f-44da4f58f1cd,0.0,0.0,,,
754f9688-809f-4283-9ca0-91e748342ec9,SPLIT,2023,,,,,,,,,,,,,,,,,,,,,UNMEASURED,UNMEASURED,,,,,,149f2020-a4d9-4dff-a50f-44da4f58f1cd,0.0,0.0,,,
758e8778-f9d7-4bc9-bb74-6f6f41d3a979,SPLIT,1979,IND-000384,Visakhapatnam,Andhra Pradesh,IND-000383,Vizianagaram,Andhra Pradesh,2224,2218,11965.335601381099,,11541.071623992946,6157.370011308436,1226.941711486508,1226.941711486508,1226.941711486508,0.10254135382085633,0.03417995065779611,1.0,2.00004393942762,AREA_WEIGHTED,MEASURED,MEASURED_NORMALIZED,FORMED_FROM,,1.00,PROPORTIONAL_APPORTIONMENT,Weights normalized (pre-normalization sum=3.000) due to overlapping target geometries detected in crosswalk_errors,149f2020-a4d9-4dff-a50f-44da4f58f1cd,11541.071623992946,23931.1969527598,-802.6777340983554,-424.26397738815285,6157.370011308436
75b102cc-12de-4e31-a21a-b73df395384e,SPLIT,1972,IND-000113,Monghyar,Bihar,IND-000441,Begusarai,Bihar,610,2545,9825.28184221673,,,1938.174537489302,1938.1532931605532,1938.1532931605532,1938.1532931605532,0.19726185205525637,0.11904424478009674,1.0,0.6570465243376216,AREA_WEIGHTED,MEASURED,MEASURED_NORMALIZED,SPLIT_FROM,,1.00,PROPORTIONAL_APPORTIONMENT,Weights normalized (pre-normalization sum=1.657) due to overlapping target geometries detected in crosswalk_errors,149f2020-a4d9-4dff-a50f-44da4f58f1cd,0.0,6455.667285066045,7887.128549056176,,1938.174537489302
75e13506-fe7f-4737-9b85-668699bf4bb8,SPLIT,1972,,,,,,,,,,,,,,,,,,,,,UNMEASURED,UNMEASURED,,,,,,149f2020-a4d9-4dff-a50f-44da4f58f1cd,0.0,0.0,,,
761ab0ee-9171-4f27-af18-09edbddcccc1,NEW_DISTRICT,2001,IND-000601,Lower Subansiri,Arunachal Pradesh,IND-000747,Kurung Kumey,Arunachal Pradesh,3110,3734,9423.178915753346,,9423.178915753346,7082.750321792326,6571.421863661335,6571.421863661335,6571.421863661335,0.6973678333407698,0.31344745903639254,1.0,1.2248316687097551,AREA_WEIGHTED,MEASURED,MEASURED_NORMALIZED,FORMED_FROM,,1.00,PROPORTIONAL_APPORTIONMENT,Weights normalized (pre-normalization sum=2.225) due to overlapping target geometries detected in crosswalk_errors,149f2020-a4d9-4dff-a50f-44da4f58f1cd,9423.178915753346,11541.80795593275,-6571.421863661335,0.0,7082.750321792326
762e7b97-5ff6-41b8-910d-da342b4c0ee0,SPLIT,2016,,,,,,,,,,,,,,,,,,,,,UNMEASURED,UNMEASURED,,,,,,149f2020-a4d9-4dff-a50f-44da4f58f1cd,0.0,0.0,,,
7641a3eb-36a3-4098-ae14-c9824328cc6e,SPLIT,1997,,,,,,,,,,,,,,,,,,,,,UNMEASURED,UNMEASURED,,,,,,149f2020-a4d9-4dff-a50f-44da4f58f1cd,0.0,0.0,,,
764a3612-b838-46c9-af81-5885eb25c771,SPLIT,1987,,,,,,,,,,,,,,,,,,,,,UNMEASURED,UNMEASURED,,,,,,149f2020-a4d9-4dff-a50f-44da4f58f1cd,0.0,0.0,,,
7650137b-57b7-43e6-818c-cea21ff9b2ef,SPLIT,1960,,,,,,,,,,,,,,,,,,,,,UNMEASURED,UNMEASURED,,,,,,149f2020-a4d9-4dff-a50f-44da4f58f1cd,0.0,0.0,,,
76567dba-bb1c-468d-81fe-aacac590a052,SPLIT,1992,,,,,,,,,,,,,,,,,,,,,UNMEASURED,UNMEASURED,,,,,,149f2020-a4d9-4dff-a50f-44da4f58f1cd,0.0,0.0,,,
7699150c-ebc6-4c75-9c8e-9f65c9d5f527,SPLIT,2018,,,,,,,,,,,,,,,,,,,,,UNMEASURED,UNMEASURED,,,,,,149f2020-a4d9-4dff-a50f-44da4f58f1cd,0.0,0.0,,,
76e6c690-ac96-401f-95a0-53224da46af1,NEW_DISTRICT,1973,IND-000141,Sikkim,Sikkim,IND-000936,North District,Sikkim,706,4309,7090.027624325411,,,4211.78123411149,4134.342141955316,4134.342141955316,4134.342141955316,0.5831207381718323,0.2945398082096583,1.0,0.9797688526936139,AREA_WEIGHTED,MEASURED,MEASURED_NORMALIZED,FORMED_FROM,,1.00,PROPORTIONAL_APPORTIONMENT,Weights normalized (pre-normalization sum=1.980) due to overlapping target geometries detected in crosswalk_errors,149f2020-a4d9-4dff-a50f-44da4f58f1cd,0.0,6946.588231051337,2955.685482370095,,4211.78123411149
77091c2a-093f-40b8-b9b0-2923bcf71302,SPLIT,2001,,,,,,,,,,,,,,,,,,,,,UNMEASURED,UNMEASURED,,,,,,149f2020-a4d9-4dff-a50f-44da4f58f1cd,0.0,0.0,,,
7727e6c2-42d7-4796-a780-9bf0567a79ca,NEW_DISTRICT,1972,IND-000367,Kangra,Himachal Pradesh,IND-000274,Hamirpur,Uttar Pradesh,2114,1446,8401.794323490636,7096.521218080339,6346.53117137936,7096.521218080339,,,,,,0.0,,UNMEASURED,UNMEASURED,UNMEASURED,FORMED_FROM,,1.00,NONE,No geometric data available for this lineage pair,149f2020-a4d9-4dff-a50f-44da4f58f1cd,6346.53117137936,0.0,2055.263152111276,-2055.263152111276,0.0
7732d2d6-c7db-4f1d-a98f-08188489c220,SPLIT,2013,,,,,,,,,,,,,,,,,,,,,UNMEASURED,UNMEASURED,,,,,,149f2020-a4d9-4dff-a50f-44da4f58f1cd,0.0,0.0,,,
773a5862-9358-43bc-8033-5d60244e5665,NEW_DISTRICT,1957,IND-000341,,,IND-000318,Mokokchung,Nagaland,,1784,,,6018.659594649014,4162.630923380044,,,,,,,,,UNMEASURED,UNMEASURED,FORMED_FROM,,1.00,,,149f2020-a4d9-4dff-a50f-44da4f58f1cd,6018.659594649014,0.0,,,4162.630923380044
773c2ceb-c3f0-4fb4-a54f-cf0840b2f9bc,SPLIT,1957,IND-000336,,,IND-000377,Alapuzha,Kerala,,2182,,,6711.357397694583,1737.277075172612,,,,,,,,,UNMEASURED,UNMEASURED,FORMED_FROM,,1.00,,,149f2020-a4d9-4dff-a50f-44da4f58f1cd,6711.357397694583,0.0,,,1737.277075172612
7760fc76-ba71-4c04-8247-bf2daeda6033,SPLIT,2019,,,,,,,,,,,,,,,,,,,,,UNMEASURED,UNMEASURED,,,,,,149f2020-a4d9-4dff-a50f-44da4f58f1cd,0.0,0.0,,,
7783e4cf-3f2d-4c91-ace7-feeb6a0558f1,RENAME,1951,,,,,,,,,,,,,,,,,,,,,NON_SPATIAL,UNMEASURED,,,,,,149f2020-a4d9-4dff-a50f-44da4f58f1cd,0.0,0.0,,,
778c1e9f-a3cd-4859-909d-dff8ab33469a,NEW_DISTRICT,2001,IND-000631,Pashchimi Singhbhum,Jharkhand,IND-000768,Saraikela-kharsawan,Jharkhand,3240,3803,9899.482822783024,,9899.482822783024,2632.8853770971605,2615.27865649914,2615.27865649914,2615.27865649914,,0.26418336223385774,0.9973482030427545,,AREA_WEIGHTED,MEASURED,MEASURED,FORMED_FROM,,1.00,NONE,Uniform spatial distribution assumed across district area; no ancillary data available for this build,149f2020-a4d9-4dff-a50f-44da4f58f1cd,9899.482822783024,0.0,-2615.27865649914,0.0,2632.8853770971605
778c298e-ef7d-49b9-b849-a77963097d9a,SPLIT,2011,,,,,,,,,,,,,,,,,,,,,UNMEASURED,UNMEASURED,,,,,,149f2020-a4d9-4dff-a50f-44da4f58f1cd,0.0,0.0,,,
77931594-1fd7-4220-849b-6786614242f5,SPLIT,1964,IND-000361,Mehsana,Gujarat,IND-000362,Gandhinagar,Gujarat,2073,2081,9060.481373241271,,,674.9040071995253,,,,,,0.0,,UNMEASURED,UNMEASURED,UNMEASURED,SPLIT_FROM,,1.00,NONE,No geometric data available for this lineage pair,149f2020-a4d9-4dff-a50f-44da4f58f1cd,0.0,0.0,9060.481373241271,,674.9040071995253
77e8d694-3279-4f05-85d0-0ff61166575e,SPLIT,2023,,,,,,,,,,,,,,,,,,,,,UNMEASURED,UNMEASURED,,,,,,149f2020-a4d9-4dff-a50f-44da4f58f1cd,0.0,0.0,,,
785669f0-14db-41f0-bf15-84b2df5be2d3,NEW_DISTRICT,1995,IND-000475,Faizabad,Uttar_pradesh,IND-000576,Ambedkar Nagar,Uttar Pradesh,2689,3011,4398.121714805266,,,2395.598020044829,2395.460305905359,2395.460305905359,2395.460305905359,0.5446553008848283,0.5439744432524255,1.0,0.0012516353311229356,AREA_WEIGHTED,MEASURED,MEASURED_NORMALIZED,FORMED_FROM,,1.00,PROPORTIONAL_APPORTIONMENT,Weights normalized (pre-normalization sum=1.001) due to overlapping target geometries detected in crosswalk_errors,149f2020-a4d9-4dff-a50f-44da4f58f1cd,0.0,5.504844528829262,2002.6614088999067,,2395.598020044829
78738c30-d707-49e7-8f6d-3a85afb9fbd6,NEW_DISTRICT,1983,IND-000118,Santhal Pargana,Bihar,IND-000490,Godda,Bihar,639,2713,,,,2267.1217996613263,,,,,,0.0,,UNMEASURED,UNMEASURED,UNMEASURED,FORMED_FROM,,1.00,NONE,No geometric data available for this lineage pair,149f2020-a4d9-4dff-a50f-44da4f58f1cd,0.0,0.0,,,2267.1217996613263
78cd5212-de65-4be7-8ca0-a3006a593d49,SPLIT,2012,,,,,,,,,,,,,,,,,,,,,UNMEASURED,UNMEASURED,,,,,,149f2020-a4d9-4dff-a50f-44da4f58f1cd,0.0,0.0,,,
78e2f6bc-53c3-4bd4-98d8-fc918a843af9,NEW_DISTRICT,1998,IND-000166,Raigarh,Bombay,IND-000651,Jashpur,Chhattisgarh,791,3319,13059.796718790642,,7183.724709085952,5876.078401311067,5875.8661933533285,5875.8661933533285,5875.8661933533285,0.4499201878769705,0.293214110148056,1.0,0.5344424852193745,AREA_WEIGHTED,MEASURED,MEASURED_NORMALIZED,FORMED_FROM,,1.00,PROPORTIONAL_APPORTIONMENT,Weights normalized (pre-normalization sum=1.534) due to overlapping target geometries detected in crosswalk_errors,149f2020-a4d9-4dff-a50f-44da4f58f1cd,7183.724709085952,6979.710214850304,0.20581635136113619,-5876.07200970469,5876.078401311067
78e77d53-dcca-4955-a06d-2ee5730bbb71,SPLIT,2016,,,,,,,,,,,,,,,,,,,,,UNMEASURED,UNMEASURED,,,,,,149f2020-a4d9-4dff-a50f-44da4f58f1cd,0.0,0.0,,,
78e935ae-3ab3-45ae-96fb-70dc9176242c,SPLIT,2001,,,,,,,,,,,,,,,,,,,,,UNMEASURED,UNMEASURED,,,,,,149f2020-a4d9-4dff-a50f-44da4f58f1cd,0.0,0.0,,,
78efe322-d385-4787-9280-8879e4f87af8,NEW_DISTRICT,2015,,,,,,,,,,,,,,,,,,,,,UNMEASURED,UNMEASURED,,,,,,149f2020-a4d9-4dff-a50f-44da4f58f1cd,0.0,0.0,,,
78fbe6e6-0339-48a1-b0f2-676ad915c51e,SPLIT,2023,,,,,,,,,,,,,,,,,,,,,UNMEASURED,UNMEASURED,,,,,,149f2020-a4d9-4dff-a50f-44da4f58f1cd,0.0,0.0,,,
790b93fc-2a86-4725-8424-f60ff18487e6,SPLIT,2007,,,,,,,,,,,,,,,,,,,,,UNMEASURED,UNMEASURED,,,,,,149f2020-a4d9-4dff-a50f-44da4f58f1cd,0.0,0.0,,,
79167724-9d87-4428-aca0-c020cb96add1,SPLIT,1997,,,,,,,,,,,,,,,,,,,,,UNMEASURED,UNMEASURED,,,,,,149f2020-a4d9-4dff-a50f-44da4f58f1cd,0.0,0.0,,,
792e90a1-a354-4039-bf3d-3cbb46c42f87,SPLIT,2004,,,,,,,,,,,,,,,,,,,,,UNMEASURED,UNMEASURED,,,,,,149f2020-a4d9-4dff-a50f-44da4f58f1cd,0.0,0.0,,,
797a4cc2-b30c-40f1-aadc-8ba3de501b99,SPLIT,2022,,,,,,,,,,,,,,,,,,,,,UNMEASURED,UNMEASURED,,,,,,149f2020-a4d9-4dff-a50f-44da4f58f1cd,0.0,0.0,,,
798e8891-9200-43d7-a264-eec3625514ff,SPLIT,1972,IND-000113,Monghyar,Bihar,IND-000445,Munger,Bihar,610,2569,9825.28184221673,,,7887.115520686004,7887.034633494669,7887.034633494669,7887.034633494669,0.8027285893831659,0.48443334426234297,1.0,0.6570465243376216,AREA_WEIGHTED,MEASURED,MEASURED_NORMALIZED,SPLIT_FROM,,1.00,PROPORTIONAL_APPORTIONMENT,Weights normalized (pre-normalization sum=1.657) due to overlapping target geometries detected in crosswalk_errors,149f2020-a4d9-4dff-a50f-44da4f58f1cd,0.0,6455.667285066045,1938.2472087220603,,7887.115520686004
79af7e08-a65a-46b0-b259-ede708dacdc2,SPLIT,2003,,,,,,,,,,,,,,,,,,,,,UNMEASURED,UNMEASURED,,,,,,149f2020-a4d9-4dff-a50f-44da4f58f1cd,0.0,0.0,,,
79b05c0b-469f-4384-9c06-32e8e0bfa670,SPLIT,1997,,,,,,,,,,,,,,,,,,,,,UNMEASURED,UNMEASURED,,,,,,149f2020-a4d9-4dff-a50f-44da4f58f1cd,0.0,0.0,,,
79d13b9a-3163-4244-b26f-4285e769cde2,SPLIT,2018,,,,,,,,,,,,,,,,,,,,,UNMEASURED,UNMEASURED,,,,,,149f2020-a4d9-4dff-a50f-44da4f58f1cd,0.0,0.0,,,
79d9240e-a2c9-4d7e-a4ba-25e17dd66d02,SPLIT,1980,,,,,,,,,,,,,,,,,,,,,UNMEASURED,UNMEASURED,,,,,,149f2020-a4d9-4dff-a50f-44da4f58f1cd,0.0,0.0,,,
7a488f09-e6a2-46fc-8cba-bf4262e7ba82,SPLIT,2023,,,,,,,,,,,,,,,,,,,,,UNMEASURED,UNMEASURED,,,,,,149f2020-a4d9-4dff-a50f-44da4f58f1cd,0.0,0.0,,,
7a676869-5268-4f87-b234-60da2181d58d,NEW_DISTRICT,1997,IND-000116,Delhi,Delhi,IND-000557,Central,Delhi,633,2936,1467.8300703301863,,,15.026797016577724,15.026797016577724,15.026797016577724,15.026797016577724,0.010237422791861368,0.009323975524893691,1.0,0.09796757451034721,AREA_WEIGHTED,MEASURED,MEASURED_NORMALIZED,FORMED_FROM,,1.00,PROPORTIONAL_APPORTIONMENT,Weights normalized (pre-normalization sum=1.098) due to overlapping target geometries detected in crosswalk_errors,149f2020-a4d9-4dff-a50f-44da4f58f1cd,0.0,143.79975178360073,1452.8032733136085,,15.026797016577724
7ab73c7b-e13d-447f-83ac-e636e6fb8280,SPLIT,1989,,,,,,,,,,,,,,,,,,,,,UNMEASURED,UNMEASURED,,,,,,149f2020-a4d9-4dff-a50f-44da4f58f1cd,0.0,0.0,,,
7addf463-f29c-4d9d-b697-2b4ab2a54d17,NEW_DISTRICT,1983,IND-000120,Ranchi,Bihar,IND-000495,Lohardaga,Bihar,645,2730,18258.41543982621,,7651.21934868889,1492.4072590152123,1492.2652780523795,1492.2652780523795,1492.2652780523795,0.08173027297852871,0.044090837421089296,1.0,0.8536793075160762,AREA_WEIGHTED,MEASURED,MEASURED_NORMALIZED,FORMED_FROM,,1.00,PROPORTIONAL_APPORTIONMENT,Weights normalized (pre-normalization sum=1.854) due to overlapping target geometries detected in crosswalk_errors,149f2020-a4d9-4dff-a50f-44da4f58f1cd,7651.21934868889,15586.831449011674,9114.930813084942,-10607.19609113732,1492.4072590152123
7af8103a-6129-4ab7-93ea-8f5db24f084d,RENAME,1981,,,,,,,,,,,,,,,,,,,,,NON_SPATIAL,UNMEASURED,,,,,,149f2020-a4d9-4dff-a50f-44da4f58f1cd,0.0,0.0,,,
7b04c5ae-4a2d-4629-a5b8-bcaf7abf0df0,SPLIT,1985,,,,,,,,,,,,,,,,,,,,,UNMEASURED,UNMEASURED,,,,,,149f2020-a4d9-4dff-a50f-44da4f58f1cd,0.0,0.0,,,
7b549eee-82e4-43e1-b7ba-069dce690d39,SPLIT,1990,,,,,,,,,,,,,,,,,,,,,UNMEASURED,UNMEASURED,,,,,,149f2020-a4d9-4dff-a50f-44da4f58f1cd,0.0,0.0,,,
7b591880-04e8-4762-9f78-1469e8dd7655,SPLIT,1997,IND-000116,Delhi,Delhi,IND-000559,South West,Delhi,633,2944,1467.8300703301863,,,405.2254382514587,405.17112485718167,405.17112485718167,405.17112485718167,0.2760340812244288,0.2514045839172707,1.0,0.09796757451034721,AREA_WEIGHTED,MEASURED,MEASURED_NORMALIZED,SPLIT_FROM,,1.00,PROPORTIONAL_APPORTIONMENT,Weights normalized (pre-normalization sum=1.098) due to overlapping target geometries detected in crosswalk_errors,149f2020-a4d9-4dff-a50f-44da4f58f1cd,0.0,143.79975178360073,1062.6589454730047,,405.2254382514587
7b74991c-d405-4b10-b3e0-6dd24b98a22a,SPLIT,1989,,,,,,,,,,,,,,,,,,,,,UNMEASURED,UNMEASURED,,,,,,149f2020-a4d9-4dff-a50f-44da4f58f1cd,0.0,0.0,,,
7b9c55d4-e247-45ac-ba81-07a04f0cfd5f,SPLIT,1981,IND-000308,Twenty Four Parganas,West Bengal,IND-000924,South Twenty Four Parganas,West Bengal,1713,4271,11290.395332520051,,,7276.049655554871,7275.532159606172,7275.532159606172,7275.532159606172,0.6444001246484476,0.3256896844155866,1.0,0.9785708773821034,AREA_WEIGHTED,MEASURED,MEASURED_NORMALIZED,SPLIT_FROM,,1.00,PROPORTIONAL_APPORTIONMENT,Weights normalized (pre-normalization sum=1.979) due to overlapping target geometries detected in crosswalk_errors,149f2020-a4d9-4dff-a50f-44da4f58f1cd,0.0,11048.45206653495,4014.8631729138788,,7276.049655554871
7bd2ff2b-fd20-4f09-a535-82ca13ef7e4d,SPLIT,1969,IND-000374,Palakkad,Kerala,IND-000373,Malappuram,Kerala,2165,2158,5193.869904128577,,4481.660270573924,3546.7579108764435,712.2307967268283,712.2307967268283,712.2307967268283,,0.137129117570057,1.000081326300601,,AREA_WEIGHTED,MEASURED,MEASURED,FORMED_FROM,,1.00,NONE,Uniform spatial distribution assumed across district area; no ancillary data available for this build,149f2020-a4d9-4dff-a50f-44da4f58f1cd,4481.660270573924,0.0,-0.02116317217496544,-712.209633554653,3546.7579108764435
7bd64fd6-e3ea-4b01-a0bd-5b6647973e4b,NEW_DISTRICT,1974,IND-000272,Jhansi,Uttar Pradesh,IND-000418,Lalitpur,Uttar Pradesh,1427,2411,10063.1645196411,,5026.761844756572,5036.455777449617,5036.161430946318,5036.161430946318,5036.161430946318,0.5004550428562339,0.33235581679838183,1.0,0.5057809057689118,AREA_WEIGHTED,MEASURED,MEASURED_NORMALIZED,FORMED_FROM,,1.00,PROPORTIONAL_APPORTIONMENT,Weights normalized (pre-normalization sum=1.506) due to overlapping target geometries detected in crosswalk_errors,149f2020-a4d9-4dff-a50f-44da4f58f1cd,5026.761844756572,5089.756465645651,0.24124393820784462,-5036.402674884527,5036.455777449617
7c1e7b6f-d554-48b5-9dd5-83ef26cd75e9,NEW_DISTRICT,1982,IND-000389,Osmanabad,Maharashtra,IND-000516,Latur,Maharashtra,2258,2822,14358.787551859918,,7687.532133853205,6671.299823554572,6671.058201622651,6671.058201622651,6671.058201622651,0.46459759764037584,0.27423376797230986,1.0,0.6941662621478744,AREA_WEIGHTED,MEASURED,MEASURED_NORMALIZED,FORMED_FROM,,1.00,PROPORTIONAL_APPORTIONMENT,Weights normalized (pre-normalization sum=1.694) due to overlapping target geometries detected in crosswalk_errors,149f2020-a4d9-4dff-a50f-44da4f58f1cd,7687.532133853205,9967.385883850027,0.19721638406190323,-6671.255418006713,6671.299823554572
7c6b0002-0bdd-4f32-9934-26d0490da6e5,SPLIT,1998,,,,,,,,,,,,,,,,,,,,,UNMEASURED,UNMEASURED,,,,,,149f2020-a4d9-4dff-a50f-44da4f58f1cd,0.0,0.0,,,
7c9e85e2-8ca0-4f3d-9275-af5562316450,NEW_DISTRICT,2022,,,,,,,,,,,,,,,,,,,,,UNMEASURED,UNMEASURED,,,,,,149f2020-a4d9-4dff-a50f-44da4f58f1cd,0.0,0.0,,,
7cb0930c-b5cc-46c7-b2f2-0082add1c3f1,NEW_DISTRICT,1992,IND-000230,Koraput,Orissa,IND-000648,Malkangiri,Orissa,1124,3308,26858.56912775266,,8437.244543159972,5659.534368239674,5659.269880193097,5659.269880193097,5659.269880193097,0.21070630580783387,0.21046198398987234,1.0,0.0011608833734706447,AREA_WEIGHTED,MEASURED,MEASURED_NORMALIZED,FORMED_FROM,,1.00,PROPORTIONAL_APPORTIONMENT,Weights normalized (pre-normalization sum=1.001) due to overlapping target geometries detected in crosswalk_errors,149f2020-a4d9-4dff-a50f-44da4f58f1cd,8437.244543159972,31.17966633562002,12762.05470439959,-18421.324584592687,5659.534368239674
7d22524f-7aaf-4f9f-8d0c-6dd94c9e5e9e,SPLIT,2012,,,,,,,,,,,,,,,,,,,,,UNMEASURED,UNMEASURED,,,,,,149f2020-a4d9-4dff-a50f-44da4f58f1cd,0.0,0.0,,,
7d6cdf23-15d7-49d6-93f1-8a844605bf82,SPLIT,1976,IND-000036,Garo Hills,Assam,IND-000394,East Garo Hills,Meghalaya,176,2281,7959.739414241198,,,2854.621014425809,2854.5923278271835,2854.5923278271835,2854.5923278271835,0.3586288670103796,0.2587100559868956,1.0,0.38621927795703925,AREA_WEIGHTED,MEASURED,MEASURED_NORMALIZED,SPLIT_FROM,,1.00,PROPORTIONAL_APPORTIONMENT,Weights normalized (pre-normalization sum=1.386) due to overlapping target geometries detected in crosswalk_errors,149f2020-a4d9-4dff-a50f-44da4f58f1cd,0.0,3074.204809294422,5105.147086414014,,2854.621014425809
7d6f32cc-e7ee-4ffb-bf6b-b166e1860913,SPLIT,1979,IND-000382,Srikakulam,Andhra Pradesh,IND-000383,Vizianagaram,Andhra Pradesh,2212,2218,11387.309814255597,,,6157.370011308436,4930.260549392094,4930.260549392094,4930.260549392094,0.4329609565219677,0.1729426039662109,1.0,1.5034950705758923,AREA_WEIGHTED,MEASURED,MEASURED_NORMALIZED,SPLIT_FROM,,1.00,PROPORTIONAL_APPORTIONMENT,Weights normalized (pre-normalization sum=2.503) due to overlapping target geometries detected in crosswalk_errors,149f2020-a4d9-4dff-a50f-44da4f58f1cd,0.0,17120.76417285377,6457.049264863504,,6157.370011308436
7e3d78c4-f6bd-4ce8-8a13-77aafc0439b5,NEW_DISTRICT,1980,IND-000890,Kameng,Arunachal Pradesh,IND-000405,West Kameng,Arunachal Pradesh,4188,2346,13408.958841883028,,13408.958841883028,7137.061091359662,,,,,,0.0,,UNMEASURED,UNMEASURED,UNMEASURED,FORMED_FROM,,1.00,NONE,No geometric data available for this lineage pair,149f2020-a4d9-4dff-a50f-44da4f58f1cd,13408.958841883028,0.0,0.0,0.0,7137.061091359662
7e4abbfc-ee2e-4b2b-9c47-6bdb987c70ac,SPLIT,2006,,,,,,,,,,,,,,,,,,,,,UNMEASURED,UNMEASURED,,,,,,149f2020-a4d9-4dff-a50f-44da4f58f1cd,0.0,0.0,,,
7ecf4f79-5d09-406a-a623-bcac74cec751,SPLIT,2013,,,,,,,,,,,,,,,,,,,,,UNMEASURED,UNMEASURED,,,,,,149f2020-a4d9-4dff-a50f-44da4f58f1cd,0.0,0.0,,,
7ed9fe58-9eaa-4285-b606-9f49f94b9ebe,NEW_DISTRICT,1956,IND-000143,Jammu and Kashmir,Jammu and Kashmir,IND-000319,Kathua,Jammu and Kashmir,708,1792,,,,2458.9154786752542,,,,,,0.0,,UNMEASURED,UNMEASURED,UNMEASURED,FORMED_FROM,,1.00,NONE,No geometric data available for this lineage pair,149f2020-a4d9-4dff-a50f-44da4f58f1cd,0.0,0.0,,,2458.9154786752542
7eec6112-d014-4c39-b81c-40901f381341,SPLIT,2010,,,,,,,,,,,,,,,,,,,,,UNMEASURED,UNMEASURED,,,,,,149f2020-a4d9-4dff-a50f-44da4f58f1cd,0.0,0.0,,,
7f0b0df5-ce24-4bb0-a411-b451b835d714,SPLIT,2014,,,,,,,,,,,,,,,,,,,,,UNMEASURED,UNMEASURED,,,,,,149f2020-a4d9-4dff-a50f-44da4f58f1cd,0.0,0.0,,,
7f51b5f1-3e10-4c54-997f-aca079e55afe,SPLIT,2016,,,,,,,,,,,,,,,,,,,,,UNMEASURED,UNMEASURED,,,,,,149f2020-a4d9-4dff-a50f-44da4f58f1cd,0.0,0.0,,,
7f6156b8-b4db-4ae8-a6f7-ea5072ae9aba,SPLIT,1954,,,,,,,,,,,,,,,,,,,,,UNMEASURED,UNMEASURED,,,,,,149f2020-a4d9-4dff-a50f-44da4f58f1cd,0.0,0.0,,,
7f6624b5-dc2f-47c9-a319-da83d99d69d8,SPLIT,1989,,,,,,,,,,,,,,,,,,,,,UNMEASURED,UNMEASURED,,,,,,149f2020-a4d9-4dff-a50f-44da4f58f1cd,0.0,0.0,,,
7f7333f2-d516-42a9-9839-121edc62f294,NEW_DISTRICT,2019,IND-000899,Vellore,Tamil Nadu,IND-000894,Ranipet,Tamil Nadu,4207,4197,6081.484154795334,,2214.929123269975,1874.2895534747174,1827.3451629185606,1827.3451629185606,1827.3451629185606,,0.3004768435477504,0.6747478928961439,,AREA_WEIGHTED,MEASURED,LOW_COVERAGE,FORMED_FROM,,1.00,NONE,Uniform spatial distribution assumed across district area; no ancillary data available for this build,149f2020-a4d9-4dff-a50f-44da4f58f1cd,2214.929123269975,0.0,2039.209868606798,-3866.5550315253586,1874.2895534747174
7f96b67c-a6da-4191-8ee0-b5fa0b124ff1,NEW_DISTRICT,2006,,,,,,,,,,,,,,,,,,,,,UNMEASURED,UNMEASURED,,,,,,149f2020-a4d9-4dff-a50f-44da4f58f1cd,0.0,0.0,,,
7fc83f01-8d40-422c-a30e-1f7e7bffc7a5,SPLIT,2016,,,,,,,,,,,,,,,,,,,,,UNMEASURED,UNMEASURED,,,,,,149f2020-a4d9-4dff-a50f-44da4f58f1cd,0.0,0.0,,,
7ffc8f49-5103-466b-9212-1f5cd21edc38,NEW_DISTRICT,1976,IND-000023,Lakhimpur,Assam,IND-000424,Dibrugarh,Assam,92,2449,12685.685691568387,,2192.377776070499,3387.1400086496506,3386.8585074388443,3386.8585074388443,3386.8585074388443,0.2669826913408346,0.26504477511828456,1.0,0.007311656008631928,AREA_WEIGHTED,MEASURED,MEASURED_NORMALIZED,FORMED_FROM,,1.00,PROPORTIONAL_APPORTIONMENT,Weights normalized (pre-normalization sum=1.007) due to overlapping target geometries detected in crosswalk_errors,149f2020-a4d9-4dff-a50f-44da4f58f1cd,2192.377776070499,92.75337001037208,7106.449408059045,-10493.307915497888,3387.1400086496506
8014729c-6eea-4900-b001-5308a364a7cb,SPLIT,2011,,,,,,,,,,,,,,,,,,,,,UNMEASURED,UNMEASURED,,,,,,149f2020-a4d9-4dff-a50f-44da4f58f1cd,0.0,0.0,,,
8030e10c-d555-431d-acc8-b609cb4072e7,SPLIT,1989,,,,,,,,,,,,,,,,,,,,,UNMEASURED,UNMEASURED,,,,,,149f2020-a4d9-4dff-a50f-44da4f58f1cd,0.0,0.0,,,
805a4a33-6d7d-42e5-9263-29c425879fd1,SPLIT,1997,,,,,,,,,,,,,,,,,,,,,UNMEASURED,UNMEASURED,,,,,,149f2020-a4d9-4dff-a50f-44da4f58f1cd,0.0,0.0,,,
8064bb55-f8f7-4ec9-acba-d04186fc0d4b,SPLIT,2001,,,,,,,,,,,,,,,,,,,,,UNMEASURED,UNMEASURED,,,,,,149f2020-a4d9-4dff-a50f-44da4f58f1cd,0.0,0.0,,,
8078f55b-a84c-4e64-933c-aac3be414519,SPLIT,1992,,,,,,,,,,,,,,,,,,,,,UNMEASURED,UNMEASURED,,,,,,149f2020-a4d9-4dff-a50f-44da4f58f1cd,0.0,0.0,,,
80a87e56-78a6-4857-8546-6db36d3e37f4,SPLIT,2015,,,,,,,,,,,,,,,,,,,,,UNMEASURED,UNMEASURED,,,,,,149f2020-a4d9-4dff-a50f-44da4f58f1cd,0.0,0.0,,,
80b1b52b-56ae-4d57-9f93-8c7b4f4eab34,SPLIT,2010,,,,,,,,,,,,,,,,,,,,,UNMEASURED,UNMEASURED,,,,,,149f2020-a4d9-4dff-a50f-44da4f58f1cd,0.0,0.0,,,
813ffff7-7d92-42f8-a5ae-1fc2ec9c66c3,SPLIT,2006,,,,,,,,,,,,,,,,,,,,,UNMEASURED,UNMEASURED,,,,,,149f2020-a4d9-4dff-a50f-44da4f58f1cd,0.0,0.0,,,
818ba690-3322-4780-aaa9-905dd7f9e211,SPLIT,1991,,,,,,,,,,,,,,,,,,,,,UNMEASURED,UNMEASURED,,,,,,149f2020-a4d9-4dff-a50f-44da4f58f1cd,0.0,0.0,,,
81b56032-3c37-4bca-9266-f6a17b5d2289,SPLIT,1972,,,,,,,,,,,,,,,,,,,,,UNMEASURED,UNMEASURED,,,,,,149f2020-a4d9-4dff-a50f-44da4f58f1cd,0.0,0.0,,,
81d7beb2-cbab-4396-bc5b-0d01c3525512,SPLIT,2017,,,,,,,,,,,,,,,,,,,,,UNMEASURED,UNMEASURED,,,,,,149f2020-a4d9-4dff-a50f-44da4f58f1cd,0.0,0.0,,,
8219aa6c-6d3b-43c9-9215-0defacfbd06e,SPLIT,1997,,,,,,,,,,,,,,,,,,,,,UNMEASURED,UNMEASURED,,,,,,149f2020-a4d9-4dff-a50f-44da4f58f1cd,0.0,0.0,,,
826fe1a6-6d35-47dd-90b0-7b42ce4fe31f,RENAME,1991,,,,,,,,,,,,,,,,,,,,,NON_SPATIAL,UNMEASURED,,,,,,149f2020-a4d9-4dff-a50f-44da4f58f1cd,0.0,0.0,,,
829d0575-dd6e-409e-8425-8ef0bc77d573,SPLIT,1989,,,,,,,,,,,,,,,,,,,,,UNMEASURED,UNMEASURED,,,,,,149f2020-a4d9-4dff-a50f-44da4f58f1cd,0.0,0.0,,,
82f0ae9f-a480-442b-8a62-2db1a27b39c8,NEW_DISTRICT,2022,,,,,,,,,,,,,,,,,,,,,UNMEASURED,UNMEASURED,,,,,,149f2020-a4d9-4dff-a50f-44da4f58f1cd,0.0,0.0,,,
831ac432-a295-4bc4-a8c6-4f4b2758789b,RENAME,2001,,,,,,,,,,,,,,,,,,,,,NON_SPATIAL,UNMEASURED,,,,,,149f2020-a4d9-4dff-a50f-44da4f58f1cd,0.0,0.0,,,
832e688b-7207-4f56-851b-c12e1faee6c8,SPLIT,1983,,,,,,,,,,,,,,,,,,,,,UNMEASURED,UNMEASURED,,,,,,149f2020-a4d9-4dff-a50f-44da4f58f1cd,0.0,0.0,,,
833e6add-ea1c-48bc-b906-d174d897a487,SPLIT,1956,,,,,,,,,,,,,,,,,,,,,UNMEASURED,UNMEASURED,,,,,,149f2020-a4d9-4dff-a50f-44da4f58f1cd,0.0,0.0,,,
83517e3f-ce13-4d5f-862b-8f312865c0a8,SPLIT,2006,,,,,,,,,,,,,,,,,,,,,UNMEASURED,UNMEASURED,,,,,,149f2020-a4d9-4dff-a50f-44da4f58f1cd,0.0,0.0,,,
8360c33b-8282-4fac-9300-c59a1270f231,SPLIT,1973,,,,,,,,,,,,,,,,,,,,,UNMEASURED,UNMEASURED,,,,,,149f2020-a4d9-4dff-a50f-44da4f58f1cd,0.0,0.0,,,
83644129-a25a-44a9-b086-e34de29cb6d1,SPLIT,1982,IND-000098,Kollam,Travancore - Cochin,IND-000524,Pathanamthitta,Kerala,545,2842,5143.403505248164,,2503.0618201112943,2640.3034789244102,2640.1891257715683,2640.1891257715683,2640.1891257715683,0.5133155746146698,0.48265257908480347,1.0,0.06353015990924349,AREA_WEIGHTED,MEASURED,MEASURED_NORMALIZED,FORMED_FROM,,1.00,PROPORTIONAL_APPORTIONMENT,Weights normalized (pre-normalization sum=1.064) due to overlapping target geometries detected in crosswalk_errors,149f2020-a4d9-4dff-a50f-44da4f58f1cd,2503.0618201112943,326.7612471661793,0.1525593653013857,-2640.3416851368697,2640.3034789244102
83747410-b3a2-448d-9768-7b715fafd3b6,NEW_DISTRICT,1981,IND-000445,Munger,Bihar,IND-000493,Khagaria,Bihar,2569,2720,7887.115520686004,,7887.115520686004,1481.0781691819543,1481.0289422695212,1481.0289422695212,1481.0289422695212,0.18777827437485087,0.1151515434823816,1.0,0.6307056657350085,AREA_WEIGHTED,MEASURED,MEASURED_NORMALIZED,FORMED_FROM,,1.00,PROPORTIONAL_APPORTIONMENT,Weights normalized (pre-normalization sum=1.631) due to overlapping target geometries detected in crosswalk_errors,149f2020-a4d9-4dff-a50f-44da4f58f1cd,7887.115520686004,4974.448445203185,-1481.0289422695205,0.0,1481.0781691819543
8393a900-f7c3-4559-a476-c22a865e3561,RENAME,1981,,,,,,,,,,,,,,,,,,,,,NON_SPATIAL,UNMEASURED,,,,,,149f2020-a4d9-4dff-a50f-44da4f58f1cd,0.0,0.0,,,
83acd55e-4e6f-4c27-90ce-17c3fd524a23,SPLIT,2016,,,,,,,,,,,,,,,,,,,,,UNMEASURED,UNMEASURED,,,,,,149f2020-a4d9-4dff-a50f-44da4f58f1cd,0.0,0.0,,,
846933a2-9a56-4aeb-95c2-aeb23dc41060,SPLIT,2015,,,,,,,,,,,,,,,,,,,,,UNMEASURED,UNMEASURED,,,,,,149f2020-a4d9-4dff-a50f-44da4f58f1cd,0.0,0.0,,,
848b366b-26b4-449c-b5f8-ba1270f2b40e,SPLIT,1987,,,,,,,,,,,,,,,,,,,,,UNMEASURED,UNMEASURED,,,,,,149f2020-a4d9-4dff-a50f-44da4f58f1cd,0.0,0.0,,,
8598df48-b661-401d-865c-833604ac486e,NEW_DISTRICT,2011,,,,,,,,,,,,,,,,,,,,,UNMEASURED,UNMEASURED,,,,,,149f2020-a4d9-4dff-a50f-44da4f58f1cd,0.0,0.0,,,
85a3c612-4551-4a10-82a3-0ed0bbc8810a,SPLIT,1998,,,,,,,,,,,,,,,,,,,,,UNMEASURED,UNMEASURED,,,,,,149f2020-a4d9-4dff-a50f-44da4f58f1cd,0.0,0.0,,,
862dacb9-b22c-464e-802e-f429b4d55324,NEW_DISTRICT,1980,,,,,,,,,,,,,,,,,,,,,UNMEASURED,UNMEASURED,,,,,,149f2020-a4d9-4dff-a50f-44da4f58f1cd,0.0,0.0,,,
8637da1c-cd35-491a-af53-37aedcd97709,SPLIT,1997,,,,,,,,,,,,,,,,,,,,,UNMEASURED,UNMEASURED,,,,,,149f2020-a4d9-4dff-a50f-44da4f58f1cd,0.0,0.0,,,
8652fbfb-fadd-40fb-93ed-d3b94ba77ffe,NEW_DISTRICT,1983,,,,,,,,,,,,,,,,,,,,,UNMEASURED,UNMEASURED,,,,,,149f2020-a4d9-4dff-a50f-44da4f58f1cd,0.0,0.0,,,
865641ce-a103-4bcb-acb7-e73614f0f3f1,NEW_DISTRICT,1997,IND-000701,Dharwad,Karnataka,IND-000702,Haveri,Karnataka,3597,3602,13721.858592257608,,13721.903139239555,4812.279323328407,4812.004677047353,4812.004677047353,4812.004677047353,0.35068169845172925,0.06553845669012734,1.0,4.350777484886298,AREA_WEIGHTED,MEASURED,MEASURED_NORMALIZED,FORMED_FROM,,1.00,PROPORTIONAL_APPORTIONMENT,Weights normalized (pre-normalization sum=5.351) due to overlapping target geometries detected in crosswalk_errors,149f2020-a4d9-4dff-a50f-44da4f58f1cd,13721.903139239555,59700.75341398799,-4812.049224029301,0.04454698194786033,4812.279323328407
868140fa-a374-4835-a9cc-2fe91022eb38,SPLIT,1997,,,,,,,,,,,,,,,,,,,,,UNMEASURED,UNMEASURED,,,,,,149f2020-a4d9-4dff-a50f-44da4f58f1cd,0.0,0.0,,,
8699f88d-ed7c-415c-bedd-e0f8e9c68d71,NEW_DISTRICT,1970,,,,,,,,,,,,,,,,,,,,,UNMEASURED,UNMEASURED,,,,,,149f2020-a4d9-4dff-a50f-44da4f58f1cd,0.0,0.0,,,
86c552b8-5179-4edd-ae16-b20f502a5ad0,SPLIT,2013,,,,,,,,,,,,,,,,,,,,,UNMEASURED,UNMEASURED,,,,,,149f2020-a4d9-4dff-a50f-44da4f58f1cd,0.0,0.0,,,
8723ab13-19c0-4a7d-bff3-b805ba4fc66f,SPLIT,1997,,,,,,,,,,,,,,,,,,,,,UNMEASURED,UNMEASURED,,,,,,149f2020-a4d9-4dff-a50f-44da4f58f1cd,0.0,0.0,,,
8729cc37-ecc4-4118-9cf0-c5f04424c344,SPLIT,2001,,,,,,,,,,,,,,,,,,,,,UNMEASURED,UNMEASURED,,,,,,149f2020-a4d9-4dff-a50f-44da4f58f1cd,0.0,0.0,,,
8733945d-47d7-4876-87c9-5d90c5fea134,SPLIT,1972,IND-000336,Kottayam,Kerala,IND-000381,Idukki,Kerala,1906,2205,6711.357397694583,,2200.9305041164357,5319.394260539433,4510.362511289505,4510.362511289505,4510.362511289505,0.6720492210471252,0.3878220962180907,1.0,0.7328801726377134,AREA_WEIGHTED,MEASURED,MEASURED_NORMALIZED,FORMED_FROM,,1.00,PROPORTIONAL_APPORTIONMENT,Weights normalized (pre-normalization sum=1.733) due to overlapping target geometries detected in crosswalk_errors,149f2020-a4d9-4dff-a50f-44da4f58f1cd,2200.9305041164357,4918.620768255801,0.06438228864135453,-4510.426893578147,5319.394260539433
8763ea68-e006-4f01-9281-aad5c2b0e576,NEW_DISTRICT,1973,IND-000025,Kohima,Assam,IND-000399,Phek,Nagaland,103,2307,6393.641098031671,,3895.428638391451,1781.4159542930972,1781.3332396893886,1781.3332396893886,1781.3332396893886,0.27861013972739024,0.19813538449323193,1.0,0.40616044145768027,AREA_WEIGHTED,MEASURED,MEASURED_NORMALIZED,FORMED_FROM,,1.00,PROPORTIONAL_APPORTIONMENT,Weights normalized (pre-normalization sum=1.406) due to overlapping target geometries detected in crosswalk_errors,149f2020-a4d9-4dff-a50f-44da4f58f1cd,3895.428638391451,2596.8440908985112,716.8792199508316,-2498.2124596402205,1781.4159542930972
879b7571-2401-4f91-b3a4-7a872689f5de,SPLIT,2021,,,,,,,,,,,,,,,,,,,,,UNMEASURED,UNMEASURED,,,,,,149f2020-a4d9-4dff-a50f-44da4f58f1cd,0.0,0.0,,,
87aa186d-7c22-4655-8508-b44ed5b1b740,NEW_DISTRICT,1973,IND-000141,Sikkim,Sikkim,IND-000939,East District,Sikkim,706,4315,7090.027624325411,,,954.1557954837031,947.783666201435,947.783666201435,947.783666201435,0.13367841656210938,0.06752223441652319,1.0,0.9797688526936139,AREA_WEIGHTED,MEASURED,MEASURED_NORMALIZED,FORMED_FROM,,1.00,PROPORTIONAL_APPORTIONMENT,Weights normalized (pre-normalization sum=1.980) due to overlapping target geometries detected in crosswalk_errors,149f2020-a4d9-4dff-a50f-44da4f58f1cd,0.0,6946.588231051337,6142.243958123976,,954.1557954837031
87bc7bae-0148-4402-b518-a92e9f03d04e,SPLIT,2013,IND-000150,Ahmedabad,Bombay,IND-000849,Botad,Gujarat,718,4081,9227.909743127711,,,2631.8585365191584,985.5818680724941,985.5818680724941,985.5818680724941,0.10680445469316441,0.03607455825183551,1.0,1.9606586987861476,AREA_WEIGHTED,MEASURED,MEASURED_NORMALIZED,SPLIT_FROM,,1.00,PROPORTIONAL_APPORTIONMENT,Weights normalized (pre-normalization sum=2.961) due to overlapping target geometries detected in crosswalk_errors,149f2020-a4d9-4dff-a50f-44da4f58f1cd,0.0,18092.781509476794,8242.327875055218,,2631.8585365191584
87dc091d-7467-4586-aeda-515c079af644,SPLIT,1970,IND-000131,Tripura,Tripura,IND-000355,South Tripura,Tripura,693,2034,10370.715090609212,,,3510.422656748302,3510.3027874483228,3510.3027874483228,3510.3027874483228,0.3384822316280714,0.20611322760312287,1.0,0.6422149881609198,AREA_WEIGHTED,MEASURED,MEASURED_NORMALIZED,SPLIT_FROM,,1.00,PROPORTIONAL_APPORTIONMENT,Weights normalized (pre-normalization sum=1.642) due to overlapping target geometries detected in crosswalk_errors,149f2020-a4d9-4dff-a50f-44da4f58f1cd,0.0,6660.228669135868,6860.412303160889,,3510.422656748302
88262dd2-e0f7-4058-93d2-e05979f73e08,SPLIT,1991,,,,,,,,,,,,,,,,,,,,,UNMEASURED,UNMEASURED,,,,,,149f2020-a4d9-4dff-a50f-44da4f58f1cd,0.0,0.0,,,
88493fbb-a7a3-4753-9530-e96353fe06cc,SPLIT,1980,,,,,,,,,,,,,,,,,,,,,UNMEASURED,UNMEASURED,,,,,,149f2020-a4d9-4dff-a50f-44da4f58f1cd,0.0,0.0,,,
884f5c63-ae48-43cc-86d4-33e2a3714fa7,SPLIT,2013,,,,,,,,,,,,,,,,,,,,,UNMEASURED,UNMEASURED,,,,,,149f2020-a4d9-4dff-a50f-44da4f58f1cd,0.0,0.0,,,
886fc587-6407-4aeb-bd73-5b99509c7bf0,NEW_DISTRICT,2011,IND-000732,Firozpur,Punjab,IND-000882,Fazilka,Punjab,3690,4171,5319.541577903904,,5319.541577903904,2884.0338114463357,2865.1682183658068,2865.1682183658068,2865.1682183658068,0.5386118665313241,0.2703889888533075,1.0,0.9919889075939186,AREA_WEIGHTED,MEASURED,MEASURED_NORMALIZED,FORMED_FROM,,1.00,PROPORTIONAL_APPORTIONMENT,Weights normalized (pre-normalization sum=1.992) due to overlapping target geometries detected in crosswalk_errors,149f2020-a4d9-4dff-a50f-44da4f58f1cd,5319.541577903904,5276.926238765323,-2865.1682183658068,0.0,2884.0338114463357
8876f483-0ba1-4e6f-8eab-d7c429d1c2d5,NEW_DISTRICT,2019,,,,,,,,,,,,,,,,,,,,,UNMEASURED,UNMEASURED,,,,,,149f2020-a4d9-4dff-a50f-44da4f58f1cd,0.0,0.0,,,
888a52c7-1548-4102-b0c3-bae467224010,NEW_DISTRICT,2012,IND-000840,,,IND-000853,West Jaintia Hills,Meghalaya,,4089,,,1917.5796813692682,1892.5440674297884,,,,,,,,,UNMEASURED,UNMEASURED,FORMED_FROM,,1.00,,,149f2020-a4d9-4dff-a50f-44da4f58f1cd,1917.5796813692682,0.0,,,1892.5440674297884
88a65872-6c53-4bee-9b15-f2c45065d491,NEW_DISTRICT,1979,IND-000334,Srinagar,Jammu and Kashmir,IND-000427,Pulwama,Jammu and Kashmir,1891,2464,3202.455973293259,,1759.9148357009474,1293.053798951279,0.036359838209703566,0.036359838209703566,0.036359838209703566,1.1353735543259561e-05,4.636827467960053e-06,1.0,1.4485999579912296,AREA_WEIGHTED,MEASURED,MEASURED_NORMALIZED,FORMED_FROM,,1.00,PROPORTIONAL_APPORTIONMENT,Weights normalized (pre-normalization sum=2.449) due to overlapping target geometries detected in crosswalk_errors,149f2020-a4d9-4dff-a50f-44da4f58f1cd,1759.9148357009474,4639.077588381378,1442.504777754102,-1442.5411375923115,1293.053798951279
88c64a0c-860f-4602-bab7-5723b03c2ab4,SPLIT,1979,,,,,,,,,,,,,,,,,,,,,UNMEASURED,UNMEASURED,,,,,,149f2020-a4d9-4dff-a50f-44da4f58f1cd,0.0,0.0,,,
890bb3b0-468d-4c56-b4fa-56bd34537064,RENAME,1961,,,,,,,,,,,,,,,,,,,,,NON_SPATIAL,UNMEASURED,,,,,,149f2020-a4d9-4dff-a50f-44da4f58f1cd,0.0,0.0,,,
8946bbec-eab5-4312-97e4-aed2ac58d3ea,RENAME,1991,,,,,,,,,,,,,,,,,,,,,NON_SPATIAL,UNMEASURED,,,,,,149f2020-a4d9-4dff-a50f-44da4f58f1cd,0.0,0.0,,,
894a3ac5-0dae-4a65-b824-6ff8b2672b50,NEW_DISTRICT,1998,IND-000661,,,IND-000662,Dantewada,Chhattisgarh,,3364,,,11380.833455543801,20514.976985628567,,,,,,,,,UNMEASURED,UNMEASURED,FORMED_FROM,,1.00,,,149f2020-a4d9-4dff-a50f-44da4f58f1cd,11380.833455543801,0.0,,,20514.976985628567
895734cd-e938-4630-9b16-7630d861d271,RENAME,2001,,,,,,,,,,,,,,,,,,,,,NON_SPATIAL,UNMEASURED,,,,,,149f2020-a4d9-4dff-a50f-44da4f58f1cd,0.0,0.0,,,
89cd0dc8-4a08-4d8c-8485-05b0996046fa,SPLIT,1968,,,,,,,,,,,,,,,,,,,,,UNMEASURED,UNMEASURED,,,,,,149f2020-a4d9-4dff-a50f-44da4f58f1cd,0.0,0.0,,,
89ce26ab-05c3-4b69-930d-cccc0e05c6af,SPLIT,2004,IND-000422,Sonitpur,Assam,IND-000758,Udalguri,Assam,2439,3772,5263.306763258943,,5199.65820659401,2015.1520455754828,22.580347233545226,22.580347233545226,22.580347233545226,0.004290144627550435,0.0031778675640358987,1.0,0.3500073684952252,AREA_WEIGHTED,MEASURED,MEASURED_NORMALIZED,FORMED_FROM,,1.00,PROPORTIONAL_APPORTIONMENT,Weights normalized (pre-normalization sum=1.350) due to overlapping target geometries detected in crosswalk_errors,149f2020-a4d9-4dff-a50f-44da4f58f1cd,5199.65820659401,1842.1961497913837,41.068209431387004,-63.648556664932585,2015.1520455754828
89e59207-8c24-4423-9e7b-b4795b177337,SPLIT,1981,IND-000118,Santhal Pargana,Bihar,IND-000499,Dumka,Bihar,639,2739,,,,5593.344178329527,,,,,,0.0,,UNMEASURED,UNMEASURED,UNMEASURED,SPLIT_FROM,,1.00,NONE,No geometric data available for this lineage pair,149f2020-a4d9-4dff-a50f-44da4f58f1cd,0.0,0.0,,,5593.344178329527
8a13f756-3a73-49c7-a161-299a7504ab18,SPLIT,2019,,,,,,,,,,,,,,,,,,,,,UNMEASURED,UNMEASURED,,,,,,149f2020-a4d9-4dff-a50f-44da4f58f1cd,0.0,0.0,,,
8a84dfc3-6779-4612-ad36-ddbdec3e712a,NEW_DISTRICT,1993,IND-000233,Dhenkanal,Orissa,IND-000640,Anugul,Orissa,1146,3276,10880.880925313915,,4479.405711399476,6401.512945175618,6401.458083625913,6401.458083625913,6401.458083625913,,0.5883216742803598,1.000025458257036,,AREA_WEIGHTED,MEASURED,MEASURED,FORMED_FROM,,1.00,NONE,Uniform spatial distribution assumed across district area; no ancillary data available for this build,149f2020-a4d9-4dff-a50f-44da4f58f1cd,4479.405711399476,0.0,0.01713028852645948,-6401.475213914439,6401.512945175618
8ab735d6-444c-4f2f-baf7-7d718e56781c,NEW_DISTRICT,2012,IND-000661,Bastar,Chhattisgarh,IND-000805,Kondagaon,Chhattisgarh,3361,3972,10561.576512388689,,5590.22508659545,5077.82020437052,5015.2071975921,5015.2071975921,5015.2071975921,0.47485403260671183,0.23882223850891826,1.0,0.9883158099993254,AREA_WEIGHTED,MEASURED,MEASURED_NORMALIZED,FORMED_FROM,,1.00,PROPORTIONAL_APPORTIONMENT,Weights normalized (pre-normalization sum=1.988) due to overlapping target geometries detected in crosswalk_errors,149f2020-a4d9-4dff-a50f-44da4f58f1cd,5590.22508659545,10438.173045711277,-43.855771798862406,-4971.351425793238,5077.82020437052
8afa8772-df80-4f62-9355-db8a39585ace,RENAME,1961,,,,,,,,,,,,,,,,,,,,,NON_SPATIAL,UNMEASURED,,,,,,149f2020-a4d9-4dff-a50f-44da4f58f1cd,0.0,0.0,,,
8b5b80e9-eee5-47a6-ad88-40b3444ccb70,NEW_DISTRICT,2013,IND-000779,Vadodara,Gujarat,IND-000903,Chota Udaipur,Gujarat,3862,4216,7560.107478888427,,4053.1730056649035,3458.306374457974,3410.4870610673265,3410.4870610673265,3410.4870610673265,0.45111621370345584,0.22630206101152567,1.0,0.993425122542213,AREA_WEIGHTED,MEASURED,MEASURED_NORMALIZED,FORMED_FROM,,1.00,PROPORTIONAL_APPORTIONMENT,Weights normalized (pre-normalization sum=1.993) due to overlapping target geometries detected in crosswalk_errors,149f2020-a4d9-4dff-a50f-44da4f58f1cd,4053.1730056649035,7510.400698647037,96.44741215619706,-3506.9344732235236,3458.306374457974
8b6c9d57-1d0e-4e85-98a4-bc7447cb8d69,SPLIT,1994,,,,,,,,,,,,,,,,,,,,,UNMEASURED,UNMEASURED,,,,,,149f2020-a4d9-4dff-a50f-44da4f58f1cd,0.0,0.0,,,
8b8e7360-279a-4771-aeaa-38c446f03183,NEW_DISTRICT,2014,IND-000781,Thane,Maharashtra,IND-000831,Palghar,Maharashtra,3872,4022,9553.88511364411,,4264.018141566036,5169.629163909381,5110.312752789768,5110.312752789768,5110.312752789768,0.5348936785404317,0.27320821953069785,1.0,0.9578242538209243,AREA_WEIGHTED,MEASURED,MEASURED_NORMALIZED,FORMED_FROM,,1.00,PROPORTIONAL_APPORTIONMENT,Weights normalized (pre-normalization sum=1.958) due to overlapping target geometries detected in crosswalk_errors,149f2020-a4d9-4dff-a50f-44da4f58f1cd,4264.018141566036,9150.942880067007,179.55421928830583,-5289.866972078074,5169.629163909381
8c02499d-5fb8-4142-bee0-95d7df6396bf,RENAME,1971,,,,,,,,,,,,,,,,,,,,,NON_SPATIAL,UNMEASURED,,,,,,149f2020-a4d9-4dff-a50f-44da4f58f1cd,0.0,0.0,,,
8c42c5f4-dc3e-477c-a32b-baffb71e7f0b,NEW_DISTRICT,2016,IND-000811,,,IND-000821,Peddapalli,Telangana,,4003,,,2134.0460571576646,2212.22820154744,,,,,,,,,UNMEASURED,UNMEASURED,FORMED_FROM,,1.00,,,149f2020-a4d9-4dff-a50f-44da4f58f1cd,2134.0460571576646,0.0,,,2212.22820154744
8c44c6ff-1eb4-4f39-bc88-1b1f2bc380e9,SPLIT,2007,IND-000796,,,IND-000797,Ariyalur,Tamil Nadu,,3942,,1941.8821001538927,1755.1153528809432,1930.7599553271316,,,,,,,,,UNMEASURED,UNMEASURED,FORMED_FROM,,1.00,,,149f2020-a4d9-4dff-a50f-44da4f58f1cd,1755.1153528809432,0.0,,,-11.122144826761087
8c48c751-5421-4cfb-84e0-73ad96bb1d2f,NEW_DISTRICT,1995,IND-000404,Faridkot,Punjab,IND-000536,Moga,Punjab,2341,2874,5142.992654388533,,1475.078366882366,2203.078675439314,1026.6182370818642,1026.6182370818642,1026.6182370818642,0.19961495301881238,0.09954004096637985,1.0,1.005373426420764,AREA_WEIGHTED,MEASURED,MEASURED_NORMALIZED,FORMED_FROM,,1.00,PROPORTIONAL_APPORTIONMENT,Weights normalized (pre-normalization sum=2.005) due to overlapping target geometries detected in crosswalk_errors,149f2020-a4d9-4dff-a50f-44da4f58f1cd,1475.078366882366,5170.62814699942,2641.296050424303,-3667.914287506167,2203.078675439314
8c6818bc-3cda-4459-adad-93ffa81ffcc2,RENAME,1971,,,,,,,,,,,,,,,,,,,,,NON_SPATIAL,UNMEASURED,,,,,,149f2020-a4d9-4dff-a50f-44da4f58f1cd,0.0,0.0,,,
8cc4e752-7fcf-4b21-90d8-8fe630d52f01,NEW_DISTRICT,1987,IND-000022,Sibsagar,Assam,IND-000508,Golaghat,Assam,86,2767,2641.923935510518,3151.8401714029874,2641.895409681941,3223.7954340092306,,,,,,0.0,1.3714679986341096,UNMEASURED,UNMEASURED,UNMEASURED,FORMED_FROM,,1.00,NONE,No geometric data available for this lineage pair,149f2020-a4d9-4dff-a50f-44da4f58f1cd,2641.895409681941,3623.3141323781606,0.02852582857667585,-0.02852582857667585,71.9552626062432
8ced1dfc-a08d-46ea-b03c-2fa46972dafd,SPLIT,1985,,,,,,,,,,,,,,,,,,,,,UNMEASURED,UNMEASURED,,,,,,149f2020-a4d9-4dff-a50f-44da4f58f1cd,0.0,0.0,,,
8d5d465c-49f9-4c61-b853-4931014b30f8,SPLIT,1992,,,,,,,,,,,,,,,,,,,,,UNMEASURED,UNMEASURED,,,,,,149f2020-a4d9-4dff-a50f-44da4f58f1cd,0.0,0.0,,,
8d6be908-64bd-4a42-90a2-b74a6061a5c9,NEW_DISTRICT,1998,IND-000654,,,IND-000653,Korba,Chhattisgarh,,3327,,,,6602.6028780373335,,,,,,,,,UNMEASURED,UNMEASURED,FORMED_FROM,,1.00,,,149f2020-a4d9-4dff-a50f-44da4f58f1cd,0.0,0.0,,,6602.6028780373335
8daba9d1-7a6d-4273-93ea-a238465150c8,NEW_DISTRICT,2001,IND-000492,Jehanabad,Bihar,IND-000746,Arwal,Bihar,2716,3731,1562.3070430128323,,1562.3070430128323,626.7224278826883,603.9989552146371,603.9989552146371,603.9989552146371,,0.38660707440059594,0.9999445811315012,,AREA_WEIGHTED,MEASURED,MEASURED,FORMED_FROM,,1.00,NONE,Uniform spatial distribution assumed across district area; no ancillary data available for this build,149f2020-a4d9-4dff-a50f-44da4f58f1cd,1562.3070430128323,0.0,-603.9989552146371,0.0,626.7224278826883
8e10bbbc-b55d-45be-a241-891b784cb071,SPLIT,2004,,,,,,,,,,,,,,,,,,,,,UNMEASURED,UNMEASURED,,,,,,149f2020-a4d9-4dff-a50f-44da4f58f1cd,0.0,0.0,,,
8e17e354-52bd-4bd8-b855-4182ef7fb961,SPLIT,1997,,,,,,,,,,,,,,,,,,,,,UNMEASURED,UNMEASURED,,,,,,149f2020-a4d9-4dff-a50f-44da4f58f1cd,0.0,0.0,,,
8e1c5f5e-ee37-4c65-8121-f58f2909f82d,SPLIT,1997,,,,,,,,,,,,,,,,,,,,,UNMEASURED,UNMEASURED,,,,,,149f2020-a4d9-4dff-a50f-44da4f58f1cd,0.0,0.0,,,
8e56f21a-50b7-41f1-ba02-28376368edca,SPLIT,1998,,,,,,,,,,,,,,,,,,,,,UNMEASURED,UNMEASURED,,,,,,149f2020-a4d9-4dff-a50f-44da4f58f1cd,0.0,0.0,,,
8e7dc66c-87c4-480f-8fd9-42049938fece,SPLIT,2003,,,,,,,,,,,,,,,,,,,,,UNMEASURED,UNMEASURED,,,,,,149f2020-a4d9-4dff-a50f-44da4f58f1cd,0.0,0.0,,,
8e7f3fcf-20cb-49cc-a15f-9894daf26b5f,SPLIT,2012,IND-000391,Jaintia Hills,Meghalaya,IND-000853,West Jaintia Hills,Meghalaya,2268,4089,3792.8859428381875,,,1892.5440674297884,1865.341133639166,1865.341133639166,1865.341133639166,0.49179995437546575,0.2464917367013855,1.0,0.9951985448147536,AREA_WEIGHTED,MEASURED,MEASURED_NORMALIZED,SPLIT_FROM,,1.00,PROPORTIONAL_APPORTIONMENT,Weights normalized (pre-normalization sum=1.995) due to overlapping target geometries detected in crosswalk_errors,149f2020-a4d9-4dff-a50f-44da4f58f1cd,0.0,3774.6745709608986,1927.5448091990215,,1892.5440674297884
8e89a47c-f0ce-452d-9cfd-f76b3634925c,NEW_DISTRICT,2015,,,,,,,,,,,,,,,,,,,,,UNMEASURED,UNMEASURED,,,,,,149f2020-a4d9-4dff-a50f-44da4f58f1cd,0.0,0.0,,,
8eb78015-f64e-44a5-ae37-d3b32fc46b96,SPLIT,1969,,,,,,,,,,,,,,,,,,,,,UNMEASURED,UNMEASURED,,,,,,149f2020-a4d9-4dff-a50f-44da4f58f1cd,0.0,0.0,,,
8ec39a59-1ee5-4f95-928e-42f2adb641f0,SPLIT,1989,,,,,,,,,,,,,,,,,,,,,UNMEASURED,UNMEASURED,,,,,,149f2020-a4d9-4dff-a50f-44da4f58f1cd,0.0,0.0,,,
8f09c5a6-6223-4a2c-87e8-c6f96d6eb8a8,SPLIT,2013,IND-000094,Bhavnagar,Saurashtra,IND-000849,Botad,Gujarat,514,4081,8875.032771653432,,6852.5629726015795,2631.8585365191584,1656.7399053660126,1656.7399053660126,1656.7399053660126,,0.18667422960482877,0.9578354659954196,,AREA_WEIGHTED,MEASURED,MEASURED,FORMED_FROM,,1.00,NONE,Uniform spatial distribution assumed across district area; no ancillary data available for this build,149f2020-a4d9-4dff-a50f-44da4f58f1cd,6852.5629726015795,0.0,365.7298936858406,-2022.4697990518525,2631.8585365191584
8f131114-36dc-4ec5-b969-be23cf94d8f5,NEW_DISTRICT,1998,IND-000650,,,IND-000649,Koriya,Chhattisgarh,,3312,,,15725.646326213278,6589.765023243174,,,,,,,,,UNMEASURED,UNMEASURED,FORMED_FROM,,1.00,,,149f2020-a4d9-4dff-a50f-44da4f58f1cd,15725.646326213278,0.0,,,6589.765023243174
8f13355e-f5ce-4b55-b28b-faa65c10b684,RENAME,1951,,,,,,,,,,,,,,,,,,,,,NON_SPATIAL,UNMEASURED,,,,,,149f2020-a4d9-4dff-a50f-44da4f58f1cd,0.0,0.0,,,
8f6d6303-2457-4fd3-8c9e-d11cd3e63055,RENAME,1961,,,,,,,,,,,,,,,,,,,,,NON_SPATIAL,UNMEASURED,,,,,,149f2020-a4d9-4dff-a50f-44da4f58f1cd,0.0,0.0,,,
8f97db52-3c41-41c3-bee7-66a16e964f13,SPLIT,1956,IND-000143,Jammu and Kashmir,Jammu and Kashmir,IND-000328,Baramulla,Jammu and Kashmir,708,1867,,,,6141.542496970918,,,,,,0.0,,UNMEASURED,UNMEASURED,UNMEASURED,SPLIT_FROM,,1.00,NONE,No geometric data available for this lineage pair,149f2020-a4d9-4dff-a50f-44da4f58f1cd,0.0,0.0,,,6141.542496970918
8fad2a26-c1d8-4525-8290-7a711490629f,NEW_DISTRICT,1956,IND-000143,Jammu and Kashmir,Jammu and Kashmir,IND-000339,Doda,Jammu and Kashmir,708,1929,,,,11864.263743717482,,,,,,0.0,,UNMEASURED,UNMEASURED,UNMEASURED,FORMED_FROM,,1.00,NONE,No geometric data available for this lineage pair,149f2020-a4d9-4dff-a50f-44da4f58f1cd,0.0,0.0,,,11864.263743717482
8fbe904b-67b4-48eb-bc55-cf8429c6cf6f,NEW_DISTRICT,1998,IND-000668,Mandsaur,Madhya Pradesh,IND-000667,Neemuch,Madhya Pradesh,3402,3396,9849.921438428515,,5545.560699696023,4304.4250501525985,4304.2279356447925,4304.2279356447925,4304.2279356447925,0.43698094066540105,0.17963796945081656,1.0,1.432564462854513,AREA_WEIGHTED,MEASURED,MEASURED_NORMALIZED,FORMED_FROM,,1.00,PROPORTIONAL_APPORTIONMENT,Weights normalized (pre-normalization sum=2.433) due to overlapping target geometries detected in crosswalk_errors,149f2020-a4d9-4dff-a50f-44da4f58f1cd,5545.560699696023,14110.647414601499,0.132803087699358,-4304.360738732492,4304.4250501525985
8fc581ca-60c5-4d64-a2ec-16ebcf916582,NEW_DISTRICT,1997,IND-000254,Meerut,Uttar Pradesh,IND-000567,Baghpat,Uttar Pradesh,1274,2976,3933.4866543045064,,2597.438268203727,1335.9942296332545,1335.9764666740282,1335.9764666740282,1335.9764666740282,0.3396417946942919,0.33870955947584086,1.0,0.002752314460488403,AREA_WEIGHTED,MEASURED,MEASURED_NORMALIZED,FORMED_FROM,,1.00,PROPORTIONAL_APPORTIONMENT,Weights normalized (pre-normalization sum=1.003) due to overlapping target geometries detected in crosswalk_errors,149f2020-a4d9-4dff-a50f-44da4f58f1cd,2597.438268203727,10.826192198780442,0.07191942675126484,-1336.0483861007792,1335.9942296332545
8fe31875-4c70-4db2-9818-9748a16404b1,NEW_DISTRICT,1979,IND-000429,Baramula,Jammu and Kashmir,IND-000430,Kupwara,Jammu and Kashmir,2474,2480,7416.438855801343,,4742.9365009197245,2673.482779835958,2673.482779835958,2673.482779835958,2673.482779835958,0.36048066084232405,0.15689411778819,1.0,1.297604689864662,AREA_WEIGHTED,MEASURED,MEASURED_NORMALIZED,FORMED_FROM,,1.00,PROPORTIONAL_APPORTIONMENT,Weights normalized (pre-normalization sum=2.298) due to overlapping target geometries detected in crosswalk_errors,149f2020-a4d9-4dff-a50f-44da4f58f1cd,4742.9365009197245,9623.605841382332,0.019575045660531032,-2673.502354881619,2673.482779835958
8ff2af7e-bea3-446b-822c-d884e267dd44,NEW_DISTRICT,1970,IND-000044,United Mikir and North Cachar Hills,Assam,IND-000357,North Cachar Hills,Assam,225,2048,15178.317373301981,,,4896.225097753689,4895.965562028954,4895.965562028954,4895.965562028954,0.32256313012934823,0.2696684253701333,1.0,0.1961471933045713,AREA_WEIGHTED,MEASURED,MEASURED_NORMALIZED,FORMED_FROM,,1.00,PROPORTIONAL_APPORTIONMENT,Weights normalized (pre-normalization sum=1.196) due to overlapping target geometries detected in crosswalk_errors,149f2020-a4d9-4dff-a50f-44da4f58f1cd,0.0,2977.184351859197,10282.351811273027,,4896.225097753689
90341948-5dde-4a03-83e2-982bfee10ec7,NEW_DISTRICT,2012,IND-000552,North West,Delhi,IND-000553,North,Delhi,2917,2922,458.36135759278613,62.19071353877725,154.93849143236636,286.8950891333297,282.47479845650645,282.47479845650645,282.47479845650645,0.6162709700049814,0.3097372684529281,1.0,0.9896571474370011,AREA_WEIGHTED,MEASURED,MEASURED_NORMALIZED,FORMED_FROM,,1.00,PROPORTIONAL_APPORTIONMENT,Weights normalized (pre-normalization sum=1.990) due to overlapping target geometries detected in crosswalk_errors,149f2020-a4d9-4dff-a50f-44da4f58f1cd,154.93849143236636,453.62059365062794,20.948067703913352,-303.42286616041974,224.70437559455243
903d0671-2a7b-461e-8697-9c93f63fa524,SPLIT,2023,,,,,,,,,,,,,,,,,,,,,UNMEASURED,UNMEASURED,,,,,,149f2020-a4d9-4dff-a50f-44da4f58f1cd,0.0,0.0,,,
908b8db9-97f0-494d-a325-29153c36d8d4,RENAME,2001,,,,,,,,,,,,,,,,,,,,,NON_SPATIAL,UNMEASURED,,,,,,149f2020-a4d9-4dff-a50f-44da4f58f1cd,0.0,0.0,,,
90ada2ae-2485-4735-9612-293c5d68084c,SPLIT,1956,IND-000143,Jammu and Kashmir,Jammu and Kashmir,IND-000317,Jammu,Jammu and Kashmir,708,1776,,,,3718.277915752788,,,,,,0.0,,UNMEASURED,UNMEASURED,UNMEASURED,SPLIT_FROM,,1.00,NONE,No geometric data available for this lineage pair,149f2020-a4d9-4dff-a50f-44da4f58f1cd,0.0,0.0,,,3718.277915752788
91420061-858d-4ddb-a204-58f796671f4a,SPLIT,1997,,,,,,,,,,,,,,,,,,,,,UNMEASURED,UNMEASURED,,,,,,149f2020-a4d9-4dff-a50f-44da4f58f1cd,0.0,0.0,,,
918cea92-3965-4a3b-8336-8840b52b76f9,SPLIT,1986,,,,,,,,,,,,,,,,,,,,,UNMEASURED,UNMEASURED,,,,,,149f2020-a4d9-4dff-a50f-44da4f58f1cd,0.0,0.0,,,
91f6ca80-b2d1-4b92-a0da-c95ea4ba7255,SPLIT,1980,,,,,,,,,,,,,,,,,,,,,UNMEASURED,UNMEASURED,,,,,,149f2020-a4d9-4dff-a50f-44da4f58f1cd,0.0,0.0,,,
91ff1d5d-688e-472b-ac26-ec8dc5be491e,SPLIT,2003,,,,,,,,,,,,,,,,,,,,,UNMEASURED,UNMEASURED,,,,,,149f2020-a4d9-4dff-a50f-44da4f58f1cd,0.0,0.0,,,
9287d9ee-15d5-4dfd-866f-5ac2828fb586,SPLIT,1983,,,,,,,,,,,,,,,,,,,,,UNMEASURED,UNMEASURED,,,,,,149f2020-a4d9-4dff-a50f-44da4f58f1cd,0.0,0.0,,,
92e0094b-393c-42b3-8d2c-9692bde00ecc,SPLIT,1998,,,,,,,,,,,,,,,,,,,,,UNMEASURED,UNMEASURED,,,,,,149f2020-a4d9-4dff-a50f-44da4f58f1cd,0.0,0.0,,,
92f1eb5c-790f-49d2-8094-f78c873fa489,RENAME,1951,,,,,,,,,,,,,,,,,,,,,NON_SPATIAL,UNMEASURED,,,,,,149f2020-a4d9-4dff-a50f-44da4f58f1cd,0.0,0.0,,,
932b6514-3620-44e2-894d-ff8b6085c1a0,SPLIT,1956,IND-000143,Jammu and Kashmir,Jammu and Kashmir,IND-000339,Doda,Jammu and Kashmir,708,1929,,,,11864.263743717482,,,,,,0.0,,UNMEASURED,UNMEASURED,UNMEASURED,SPLIT_FROM,,1.00,NONE,No geometric data available for this lineage pair,149f2020-a4d9-4dff-a50f-44da4f58f1cd,0.0,0.0,,,11864.263743717482
93546f46-ee32-473f-ab1d-f918c893286e,SPLIT,2022,,,,,,,,,,,,,,,,,,,,,UNMEASURED,UNMEASURED,,,,,,149f2020-a4d9-4dff-a50f-44da4f58f1cd,0.0,0.0,,,
9366e06f-de94-4126-a94a-896fbf269c84,SPLIT,2011,,,,,,,,,,,,,,,,,,,,,UNMEASURED,UNMEASURED,,,,,,149f2020-a4d9-4dff-a50f-44da4f58f1cd,0.0,0.0,,,
9383083d-e736-465e-9d6d-e647762f70dc,SPLIT,2012,,,,,,,,,,,,,,,,,,,,,UNMEASURED,UNMEASURED,,,,,,149f2020-a4d9-4dff-a50f-44da4f58f1cd,0.0,0.0,,,
93a620e8-0ed9-4d2f-b7e5-7929024dbb81,SPLIT,2016,,,,,,,,,,,,,,,,,,,,,UNMEASURED,UNMEASURED,,,,,,149f2020-a4d9-4dff-a50f-44da4f58f1cd,0.0,0.0,,,
93b1d8a8-2a0c-49f3-bc76-7d518a27da20,SPLIT,2016,,,,,,,,,,,,,,,,,,,,,UNMEASURED,UNMEASURED,,,,,,149f2020-a4d9-4dff-a50f-44da4f58f1cd,0.0,0.0,,,
93ba635f-9f98-45b3-8c9a-d90c9acf25d6,SPLIT,1997,IND-000116,Delhi,Delhi,IND-000597,South,Sikkim,633,3095,1467.8300703301863,626.7215517969696,,,,,,,,0.0,0.09796757451034721,UNMEASURED,UNMEASURED,UNMEASURED,SPLIT_FROM,,1.00,NONE,No geometric data available for this lineage pair,149f2020-a4d9-4dff-a50f-44da4f58f1cd,0.0,143.79975178360073,1467.8300703301863,,
94ecef3b-e84e-4876-9809-e7f83ac50b5e,SPLIT,1997,IND-000255,Bulandshahr,Uttar Pradesh,IND-000568,Gautam Buddha Nagar,Uttar Pradesh,1283,2980,4439.427884203284,,3514.1200680824077,1390.1559204402058,925.3026048985996,925.3026048985996,925.3026048985996,0.2084283446051873,0.20758264703374116,1.0,0.004074028265516283,AREA_WEIGHTED,MEASURED,MEASURED_NORMALIZED,FORMED_FROM,,1.00,PROPORTIONAL_APPORTIONMENT,Weights normalized (pre-normalization sum=1.004) due to overlapping target geometries detected in crosswalk_errors,149f2020-a4d9-4dff-a50f-44da4f58f1cd,3514.1200680824077,18.086354682965325,0.005211222276557237,-925.3078161208759,1390.1559204402058
95149a4c-8507-4d8c-bde3-a64f5fd60ef4,NEW_DISTRICT,1972,IND-000369,Simla,Himachal Pradesh,IND-000454,Solan,Himachal Pradesh,2128,2618,1932.0828268602008,,,1932.0958357600216,1932.0713943144574,1932.0713943144574,1932.0713943144574,,0.9999940827869362,1.0006943157186283,,AREA_WEIGHTED,MEASURED,MEASURED,FORMED_FROM,,1.00,NONE,Uniform spatial distribution assumed across district area; no ancillary data available for this build,149f2020-a4d9-4dff-a50f-44da4f58f1cd,0.0,0.0,0.011432545743446099,,1932.0958357600216
951f916c-b4c9-458a-9fc2-d46701cf9931,SPLIT,1972,IND-000108,Shahabad,Bihar,IND-000432,Bhojpur,Bihar,585,2491,11320.00803793858,,,4094.9306682466026,4094.8693752859585,4094.8693752859585,4094.8693752859585,0.36173732046498186,0.2501998413498806,1.0,0.4457935645096063,AREA_WEIGHTED,MEASURED,MEASURED_NORMALIZED,SPLIT_FROM,,1.00,PROPORTIONAL_APPORTIONMENT,Weights normalized (pre-normalization sum=1.446) due to overlapping target geometries detected in crosswalk_errors,149f2020-a4d9-4dff-a50f-44da4f58f1cd,0.0,5046.386733510034,7225.138662652622,,4094.9306682466026
95284113-292a-47c9-be39-60565654c244,NEW_DISTRICT,2021,,,,,,,,,,,,,,,,,,,,,UNMEASURED,UNMEASURED,,,,,,149f2020-a4d9-4dff-a50f-44da4f58f1cd,0.0,0.0,,,
9529b636-3b79-46bf-b9c4-cf6e9f562f0d,NEW_DISTRICT,2012,IND-000355,South Tripura,Tripura,IND-000844,Gomati,Tripura,2038,4071,3118.948320105907,,1501.351600541309,1614.6735518672574,1555.0346400095625,1555.0346400095625,1555.0346400095625,0.49857659711295244,0.25543755098397175,1.0,0.9518531836544157,AREA_WEIGHTED,MEASURED,MEASURED_NORMALIZED,FORMED_FROM,,1.00,PROPORTIONAL_APPORTIONMENT,Weights normalized (pre-normalization sum=1.952) due to overlapping target geometries detected in crosswalk_errors,149f2020-a4d9-4dff-a50f-44da4f58f1cd,1501.351600541309,2968.7808881463993,62.562079555035325,-1617.596719564598,1614.6735518672574
95315bf8-5efa-4480-abc0-50af95899de4,SPLIT,1983,IND-000118,Santhal Pargana,Bihar,IND-000490,Godda,Bihar,639,2713,,,,2267.1217996613263,,,,,,0.0,,UNMEASURED,UNMEASURED,UNMEASURED,SPLIT_FROM,,1.00,NONE,No geometric data available for this lineage pair,149f2020-a4d9-4dff-a50f-44da4f58f1cd,0.0,0.0,,,2267.1217996613263
95648408-b565-4437-ba20-d93e355fbd71,SPLIT,1989,,,,,,,,,,,,,,,,,,,,,UNMEASURED,UNMEASURED,,,,,,149f2020-a4d9-4dff-a50f-44da4f58f1cd,0.0,0.0,,,
95975ba5-97eb-4f4a-b239-aa522c75e3dd,SPLIT,2021,,,,,,,,,,,,,,,,,,,,,UNMEASURED,UNMEASURED,,,,,,149f2020-a4d9-4dff-a50f-44da4f58f1cd,0.0,0.0,,,
95b1fc3f-fb29-43a8-94db-bedb4267431a,SPLIT,2012,,,,,,,,,,,,,,,,,,,,,UNMEASURED,UNMEASURED,,,,,,149f2020-a4d9-4dff-a50f-44da4f58f1cd,0.0,0.0,,,
95b91cc6-10eb-47b5-afc3-fe2c78636efb,NEW_DISTRICT,1985,,,,,,,,,,,,,,,,,,,,,UNMEASURED,UNMEASURED,,,,,,149f2020-a4d9-4dff-a50f-44da4f58f1cd,0.0,0.0,,,
95f8da4b-c44e-4e95-9837-dd506d44f844,SPLIT,1960,,,,,,,,,,,,,,,,,,,,,UNMEASURED,UNMEASURED,,,,,,149f2020-a4d9-4dff-a50f-44da4f58f1cd,0.0,0.0,,,
9616b420-4e90-4d28-b4ec-887ca7439c19,RENAME,1991,,,,,,,,,,,,,,,,,,,,,NON_SPATIAL,UNMEASURED,,,,,,149f2020-a4d9-4dff-a50f-44da4f58f1cd,0.0,0.0,,,
961aedd4-ca30-4512-bc2e-3d038cbd3490,SPLIT,1973,,,,,,,,,,,,,,,,,,,,,UNMEASURED,UNMEASURED,,,,,,149f2020-a4d9-4dff-a50f-44da4f58f1cd,0.0,0.0,,,
96264202-71ea-40f5-81b8-23cd37e2720c,SPLIT,1993,IND-000201,South Arcot,Madras,IND-000718,Cuddalore,Tamilnadu,1016,3650,,,,3650.7368249795168,,,,,,0.0,,UNMEASURED,UNMEASURED,UNMEASURED,SPLIT_FROM,,1.00,NONE,No geometric data available for this lineage pair,149f2020-a4d9-4dff-a50f-44da4f58f1cd,0.0,0.0,,,3650.7368249795168
964662ec-35f2-46bf-a3d6-d0770ea6b089,NEW_DISTRICT,1992,IND-000312,West Dinajpur,West Bengal,IND-000619,Uttar Dinajpur,West Bengal,1745,3188,,,,3134.277241089086,,,,,,,,,UNMEASURED,UNMEASURED,FORMED_FROM,,1.00,,,149f2020-a4d9-4dff-a50f-44da4f58f1cd,0.0,0.0,,,3134.277241089086
965285ed-d104-4762-88c7-74ff5705d7cf,SPLIT,1997,,,,,,,,,,,,,,,,,,,,,UNMEASURED,UNMEASURED,,,,,,149f2020-a4d9-4dff-a50f-44da4f58f1cd,0.0,0.0,,,
96676231-651e-4d83-915a-2b061fea3509,SPLIT,2016,,,,,,,,,,,,,,,,,,,,,UNMEASURED,UNMEASURED,,,,,,149f2020-a4d9-4dff-a50f-44da4f58f1cd,0.0,0.0,,,
969181b0-e080-44a8-9b6a-fc88e683ee12,NEW_DISTRICT,1998,IND-000398,Chhimtuipui,Mizoram,IND-000615,Saiha,Mizoram,2306,3172,3951.591252332833,,,1873.260538160771,1873.2102747659494,1873.2102747659494,1873.2102747659494,0.4740394831221712,0.23692604187712085,1.0,1.0007909614597228,AREA_WEIGHTED,MEASURED,MEASURED_NORMALIZED,FORMED_FROM,,1.00,PROPORTIONAL_APPORTIONMENT,Weights normalized (pre-normalization sum=2.001) due to overlapping target geometries detected in crosswalk_errors,149f2020-a4d9-4dff-a50f-44da4f58f1cd,0.0,3954.7168087180057,2078.3809775668833,,1873.260538160771
9693a14f-f8b8-4ef9-92a0-97ce23cffb2a,SPLIT,1966,,,,,,,,,,,,,,,,,,,,,UNMEASURED,UNMEASURED,,,,,,149f2020-a4d9-4dff-a50f-44da4f58f1cd,0.0,0.0,,,
96bd9a35-27e7-4bc2-9483-09f5e905ad7e,RENAME,1971,,,,,,,,,,,,,,,,,,,,,NON_SPATIAL,UNMEASURED,,,,,,149f2020-a4d9-4dff-a50f-44da4f58f1cd,0.0,0.0,,,
9757369b-6383-4681-b39b-28d5ba09c18e,SPLIT,2009,,,,,,,,,,,,,,,,,,,,,UNMEASURED,UNMEASURED,,,,,,149f2020-a4d9-4dff-a50f-44da4f58f1cd,0.0,0.0,,,
97e4331e-f925-4909-8590-3d818f398c08,NEW_DISTRICT,1992,IND-000392,East Khasi Hills,Meghalaya,IND-000618,Ri Bhoi,Meghalaya,2270,3184,,,2747.2073435134844,2444.284937767046,,,,,,,,,UNMEASURED,UNMEASURED,FORMED_FROM,,1.00,,,149f2020-a4d9-4dff-a50f-44da4f58f1cd,2747.2073435134844,0.0,,,2444.284937767046
97f66d8f-3840-4866-812b-02e732ba62a7,SPLIT,1993,,,,,,,,,,,,,,,,,,,,,UNMEASURED,UNMEASURED,,,,,,149f2020-a4d9-4dff-a50f-44da4f58f1cd,0.0,0.0,,,
98056949-feff-471f-818d-465a2d738426,NEW_DISTRICT,2007,IND-000532,Tiruchchirappalli,Tamil_nadu,IND-000797,Ariyalur,Tamil Nadu,2857,3942,10927.182968699864,1941.8821001538927,,1930.7599553271316,,,,,,0.0,0.161162140786816,UNMEASURED,UNMEASURED,UNMEASURED,FORMED_FROM,,1.00,NONE,No geometric data available for this lineage pair,149f2020-a4d9-4dff-a50f-44da4f58f1cd,0.0,1761.0482000049058,10927.182968699864,,-11.122144826761087
981427d0-6f93-43c5-9c7c-2f587afb0a70,SPLIT,2021,,,,,,,,,,,,,,,,,,,,,UNMEASURED,UNMEASURED,,,,,,149f2020-a4d9-4dff-a50f-44da4f58f1cd,0.0,0.0,,,
9864f5e7-b76a-46f6-a648-13970484ed35,SPLIT,1983,,,,,,,,,,,,,,,,,,,,,UNMEASURED,UNMEASURED,,,,,,149f2020-a4d9-4dff-a50f-44da4f58f1cd,0.0,0.0,,,
9887859d-7ce3-44ff-a1c6-156ebdb680f7,SPLIT,1997,,,,,,,,,,,,,,,,,,,,,UNMEASURED,UNMEASURED,,,,,,149f2020-a4d9-4dff-a50f-44da4f58f1cd,0.0,0.0,,,
98a73940-ec0f-4114-8e9b-899ff0b6baa9,RENAME,1951,,,,,,,,,,,,,,,,,,,,,NON_SPATIAL,UNMEASURED,,,,,,149f2020-a4d9-4dff-a50f-44da4f58f1cd,0.0,0.0,,,
98af9fdb-8aea-4d0d-995a-c85eab4f0f6a,SPLIT,1958,,,,,,,,,,,,,,,,,,,,,UNMEASURED,UNMEASURED,,,,,,149f2020-a4d9-4dff-a50f-44da4f58f1cd,0.0,0.0,,,
98b19ded-e03d-4fb2-8590-feea34e2dcff,SPLIT,2012,,,,,,,,,,,,,,,,,,,,,UNMEASURED,UNMEASURED,,,,,,149f2020-a4d9-4dff-a50f-44da4f58f1cd,0.0,0.0,,,
98d4552e-5b21-4d21-b11f-dc5b8430b0bd,NEW_DISTRICT,1989,IND-000364,Karnal,Haryana,IND-000467,Panipat,Haryana,2096,2662,3819.800352357889,,1937.7608242051447,1881.957569917799,1881.8665131164328,1881.8665131164328,1881.8665131164328,0.49266096118211855,0.24586701792830376,1.0,1.0037700271200314,AREA_WEIGHTED,MEASURED,MEASURED_NORMALIZED,FORMED_FROM,,1.00,PROPORTIONAL_APPORTIONMENT,Weights normalized (pre-normalization sum=2.004) due to overlapping target geometries detected in crosswalk_errors,149f2020-a4d9-4dff-a50f-44da4f58f1cd,1937.7608242051447,3834.201103279384,0.17301503631188098,-1882.0395281527444,1881.957569917799
98e00dfd-2184-41bf-ad64-c291921ffc3a,SPLIT,1997,,,,,,,,,,,,,,,,,,,,,UNMEASURED,UNMEASURED,,,,,,149f2020-a4d9-4dff-a50f-44da4f58f1cd,0.0,0.0,,,
99245661-93c0-49ab-a6f5-51a34e1cdc59,SPLIT,1991,,,,,,,,,,,,,,,,,,,,,UNMEASURED,UNMEASURED,,,,,,149f2020-a4d9-4dff-a50f-44da4f58f1cd,0.0,0.0,,,
99576adc-b35b-4c8a-a3b1-8408a29e8192,NEW_DISTRICT,1998,IND-000275,Banda,Uttar Pradesh,IND-000574,Chitrakoot,Uttar Pradesh,1456,3003,7696.634790293477,,4438.674427992081,3257.9401681134086,3257.627294477207,3257.627294477207,3257.627294477207,,0.42325345858757996,1.0000658298075042,,AREA_WEIGHTED,MEASURED,MEASURED,FORMED_FROM,,1.00,NONE,Uniform spatial distribution assumed across district area; no ancillary data available for this build,149f2020-a4d9-4dff-a50f-44da4f58f1cd,4438.674427992081,0.0,0.3330678241882197,-3257.9603623013954,3257.9401681134086
998d38e2-8b5e-4504-a088-f263495a00f6,SPLIT,1991,,,,,,,,,,,,,,,,,,,,,UNMEASURED,UNMEASURED,,,,,,149f2020-a4d9-4dff-a50f-44da4f58f1cd,0.0,0.0,,,
99a04927-0f98-4b22-8f59-c84e923c5288,SPLIT,1990,,,,,,,,,,,,,,,,,,,,,UNMEASURED,UNMEASURED,,,,,,149f2020-a4d9-4dff-a50f-44da4f58f1cd,0.0,0.0,,,
99d43ce7-9037-40b9-aad4-e9cab165baa2,SPLIT,1997,,,,,,,,,,,,,,,,,,,,,UNMEASURED,UNMEASURED,,,,,,149f2020-a4d9-4dff-a50f-44da4f58f1cd,0.0,0.0,,,
99ef0550-df40-44e7-996d-f242feb6b409,NEW_DISTRICT,1969,IND-000130,Manipur,Manipur,IND-000344,Manipur North,Manipur,691,1966,22478.364538398026,,,3521.6914129097686,3521.6407308441903,3521.6407308441903,3521.6407308441903,0.1566680140287096,0.08984210175651769,1.0,0.7438151041178636,AREA_WEIGHTED,MEASURED,MEASURED_NORMALIZED,FORMED_FROM,,1.00,PROPORTIONAL_APPORTIONMENT,Weights normalized (pre-normalization sum=1.744) due to overlapping target geometries detected in crosswalk_errors,149f2020-a4d9-4dff-a50f-44da4f58f1cd,0.0,16719.74705952782,18956.723807553833,,3521.6914129097686
99fe6e08-0280-4666-8bc4-9752e5a59450,SPLIT,1997,,,,,,,,,,,,,,,,,,,,,UNMEASURED,UNMEASURED,,,,,,149f2020-a4d9-4dff-a50f-44da4f58f1cd,0.0,0.0,,,
9a0e3d84-0f53-43cf-8f2f-e9bbe6bfa236,RENAME,1981,,,,,,,,,,,,,,,,,,,,,NON_SPATIAL,UNMEASURED,,,,,,149f2020-a4d9-4dff-a50f-44da4f58f1cd,0.0,0.0,,,
9a4f00f7-d4d0-4456-8dee-b0a06d517eaa,SPLIT,2016,,,,,,,,,,,,,,,,,,,,,UNMEASURED,UNMEASURED,,,,,,149f2020-a4d9-4dff-a50f-44da4f58f1cd,0.0,0.0,,,
9a58b082-9198-4d0d-b81b-a777e1d0f64c,NEW_DISTRICT,2012,IND-000769,Durg,Chhattisgarh,IND-000834,Balod,Chhattisgarh,3807,4035,8430.995588576707,,2297.595035350104,3368.914090652495,3230.2067558099793,3230.2067558099793,3230.2067558099793,0.3831346751250397,0.19372563456394398,1.0,0.9777180030275063,AREA_WEIGHTED,MEASURED,MEASURED_NORMALIZED,FORMED_FROM,,1.00,PROPORTIONAL_APPORTIONMENT,Weights normalized (pre-normalization sum=1.978) due to overlapping target geometries detected in crosswalk_errors,149f2020-a4d9-4dff-a50f-44da4f58f1cd,2297.595035350104,8243.136170396932,2903.193797416623,-6133.400553226603,3368.914090652495
9a5bd530-899d-46ee-9989-41876c2d0a7f,SPLIT,1997,,,,,,,,,,,,,,,,,,,,,UNMEASURED,UNMEASURED,,,,,,149f2020-a4d9-4dff-a50f-44da4f58f1cd,0.0,0.0,,,
9a5c76b3-3c0c-4d9f-bd4e-0f120b7b53af,RENAME,1981,,,,,,,,,,,,,,,,,,,,,NON_SPATIAL,UNMEASURED,,,,,,149f2020-a4d9-4dff-a50f-44da4f58f1cd,0.0,0.0,,,
9a889d8a-8888-4371-8f9d-e3c9d958713a,SPLIT,1995,IND-000245,Hoshiarpur,Punjab,IND-000534,Nawanshahr,Punjab,1204,2866,3837.37631725848,,3348.122190350368,1256.9869206107335,489.3014437156328,489.3014437156328,489.3014437156328,,0.12750937183695402,1.0001386440680042,,AREA_WEIGHTED,MEASURED,MEASURED,FORMED_FROM,,1.00,NONE,Uniform spatial distribution assumed across district area; no ancillary data available for this build,149f2020-a4d9-4dff-a50f-44da4f58f1cd,3348.122190350368,0.0,-0.047316807520928705,-489.2541269081121,1256.9869206107335
9a973c3a-bd47-4310-a819-c6b1c9a42de8,RENAME,1951,,,,,,,,,,,,,,,,,,,,,NON_SPATIAL,UNMEASURED,,,,,,149f2020-a4d9-4dff-a50f-44da4f58f1cd,0.0,0.0,,,
9b01942a-20af-417d-8f47-087065b11fe8,NEW_DISTRICT,2022,,,,,,,,,,,,,,,,,,,,,UNMEASURED,UNMEASURED,,,,,,149f2020-a4d9-4dff-a50f-44da4f58f1cd,0.0,0.0,,,
9b2e96a6-b07a-4b3a-af4d-dbcf18998b7a,SPLIT,2016,,,,,,,,,,,,,,,,,,,,,UNMEASURED,UNMEASURED,,,,,,149f2020-a4d9-4dff-a50f-44da4f58f1cd,0.0,0.0,,,
9b52c649-4c9c-48c7-8549-95e991f16a18,SPLIT,2012,,,,,,,,,,,,,,,,,,,,,UNMEASURED,UNMEASURED,,,,,,149f2020-a4d9-4dff-a50f-44da4f58f1cd,0.0,0.0,,,
9b5cbf7b-704b-42ed-8402-0eac8281640a,SPLIT,1997,IND-000390,Imphal,Manipur,IND-000609,Imphal East,Manipur,2264,3148,1060.9735665754404,,,567.4296255619096,567.3848376130807,567.3848376130807,567.3848376130807,0.5347775434636494,0.1643516206008934,1.0,2.2538623075843427,AREA_WEIGHTED,MEASURED,MEASURED_NORMALIZED,SPLIT_FROM,,1.00,PROPORTIONAL_APPORTIONMENT,Weights normalized (pre-normalization sum=3.254) due to overlapping target geometries detected in crosswalk_errors,149f2020-a4d9-4dff-a50f-44da4f58f1cd,0.0,2391.2883310477123,493.5887289623597,,567.4296255619096
9b5fa074-24ff-4acb-b79c-be90509f9235,SPLIT,1997,,,,,,,,,,,,,,,,,,,,,UNMEASURED,UNMEASURED,,,,,,149f2020-a4d9-4dff-a50f-44da4f58f1cd,0.0,0.0,,,
9b710ebd-e4ce-440e-b950-ec507cdfe926,NEW_DISTRICT,2019,IND-000803,Tirunelveli,Tamil Nadu,IND-000893,Tenkasi,Tamil Nadu,3961,4195,6749.190757824033,,3923.7909094880115,2933.9785776380295,2780.316981019243,2780.316981019243,2780.316981019243,,0.41194819953727735,0.9985319269350013,,AREA_WEIGHTED,MEASURED,MEASURED,FORMED_FROM,,1.00,NONE,Uniform spatial distribution assumed across district area; no ancillary data available for this build,149f2020-a4d9-4dff-a50f-44da4f58f1cd,3923.7909094880115,0.0,45.0828673167789,-2825.399848336022,2933.9785776380295
9b96f0c9-7acd-4f48-8af1-59c58bdcb50f,SPLIT,2007,,,,,,,,,,,,,,,,,,,,,UNMEASURED,UNMEASURED,,,,,,149f2020-a4d9-4dff-a50f-44da4f58f1cd,0.0,0.0,,,
9bfef0fe-5e0c-4750-a9f0-a15879e2deee,SPLIT,1981,,,,,,,,,,,,,,,,,,,,,UNMEASURED,UNMEASURED,,,,,,149f2020-a4d9-4dff-a50f-44da4f58f1cd,0.0,0.0,,,
9c4b80eb-8d1d-4746-a482-383c32b131ce,NEW_DISTRICT,1983,IND-000347,Manipur Central,Manipur,IND-000504,Bishnupur,Manipur,1987,2744,5459.080902710379,,,618.3850795725539,618.3693828011463,618.3693828011463,618.3693828011463,0.11327353336971653,0.0658333679252836,1.0,0.7206097293742331,AREA_WEIGHTED,MEASURED,MEASURED_NORMALIZED,FORMED_FROM,,1.00,PROPORTIONAL_APPORTIONMENT,Weights normalized (pre-normalization sum=1.721) due to overlapping target geometries detected in crosswalk_errors,149f2020-a4d9-4dff-a50f-44da4f58f1cd,0.0,3933.86681193417,4840.711519909232,,618.3850795725539
9c4cc4c2-a237-4381-b9f0-f1511a7ee3af,RENAME,2011,,,,,,,,,,,,,,,,,,,,,NON_SPATIAL,UNMEASURED,,,,,,149f2020-a4d9-4dff-a50f-44da4f58f1cd,0.0,0.0,,,
9c536b7b-5589-4f32-a7ed-2a42bd9e61ab,SPLIT,1993,,,,,,,,,,,,,,,,,,,,,UNMEASURED,UNMEASURED,,,,,,149f2020-a4d9-4dff-a50f-44da4f58f1cd,0.0,0.0,,,
9c7d1ac2-ad98-44df-9953-5332e9684b39,SPLIT,1980,IND-000890,Kameng,Arunachal Pradesh,IND-000405,West Kameng,Arunachal Pradesh,4188,2346,13408.958841883028,,13408.958841883028,7137.061091359662,,,,,,0.0,,UNMEASURED,UNMEASURED,UNMEASURED,SPLIT_FROM,,1.00,NONE,No geometric data available for this lineage pair,149f2020-a4d9-4dff-a50f-44da4f58f1cd,13408.958841883028,0.0,0.0,0.0,7137.061091359662
9c9e7a94-f4e0-4129-a379-b0d7f5fd3bef,SPLIT,1995,,,,,,,,,,,,,,,,,,,,,UNMEASURED,UNMEASURED,,,,,,149f2020-a4d9-4dff-a50f-44da4f58f1cd,0.0,0.0,,,
9cafbae0-d284-4c9b-a636-20e759a47834,RENAME,1951,,,,,,,,,,,,,,,,,,,,,NON_SPATIAL,UNMEASURED,,,,,,149f2020-a4d9-4dff-a50f-44da4f58f1cd,0.0,0.0,,,
9cd0263b-f69b-4746-ae22-894b56e3f25c,NEW_DISTRICT,1981,IND-000269,Kanpur,Uttar Pradesh,IND-000918,Kanpur-nagar,Uttar Pradesh,1405,4257,6176.028245495687,,2999.0433462418036,1053.119509808084,1053.043113805283,1053.043113805283,1053.043113805283,0.17050490573343643,0.10294552445561056,1.0,0.6562634134420973,AREA_WEIGHTED,MEASURED,MEASURED_NORMALIZED,FORMED_FROM,,1.00,PROPORTIONAL_APPORTIONMENT,Weights normalized (pre-normalization sum=1.656) due to overlapping target geometries detected in crosswalk_errors,149f2020-a4d9-4dff-a50f-44da4f58f1cd,2999.0433462418036,4053.1013779038067,2123.9417854486,-3176.984899253883,1053.119509808084
9cfee1e0-a12a-4781-9e04-0243dffba016,SPLIT,1980,,,,,,,,,,,,,,,,,,,,,UNMEASURED,UNMEASURED,,,,,,149f2020-a4d9-4dff-a50f-44da4f58f1cd,0.0,0.0,,,
9d04dcbc-0988-4aa1-97ef-29607e0ba335,SPLIT,2003,,,,,,,,,,,,,,,,,,,,,UNMEASURED,UNMEASURED,,,,,,149f2020-a4d9-4dff-a50f-44da4f58f1cd,0.0,0.0,,,
9dbd0974-d9eb-45b4-98b4-30d0c06e0af9,SPLIT,1960,,,,,,,,,,,,,,,,,,,,,UNMEASURED,UNMEASURED,,,,,,149f2020-a4d9-4dff-a50f-44da4f58f1cd,0.0,0.0,,,
9dc80b24-7f56-4265-a16e-e5b7f1609f46,NEW_DISTRICT,2004,,,,,,,,,,,,,,,,,,,,,UNMEASURED,UNMEASURED,,,,,,149f2020-a4d9-4dff-a50f-44da4f58f1cd,0.0,0.0,,,
9edd8541-000e-4184-bbfe-a416a0312940,SPLIT,2015,,,,,,,,,,,,,,,,,,,,,UNMEASURED,UNMEASURED,,,,,,149f2020-a4d9-4dff-a50f-44da4f58f1cd,0.0,0.0,,,
9ee0418a-a8c5-4919-a9dc-1f3da534a16b,NEW_DISTRICT,1981,IND-000434,Aurangabad,Bihar,IND-000515,Satna,Maharashtra,2503,2806,,7094.113369581251,,7094.113369581251,,,,,,0.0,,UNMEASURED,UNMEASURED,UNMEASURED,FORMED_FROM,,1.00,NONE,No geometric data available for this lineage pair,149f2020-a4d9-4dff-a50f-44da4f58f1cd,0.0,0.0,,,0.0
9f1207d3-e6ca-4724-b53f-b7bb557665b7,SPLIT,1992,IND-000230,Koraput,Orissa,IND-000647,Rayagada,Orissa,1124,3305,26858.56912775266,,8437.244543159972,7383.273359721714,7382.910891932556,7382.910891932556,7382.910891932556,0.274881020534481,0.274562285741981,1.0,0.0011608833734706447,AREA_WEIGHTED,MEASURED,MEASURED_NORMALIZED,FORMED_FROM,,1.00,PROPORTIONAL_APPORTIONMENT,Weights normalized (pre-normalization sum=1.001) due to overlapping target geometries detected in crosswalk_errors,149f2020-a4d9-4dff-a50f-44da4f58f1cd,8437.244543159972,31.17966633562002,11038.413692660131,-18421.324584592687,7383.273359721714
9f1e5c7f-a21e-42dd-974e-9f605e53f0d3,SPLIT,2017,IND-000603,East Siang,Arunachal Pradesh,IND-000883,Lower Siang,Arunachal Pradesh,3123,4173,3789.2943149938,,1637.454895354874,1750.42490157864,525.7486937832152,525.7486937832152,525.7486937832152,0.13874580596785221,0.08650118865420937,1.0,0.603975715553366,AREA_WEIGHTED,MEASURED,MEASURED_NORMALIZED,FORMED_FROM,,1.00,PROPORTIONAL_APPORTIONMENT,Weights normalized (pre-normalization sum=1.604) due to overlapping target geometries detected in crosswalk_errors,149f2020-a4d9-4dff-a50f-44da4f58f1cd,1637.454895354874,2288.6417453406825,1626.0907258557108,-2151.8394196389263,1750.42490157864
9f3804ac-8465-47ea-aad4-e28c2b1bd5ef,SPLIT,2008,,,,,,,,,,,,,,,,,,,,,UNMEASURED,UNMEASURED,,,,,,149f2020-a4d9-4dff-a50f-44da4f58f1cd,0.0,0.0,,,
9f61c6dc-deaa-4c5b-9180-7278890f5aaf,NEW_DISTRICT,2015,IND-000755,Sivasagar,Assam,IND-000861,Charaideo,Assam,3765,4111,2620.057509906646,,1572.7168015670286,1068.1810339706828,1051.1674361474604,1051.1674361474604,1051.1674361474604,,0.4012001386125735,0.999989422112617,,AREA_WEIGHTED,MEASURED,MEASURED,FORMED_FROM,,1.00,NONE,Uniform spatial distribution assumed across district area; no ancillary data available for this build,149f2020-a4d9-4dff-a50f-44da4f58f1cd,1572.7168015670286,0.0,-3.8267278078433264,-1047.3407083396173,1068.1810339706828
9f747e6f-8a9a-4b53-b3e1-431810e69cfa,SPLIT,1981,IND-000118,Santhal Pargana,Bihar,IND-000489,Deoghar,Bihar,639,2712,,,,2460.8511077592216,,,,,,0.0,,UNMEASURED,UNMEASURED,UNMEASURED,SPLIT_FROM,,1.00,NONE,No geometric data available for this lineage pair,149f2020-a4d9-4dff-a50f-44da4f58f1cd,0.0,0.0,,,2460.8511077592216
9fd0970d-55a3-41aa-b700-38bec2f0b762,SPLIT,1998,,,,,,,,,,,,,,,,,,,,,UNMEASURED,UNMEASURED,,,,,,149f2020-a4d9-4dff-a50f-44da4f58f1cd,0.0,0.0,,,
9fe5d3bd-19b5-4b77-b6ed-2750cc500cb5,SPLIT,1998,IND-000398,Chhimtuipui,Mizoram,IND-000614,Lawngtlai,Mizoram,2306,3168,3951.591252332833,,,2078.305874895721,2078.3058525064857,2078.3058525064857,2078.3058525064857,0.5259415055338914,0.26286679401539215,1.0,1.0007909614597228,AREA_WEIGHTED,MEASURED,MEASURED_NORMALIZED,SPLIT_FROM,,1.00,PROPORTIONAL_APPORTIONMENT,Weights normalized (pre-normalization sum=2.001) due to overlapping target geometries detected in crosswalk_errors,149f2020-a4d9-4dff-a50f-44da4f58f1cd,0.0,3954.7168087180057,1873.2853998263472,,2078.305874895721
a015a9c8-c519-415f-8fc3-6944fd77d429,SPLIT,1966,,,,,,,,,,,,,,,,,,,,,UNMEASURED,UNMEASURED,,,,,,149f2020-a4d9-4dff-a50f-44da4f58f1cd,0.0,0.0,,,
a08769bf-432c-4ebc-82fb-f30f5fdb1ba6,NEW_DISTRICT,1997,IND-000116,Delhi,Delhi,IND-000555,East,Delhi,633,2928,1467.8300703301863,,,70.75049775110703,70.7492739687798,70.7492739687798,70.7492739687798,0.04819990774059074,0.043899208737640645,1.0,0.09796757451034721,AREA_WEIGHTED,MEASURED,MEASURED_NORMALIZED,FORMED_FROM,,1.00,PROPORTIONAL_APPORTIONMENT,Weights normalized (pre-normalization sum=1.098) due to overlapping target geometries detected in crosswalk_errors,149f2020-a4d9-4dff-a50f-44da4f58f1cd,0.0,143.79975178360073,1397.0807963614066,,70.75049775110703
a0981562-6ea9-46e8-9789-bd3a2cb24d54,RENAME,1951,,,,,,,,,,,,,,,,,,,,,NON_SPATIAL,UNMEASURED,,,,,,149f2020-a4d9-4dff-a50f-44da4f58f1cd,0.0,0.0,,,
a0a56f88-9603-44e2-b066-6a747b6d5973,NEW_DISTRICT,1991,IND-000531,Thanjavur,Tamil_nadu,IND-000719,Nagapattinam,Tamilnadu,2856,3654,8247.541264911484,,8247.541264911484,2548.2077350814984,2547.934169456294,2547.934169456294,2547.934169456294,0.30893257609953156,0.1942816873082079,1.0,0.5901271003964561,AREA_WEIGHTED,MEASURED,MEASURED_NORMALIZED,FORMED_FROM,,1.00,PROPORTIONAL_APPORTIONMENT,Weights normalized (pre-normalization sum=1.590) due to overlapping target geometries detected in crosswalk_errors,149f2020-a4d9-4dff-a50f-44da4f58f1cd,8247.541264911484,4867.097612062334,-2547.9341694562936,0.0,2548.2077350814984
a0eb050e-5fb1-4c81-a5ac-4621f5281e40,SPLIT,1992,,,,,,,,,,,,,,,,,,,,,UNMEASURED,UNMEASURED,,,,,,149f2020-a4d9-4dff-a50f-44da4f58f1cd,0.0,0.0,,,
a17a092a-308d-4be1-9745-4cc9dc8d69e0,RENAME,2011,,,,,,,,,,,,,,,,,,,,,NON_SPATIAL,UNMEASURED,,,,,,149f2020-a4d9-4dff-a50f-44da4f58f1cd,0.0,0.0,,,
a17d9fb3-3f9c-4f80-81de-7a9df5514ecb,SPLIT,2022,,,,,,,,,,,,,,,,,,,,,UNMEASURED,UNMEASURED,,,,,,149f2020-a4d9-4dff-a50f-44da4f58f1cd,0.0,0.0,,,
a1ff70c7-ca4d-4d47-98a4-18743a7350ba,SPLIT,2001,,,,,,,,,,,,,,,,,,,,,UNMEASURED,UNMEASURED,,,,,,149f2020-a4d9-4dff-a50f-44da4f58f1cd,0.0,0.0,,,
a20d2d11-33b9-4baa-89dd-bbb49b197656,SPLIT,1998,,,,,,,,,,,,,,,,,,,,,UNMEASURED,UNMEASURED,,,,,,149f2020-a4d9-4dff-a50f-44da4f58f1cd,0.0,0.0,,,
a251131f-8c93-4c79-993f-3b2521503e0c,SPLIT,2016,,,,,,,,,,,,,,,,,,,,,UNMEASURED,UNMEASURED,,,,,,149f2020-a4d9-4dff-a50f-44da4f58f1cd,0.0,0.0,,,
a25229f3-5d76-486d-934e-b781948fc1a7,SPLIT,2016,,,,,,,,,,,,,,,,,,,,,UNMEASURED,UNMEASURED,,,,,,149f2020-a4d9-4dff-a50f-44da4f58f1cd,0.0,0.0,,,
a268ef0a-b42c-49ba-b172-b213fe9dc5a9,SPLIT,1956,IND-000143,Jammu and Kashmir,Jammu and Kashmir,IND-000340,Udhampur,Jammu and Kashmir,708,1937,,,,4569.978690755184,,,,,,0.0,,UNMEASURED,UNMEASURED,UNMEASURED,SPLIT_FROM,,1.00,NONE,No geometric data available for this lineage pair,149f2020-a4d9-4dff-a50f-44da4f58f1cd,0.0,0.0,,,4569.978690755184
a289464b-6aff-4b56-802b-0bc726b510f9,SPLIT,1964,IND-000150,Ahmedabad,Bombay,IND-000362,Gandhinagar,Gujarat,718,2081,9227.909743127711,,,674.9040071995253,674.8360494897149,674.8360494897149,674.8360494897149,0.0731298927140336,0.024700548139512474,1.0,1.9606586987861476,AREA_WEIGHTED,MEASURED,MEASURED_NORMALIZED,SPLIT_FROM,,1.00,PROPORTIONAL_APPORTIONMENT,Weights normalized (pre-normalization sum=2.961) due to overlapping target geometries detected in crosswalk_errors,149f2020-a4d9-4dff-a50f-44da4f58f1cd,0.0,18092.781509476794,8553.073693637996,,674.9040071995253
a29a2c5b-5db0-4088-a8c5-ac5b6a911fea,SPLIT,1998,,,,,,,,,,,,,,,,,,,,,UNMEASURED,UNMEASURED,,,,,,149f2020-a4d9-4dff-a50f-44da4f58f1cd,0.0,0.0,,,
a2b8967f-200d-4393-980f-9ae772d4ad9b,NEW_DISTRICT,1991,IND-000432,Bhojpur,Bihar,IND-000592,Buxar,Bihar,2492,3076,4094.9179271696253,,4094.9179271696253,1692.6279617377859,1692.5737082018195,1692.5737082018195,1692.5737082018195,0.41333519701864035,0.2064941499627302,1.0,1.001679936662819,AREA_WEIGHTED,MEASURED,MEASURED_NORMALIZED,FORMED_FROM,,1.00,PROPORTIONAL_APPORTIONMENT,Weights normalized (pre-normalization sum=2.002) due to overlapping target geometries detected in crosswalk_errors,149f2020-a4d9-4dff-a50f-44da4f58f1cd,4094.9179271696253,4101.797129926713,-1692.57370820182,0.0,1692.6279617377859
a2c24185-acd8-4864-8d43-1205ca55af34,NEW_DISTRICT,1991,IND-000084,Udaipur,Rajasthan,IND-000564,Rajsamand,Rajasthan,438,2964,17883.2973925468,,17883.2973925468,4702.702472492059,4702.395813074029,4702.395813074029,4702.395813074029,,0.26294903617907966,1.0000284897289107,,AREA_WEIGHTED,MEASURED,MEASURED,FORMED_FROM,,1.00,NONE,Uniform spatial distribution assumed across district area; no ancillary data available for this build,149f2020-a4d9-4dff-a50f-44da4f58f1cd,17883.2973925468,0.0,-4702.395813074028,0.0,4702.702472492059
a2faa7d4-0cdf-45cc-b410-4df034a7c7d4,SPLIT,1998,,,,,,,,,,,,,,,,,,,,,UNMEASURED,UNMEASURED,,,,,,149f2020-a4d9-4dff-a50f-44da4f58f1cd,0.0,0.0,,,
a3314608-660c-4492-88f2-db87b5073bf5,SPLIT,1983,IND-000347,Manipur Central,Manipur,IND-000390,Imphal,Manipur,1987,2264,5459.080902710379,2226.7782158805,,1060.9735665754404,,,,,,0.0,0.7206097293742331,UNMEASURED,UNMEASURED,UNMEASURED,SPLIT_FROM,,1.00,NONE,No geometric data available for this lineage pair,149f2020-a4d9-4dff-a50f-44da4f58f1cd,0.0,3933.86681193417,5459.080902710379,,-1165.8046493050595
a33c4bc3-ba14-454d-866a-d8135dff08e6,SPLIT,1991,,,,,,,,,,,,,,,,,,,,,UNMEASURED,UNMEASURED,,,,,,149f2020-a4d9-4dff-a50f-44da4f58f1cd,0.0,0.0,,,
a34946a6-19b4-4575-b2a1-e7d7d73a28b1,NEW_DISTRICT,1997,,,,,,,,,,,,,,,,,,,,,UNMEASURED,UNMEASURED,,,,,,149f2020-a4d9-4dff-a50f-44da4f58f1cd,0.0,0.0,,,
a386376f-7d42-4d79-8401-10d2431a0018,SPLIT,2021,,,,,,,,,,,,,,,,,,,,,UNMEASURED,UNMEASURED,,,,,,149f2020-a4d9-4dff-a50f-44da4f58f1cd,0.0,0.0,,,
a38e121a-a1fc-4e9b-8756-2149826604f3,NEW_DISTRICT,2013,IND-000777,Sabar Kantha,Gujarat,IND-000848,Aravalli,Gujarat,3845,4079,10656.956944060976,,10734.2486669562,3255.420939324468,,,,,,,,,UNMEASURED,UNMEASURED,FORMED_FROM,,1.00,,,149f2020-a4d9-4dff-a50f-44da4f58f1cd,10734.2486669562,0.0,-77.29172289522467,77.29172289522467,3255.420939324468
a39b6151-85b3-40c7-9a88-2e8e79bccdd2,SPLIT,1982,,,,,,,,,,,,,,,,,,,,,UNMEASURED,UNMEASURED,,,,,,149f2020-a4d9-4dff-a50f-44da4f58f1cd,0.0,0.0,,,
a3d1d4a9-2e38-4b21-aab0-b794e42138a6,NEW_DISTRICT,2016,IND-000348,Ukhrul,Manipur,IND-000839,Kamjong,Manipur,1992,4055,4484.602857347068,,2148.3692871462595,2314.207463754554,2292.001127360758,2292.001127360758,2292.001127360758,0.5110822965306285,0.2589348246765064,1.0,0.9737874083531872,AREA_WEIGHTED,MEASURED,MEASURED_NORMALIZED,FORMED_FROM,,1.00,PROPORTIONAL_APPORTIONMENT,Weights normalized (pre-normalization sum=1.974) due to overlapping target geometries detected in crosswalk_errors,149f2020-a4d9-4dff-a50f-44da4f58f1cd,2148.3692871462595,4367.049793949299,44.23244284005068,-2336.233570200808,2314.207463754554
a4107320-26bb-47ec-a37a-e63c0e1ab741,NEW_DISTRICT,1986,IND-000107,Gaya,Bihar,IND-000492,Jehanabad,Bihar,577,2715,6555.03320593457,,4992.510883120812,1562.3070430128323,1562.2161145163755,1562.2161145163755,1562.2161145163755,0.2383231427572373,0.21815668209776878,1.0,0.09244026112585768,AREA_WEIGHTED,MEASURED,MEASURED_NORMALIZED,FORMED_FROM,,1.00,PROPORTIONAL_APPORTIONMENT,Weights normalized (pre-normalization sum=1.092) due to overlapping target geometries detected in crosswalk_errors,149f2020-a4d9-4dff-a50f-44da4f58f1cd,4992.510883120812,605.9489812452597,0.3062082973829092,-1562.5223228137584,1562.3070430128323
a44d1dd0-6ca2-446d-9fd1-b4d3f04b1afe,SPLIT,2009,,,,,,,,,,,,,,,,,,,,,UNMEASURED,UNMEASURED,,,,,,149f2020-a4d9-4dff-a50f-44da4f58f1cd,0.0,0.0,,,
a4bcd8a6-1b6c-45d9-9aaa-8031bef5c841,RENAME,1971,,,,,,,,,,,,,,,,,,,,,NON_SPATIAL,UNMEASURED,,,,,,149f2020-a4d9-4dff-a50f-44da4f58f1cd,0.0,0.0,,,
a4e205a1-61e9-41d2-a77a-7ce27b36485e,SPLIT,2004,,,,,,,,,,,,,,,,,,,,,UNMEASURED,UNMEASURED,,,,,,149f2020-a4d9-4dff-a50f-44da4f58f1cd,0.0,0.0,,,
a4f1dd5a-35b0-4819-a98d-604504b627cd,NEW_DISTRICT,1994,IND-000228,Sambalpur,Orissa,IND-000633,Bargarh,Orissa,1106,3248,17378.071734007997,,6591.1851632141925,5720.333415050813,5720.188643285646,5720.188643285646,5720.188643285646,0.3291612976882544,0.32856079456287474,1.0,0.0018276773593108864,AREA_WEIGHTED,MEASURED,MEASURED_NORMALIZED,FORMED_FROM,,1.00,PROPORTIONAL_APPORTIONMENT,Weights normalized (pre-normalization sum=1.002) due to overlapping target geometries detected in crosswalk_errors,149f2020-a4d9-4dff-a50f-44da4f58f1cd,6591.1851632141925,31.76150825672689,5066.697927508158,-10786.886570793806,5720.333415050813
a533239c-5153-497d-b3dc-e885053d706f,NEW_DISTRICT,1993,IND-000225,Cuttack,Orissa,IND-000637,Kendrapara,Orissa,1079,3264,10898.219863729146,,3686.1137559949193,2489.891040735567,2489.7832596015683,2489.7832596015683,2489.7832596015683,,0.22845779317482184,1.000081263467672,,AREA_WEIGHTED,MEASURED,MEASURED,FORMED_FROM,,1.00,NONE,Uniform spatial distribution assumed across district area; no ancillary data available for this build,149f2020-a4d9-4dff-a50f-44da4f58f1cd,3686.1137559949193,0.0,4722.322848132659,-7212.1061077342265,2489.891040735567
a537339d-7a92-4f66-b6b4-b719f4949c65,NEW_DISTRICT,1998,IND-000398,Chhimtuipui,Mizoram,IND-000614,Lawngtlai,Mizoram,2306,3168,3951.591252332833,,,2078.305874895721,2078.3058525064857,2078.3058525064857,2078.3058525064857,0.5259415055338914,0.26286679401539215,1.0,1.0007909614597228,AREA_WEIGHTED,MEASURED,MEASURED_NORMALIZED,FORMED_FROM,,1.00,PROPORTIONAL_APPORTIONMENT,Weights normalized (pre-normalization sum=2.001) due to overlapping target geometries detected in crosswalk_errors,149f2020-a4d9-4dff-a50f-44da4f58f1cd,0.0,3954.7168087180057,1873.2853998263472,,2078.305874895721
a5ab1912-76c2-450f-8404-d3e52cc9bacc,SPLIT,2003,,,,,,,,,,,,,,,,,,,,,UNMEASURED,UNMEASURED,,,,,,149f2020-a4d9-4dff-a50f-44da4f58f1cd,0.0,0.0,,,
a5c46434-e1c2-406a-b39f-1fcd6ba03e24,SPLIT,1976,IND-000255,Bulandshahr,Uttar Pradesh,IND-000416,Ghaziabad,Uttar Pradesh,1281,2399,4904.261601182354,,4439.393649822473,2504.6186892096807,464.87064550772817,464.87064550772817,464.87064550772817,0.09478912083230917,0.07362789852688024,1.0,0.28740766379069416,AREA_WEIGHTED,MEASURED,MEASURED_NORMALIZED,FORMED_FROM,,1.00,PROPORTIONAL_APPORTIONMENT,Weights normalized (pre-normalization sum=1.287) due to overlapping target geometries detected in crosswalk_errors,149f2020-a4d9-4dff-a50f-44da4f58f1cd,4439.393649822473,1409.5223694142294,-0.0026941478472508607,-464.86795135988086,2504.6186892096807
a5ea9ea8-d3f3-4686-9144-396c794b7b7e,SPLIT,1960,,,,,,,,,,,,,,,,,,,,,UNMEASURED,UNMEASURED,,,,,,149f2020-a4d9-4dff-a50f-44da4f58f1cd,0.0,0.0,,,
a5f7ca5b-6963-4a19-9d3c-40e0bb5f3618,NEW_DISTRICT,2016,IND-000423,Jorhat,Assam,IND-000862,Majuli,Assam,2446,4113,3182.507326082613,,2048.025576495527,787.0629156092028,769.2466791380022,769.2466791380022,769.2466791380022,,0.24171089028878287,1.0000313653721757,,AREA_WEIGHTED,MEASURED,MEASURED,FORMED_FROM,,1.00,NONE,Uniform spatial distribution assumed across district area; no ancillary data available for this build,149f2020-a4d9-4dff-a50f-44da4f58f1cd,2048.025576495527,0.0,365.2350704490841,-1134.4817495870861,787.0629156092028
a6254cf4-6064-442d-a7ba-7b97bbd89728,NEW_DISTRICT,2021,,,,,,,,,,,,,,,,,,,,,UNMEASURED,UNMEASURED,,,,,,149f2020-a4d9-4dff-a50f-44da4f58f1cd,0.0,0.0,,,
a638752a-f852-48e5-95c3-46efce0a4ccf,SPLIT,1980,IND-000890,Kameng,Arunachal Pradesh,IND-000406,East Kameng,Arunachal Pradesh,4188,2352,13408.958841883028,,13408.958841883028,6271.9410720056485,,,,,,0.0,,UNMEASURED,UNMEASURED,UNMEASURED,SPLIT_FROM,,1.00,NONE,No geometric data available for this lineage pair,149f2020-a4d9-4dff-a50f-44da4f58f1cd,13408.958841883028,0.0,0.0,0.0,6271.9410720056485
a64606c2-425b-46ab-b582-012423033fe0,SPLIT,1983,,,,,,,,,,,,,,,,,,,,,UNMEASURED,UNMEASURED,,,,,,149f2020-a4d9-4dff-a50f-44da4f58f1cd,0.0,0.0,,,
a65e59fc-b035-48a5-84c3-fe138980b7e5,NEW_DISTRICT,1998,IND-000396,Aizawl,Mizoram,IND-000611,Kolasib,Mizoram,2294,3156,12668.614066431102,,3346.338841202789,1533.4883465460039,1533.47324195526,1533.47324195526,1533.47324195526,0.12104506727524438,0.05422030234655468,1.0,1.2324675820059485,AREA_WEIGHTED,MEASURED,MEASURED_NORMALIZED,FORMED_FROM,,1.00,PROPORTIONAL_APPORTIONMENT,Weights normalized (pre-normalization sum=2.232) due to overlapping target geometries detected in crosswalk_errors,149f2020-a4d9-4dff-a50f-44da4f58f1cd,3346.338841202789,15613.656145820887,7788.801983273053,-9322.275225228314,1533.4883465460039
a689edca-f4f5-4c42-a505-64e241e9754a,NEW_DISTRICT,2015,IND-000747,Kurung Kumey,Arunachal Pradesh,IND-000866,Kra Daadi,Arunachal Pradesh,3734,4121,7082.750321792326,,4300.839635252645,2201.6740463214437,2178.8556025782214,2178.8556025782214,2178.8556025782214,,0.3076284640267894,0.9596104349876113,,AREA_WEIGHTED,MEASURED,MEASURED,FORMED_FROM,,1.00,NONE,Uniform spatial distribution assumed across district area; no ancillary data available for this build,149f2020-a4d9-4dff-a50f-44da4f58f1cd,4300.839635252645,0.0,603.0550839614589,-2781.9106865396807,2201.6740463214437
a6b5d506-1f60-477e-af22-56455b003d62,NEW_DISTRICT,1995,IND-000479,Lalitpur,Uttar_pradesh,IND-000573,Mahoba,Uttar Pradesh,2693,2999,5036.48156019621,,,3171.894576142459,,,,,,0.0,0.006374477027359049,UNMEASURED,UNMEASURED,UNMEASURED,FORMED_FROM,,1.00,NONE,No geometric data available for this lineage pair,149f2020-a4d9-4dff-a50f-44da4f58f1cd,0.0,32.104936004188204,5036.48156019621,,3171.894576142459
a6fa356a-05a0-46b6-a501-c1fe841a5321,NEW_DISTRICT,1972,IND-000367,Kangra,Himachal Pradesh,IND-000453,Una,Himachal Pradesh,2114,2612,8401.794323490636,,6346.53117137936,944.8707207167976,944.771741477005,944.771741477005,944.771741477005,,0.11244880618363996,0.8686093642964107,,AREA_WEIGHTED,MEASURED,MEASURED,FORMED_FROM,,1.00,NONE,Uniform spatial distribution assumed across district area; no ancillary data available for this build,149f2020-a4d9-4dff-a50f-44da4f58f1cd,6346.53117137936,0.0,1110.4914106342712,-2055.263152111276,944.8707207167976
a74622c7-199b-4771-b150-4009791ee4d3,NEW_DISTRICT,2021,,,,,,,,,,,,,,,,,,,,,UNMEASURED,UNMEASURED,,,,,,149f2020-a4d9-4dff-a50f-44da4f58f1cd,0.0,0.0,,,
a7fea005-d996-42b7-bcb9-cb6e8eade2b0,SPLIT,1988,,,,,,,,,,,,,,,,,,,,,UNMEASURED,UNMEASURED,,,,,,149f2020-a4d9-4dff-a50f-44da4f58f1cd,0.0,0.0,,,
a85d2cac-ca9e-4ab3-b03b-c834c9a0548b,SPLIT,2022,,,,,,,,,,,,,,,,,,,,,UNMEASURED,UNMEASURED,,,,,,149f2020-a4d9-4dff-a50f-44da4f58f1cd,0.0,0.0,,,
a85f9dd0-6c30-4c42-b562-4ee6356464da,SPLIT,1973,,,,,,,,,,,,,,,,,,,,,UNMEASURED,UNMEASURED,,,,,,149f2020-a4d9-4dff-a50f-44da4f58f1cd,0.0,0.0,,,
a8944c2a-ee83-49ef-b95a-c0df2427a22c,SPLIT,2007,,,,,,,,,,,,,,,,,,,,,UNMEASURED,UNMEASURED,,,,,,149f2020-a4d9-4dff-a50f-44da4f58f1cd,0.0,0.0,,,
a8fac086-983c-4774-85a1-a2ba5ede31f3,NEW_DISTRICT,2021,,,,,,,,,,,,,,,,,,,,,UNMEASURED,UNMEASURED,,,,,,149f2020-a4d9-4dff-a50f-44da4f58f1cd,0.0,0.0,,,
a91de970-04ed-421f-a1c3-0e03bef58749,SPLIT,1987,,,,,,,,,,,,,,,,,,,,,UNMEASURED,UNMEASURED,,,,,,149f2020-a4d9-4dff-a50f-44da4f58f1cd,0.0,0.0,,,
a95e5ae4-7317-4519-9f48-c0f8c35da321,SPLIT,1960,,,,,,,,,,,,,,,,,,,,,UNMEASURED,UNMEASURED,,,,,,149f2020-a4d9-4dff-a50f-44da4f58f1cd,0.0,0.0,,,
a978a046-99bf-4476-b397-22ec3eef37fd,SPLIT,1956,IND-000143,Jammu and Kashmir,Jammu and Kashmir,IND-000322,Ladakh,Jammu and Kashmir,708,1824,,,,96362.68229164062,,,,,,0.0,,UNMEASURED,UNMEASURED,UNMEASURED,SPLIT_FROM,,1.00,NONE,No geometric data available for this lineage pair,149f2020-a4d9-4dff-a50f-44da4f58f1cd,0.0,0.0,,,96362.68229164062
a97a1bed-a54a-4e5a-8b00-e0ca7f49ced1,NEW_DISTRICT,2015,IND-000422,Sonitpur,Assam,IND-000863,Biswanath,Assam,2440,4115,5199.65820659401,,3445.0678227179933,1782.8821581204222,1732.266049147766,1732.266049147766,1732.266049147766,,0.3331499841568378,1.0003455714551726,,AREA_WEIGHTED,MEASURED,MEASURED,FORMED_FROM,,1.00,NONE,Uniform spatial distribution assumed across district area; no ancillary data available for this build,149f2020-a4d9-4dff-a50f-44da4f58f1cd,3445.0678227179933,0.0,22.324334728250506,-1754.5903838760169,1782.8821581204222
a9d083aa-a3c8-4c69-81e5-5552b5fdc61d,SPLIT,1974,,,,,,,,,,,,,,,,,,,,,UNMEASURED,UNMEASURED,,,,,,149f2020-a4d9-4dff-a50f-44da4f58f1cd,0.0,0.0,,,
a9eee4a4-a17f-4cc0-8d49-2a6320fcb882,SPLIT,1997,,,,,,,,,,,,,,,,,,,,,UNMEASURED,UNMEASURED,,,,,,149f2020-a4d9-4dff-a50f-44da4f58f1cd,0.0,0.0,,,
aa420601-161f-419c-a64a-6ff4ef076526,SPLIT,2013,,,,,,,,,,,,,,,,,,,,,UNMEASURED,UNMEASURED,,,,,,149f2020-a4d9-4dff-a50f-44da4f58f1cd,0.0,0.0,,,
aaa7acd8-fbe0-48f9-921d-5e47ff11a742,SPLIT,2021,,,,,,,,,,,,,,,,,,,,,UNMEASURED,UNMEASURED,,,,,,149f2020-a4d9-4dff-a50f-44da4f58f1cd,0.0,0.0,,,
aad118f7-ca91-417e-9f09-08d5c5674b6e,SPLIT,1998,IND-000398,Chhimtuipui,Mizoram,IND-000615,Saiha,Mizoram,2306,3172,3951.591252332833,,,1873.260538160771,1873.2102747659494,1873.2102747659494,1873.2102747659494,0.4740394831221712,0.23692604187712085,1.0,1.0007909614597228,AREA_WEIGHTED,MEASURED,MEASURED_NORMALIZED,SPLIT_FROM,,1.00,PROPORTIONAL_APPORTIONMENT,Weights normalized (pre-normalization sum=2.001) due to overlapping target geometries detected in crosswalk_errors,149f2020-a4d9-4dff-a50f-44da4f58f1cd,0.0,3954.7168087180057,2078.3809775668833,,1873.260538160771
ab0d18d1-dc72-48de-aa24-66694e1ba056,SPLIT,1997,,,,,,,,,,,,,,,,,,,,,UNMEASURED,UNMEASURED,,,,,,149f2020-a4d9-4dff-a50f-44da4f58f1cd,0.0,0.0,,,
ab1f6581-dbb4-4238-bc29-23f56414c7c7,NEW_DISTRICT,1983,IND-000347,Manipur Central,Manipur,IND-000505,Thoubal,Manipur,1987,2749,5459.080902710379,,,547.4321584339217,547.4098935781159,547.4098935781159,547.4098935781159,0.10027510185942333,0.05827881834417633,1.0,0.7206097293742331,AREA_WEIGHTED,MEASURED,MEASURED_NORMALIZED,FORMED_FROM,,1.00,PROPORTIONAL_APPORTIONMENT,Weights normalized (pre-normalization sum=1.721) due to overlapping target geometries detected in crosswalk_errors,149f2020-a4d9-4dff-a50f-44da4f58f1cd,0.0,3933.86681193417,4911.671009132263,,547.4321584339217
ab54f6ba-7fb7-4bdd-ada3-a82bc3dbef4b,SPLIT,1997,,,,,,,,,,,,,,,,,,,,,UNMEASURED,UNMEASURED,,,,,,149f2020-a4d9-4dff-a50f-44da4f58f1cd,0.0,0.0,,,
ab773a22-e0c7-4e3a-bd34-7c346c759fb0,SPLIT,2012,,,,,,,,,,,,,,,,,,,,,UNMEASURED,UNMEASURED,,,,,,149f2020-a4d9-4dff-a50f-44da4f58f1cd,0.0,0.0,,,
abc4cea8-3652-456e-a4af-0a028dfd2375,NEW_DISTRICT,1983,IND-000018,Goalpara,Assam,IND-000419,Kokrajhar,Assam,51,2417,1988.9759990736204,3439.3215649611393,1988.9754628229373,3324.5074077156423,,,,,,0.0,0.0253644130202475,UNMEASURED,UNMEASURED,UNMEASURED,FORMED_FROM,,1.00,NONE,No geometric data available for this lineage pair,149f2020-a4d9-4dff-a50f-44da4f58f1cd,1988.9754628229373,50.44920872786272,0.0005362506831261271,-0.0005362506831261271,-114.81415724549697
abdae3a7-2ab7-4b71-ad11-0d34a593847b,NEW_DISTRICT,1976,IND-000024,United Khasi and Jaintia Hills,Assam,IND-000391,Jaintia Hills,Meghalaya,100,2265,14088.541902295321,,,3860.2273866365904,3860.1998696276264,3860.1998696276264,3860.1998696276264,0.2739956978087788,0.1766516218407203,1.0,0.5510511307721235,AREA_WEIGHTED,MEASURED,MEASURED_NORMALIZED,FORMED_FROM,,1.00,PROPORTIONAL_APPORTIONMENT,Weights normalized (pre-normalization sum=1.551) due to overlapping target geometries detected in crosswalk_errors,149f2020-a4d9-4dff-a50f-44da4f58f1cd,0.0,7763.506946190281,10228.342032667695,,3860.2273866365904
abecba6f-00df-4c8c-a91b-44a1c1fe50ca,SPLIT,1982,,,,,,,,,,,,,,,,,,,,,UNMEASURED,UNMEASURED,,,,,,149f2020-a4d9-4dff-a50f-44da4f58f1cd,0.0,0.0,,,
abf25537-52de-429c-a8cb-1e2300c19e5c,SPLIT,1995,,,,,,,,,,,,,,,,,,,,,UNMEASURED,UNMEASURED,,,,,,149f2020-a4d9-4dff-a50f-44da4f58f1cd,0.0,0.0,,,
abf2ecaf-7f6e-4b5e-bd9f-db043cbd855f,SPLIT,1956,,,,,,,,,,,,,,,,,,,,,UNMEASURED,UNMEASURED,,,,,,149f2020-a4d9-4dff-a50f-44da4f58f1cd,0.0,0.0,,,
ac201052-38d2-48c2-ad0d-38c074247128,SPLIT,2006,,,,,,,,,,,,,,,,,,,,,UNMEASURED,UNMEASURED,,,,,,149f2020-a4d9-4dff-a50f-44da4f58f1cd,0.0,0.0,,,
ac3cb67f-3383-4a54-9ea1-0d932480085c,NEW_DISTRICT,2006,IND-000340,Udhampur,Jammu and Kashmir,IND-000730,Reasi,Jammu and Kashmir,1941,3680,4569.964730614893,,2389.621459495069,2148.4343114731414,1950.6949176011944,1950.6949176011944,1950.6949176011944,,0.42685119745743133,1.0000030371963333,,AREA_WEIGHTED,MEASURED,MEASURED,FORMED_FROM,,1.00,NONE,Uniform spatial distribution assumed across district area; no ancillary data available for this build,149f2020-a4d9-4dff-a50f-44da4f58f1cd,2389.621459495069,0.0,229.64835351862894,-2180.343271119824,2148.4343114731414
ac407450-1148-47b6-85e1-0799da1ee749,RENAME,1981,,,,,,,,,,,,,,,,,,,,,NON_SPATIAL,UNMEASURED,,,,,,149f2020-a4d9-4dff-a50f-44da4f58f1cd,0.0,0.0,,,
ac44ba36-d6fa-4730-b29a-0a89b6a86814,SPLIT,1998,,,,,,,,,,,,,,,,,,,,,UNMEASURED,UNMEASURED,,,,,,149f2020-a4d9-4dff-a50f-44da4f58f1cd,0.0,0.0,,,
ac63f9e4-f679-45a1-995b-30ab4a1a9b7e,NEW_DISTRICT,1987,,,,,,,,,,,,,,,,,,,,,UNMEASURED,UNMEASURED,,,,,,149f2020-a4d9-4dff-a50f-44da4f58f1cd,0.0,0.0,,,
ac81a85e-8023-4527-aed4-6a5cf320e1fe,SPLIT,2016,IND-000811,,,IND-000825,Siddipet,Telangana,,4011,,,2134.0460571576646,3626.567979082939,,,,,,,,,UNMEASURED,UNMEASURED,FORMED_FROM,,1.00,,,149f2020-a4d9-4dff-a50f-44da4f58f1cd,2134.0460571576646,0.0,,,3626.567979082939
ac97c6ac-2547-43d7-8253-3a424ebff2cf,SPLIT,1972,,,,,,,,,,,,,,,,,,,,,UNMEASURED,UNMEASURED,,,,,,149f2020-a4d9-4dff-a50f-44da4f58f1cd,0.0,0.0,,,
ad02d109-6fbb-4dd7-9fc8-bdbb6542c45a,NEW_DISTRICT,1997,IND-000703,Chitradurga,Karnataka,IND-000704,Davanagere,Karnataka,3608,3613,10892.96291780399,,10892.933637570313,6015.117095848846,2458.7877841338627,2458.7877841338627,2458.7877841338627,0.2257225883065387,0.04318375515115055,1.0,4.227025475586154,AREA_WEIGHTED,MEASURED,MEASURED_NORMALIZED,FORMED_FROM,,1.00,PROPORTIONAL_APPORTIONMENT,Weights normalized (pre-normalization sum=5.227) due to overlapping target geometries detected in crosswalk_errors,149f2020-a4d9-4dff-a50f-44da4f58f1cd,10892.933637570313,46044.83175817275,-2458.758503900186,-0.0292802336771274,6015.117095848846
ad4447dc-d962-48c9-9271-094ac97de81f,NEW_DISTRICT,1989,IND-000407,West Siang,Arunachal Pradesh,IND-000603,East Siang,Arunachal Pradesh,2358,3121,7909.430936785123,10378.618912901415,,,,,,,,,,,UNMEASURED,UNMEASURED,FORMED_FROM,,1.00,,,149f2020-a4d9-4dff-a50f-44da4f58f1cd,0.0,0.0,7909.430936785123,,
ad921dd0-5f47-4355-b3ee-55dccec8f8de,SPLIT,2007,IND-000360,Hazaribag,Bihar,IND-000763,Ramgarh,Jharkhand,2072,3787,,,,1334.5467363172343,,,,,,0.0,,UNMEASURED,UNMEASURED,UNMEASURED,SPLIT_FROM,,1.00,NONE,No geometric data available for this lineage pair,149f2020-a4d9-4dff-a50f-44da4f58f1cd,0.0,0.0,,,1334.5467363172343
ad95f972-f170-4062-8724-ef51f4dbae3b,SPLIT,1972,IND-000403,Bhatinda,Punjab,IND-000404,Faridkot,Punjab,2333,2340,7429.163388680452,,,5143.0017330046485,1475.135700041974,1475.135700041974,1475.135700041974,0.1985601369717598,0.1281239520688683,1.0,0.5497503297824526,AREA_WEIGHTED,MEASURED,MEASURED_NORMALIZED,SPLIT_FROM,,1.00,PROPORTIONAL_APPORTIONMENT,Weights normalized (pre-normalization sum=1.550) due to overlapping target geometries detected in crosswalk_errors,149f2020-a4d9-4dff-a50f-44da4f58f1cd,0.0,4084.185022934802,5954.027688638478,,5143.0017330046485
ade8e0b0-46bc-4c1c-aa65-a17b24e71142,SPLIT,1989,,,,,,,,,,,,,,,,,,,,,UNMEASURED,UNMEASURED,,,,,,149f2020-a4d9-4dff-a50f-44da4f58f1cd,0.0,0.0,,,
adf3fc0f-853f-463a-9692-e9abcf596932,NEW_DISTRICT,2011,IND-000650,Surguja,Chhattisgarh,IND-000845,Surajpur,Chhattisgarh,3316,4073,15765.011121275411,,15765.011121275411,5454.156019133874,5423.171985419068,5423.171985419068,5423.171985419068,0.3440005175829096,0.21440655242691573,1.0,0.6044309919127508,AREA_WEIGHTED,MEASURED,MEASURED_NORMALIZED,FORMED_FROM,,1.00,PROPORTIONAL_APPORTIONMENT,Weights normalized (pre-normalization sum=1.604) due to overlapping target geometries detected in crosswalk_errors,149f2020-a4d9-4dff-a50f-44da4f58f1cd,15765.011121275411,9528.861309548045,-5423.171985419069,0.0,5454.156019133874
adf7dedc-5678-481b-b72a-b881ad284091,SPLIT,1969,IND-000130,Manipur,Manipur,IND-000345,Manipur West,Manipur,691,1973,22478.364538398026,,,4107.877080035651,4107.863153295256,4107.863153295256,4107.863153295256,0.18274742124935806,0.10479747584352052,1.0,0.7438151041178636,AREA_WEIGHTED,MEASURED,MEASURED_NORMALIZED,SPLIT_FROM,,1.00,PROPORTIONAL_APPORTIONMENT,Weights normalized (pre-normalization sum=1.744) due to overlapping target geometries detected in crosswalk_errors,149f2020-a4d9-4dff-a50f-44da4f58f1cd,0.0,16719.74705952782,18370.50138510277,,4107.877080035651
adfed07f-6b8c-44fd-a297-3d525af6d359,NEW_DISTRICT,1989,,,,,,,,,,,,,,,,,,,,,UNMEASURED,UNMEASURED,,,,,,149f2020-a4d9-4dff-a50f-44da4f58f1cd,0.0,0.0,,,
aef76f53-c36a-4769-87a0-a3ea43c1c835,SPLIT,1991,,,,,,,,,,,,,,,,,,,,,UNMEASURED,UNMEASURED,,,,,,149f2020-a4d9-4dff-a50f-44da4f58f1cd,0.0,0.0,,,
aefc08e8-7278-4711-be12-62022eea3b10,SPLIT,1998,,,,,,,,,,,,,,,,,,,,,UNMEASURED,UNMEASURED,,,,,,149f2020-a4d9-4dff-a50f-44da4f58f1cd,0.0,0.0,,,
af47b02f-a31b-4de5-9e12-37c3e2a4ed37,SPLIT,1987,IND-000329,Diu,"Goa, Daman and Diu",IND-000709,South Goa,Goa,1871,3634,3646.8273636421522,,,,,,,,,0.0,1.5345834674580585,UNMEASURED,UNMEASURED,UNMEASURED,SPLIT_FROM,,1.00,NONE,No geometric data available for this lineage pair,149f2020-a4d9-4dff-a50f-44da4f58f1cd,0.0,5596.360980918904,3646.8273636421522,,
af690fb4-0a56-4b32-956d-a6cf1b2030ce,RENAME,1971,,,,,,,,,,,,,,,,,,,,,NON_SPATIAL,UNMEASURED,,,,,,149f2020-a4d9-4dff-a50f-44da4f58f1cd,0.0,0.0,,,
af80eca8-ef88-40df-b51a-4396a7b026b6,NEW_DISTRICT,1997,IND-000701,Dharwad,Karnataka,IND-000700,Kodagu,Karnataka,3597,3588,13721.858592257608,4133.772530755129,13721.903139239555,4133.783082262012,,,,,,0.0,4.350777484886298,UNMEASURED,UNMEASURED,UNMEASURED,FORMED_FROM,,1.00,NONE,No geometric data available for this lineage pair,149f2020-a4d9-4dff-a50f-44da4f58f1cd,13721.903139239555,59700.75341398799,-0.04454698194786033,0.04454698194786033,0.010551506882620743
afb3a071-f943-42d3-9b25-70239a96f155,RENAME,1981,,,,,,,,,,,,,,,,,,,,,NON_SPATIAL,UNMEASURED,,,,,,149f2020-a4d9-4dff-a50f-44da4f58f1cd,0.0,0.0,,,
afe4b946-11a5-48eb-847d-fde2f0c361cd,NEW_DISTRICT,1983,IND-000347,Manipur Central,Manipur,IND-000390,Imphal,Manipur,1987,2264,5459.080902710379,2226.7782158805,,1060.9735665754404,,,,,,0.0,0.7206097293742331,UNMEASURED,UNMEASURED,UNMEASURED,FORMED_FROM,,1.00,NONE,No geometric data available for this lineage pair,149f2020-a4d9-4dff-a50f-44da4f58f1cd,0.0,3933.86681193417,5459.080902710379,,-1165.8046493050595
b0120f4c-7cec-4a68-9182-c429d0975fb2,NEW_DISTRICT,1956,IND-000180,Chhindwara,Madhya Pradesh,IND-000323,Seoni,Madhya Pradesh,879,1833,20566.480661900627,,11820.950424087761,8745.525497420696,8745.466699941166,8745.466699941166,8745.466699941166,,0.4252291310171569,1.000443127541024,,AREA_WEIGHTED,MEASURED,MEASURED,FORMED_FROM,,1.00,NONE,Uniform spatial distribution assumed across district area; no ancillary data available for this build,149f2020-a4d9-4dff-a50f-44da4f58f1cd,11820.950424087761,0.0,0.06353787169791758,-8745.530237812865,8745.525497420696
b02ee172-a3ea-4d35-9c5e-8bdac473851f,SPLIT,2013,IND-000093,Rajkot,Saurashtra,IND-000879,Morbi,Gujarat,505,4153,11131.136602404504,,7597.345208235353,4869.138398660632,3530.7946237229326,3530.7946237229326,3530.7946237229326,,0.31719982871832014,0.9984622941243786,,AREA_WEIGHTED,MEASURED,MEASURED,FORMED_FROM,,1.00,NONE,Uniform spatial distribution assumed across district area; no ancillary data available for this build,149f2020-a4d9-4dff-a50f-44da4f58f1cd,7597.345208235353,0.0,2.9967704462178517,-3533.7913941691504,4869.138398660632
b0a162fa-d19d-4d81-9ea2-5a307f4428fa,SPLIT,1989,,,,,,,,,,,,,,,,,,,,,UNMEASURED,UNMEASURED,,,,,,149f2020-a4d9-4dff-a50f-44da4f58f1cd,0.0,0.0,,,
b0eb3bad-efba-4e78-b141-31729cb1f64a,SPLIT,1970,,,,,,,,,,,,,,,,,,,,,UNMEASURED,UNMEASURED,,,,,,149f2020-a4d9-4dff-a50f-44da4f58f1cd,0.0,0.0,,,
b107e7d8-969e-4bd5-88a4-437b67ab275d,NEW_DISTRICT,1989,IND-000483,,,IND-000486,Sonbhadra,Uttar_pradesh,,2705,,,4434.810693560075,6885.263212977541,,,,,,,,,UNMEASURED,UNMEASURED,FORMED_FROM,,1.00,,,149f2020-a4d9-4dff-a50f-44da4f58f1cd,4434.810693560075,0.0,,,6885.263212977541
b156d368-4bd3-4e95-8599-bbdd40f7781d,NEW_DISTRICT,1993,IND-000226,Baleshwar,Orissa,IND-000645,Sonapur,Orissa,1088,3297,6302.237168674421,,3814.095490324312,2316.256529827146,,,,,,0.0,0.003597966388662499,UNMEASURED,UNMEASURED,UNMEASURED,FORMED_FROM,,1.00,NONE,No geometric data available for this lineage pair,149f2020-a4d9-4dff-a50f-44da4f58f1cd,3814.095490324312,22.67523750627008,2488.141678350109,-2488.141678350109,2316.256529827146
b1a89ee2-f50c-4725-b993-78248afd86b4,SPLIT,2017,,,,,,,,,,,,,,,,,,,,,UNMEASURED,UNMEASURED,,,,,,149f2020-a4d9-4dff-a50f-44da4f58f1cd,0.0,0.0,,,
b1b63888-c5c8-4d41-983e-628daefebac4,NEW_DISTRICT,2008,IND-000449,Gurgaon,Haryana,IND-000743,Palwal,Haryana,2592,3722,2744.2975534521975,,1221.0505034897044,1385.3701505832648,41.3461383061003,41.3461383061003,41.3461383061003,0.015066200913267878,0.010533045049035664,1.0,0.43037467732536094,AREA_WEIGHTED,MEASURED,MEASURED_NORMALIZED,FORMED_FROM,,1.00,PROPORTIONAL_APPORTIONMENT,Weights normalized (pre-normalization sum=1.430) due to overlapping target geometries detected in crosswalk_errors,149f2020-a4d9-4dff-a50f-44da4f58f1cd,1221.0505034897044,1181.0761740517669,1481.9009116563927,-1523.247049962493,1385.3701505832648
b1ec38d1-20de-44ba-bf8d-46c456af33fb,SPLIT,1981,,,,,,,,,,,,,,,,,,,,,UNMEASURED,UNMEASURED,,,,,,149f2020-a4d9-4dff-a50f-44da4f58f1cd,0.0,0.0,,,
b2553a04-c3c5-416b-a3c0-8ca1280540fd,NEW_DISTRICT,1966,IND-000242,Ambala,Punjab,IND-000349,Ropar,Punjab,1195,1995,4148.213579618688,,,2036.9532876276662,0.019857340142954608,0.019857340142954608,0.019857340142954608,4.786961847991428e-06,2.917832639209517e-06,1.0,0.6405882173174555,AREA_WEIGHTED,MEASURED,MEASURED_NORMALIZED,FORMED_FROM,,1.00,PROPORTIONAL_APPORTIONMENT,Weights normalized (pre-normalization sum=1.641) due to overlapping target geometries detected in crosswalk_errors,149f2020-a4d9-4dff-a50f-44da4f58f1cd,0.0,2657.296742019996,4148.193722278545,,2036.9532876276662
b2977884-40e5-4eb8-9c4d-2fefa5a3ed12,NEW_DISTRICT,2016,IND-000609,Imphal East,Manipur,IND-000869,Jiribam,Manipur,3149,4127,580.5028572288168,,446.05311689150096,329.65910159766497,161.36962780542902,161.36962780542902,161.36962780542902,0.2779824867284365,0.0803300767804544,1.0,2.460503187220582,AREA_WEIGHTED,MEASURED,MEASURED_NORMALIZED,FORMED_FROM,,1.00,PROPORTIONAL_APPORTIONMENT,Weights normalized (pre-normalization sum=3.461) due to overlapping target geometries detected in crosswalk_errors,149f2020-a4d9-4dff-a50f-44da4f58f1cd,446.05311689150096,1428.329130402158,-26.91988746811319,-134.4497403373158,329.65910159766497
b2b118cd-91ea-41aa-87b9-19b6bef96236,SPLIT,1989,IND-000481,,,IND-000476,Firozabad,Uttar_pradesh,,2690,,,2767.874087683858,2420.6113210977114,,,,,,,,,UNMEASURED,UNMEASURED,FORMED_FROM,,1.00,,,149f2020-a4d9-4dff-a50f-44da4f58f1cd,2767.874087683858,0.0,,,2420.6113210977114
b2b20add-3b4d-4d3e-848e-f576c167a7d7,RENAME,1951,,,,,,,,,,,,,,,,,,,,,NON_SPATIAL,UNMEASURED,,,,,,149f2020-a4d9-4dff-a50f-44da4f58f1cd,0.0,0.0,,,
b2b7eb9a-cb0a-4534-a366-b5d18f6d5bf1,NEW_DISTRICT,1994,IND-000487,Varanasi,Uttar_pradesh,IND-000585,Sant Ravidas Nagar,Uttar Pradesh,2706,3050,5061.339481773637,,,978.6539282858423,978.6451708399925,978.6451708399925,978.6451708399925,,0.19335695113204449,1.0000186540831553,,AREA_WEIGHTED,MEASURED,MEASURED,FORMED_FROM,,1.00,NONE,Uniform spatial distribution assumed across district area; no ancillary data available for this build,149f2020-a4d9-4dff-a50f-44da4f58f1cd,0.0,0.0,4082.6943109336444,,978.6539282858423
b30a352d-8541-4876-bd68-3911f1dfdce9,SPLIT,2004,,,,,,,,,,,,,,,,,,,,,UNMEASURED,UNMEASURED,,,,,,149f2020-a4d9-4dff-a50f-44da4f58f1cd,0.0,0.0,,,
b33caefe-bed3-448c-90ba-b804b3123f71,RENAME,2011,,,,,,,,,,,,,,,,,,,,,NON_SPATIAL,UNMEASURED,,,,,,149f2020-a4d9-4dff-a50f-44da4f58f1cd,0.0,0.0,,,
b3a80fb6-0f0c-48a9-bd48-c29fab94a485,NEW_DISTRICT,1997,,,,,,,,,,,,,,,,,,,,,UNMEASURED,UNMEASURED,,,,,,149f2020-a4d9-4dff-a50f-44da4f58f1cd,0.0,0.0,,,
b3fcd793-922e-4e06-99d5-e32faa66ef0b,SPLIT,2006,,,,,,,,,,,,,,,,,,,,,UNMEASURED,UNMEASURED,,,,,,149f2020-a4d9-4dff-a50f-44da4f58f1cd,0.0,0.0,,,
b449492f-e958-4576-8adc-21044c40c0dc,SPLIT,1997,,,,,,,,,,,,,,,,,,,,,UNMEASURED,UNMEASURED,,,,,,149f2020-a4d9-4dff-a50f-44da4f58f1cd,0.0,0.0,,,
b456ed55-2871-46c6-91cf-33a51eea366c,SPLIT,1994,,,,,,,,,,,,,,,,,,,,,UNMEASURED,UNMEASURED,,,,,,149f2020-a4d9-4dff-a50f-44da4f58f1cd,0.0,0.0,,,
b4d03807-ff3d-4722-aa85-20757f438c38,NEW_DISTRICT,2004,IND-000409,Lohit,Arunachal Pradesh,IND-000749,Anjaw,Arunachal Pradesh,2371,3741,23804.684843820523,,23804.684843820523,6130.836274812929,,,,,,0.0,,UNMEASURED,UNMEASURED,UNMEASURED,FORMED_FROM,,1.00,NONE,No geometric data available for this lineage pair,149f2020-a4d9-4dff-a50f-44da4f58f1cd,23804.684843820523,0.0,0.0,0.0,6130.836274812929
b4d87243-88ff-4013-bfb0-8009bbc05409,SPLIT,2016,IND-000332,Warangal,Andhra Pradesh,IND-000816,Medak,Telangana,1885,3993,12801.523008191938,,,2749.53751080338,,,,,,0.0,0.22348652336231423,UNMEASURED,UNMEASURED,UNMEASURED,FORMED_FROM,,1.00,NONE,No geometric data available for this lineage pair,149f2020-a4d9-4dff-a50f-44da4f58f1cd,0.0,2860.967870843491,12801.523008191938,,2749.53751080338
b50e6452-8af0-4a95-89fe-da14af358fd6,SPLIT,1993,,,,,,,,,,,,,,,,,,,,,UNMEASURED,UNMEASURED,,,,,,149f2020-a4d9-4dff-a50f-44da4f58f1cd,0.0,0.0,,,
b51c213b-6f15-469d-ae78-c6abfcf5b269,NEW_DISTRICT,1985,IND-000415,Ramanathapuram,Tamil Nadu,IND-000527,Kamarajar,Tamil_nadu,2395,2848,12652.424760914375,,4076.9458751269203,4323.393603507275,4323.312018552735,4323.312018552735,4323.312018552735,0.3416982989622848,0.17136946983768503,1.0,0.9939275022903966,AREA_WEIGHTED,MEASURED,MEASURED_NORMALIZED,FORMED_FROM,,1.00,PROPORTIONAL_APPORTIONMENT,Weights normalized (pre-normalization sum=1.994) due to overlapping target geometries detected in crosswalk_errors,149f2020-a4d9-4dff-a50f-44da4f58f1cd,4076.9458751269203,12575.592940532793,4252.166867234719,-8575.478885787456,4323.393603507275
b54078c4-eb81-41f8-95bb-f9ada9abbcd9,NEW_DISTRICT,1986,IND-000522,,,IND-000898,Bangalore Rural,Karnataka,,4202,,,2172.38608700789,5815.983966864355,,,,,,,,,UNMEASURED,UNMEASURED,FORMED_FROM,,1.00,,,149f2020-a4d9-4dff-a50f-44da4f58f1cd,2172.38608700789,0.0,,,5815.983966864355
b58eb440-4477-4b2f-8eb4-95be20469f9f,NEW_DISTRICT,2012,IND-000394,East Garo Hills,Meghalaya,IND-000855,North Garo Hills,Meghalaya,2284,4093,2755.7943622965463,,1641.8035742347379,1181.0953982494816,1145.691594574162,1145.691594574162,1145.691594574162,0.41573914594244177,0.4150615800206426,1.0,0.001632446736615334,AREA_WEIGHTED,MEASURED,MEASURED_NORMALIZED,FORMED_FROM,,1.00,PROPORTIONAL_APPORTIONMENT,Weights normalized (pre-normalization sum=1.002) due to overlapping target geometries detected in crosswalk_errors,149f2020-a4d9-4dff-a50f-44da4f58f1cd,1641.8035742347379,4.498687513513932,-31.700806512353665,-1113.9907880618084,1181.0953982494816
b5902bc1-0c94-4031-9f24-8175443f77f0,NEW_DISTRICT,1990,IND-000359,Purnia,Bihar,IND-000494,Kishanganj,Bihar,2064,2725,7955.404411519088,,3205.1139026208075,1936.1510363077173,1935.9771844434945,1935.9771844434945,1935.9771844434945,0.2433537107981942,0.1216752030671791,1.0,1.0000271597149846,AREA_WEIGHTED,MEASURED,MEASURED_NORMALIZED,FORMED_FROM,,1.00,PROPORTIONAL_APPORTIONMENT,Weights normalized (pre-normalization sum=2.000) due to overlapping target geometries detected in crosswalk_errors,149f2020-a4d9-4dff-a50f-44da4f58f1cd,3205.1139026208075,7955.620478035492,2814.313324454786,-4750.290508898281,1936.1510363077173
b593f6ad-f6a3-4568-8df8-eb9e1fd77afa,SPLIT,1979,,,,,,,,,,,,,,,,,,,,,UNMEASURED,UNMEASURED,,,,,,149f2020-a4d9-4dff-a50f-44da4f58f1cd,0.0,0.0,,,
b5e24260-e276-47cd-97a1-b2ab3b78fb89,NEW_DISTRICT,2020,,,,,,,,,,,,,,,,,,,,,UNMEASURED,UNMEASURED,,,,,,149f2020-a4d9-4dff-a50f-44da4f58f1cd,0.0,0.0,,,
b622248f-a38e-4a95-858b-639b4cb21f98,NEW_DISTRICT,1972,IND-000366,Hisar,Haryana,IND-000450,Bhiwani,Haryana,2109,2594,14448.868217361625,,4018.5077856250714,4907.662181610147,3485.273701933175,3485.273701933175,3485.273701933175,0.24121430478169234,0.2025082394757729,1.0,0.19113328626092763,AREA_WEIGHTED,MEASURED,MEASURED_NORMALIZED,FORMED_FROM,,1.00,PROPORTIONAL_APPORTIONMENT,Weights normalized (pre-normalization sum=1.191) due to overlapping target geometries detected in crosswalk_errors,149f2020-a4d9-4dff-a50f-44da4f58f1cd,4018.5077856250714,2761.6596651353984,6945.086729803379,-10430.360431736553,4907.662181610147
b637b31d-e552-4b19-ae83-9c2444e509a5,RENAME,1971,,,,,,,,,,,,,,,,,,,,,NON_SPATIAL,UNMEASURED,,,,,,149f2020-a4d9-4dff-a50f-44da4f58f1cd,0.0,0.0,,,
b6533711-237f-4fdd-8c9c-f2ff1e65057e,SPLIT,2023,,,,,,,,,,,,,,,,,,,,,UNMEASURED,UNMEASURED,,,,,,149f2020-a4d9-4dff-a50f-44da4f58f1cd,0.0,0.0,,,
b661da75-34ef-4baf-90b2-55ed25443b2c,NEW_DISTRICT,1980,IND-000409,Lohit,Arunachal Pradesh,IND-000408,Dibang Valley,Arunachal Pradesh,2369,2364,23804.684843820523,,10306.055877942143,13498.610665069995,13498.505963657557,13498.505963657557,13498.505963657557,0.5670524962720371,0.19587756452950786,1.0,1.8949333612253167,AREA_WEIGHTED,MEASURED,MEASURED_NORMALIZED,FORMED_FROM,,1.00,PROPORTIONAL_APPORTIONMENT,Weights normalized (pre-normalization sum=2.895) due to overlapping target geometries detected in crosswalk_errors,149f2020-a4d9-4dff-a50f-44da4f58f1cd,10306.055877942143,45108.29146401018,0.12300222082194523,-13498.62896587838,13498.610665069995
b68e432d-3516-45c2-94b1-49c08f0c8188,RENAME,2011,,,,,,,,,,,,,,,,,,,,,NON_SPATIAL,UNMEASURED,,,,,,149f2020-a4d9-4dff-a50f-44da4f58f1cd,0.0,0.0,,,
b6c0ca4f-8ecc-4666-a61c-85539eab5b27,SPLIT,1972,,,,,,,,,,,,,,,,,,,,,UNMEASURED,UNMEASURED,,,,,,149f2020-a4d9-4dff-a50f-44da4f58f1cd,0.0,0.0,,,
b7472fa2-8b9e-4c8f-8f7d-936c1907793a,SPLIT,1992,,,,,,,,,,,,,,,,,,,,,UNMEASURED,UNMEASURED,,,,,,149f2020-a4d9-4dff-a50f-44da4f58f1cd,0.0,0.0,,,
b751a57a-3dc6-496f-929e-d23ebbdd86ef,NEW_DISTRICT,1998,IND-000186,Hoshangabad,Madhya Pradesh,IND-000673,Harda,Madhya Pradesh,921,3435,10006.261953968666,,6679.663335112327,3326.5202816198303,3326.4049004189405,3326.4049004189405,3326.4049004189405,,0.3324323224518051,1.0003863358692213,,AREA_WEIGHTED,MEASURED,MEASURED,FORMED_FROM,,1.00,NONE,Uniform spatial distribution assumed across district area; no ancillary data available for this build,149f2020-a4d9-4dff-a50f-44da4f58f1cd,6679.663335112327,0.0,0.19371843739827455,-3326.5986188563384,3326.5202816198303
b793006b-9e89-47fe-9e43-c733d8745b2f,NEW_DISTRICT,1997,IND-000116,Delhi,Delhi,IND-000597,South,Sikkim,633,3095,1467.8300703301863,626.7215517969696,,,,,,,,0.0,0.09796757451034721,UNMEASURED,UNMEASURED,UNMEASURED,FORMED_FROM,,1.00,NONE,No geometric data available for this lineage pair,149f2020-a4d9-4dff-a50f-44da4f58f1cd,0.0,143.79975178360073,1467.8300703301863,,
b82b944c-821a-4982-89cb-1c27421a95bf,SPLIT,2012,,,,,,,,,,,,,,,,,,,,,UNMEASURED,UNMEASURED,,,,,,149f2020-a4d9-4dff-a50f-44da4f58f1cd,0.0,0.0,,,
b84d8a3e-ca16-4422-a158-b8d5bfb6fcaa,SPLIT,1998,,,,,,,,,,,,,,,,,,,,,UNMEASURED,UNMEASURED,,,,,,149f2020-a4d9-4dff-a50f-44da4f58f1cd,0.0,0.0,,,
b85b08fc-41f7-44c3-b813-3ebdd67a3873,NEW_DISTRICT,2006,IND-000249,Amritsar,Punjab,IND-000733,Tarn Taran,Punjab,1234,3693,5070.593651211352,,2615.0313306498983,2380.3904003896455,2347.4174227715043,2347.4174227715043,2347.4174227715043,,0.4629472571146994,0.9899558307163487,,AREA_WEIGHTED,MEASURED,MEASURED,FORMED_FROM,,1.00,NONE,Uniform spatial distribution assumed across district area; no ancillary data available for this build,149f2020-a4d9-4dff-a50f-44da4f58f1cd,2615.0313306498983,0.0,108.14489778994994,-2455.562320561454,2380.3904003896455
b8843595-8ab4-46a0-8c65-a8bf4bb5addb,SPLIT,1973,IND-000141,Sikkim,Sikkim,IND-000937,West District,Sikkim,706,4311,7090.027624325411,,,1173.7069954160215,1155.0014208077694,1155.0014208077694,1155.0014208077694,0.162905066384373,0.08228489207855214,1.0,0.9797688526936139,AREA_WEIGHTED,MEASURED,MEASURED_NORMALIZED,SPLIT_FROM,,1.00,PROPORTIONAL_APPORTIONMENT,Weights normalized (pre-normalization sum=1.980) due to overlapping target geometries detected in crosswalk_errors,149f2020-a4d9-4dff-a50f-44da4f58f1cd,0.0,6946.588231051337,5935.026203517642,,1173.7069954160215
b89be0a0-dbe9-4938-9bb8-a99c539469a3,SPLIT,2019,,,,,,,,,,,,,,,,,,,,,UNMEASURED,UNMEASURED,,,,,,149f2020-a4d9-4dff-a50f-44da4f58f1cd,0.0,0.0,,,
b8ac3175-6978-478c-86ed-75c3ce981a36,SPLIT,2016,,,,,,,,,,,,,,,,,,,,,UNMEASURED,UNMEASURED,,,,,,149f2020-a4d9-4dff-a50f-44da4f58f1cd,0.0,0.0,,,
b8b8b375-02d4-4b63-9335-ab1e10b07ad3,NEW_DISTRICT,2006,IND-000349,Rupnagar,Punjab,IND-000734,Sahibzada Ajit Singh Nagar,Punjab,1998,3696,2036.9137477683262,,1369.2371135563283,1227.9356793397262,691.7516902239433,691.7516902239433,691.7516902239433,,0.3396077477418163,0.99074960874919,,AREA_WEIGHTED,MEASURED,MEASURED,FORMED_FROM,,1.00,NONE,Uniform spatial distribution assumed across district area; no ancillary data available for this build,149f2020-a4d9-4dff-a50f-44da4f58f1cd,1369.2371135563283,0.0,-24.075056011945435,-667.6766342119979,1227.9356793397262
b9739609-f30b-42d7-bd67-c023bf5fa402,NEW_DISTRICT,2003,IND-000672,East Nimar,Madhya Pradesh,IND-000776,Burhanpur,Madhya Pradesh,3431,3833,10740.816873917358,,7297.395396154263,3238.6663260244195,3224.7093166640902,3224.7093166640902,3224.7093166640902,,0.3002294289640918,0.9958514611083327,,AREA_WEIGHTED,MEASURED,MEASURED,FORMED_FROM,,1.00,NONE,Uniform spatial distribution assumed across district area; no ancillary data available for this build,149f2020-a4d9-4dff-a50f-44da4f58f1cd,7297.395396154263,0.0,218.71216109900524,-3443.421477763095,3238.6663260244195
b97e82fc-8351-4d63-8df2-9754bbb90104,SPLIT,1972,IND-000376,Ernakulam,Kerala,IND-000381,Idukki,Kerala,2175,2205,2924.998493951632,,2116.055006750171,5319.394260539433,808.9834360259337,808.9834360259337,808.9834360259337,0.2765756760896681,0.19408082475936903,1.0,0.4250541053325605,AREA_WEIGHTED,MEASURED,MEASURED_NORMALIZED,FORMED_FROM,,1.00,PROPORTIONAL_APPORTIONMENT,Weights normalized (pre-normalization sum=1.425) due to overlapping target geometries detected in crosswalk_errors,149f2020-a4d9-4dff-a50f-44da4f58f1cd,2116.055006750171,1243.282617945698,-0.039948824472503475,-808.9434872014613,5319.394260539433
b9dc2bc1-b59b-474f-baf1-9a5d973abe1f,NEW_DISTRICT,1970,,,,,,,,,,,,,,,,,,,,,UNMEASURED,UNMEASURED,,,,,,149f2020-a4d9-4dff-a50f-44da4f58f1cd,0.0,0.0,,,
ba13e49c-61ea-4dd0-bdee-00789f41a6ff,NEW_DISTRICT,1994,IND-000445,Munger,Bihar,IND-000591,Sheikhpura,Bihar,2570,3072,6405.989090355114,,1431.9014196866117,668.4336572419069,668.3760656835619,668.3760656835619,668.3760656835619,0.10433612300243719,0.05216664218662558,1.0,1.0000544146425194,AREA_WEIGHTED,MEASURED,MEASURED_NORMALIZED,FORMED_FROM,,1.00,PROPORTIONAL_APPORTIONMENT,Weights normalized (pre-normalization sum=2.000) due to overlapping target geometries detected in crosswalk_errors,149f2020-a4d9-4dff-a50f-44da4f58f1cd,1431.9014196866117,6406.337669961449,4305.711604984941,-4974.087670668502,668.4336572419069
ba1917d0-d852-475d-8ec5-3a0abfdb8471,SPLIT,1973,,,,,,,,,,,,,,,,,,,,,UNMEASURED,UNMEASURED,,,,,,149f2020-a4d9-4dff-a50f-44da4f58f1cd,0.0,0.0,,,
ba1a9425-92e1-44a1-a6a7-7be34b595617,NEW_DISTRICT,1957,IND-000212,Malabar,Madras,IND-000335,Kozhikode,Kerala,1038,1897,12789.189098051245,,,6574.145904678048,6573.846948370346,6573.846948370346,6573.846948370346,0.5140159315786516,0.3705636849384977,1.0,0.387119009419292,AREA_WEIGHTED,MEASURED,MEASURED_NORMALIZED,FORMED_FROM,,1.00,PROPORTIONAL_APPORTIONMENT,Weights normalized (pre-normalization sum=1.387) due to overlapping target geometries detected in crosswalk_errors,149f2020-a4d9-4dff-a50f-44da4f58f1cd,0.0,4950.938214913606,6215.3421496809,,6574.145904678048
ba3fe8d5-0dee-48d6-a023-0751ef3123f4,NEW_DISTRICT,2006,IND-000339,Doda,Jammu and Kashmir,IND-000729,Kishtwar,Jammu and Kashmir,1933,3677,11864.261557729396,,2432.7348161746036,7831.507421820365,7539.5204555837745,7539.5204555837745,7539.5204555837745,,0.6354816453512764,0.9998232224532806,,AREA_WEIGHTED,MEASURED,MEASURED,FORMED_FROM,,1.00,NONE,Uniform spatial distribution assumed across district area; no ancillary data available for this build,149f2020-a4d9-4dff-a50f-44da4f58f1cd,2432.7348161746036,0.0,1892.0062859710179,-9431.526741554793,7831.507421820365
ba4fff59-5c35-4b6f-a102-826b432523e9,NEW_DISTRICT,1998,IND-000665,Shahdol,Madhya Pradesh,IND-000664,Umaria,Madhya Pradesh,3383,3376,14039.843444701533,,9455.753692389977,4584.062914005914,4583.955227210299,4583.955227210299,4583.955227210299,0.32649617819921123,0.16314601745771118,1.0,1.0012512918609358,AREA_WEIGHTED,MEASURED,MEASURED_NORMALIZED,FORMED_FROM,,1.00,PROPORTIONAL_APPORTIONMENT,Weights normalized (pre-normalization sum=2.001) due to overlapping target geometries detected in crosswalk_errors,149f2020-a4d9-4dff-a50f-44da4f58f1cd,9455.753692389977,14057.4113865327,0.134525101257168,-4584.089752311556,4584.062914005914
bab7809e-2fc0-486d-9d74-96474e6a4dbe,SPLIT,1999,,,,,,,,,,,,,,,,,,,,,UNMEASURED,UNMEASURED,,,,,,149f2020-a4d9-4dff-a50f-44da4f58f1cd,0.0,0.0,,,
baffbecd-946b-45f8-b64d-e5a507d39d0a,SPLIT,2007,,,,,,,,,,,,,,,,,,,,,UNMEASURED,UNMEASURED,,,,,,149f2020-a4d9-4dff-a50f-44da4f58f1cd,0.0,0.0,,,
bb0968ae-240e-4392-b420-1a3c66bba671,NEW_DISTRICT,2002,IND-000305,Medinipur,West Bengal,IND-000760,Purba Medinipur,West Bengal,1693,3777,13461.533561726172,,,4015.0700115809605,3978.6409591054726,3978.6409591054726,3978.6409591054726,0.2955562931119188,0.24380583047840462,1.0,0.21226097231541785,AREA_WEIGHTED,MEASURED,MEASURED_NORMALIZED,FORMED_FROM,,1.00,PROPORTIONAL_APPORTIONMENT,Weights normalized (pre-normalization sum=1.212) due to overlapping target geometries detected in crosswalk_errors,149f2020-a4d9-4dff-a50f-44da4f58f1cd,0.0,2857.358202668627,9482.8926026207,,4015.0700115809605
bb1e4033-cddd-4ec9-adc5-85e8b3ba23d8,SPLIT,1987,,,,,,,,,,,,,,,,,,,,,UNMEASURED,UNMEASURED,,,,,,149f2020-a4d9-4dff-a50f-44da4f58f1cd,0.0,0.0,,,
bb6a750c-cb63-4f83-8948-84b1c9bde38b,RENAME,2001,,,,,,,,,,,,,,,,,,,,,NON_SPATIAL,UNMEASURED,,,,,,149f2020-a4d9-4dff-a50f-44da4f58f1cd,0.0,0.0,,,
bb8142ae-a83f-4536-8c7c-78296ed4a042,SPLIT,2022,,,,,,,,,,,,,,,,,,,,,UNMEASURED,UNMEASURED,,,,,,149f2020-a4d9-4dff-a50f-44da4f58f1cd,0.0,0.0,,,
bba75740-8799-44d9-abf0-ec83bf72c367,RENAME,2011,,,,,,,,,,,,,,,,,,,,,NON_SPATIAL,UNMEASURED,,,,,,149f2020-a4d9-4dff-a50f-44da4f58f1cd,0.0,0.0,,,
bc002874-3f31-4bf1-a190-8c55f596211b,NEW_DISTRICT,2022,,,,,,,,,,,,,,,,,,,,,UNMEASURED,UNMEASURED,,,,,,149f2020-a4d9-4dff-a50f-44da4f58f1cd,0.0,0.0,,,
bc39088c-934d-427e-b4dc-16fa635e0e52,SPLIT,2007,,,,,,,,,,,,,,,,,,,,,UNMEASURED,UNMEASURED,,,,,,149f2020-a4d9-4dff-a50f-44da4f58f1cd,0.0,0.0,,,
bc71d75c-420c-4048-a0c5-db359c3c03e7,NEW_DISTRICT,1993,IND-000231,Phulabani,Orissa,IND-000643,Kandhamal,Orissa,1132,3289,11200.06889810001,,,8093.316748345512,8093.282318331395,8093.282318331395,8093.282318331395,,0.7226100474885782,1.000055139174845,,AREA_WEIGHTED,MEASURED,MEASURED,FORMED_FROM,,1.00,NONE,Uniform spatial distribution assumed across district area; no ancillary data available for this build,149f2020-a4d9-4dff-a50f-44da4f58f1cd,0.0,0.0,3106.7865797686145,,8093.316748345512
bc733457-62fc-4019-8184-19b25e745356,SPLIT,1991,,,,,,,,,,,,,,,,,,,,,UNMEASURED,UNMEASURED,,,,,,149f2020-a4d9-4dff-a50f-44da4f58f1cd,0.0,0.0,,,
bcc6c824-d57f-49fd-b4e1-68f5f2fd6cd8,NEW_DISTRICT,2016,IND-000002,Mahbubnagar,Hyderabad,IND-000828,Wanaparthy,Telangana,4,4017,14756.90744277702,,,2171.8003701551897,1954.1573579794688,1954.1573579794688,1954.1573579794688,0.13242323065026468,0.04603838319607757,1.0,1.8763657943041538,AREA_WEIGHTED,MEASURED,MEASURED_NORMALIZED,FORMED_FROM,,1.00,PROPORTIONAL_APPORTIONMENT,Weights normalized (pre-normalization sum=2.876) due to overlapping target geometries detected in crosswalk_errors,149f2020-a4d9-4dff-a50f-44da4f58f1cd,0.0,27689.356355339183,12802.75008479755,,2171.8003701551897
bcef730e-ae90-4acb-b46c-12cd11e11934,SPLIT,1987,,,,,,,,,,,,,,,,,,,,,UNMEASURED,UNMEASURED,,,,,,149f2020-a4d9-4dff-a50f-44da4f58f1cd,0.0,0.0,,,
bd006fc3-4634-4848-9a05-596e6d4f3744,SPLIT,2003,,,,,,,,,,,,,,,,,,,,,UNMEASURED,UNMEASURED,,,,,,149f2020-a4d9-4dff-a50f-44da4f58f1cd,0.0,0.0,,,
bd431289-c40f-4ae2-86b3-d86a75fdd0a3,SPLIT,1994,,,,,,,,,,,,,,,,,,,,,UNMEASURED,UNMEASURED,,,,,,149f2020-a4d9-4dff-a50f-44da4f58f1cd,0.0,0.0,,,
bd5ac5fc-097e-44c8-a3ca-b598df378c5d,RENAME,1981,,,,,,,,,,,,,,,,,,,,,NON_SPATIAL,UNMEASURED,,,,,,149f2020-a4d9-4dff-a50f-44da4f58f1cd,0.0,0.0,,,
bd94ec90-d0cc-459a-81ed-1cb515324c54,SPLIT,2006,,,,,,,,,,,,,,,,,,,,,UNMEASURED,UNMEASURED,,,,,,149f2020-a4d9-4dff-a50f-44da4f58f1cd,0.0,0.0,,,
bd9f4a92-18da-4163-8e25-397a5ef07292,SPLIT,1972,,,,,,,,,,,,,,,,,,,,,UNMEASURED,UNMEASURED,,,,,,149f2020-a4d9-4dff-a50f-44da4f58f1cd,0.0,0.0,,,
be2b3b82-da4f-445e-a1e7-359a0071e852,SPLIT,1991,,,,,,,,,,,,,,,,,,,,,UNMEASURED,UNMEASURED,,,,,,149f2020-a4d9-4dff-a50f-44da4f58f1cd,0.0,0.0,,,
be62b96f-8a86-4baa-bed6-a19817ee4a8f,NEW_DISTRICT,1983,IND-000118,Santhal Pargana,Bihar,IND-000498,Sahibganj,Bihar,639,2738,,,,3930.9029986303653,,,,,,0.0,,UNMEASURED,UNMEASURED,UNMEASURED,FORMED_FROM,,1.00,NONE,No geometric data available for this lineage pair,149f2020-a4d9-4dff-a50f-44da4f58f1cd,0.0,0.0,,,3930.9029986303653
be93d1d1-d98b-4ec8-8505-bad7d778770b,NEW_DISTRICT,1997,IND-000540,,,IND-000541,Rudraprayag,Uttranchal,,2895,,,7702.950231553389,1961.8187602760506,,,,,,,,,UNMEASURED,UNMEASURED,FORMED_FROM,,1.00,,,149f2020-a4d9-4dff-a50f-44da4f58f1cd,7702.950231553389,0.0,,,1961.8187602760506
be9747d2-5e42-426b-ad09-0f38c4d82e68,NEW_DISTRICT,2004,IND-000341,Tuensang,Nagaland,IND-000750,Longleng,Nagaland,1949,3744,3795.5883605093786,,2234.2964866728844,565.2438020335437,538.2715694826985,538.2715694826985,538.2715694826985,0.1418150543096462,0.07116823140262517,1.0,0.9926735780090654,AREA_WEIGHTED,MEASURED,MEASURED_NORMALIZED,FORMED_FROM,,1.00,PROPORTIONAL_APPORTIONMENT,Weights normalized (pre-normalization sum=1.993) due to overlapping target geometries detected in crosswalk_errors,149f2020-a4d9-4dff-a50f-44da4f58f1cd,2234.2964866728844,3767.780278476407,1023.0203043537958,-1561.2918738364942,565.2438020335437
be9a6b5b-4b77-4f17-85dd-28b979b0de34,RENAME,1961,,,,,,,,,,,,,,,,,,,,,NON_SPATIAL,UNMEASURED,,,,,,149f2020-a4d9-4dff-a50f-44da4f58f1cd,0.0,0.0,,,
befbb401-114e-42c6-8ddb-8ad3ada37b8a,NEW_DISTRICT,1997,IND-000296,Bahraich,Uttar Pradesh,IND-000577,Shrawasti,Uttar Pradesh,1616,3015,6944.86733780256,,4110.08760368676,2510.098126074819,2510.0515830558043,2510.0515830558043,2510.0515830558043,,0.361425418365157,0.9999867968290572,,AREA_WEIGHTED,MEASURED,MEASURED,FORMED_FROM,,1.00,NONE,Uniform spatial distribution assumed across district area; no ancillary data available for this build,149f2020-a4d9-4dff-a50f-44da4f58f1cd,4110.08760368676,0.0,324.72815105999507,-2834.7797341157993,2510.098126074819
bf08daeb-e2a6-4df3-adf2-24a66a806306,RENAME,1971,,,,,,,,,,,,,,,,,,,,,NON_SPATIAL,UNMEASURED,,,,,,149f2020-a4d9-4dff-a50f-44da4f58f1cd,0.0,0.0,,,
bf2aee88-be8e-42d0-99ed-1c2cd73d5f82,NEW_DISTRICT,2003,,,,,,,,,,,,,,,,,,,,,UNMEASURED,UNMEASURED,,,,,,149f2020-a4d9-4dff-a50f-44da4f58f1cd,0.0,0.0,,,
bfb82e32-e16f-41c2-a60d-e8bce6369dc3,SPLIT,2019,,,,,,,,,,,,,,,,,,,,,UNMEASURED,UNMEASURED,,,,,,149f2020-a4d9-4dff-a50f-44da4f58f1cd,0.0,0.0,,,
bffa9ec5-5a04-4127-83d7-3a83d332ba58,SPLIT,1992,IND-000312,West Dinajpur,West Bengal,IND-000620,Dakshin Dinajpur,West Bengal,1745,3192,,,,2225.720882332637,,,,,,,,,UNMEASURED,UNMEASURED,SPLIT_FROM,,1.00,,,149f2020-a4d9-4dff-a50f-44da4f58f1cd,0.0,0.0,,,2225.720882332637
c004e142-a8c7-418a-8ce1-3af758f13553,NEW_DISTRICT,1982,IND-000385,Morena,Madhya Pradesh,IND-000033,Chhatapur,Madhya Bharat,2232,152,11631.731832989019,8757.953431575123,5015.033241651767,8757.867252086264,,,,,,0.0,1.0000971684135327,UNMEASURED,UNMEASURED,UNMEASURED,FORMED_FROM,,1.00,NONE,No geometric data available for this lineage pair,149f2020-a4d9-4dff-a50f-44da4f58f1cd,5015.033241651767,11632.862069917868,6616.698591337252,-6616.698591337252,-0.08617948885876103
c019f07e-4a2b-448a-a935-9d9279d7c3b0,NEW_DISTRICT,1989,IND-000018,Goalpara,Assam,IND-000506,Bongaigaon,Assam,51,2755,1988.9759990736204,2262.7300291362826,1988.9754628229373,2765.653636538783,,,,,,,,,UNMEASURED,UNMEASURED,FORMED_FROM,,1.00,,,149f2020-a4d9-4dff-a50f-44da4f58f1cd,1988.9754628229373,0.0,0.0005362506831261271,-0.0005362506831261271,502.92360740250024
c0249205-a3ec-4947-be91-5b40547c9208,SPLIT,1997,IND-000116,Delhi,Delhi,IND-000596,West,Sikkim,633,3092,1467.8300703301863,1252.3769355417658,,,,,,,,0.0,0.09796757451034721,UNMEASURED,UNMEASURED,UNMEASURED,SPLIT_FROM,,1.00,NONE,No geometric data available for this lineage pair,149f2020-a4d9-4dff-a50f-44da4f58f1cd,0.0,143.79975178360073,1467.8300703301863,,
c0546caa-414c-4194-bbae-689362bad9b4,NEW_DISTRICT,2016,IND-000818,,,IND-000830,Yadadri Bhuvanagiri,Telangana,,4020,,,7203.242884027627,3260.815212580919,,,,,,,,,UNMEASURED,UNMEASURED,FORMED_FROM,,1.00,,,149f2020-a4d9-4dff-a50f-44da4f58f1cd,7203.242884027627,0.0,,,3260.815212580919
c0d378b4-20e0-4402-a84d-b07364f1580a,NEW_DISTRICT,1981,IND-000115,Saharsa,Bihar,IND-000496,Madhepura,Bihar,623,2731,5894.935645083876,,5894.935645083876,1813.859168051643,1813.7597260866087,1813.7597260866087,1813.7597260866087,0.3076810054065996,0.21822678995937358,1.0,0.40991399572838616,AREA_WEIGHTED,MEASURED,MEASURED_NORMALIZED,FORMED_FROM,,1.00,PROPORTIONAL_APPORTIONMENT,Weights normalized (pre-normalization sum=1.410) due to overlapping target geometries detected in crosswalk_errors,149f2020-a4d9-4dff-a50f-44da4f58f1cd,5894.935645083876,2416.4166248380234,-1813.7597260866087,0.0,1813.859168051643
c1056f69-1359-4387-9005-01ca18b8be51,SPLIT,1986,,,,,,,,,,,,,,,,,,,,,UNMEASURED,UNMEASURED,,,,,,149f2020-a4d9-4dff-a50f-44da4f58f1cd,0.0,0.0,,,
c1082167-a5a0-4dd0-8a05-e2b14b804853,SPLIT,2015,,,,,,,,,,,,,,,,,,,,,UNMEASURED,UNMEASURED,,,,,,149f2020-a4d9-4dff-a50f-44da4f58f1cd,0.0,0.0,,,
c121addd-804e-4e9b-a419-4e7860e282a8,NEW_DISTRICT,1983,IND-000019,Kamrup,Assam,IND-000420,Barpeta,Assam,60,2423,4588.649941153584,3254.1471730193616,4588.641089611689,2866.10635503291,0.10100090252652318,0.10100090252652318,0.10100090252652318,2.2011028041317877e-05,1.850485223916342e-05,1.0,0.18947332066418965,AREA_WEIGHTED,MEASURED,MEASURED_NORMALIZED,FORMED_FROM,,1.00,PROPORTIONAL_APPORTIONMENT,Weights normalized (pre-normalization sum=1.189) due to overlapping target geometries detected in crosswalk_errors,149f2020-a4d9-4dff-a50f-44da4f58f1cd,4588.641089611689,869.4267417159081,-0.09214936063108325,-0.008851541895637638,-388.04081798645166
c1369045-0ff1-42de-a57e-5714f795e0cc,SPLIT,1991,IND-000122,Dhanbad,Bihar,IND-000629,Bokaro,Jharkhand,652,3228,2985.749724880524,,2985.749724880524,2865.9355338888045,950.9617035586664,950.9617035586664,950.9617035586664,0.31850013939018934,0.31778632569398796,1.0,0.002246206455367661,AREA_WEIGHTED,MEASURED,MEASURED_NORMALIZED,FORMED_FROM,,1.00,PROPORTIONAL_APPORTIONMENT,Weights normalized (pre-normalization sum=1.002) due to overlapping target geometries detected in crosswalk_errors,149f2020-a4d9-4dff-a50f-44da4f58f1cd,2985.749724880524,6.70661030613885,-950.9617035586662,0.0,2865.9355338888045
c157c743-b032-4f32-950b-eae6c31d7c98,NEW_DISTRICT,2022,,,,,,,,,,,,,,,,,,,,,UNMEASURED,UNMEASURED,,,,,,149f2020-a4d9-4dff-a50f-44da4f58f1cd,0.0,0.0,,,
c2167ff1-ea53-429d-94f1-aed98fb1eb78,RENAME,2011,,,,,,,,,,,,,,,,,,,,,NON_SPATIAL,UNMEASURED,,,,,,149f2020-a4d9-4dff-a50f-44da4f58f1cd,0.0,0.0,,,
c21f5f1b-9576-4e8c-bbe9-e3e0b9123325,SPLIT,1997,,,,,,,,,,,,,,,,,,,,,UNMEASURED,UNMEASURED,,,,,,149f2020-a4d9-4dff-a50f-44da4f58f1cd,0.0,0.0,,,
c23f08dd-708e-4029-b712-cd397b4f58ed,SPLIT,2016,,,,,,,,,,,,,,,,,,,,,UNMEASURED,UNMEASURED,,,,,,149f2020-a4d9-4dff-a50f-44da4f58f1cd,0.0,0.0,,,
c2837a36-b285-4202-962a-47b946b52c26,NEW_DISTRICT,1979,IND-000334,Srinagar,Jammu and Kashmir,IND-000428,Badgam,Jammu and Kashmir,1891,2469,3202.455973293259,,1759.9148357009474,1442.5532305247,1442.5252215378682,1442.5252215378682,1442.5252215378682,0.45044342016494343,0.18395958012450353,1.0,1.4485999579912296,AREA_WEIGHTED,MEASURED,MEASURED_NORMALIZED,FORMED_FROM,,1.00,PROPORTIONAL_APPORTIONMENT,Weights normalized (pre-normalization sum=2.449) due to overlapping target geometries detected in crosswalk_errors,149f2020-a4d9-4dff-a50f-44da4f58f1cd,1759.9148357009474,4639.077588381378,0.015916054443096073,-1442.5411375923115,1442.5532305247
c285ee1b-d90c-49c4-b5f7-c4a48b4fb825,SPLIT,2007,,,,,,,,,,,,,,,,,,,,,UNMEASURED,UNMEASURED,,,,,,149f2020-a4d9-4dff-a50f-44da4f58f1cd,0.0,0.0,,,
c375ba12-91c3-4df7-9352-2ff204a17ed8,NEW_DISTRICT,2013,,,,,,,,,,,,,,,,,,,,,UNMEASURED,UNMEASURED,,,,,,149f2020-a4d9-4dff-a50f-44da4f58f1cd,0.0,0.0,,,
c376ba7b-b43f-4658-8e3d-ae133a859646,NEW_DISTRICT,1988,IND-000473,,,IND-000485,Siddharthnagar,Uttar_pradesh,,2704,,,4386.013718716861,2780.18627994716,,,,,,,,,UNMEASURED,UNMEASURED,FORMED_FROM,,1.00,,,149f2020-a4d9-4dff-a50f-44da4f58f1cd,4386.013718716861,0.0,,,2780.18627994716
c378689d-2162-4cce-97e6-dcd4a3a6fa7c,SPLIT,1974,,,,,,,,,,,,,,,,,,,,,UNMEASURED,UNMEASURED,,,,,,149f2020-a4d9-4dff-a50f-44da4f58f1cd,0.0,0.0,,,
c40cafb2-2ec0-4882-9906-ddbd903f8588,SPLIT,2019,,,,,,,,,,,,,,,,,,,,,UNMEASURED,UNMEASURED,,,,,,149f2020-a4d9-4dff-a50f-44da4f58f1cd,0.0,0.0,,,
c45d31f5-ba86-48f6-b2db-3879dc48e185,SPLIT,2006,,,,,,,,,,,,,,,,,,,,,UNMEASURED,UNMEASURED,,,,,,149f2020-a4d9-4dff-a50f-44da4f58f1cd,0.0,0.0,,,
c4b7e400-da02-42ef-87f6-d55c3a8125c9,SPLIT,1966,,,,,,,,,,,,,,,,,,,,,UNMEASURED,UNMEASURED,,,,,,149f2020-a4d9-4dff-a50f-44da4f58f1cd,0.0,0.0,,,
c4ccbb91-2a14-41f1-9aa1-9be79679c518,SPLIT,2023,,,,,,,,,,,,,,,,,,,,,UNMEASURED,UNMEASURED,,,,,,149f2020-a4d9-4dff-a50f-44da4f58f1cd,0.0,0.0,,,
c506a507-92f1-41dc-901a-7a40ea8bcf00,SPLIT,2013,,,,,,,,,,,,,,,,,,,,,UNMEASURED,UNMEASURED,,,,,,149f2020-a4d9-4dff-a50f-44da4f58f1cd,0.0,0.0,,,
c509b69c-bea4-405f-a9c6-5570b3dbe6af,SPLIT,2012,,,,,,,,,,,,,,,,,,,,,UNMEASURED,UNMEASURED,,,,,,149f2020-a4d9-4dff-a50f-44da4f58f1cd,0.0,0.0,,,
c53dcb64-5c5c-4944-b082-06bd861501e4,SPLIT,2019,IND-000814,,,IND-000889,Narayanpet,Telangana,,4186,,,18391.81834659842,2361.3145152685793,,,,,,,,,UNMEASURED,UNMEASURED,FORMED_FROM,,1.00,,,149f2020-a4d9-4dff-a50f-44da4f58f1cd,18391.81834659842,0.0,,,2361.3145152685793
c5f0e0a7-500f-4e16-aa7d-562a695bde99,NEW_DISTRICT,1976,IND-000024,United Khasi and Jaintia Hills,Assam,IND-000392,East Khasi Hills,Meghalaya,100,2269,14088.541902295321,,,5191.325569542654,5191.287905281777,5191.287905281777,5191.287905281777,0.3684758821234727,0.23756527093987093,1.0,0.5510511307721235,AREA_WEIGHTED,MEASURED,MEASURED_NORMALIZED,FORMED_FROM,,1.00,PROPORTIONAL_APPORTIONMENT,Weights normalized (pre-normalization sum=1.551) due to overlapping target geometries detected in crosswalk_errors,149f2020-a4d9-4dff-a50f-44da4f58f1cd,0.0,7763.506946190281,8897.253997013544,,5191.325569542654
c5f4bdec-3d54-48c5-a253-88fdd4f2237a,NEW_DISTRICT,1969,IND-000130,Manipur,Manipur,IND-000348,Manipur East,Manipur,691,1988,22478.364538398026,,,4530.03530654014,4529.96684522807,4529.96684522807,4529.96684522807,0.20152564202301657,0.11556594592347075,1.0,0.7438151041178636,AREA_WEIGHTED,MEASURED,MEASURED_NORMALIZED,FORMED_FROM,,1.00,PROPORTIONAL_APPORTIONMENT,Weights normalized (pre-normalization sum=1.744) due to overlapping target geometries detected in crosswalk_errors,149f2020-a4d9-4dff-a50f-44da4f58f1cd,0.0,16719.74705952782,17948.397693169954,,4530.03530654014
c5f524a5-0847-40a1-a809-b5c9ae3f7952,NEW_DISTRICT,1997,IND-000714,,,IND-000715,Namakkal,Tamilnadu,,3644,,,5261.686504847459,3453.0861597488383,,,,,,,,,UNMEASURED,UNMEASURED,FORMED_FROM,,1.00,,,149f2020-a4d9-4dff-a50f-44da4f58f1cd,5261.686504847459,0.0,,,3453.0861597488383
c62f0269-2129-44b0-98c9-63dba213d276,RENAME,2011,,,,,,,,,,,,,,,,,,,,,NON_SPATIAL,UNMEASURED,,,,,,149f2020-a4d9-4dff-a50f-44da4f58f1cd,0.0,0.0,,,
c6b76829-dd10-4585-88cc-3fd8c1254182,SPLIT,1989,,,,,,,,,,,,,,,,,,,,,UNMEASURED,UNMEASURED,,,,,,149f2020-a4d9-4dff-a50f-44da4f58f1cd,0.0,0.0,,,
c6b9d243-e257-4de5-99dd-200aec5cb97d,SPLIT,2014,,,,,,,,,,,,,,,,,,,,,UNMEASURED,UNMEASURED,,,,,,149f2020-a4d9-4dff-a50f-44da4f58f1cd,0.0,0.0,,,
c74d8665-6264-4d95-8328-49e8356753bf,SPLIT,2022,,,,,,,,,,,,,,,,,,,,,UNMEASURED,UNMEASURED,,,,,,149f2020-a4d9-4dff-a50f-44da4f58f1cd,0.0,0.0,,,
c78f812e-64d4-462d-a9fd-5cf5636f2fdc,SPLIT,1989,,,,,,,,,,,,,,,,,,,,,UNMEASURED,UNMEASURED,,,,,,149f2020-a4d9-4dff-a50f-44da4f58f1cd,0.0,0.0,,,
c7a26a5b-e69d-4277-b892-cb9587df3311,SPLIT,1979,,,,,,,,,,,,,,,,,,,,,UNMEASURED,UNMEASURED,,,,,,149f2020-a4d9-4dff-a50f-44da4f58f1cd,0.0,0.0,,,
c7d2cdd3-4479-4984-8c2e-ab4109cce4e1,SPLIT,1995,IND-000532,Tiruchchirappalli,Tamil_nadu,IND-000716,Karur,Tamilnadu,2857,3645,10927.182968699864,,,2874.884762692886,2874.601847784248,2874.601847784248,2874.601847784248,0.2630688857337101,0.22655654752526797,1.0,0.161162140786816,AREA_WEIGHTED,MEASURED,MEASURED_NORMALIZED,SPLIT_FROM,,1.00,PROPORTIONAL_APPORTIONMENT,Weights normalized (pre-normalization sum=1.161) due to overlapping target geometries detected in crosswalk_errors,149f2020-a4d9-4dff-a50f-44da4f58f1cd,0.0,1761.0482000049058,8052.581120915616,,2874.884762692886
c7d7da70-585f-43ee-8618-9c28407b6998,SPLIT,2022,,,,,,,,,,,,,,,,,,,,,UNMEASURED,UNMEASURED,,,,,,149f2020-a4d9-4dff-a50f-44da4f58f1cd,0.0,0.0,,,
c7e89bc8-b0df-4fac-ae3b-b18c9a0cfa4e,NEW_DISTRICT,1994,IND-000498,Sahibganj,Bihar,IND-000626,Pakaur,Jharkhand,2738,3216,3930.9029986303653,,,1803.1577412669683,1803.085667611365,1803.085667611365,1803.085667611365,,0.458695029676288,1.0000530950788267,,AREA_WEIGHTED,MEASURED,MEASURED,FORMED_FROM,,1.00,NONE,Uniform spatial distribution assumed across district area; no ancillary data available for this build,149f2020-a4d9-4dff-a50f-44da4f58f1cd,0.0,0.0,2127.8173310190004,,1803.1577412669683
c842a552-cadf-4fc9-9424-59b02f398fd1,NEW_DISTRICT,2016,IND-000345,Tamenglong,Manipur,IND-000872,Noney,Manipur,1977,4133,4111.341987282279,,3150.8760670180172,1217.0130097569465,1026.518540573278,1026.518540573278,1026.518540573278,0.24967967728022492,0.1251995487117318,1.0,0.9942538120093778,AREA_WEIGHTED,MEASURED,MEASURED_NORMALIZED,FORMED_FROM,,1.00,PROPORTIONAL_APPORTIONMENT,Weights normalized (pre-normalization sum=1.994) due to overlapping target geometries detected in crosswalk_errors,149f2020-a4d9-4dff-a50f-44da4f58f1cd,3150.8760670180172,4087.7174433296163,-66.05262030901667,-960.4659202642615,1217.0130097569465
c85dbaff-0607-404c-96e4-0f2f26811191,SPLIT,2007,,,,,,,,,,,,,,,,,,,,,UNMEASURED,UNMEASURED,,,,,,149f2020-a4d9-4dff-a50f-44da4f58f1cd,0.0,0.0,,,
c86c4cc0-13b5-4e77-8fa1-57a5f2aa1489,RENAME,1951,,,,,,,,,,,,,,,,,,,,,NON_SPATIAL,UNMEASURED,,,,,,149f2020-a4d9-4dff-a50f-44da4f58f1cd,0.0,0.0,,,
c8755bfb-91b9-49a9-ad61-ef4009fc9f10,SPLIT,2016,,,,,,,,,,,,,,,,,,,,,UNMEASURED,UNMEASURED,,,,,,149f2020-a4d9-4dff-a50f-44da4f58f1cd,0.0,0.0,,,
c890b71c-192c-461a-949e-c96066f9f6fc,NEW_DISTRICT,2012,IND-000662,Dakshin Bastar Dantewada,Chhattisgarh,IND-000891,Sukma,Chhattisgarh,3365,4191,,,,5274.410766981711,,,,,,0.0,,UNMEASURED,UNMEASURED,UNMEASURED,FORMED_FROM,,1.00,NONE,No geometric data available for this lineage pair,149f2020-a4d9-4dff-a50f-44da4f58f1cd,0.0,0.0,,,5274.410766981711
c8952077-97aa-4898-b7b0-69e45207a201,SPLIT,1985,,,,,,,,,,,,,,,,,,,,,UNMEASURED,UNMEASURED,,,,,,149f2020-a4d9-4dff-a50f-44da4f58f1cd,0.0,0.0,,,
c895ec68-54be-4fca-9ce3-c112d7e32dff,SPLIT,1997,,,,,,,,,,,,,,,,,,,,,UNMEASURED,UNMEASURED,,,,,,149f2020-a4d9-4dff-a50f-44da4f58f1cd,0.0,0.0,,,
c8b39090-25ea-460f-95de-2763d32266f0,NEW_DISTRICT,1989,IND-000010,Cachar,Assam,IND-000509,Hailakandi,Assam,24,2773,3826.3754280742737,1341.7134884763204,4558.908692679175,1341.7347721250133,0.10732585852245335,0.10732585852245335,0.10732585852245335,2.8048961880478096e-05,2.784244722661743e-05,1.0,0.0074172594161636685,AREA_WEIGHTED,MEASURED,MEASURED_NORMALIZED,FORMED_FROM,,1.00,PROPORTIONAL_APPORTIONMENT,Weights normalized (pre-normalization sum=1.007) due to overlapping target geometries detected in crosswalk_errors,149f2020-a4d9-4dff-a50f-44da4f58f1cd,4558.908692679175,28.381219173661194,-732.6405904634235,732.5332646049014,0.021283648692815405
c8b74a4b-f9ed-428b-bf90-b54bbd27e4f5,SPLIT,1997,,,,,,,,,,,,,,,,,,,,,UNMEASURED,UNMEASURED,,,,,,149f2020-a4d9-4dff-a50f-44da4f58f1cd,0.0,0.0,,,
c8c0b7dd-a1a3-4b80-b226-a1e8e6ca648b,NEW_DISTRICT,1988,IND-000472,,,IND-000482,Mau,Uttar_pradesh,,2700,,,3688.2566627520755,2219.6736403044138,,,,,,,,,UNMEASURED,UNMEASURED,FORMED_FROM,,1.00,,,149f2020-a4d9-4dff-a50f-44da4f58f1cd,3688.2566627520755,0.0,,,2219.6736403044138
c8f69520-688a-4298-9116-0e4f2d94c621,SPLIT,2016,,,,,,,,,,,,,,,,,,,,,UNMEASURED,UNMEASURED,,,,,,149f2020-a4d9-4dff-a50f-44da4f58f1cd,0.0,0.0,,,
c90c91d9-8688-4e72-a77a-6f56b6372d7a,SPLIT,2019,,,,,,,,,,,,,,,,,,,,,UNMEASURED,UNMEASURED,,,,,,149f2020-a4d9-4dff-a50f-44da4f58f1cd,0.0,0.0,,,
c924ea3f-20a3-4d25-824f-dba4e19fe0fe,SPLIT,2022,,,,,,,,,,,,,,,,,,,,,UNMEASURED,UNMEASURED,,,,,,149f2020-a4d9-4dff-a50f-44da4f58f1cd,0.0,0.0,,,
c92c5513-f102-4e4b-a44e-e691a3705c4d,NEW_DISTRICT,1998,IND-000661,,,IND-000660,Kanker,Chhattisgarh,,3356,,,11380.833455543801,7239.028613937452,,,,,,,,,UNMEASURED,UNMEASURED,FORMED_FROM,,1.00,,,149f2020-a4d9-4dff-a50f-44da4f58f1cd,11380.833455543801,0.0,,,7239.028613937452
c937a010-63af-492f-9e33-79670c456840,SPLIT,1996,,,,,,,,,,,,,,,,,,,,,UNMEASURED,UNMEASURED,,,,,,149f2020-a4d9-4dff-a50f-44da4f58f1cd,0.0,0.0,,,
c97bc74e-a010-4316-88c4-f70c491fd895,SPLIT,1970,IND-000044,United Mikir and North Cachar Hills,Assam,IND-000356,Mikir Hills,Assam,225,2041,15178.317373301981,,,10282.027432826195,10281.97700894336,10281.97700894336,10281.97700894336,0.6774121765979755,0.5663284421765039,1.0,0.1961471933045713,AREA_WEIGHTED,MEASURED,MEASURED_NORMALIZED,SPLIT_FROM,,1.00,PROPORTIONAL_APPORTIONMENT,Weights normalized (pre-normalization sum=1.196) due to overlapping target geometries detected in crosswalk_errors,149f2020-a4d9-4dff-a50f-44da4f58f1cd,0.0,2977.184351859197,4896.340364358621,,10282.027432826195
c982e7b2-2976-47e6-95aa-e65341962095,SPLIT,1997,,,,,,,,,,,,,,,,,,,,,UNMEASURED,UNMEASURED,,,,,,149f2020-a4d9-4dff-a50f-44da4f58f1cd,0.0,0.0,,,
c9a2789b-d744-4949-a86a-7f26e6e21f96,SPLIT,2012,,,,,,,,,,,,,,,,,,,,,UNMEASURED,UNMEASURED,,,,,,149f2020-a4d9-4dff-a50f-44da4f58f1cd,0.0,0.0,,,
c9ba2f5f-48dc-4606-9184-139628552762,NEW_DISTRICT,1995,IND-000532,Tiruchchirappalli,Tamil_nadu,IND-000717,Perambalur,Tamilnadu,2857,3649,10927.182968699864,,,1730.1905198110492,1730.1847179994945,1730.1847179994945,1730.1847179994945,0.1583376724774798,0.13636138047886104,1.0,0.161162140786816,AREA_WEIGHTED,MEASURED,MEASURED_NORMALIZED,FORMED_FROM,,1.00,PROPORTIONAL_APPORTIONMENT,Weights normalized (pre-normalization sum=1.161) due to overlapping target geometries detected in crosswalk_errors,149f2020-a4d9-4dff-a50f-44da4f58f1cd,0.0,1761.0482000049058,9196.99825070037,,1730.1905198110492
ca589753-4a18-4d26-9e3d-c01158e780c1,NEW_DISTRICT,1990,IND-000124,Singhbhum,Bihar,IND-000631,Pashchimi Singhbhum,Jharkhand,658,3240,13468.991605306794,,,9899.482822783024,9899.33962849302,9899.33962849302,9899.33962849302,0.734972588786281,0.14555683334122949,1.0,4.049385672353023,AREA_WEIGHTED,MEASURED,MEASURED_NORMALIZED,FORMED_FROM,,1.00,PROPORTIONAL_APPORTIONMENT,Weights normalized (pre-normalization sum=5.049) due to overlapping target geometries detected in crosswalk_errors,149f2020-a4d9-4dff-a50f-44da4f58f1cd,0.0,54541.14162757248,3569.651976813773,,9899.482822783024
ca80deb0-03e4-44a2-8660-43dccc7641fa,SPLIT,1997,,,,,,,,,,,,,,,,,,,,,UNMEASURED,UNMEASURED,,,,,,149f2020-a4d9-4dff-a50f-44da4f58f1cd,0.0,0.0,,,
cac824a5-b1f4-4be6-9ec3-480b5abd1eec,SPLIT,2011,,,,,,,,,,,,,,,,,,,,,UNMEASURED,UNMEASURED,,,,,,149f2020-a4d9-4dff-a50f-44da4f58f1cd,0.0,0.0,,,
cad89170-fc17-4191-8ae1-4763ec902a5e,NEW_DISTRICT,2014,IND-000409,Lohit,Arunachal Pradesh,IND-000867,Namsai,Arunachal Pradesh,2372,4123,23804.684843820523,,23804.684843820523,1340.95042730987,,,,,,0.0,,UNMEASURED,UNMEASURED,UNMEASURED,FORMED_FROM,,1.00,NONE,No geometric data available for this lineage pair,149f2020-a4d9-4dff-a50f-44da4f58f1cd,23804.684843820523,0.0,0.0,0.0,1340.95042730987
caee3e28-8614-4d11-8812-65c5dd9d1372,SPLIT,1972,,,,,,,,,,,,,,,,,,,,,UNMEASURED,UNMEASURED,,,,,,149f2020-a4d9-4dff-a50f-44da4f58f1cd,0.0,0.0,,,
cb1742da-d2b6-4a9b-855b-19c5d40812fc,NEW_DISTRICT,2012,,,,,,,,,,,,,,,,,,,,,UNMEASURED,UNMEASURED,,,,,,149f2020-a4d9-4dff-a50f-44da4f58f1cd,0.0,0.0,,,
cb1920c5-7fef-4aac-b00d-74b0d6d1937f,SPLIT,2023,,,,,,,,,,,,,,,,,,,,,UNMEASURED,UNMEASURED,,,,,,149f2020-a4d9-4dff-a50f-44da4f58f1cd,0.0,0.0,,,
cb1c59e1-28b2-4fe4-a941-493f6171fb94,SPLIT,1997,IND-000116,Delhi,Delhi,IND-000595,North,Sikkim,633,3089,1467.8300703301863,4283.592764609291,,,,,,,,0.0,0.09796757451034721,UNMEASURED,UNMEASURED,UNMEASURED,SPLIT_FROM,,1.00,NONE,No geometric data available for this lineage pair,149f2020-a4d9-4dff-a50f-44da4f58f1cd,0.0,143.79975178360073,1467.8300703301863,,
cb313e7a-c5ff-4895-b708-38d66dfbce16,SPLIT,1976,,,,,,,,,,,,,,,,,,,,,UNMEASURED,UNMEASURED,,,,,,149f2020-a4d9-4dff-a50f-44da4f58f1cd,0.0,0.0,,,
cbb90321-2cde-498a-93bf-979d6cff4e16,NEW_DISTRICT,1981,IND-000388,Ratnagiri,Maharashtra,IND-000517,Sindhudurg,Maharashtra,2250,2827,13378.296173600285,,13378.296173600285,5087.485402885069,5087.191020456337,5087.191020456337,5087.191020456337,0.3802570188642567,0.19314370111409376,1.0,0.9687777373574895,AREA_WEIGHTED,MEASURED,MEASURED_NORMALIZED,FORMED_FROM,,1.00,PROPORTIONAL_APPORTIONMENT,Weights normalized (pre-normalization sum=1.969) due to overlapping target geometries detected in crosswalk_errors,149f2020-a4d9-4dff-a50f-44da4f58f1cd,13378.296173600285,12960.595496758844,-5087.191020456337,0.0,5087.485402885069
cc279ae3-29e3-4379-be37-6b3fa65018a4,NEW_DISTRICT,1989,IND-000424,Dibrugarh,Assam,IND-000511,Tinsukia,Assam,2449,2785,3387.1400086496506,3784.5383800528425,3387.135592155059,3784.521523674734,0.0670809723960851,0.0670809723960851,0.0670809723960851,1.980460572187219e-05,1.949376688640478e-05,1.0,0.01594555004575282,AREA_WEIGHTED,MEASURED,MEASURED_NORMALIZED,FORMED_FROM,,1.00,PROPORTIONAL_APPORTIONMENT,Weights normalized (pre-normalization sum=1.016) due to overlapping target geometries detected in crosswalk_errors,149f2020-a4d9-4dff-a50f-44da4f58f1cd,3387.135592155059,54.00981051989464,-0.0626644778044465,-0.004416494591623632,-0.016856378108514036
cc32d82d-1145-484f-abcc-09191cd45d90,NEW_DISTRICT,1997,IND-000681,Panch-mahals,Gujarat,IND-000682,Dohad,Gujarat,3480,3485,8891.957069089576,,5261.0590755049825,3630.960988590402,3630.7700821213184,3630.7700821213184,3630.7700821213184,0.40832069407337607,0.18363441419519194,1.0,1.2235521367980438,AREA_WEIGHTED,MEASURED,MEASURED_NORMALIZED,FORMED_FROM,,1.00,PROPORTIONAL_APPORTIONMENT,Weights normalized (pre-normalization sum=2.224) due to overlapping target geometries detected in crosswalk_errors,149f2020-a4d9-4dff-a50f-44da4f58f1cd,5261.0590755049825,10879.773072201022,0.12791146327617753,-3630.8979935845937,3630.960988590402
cc630202-debc-4bfb-b66a-a9d497564653,NEW_DISTRICT,2006,IND-000339,Doda,Jammu and Kashmir,IND-000728,Ramban,Jammu and Kashmir,1933,3674,11864.261557729396,,2432.7348161746036,1167.414121285927,1062.1111677409413,1062.1111677409413,1062.1111677409413,,0.08952189418388126,0.9998232224532806,,AREA_WEIGHTED,MEASURED,MEASURED,FORMED_FROM,,1.00,NONE,Uniform spatial distribution assumed across district area; no ancillary data available for this build,149f2020-a4d9-4dff-a50f-44da4f58f1cd,2432.7348161746036,0.0,8369.41557381385,-9431.526741554793,1167.414121285927
cc78c592-1cf5-4815-81bd-757127bd8abf,SPLIT,2006,,,,,,,,,,,,,,,,,,,,,UNMEASURED,UNMEASURED,,,,,,149f2020-a4d9-4dff-a50f-44da4f58f1cd,0.0,0.0,,,
cc88a02b-91e0-428f-ac62-d246dda4d500,RENAME,1991,,,,,,,,,,,,,,,,,,,,,NON_SPATIAL,UNMEASURED,,,,,,149f2020-a4d9-4dff-a50f-44da4f58f1cd,0.0,0.0,,,
cc96183f-ee74-4dc8-af9f-0223185da0c9,NEW_DISTRICT,1982,,,,,,,,,,,,,,,,,,,,,UNMEASURED,UNMEASURED,,,,,,149f2020-a4d9-4dff-a50f-44da4f58f1cd,0.0,0.0,,,
cd20d14d-36a5-403b-adc9-b9e7e123cf58,SPLIT,2015,,,,,,,,,,,,,,,,,,,,,UNMEASURED,UNMEASURED,,,,,,149f2020-a4d9-4dff-a50f-44da4f58f1cd,0.0,0.0,,,
cd7a8980-c9c2-4d1a-ae74-203826ab3f5e,RENAME,2001,,,,,,,,,,,,,,,,,,,,,NON_SPATIAL,UNMEASURED,,,,,,149f2020-a4d9-4dff-a50f-44da4f58f1cd,0.0,0.0,,,
cd7bd567-5ea3-4175-aebb-44f5df587322,SPLIT,1978,,,,,,,,,,,,,,,,,,,,,UNMEASURED,UNMEASURED,,,,,,149f2020-a4d9-4dff-a50f-44da4f58f1cd,0.0,0.0,,,
cd9db67c-d572-4eaa-a90c-df1e1a9323b1,SPLIT,1997,,,,,,,,,,,,,,,,,,,,,UNMEASURED,UNMEASURED,,,,,,149f2020-a4d9-4dff-a50f-44da4f58f1cd,0.0,0.0,,,
cda74b70-1b64-4b00-8cd4-1a17bc33e8b6,NEW_DISTRICT,1998,IND-000657,,,IND-000658,Mahasamund,Chhattisgarh,,3348,,,12766.44448476108,4738.910776417443,,,,,,,,,UNMEASURED,UNMEASURED,FORMED_FROM,,1.00,,,149f2020-a4d9-4dff-a50f-44da4f58f1cd,12766.44448476108,0.0,,,4738.910776417443
ce1beb02-63af-4b0c-a81d-a8145c908957,RENAME,1971,,,,,,,,,,,,,,,,,,,,,NON_SPATIAL,UNMEASURED,,,,,,149f2020-a4d9-4dff-a50f-44da4f58f1cd,0.0,0.0,,,
ceb0957b-31ba-43d7-8e26-d1ba634ded80,NEW_DISTRICT,2016,IND-000450,Bhiwani,Haryana,IND-000907,Charki Dadri,Haryana,2597,4222,4629.888132040494,,3311.215830671593,1380.6427704247228,1335.8255605768807,1335.8255605768807,1335.8255605768807,0.28852221100818537,0.22604289871002858,1.0,0.2764046676746357,AREA_WEIGHTED,MEASURED,MEASURED_NORMALIZED,FORMED_FROM,,1.00,PROPORTIONAL_APPORTIONMENT,Weights normalized (pre-normalization sum=1.276) due to overlapping target geometries detected in crosswalk_errors,149f2020-a4d9-4dff-a50f-44da4f58f1cd,3311.215830671593,1279.7226905073926,-17.153259207979318,-1318.6723013689016,1380.6427704247228
ceb1b5de-9195-4424-b612-d32f43d28965,NEW_DISTRICT,1972,IND-000108,Shahabad,Bihar,IND-000433,Rohtas,Bihar,585,2497,11320.00803793858,,,7225.163126117326,7225.089389174495,7225.089389174495,7225.089389174495,0.6382583267573557,0.4414588240153388,1.0,0.4457935645096063,AREA_WEIGHTED,MEASURED,MEASURED_NORMALIZED,FORMED_FROM,,1.00,PROPORTIONAL_APPORTIONMENT,Weights normalized (pre-normalization sum=1.446) due to overlapping target geometries detected in crosswalk_errors,149f2020-a4d9-4dff-a50f-44da4f58f1cd,0.0,5046.386733510034,4094.9186487640845,,7225.163126117326
cf328dfe-4b6a-472c-815e-c4145cabe5e9,SPLIT,2022,,,,,,,,,,,,,,,,,,,,,UNMEASURED,UNMEASURED,,,,,,149f2020-a4d9-4dff-a50f-44da4f58f1cd,0.0,0.0,,,
cf8cc53b-e06e-421c-98d6-53032c022ba9,SPLIT,1953,,,,,,,,,,,,,,,,,,,,,UNMEASURED,UNMEASURED,,,,,,149f2020-a4d9-4dff-a50f-44da4f58f1cd,0.0,0.0,,,
cfe15f88-a976-4bd7-911f-165d495e2e26,SPLIT,2009,IND-000411,Coimbatore,Tamil Nadu,IND-000801,Tiruppur,Tamil Nadu,2378,3954,7672.040002079485,,4735.282155245408,5189.799318363895,2949.0327071062325,2949.0327071062325,2949.0327071062325,0.3843870347791338,0.11351598782049599,1.0,2.386192924532965,AREA_WEIGHTED,MEASURED,MEASURED_NORMALIZED,FORMED_FROM,,1.00,PROPORTIONAL_APPORTIONMENT,Weights normalized (pre-normalization sum=3.386) due to overlapping target geometries detected in crosswalk_errors,149f2020-a4d9-4dff-a50f-44da4f58f1cd,4735.282155245408,18306.967569695942,-12.27486027215582,-2936.757846834077,5189.799318363895
d0552555-5d0e-4084-a17f-0424d2962f5d,NEW_DISTRICT,1973,IND-000191,Durg,Madhya Pradesh,IND-000656,Rajnandgaon,Chhattisgarh,956,3340,19678.070072747803,,8535.461731568565,11142.427173263304,,,,,,0.0,0.34120632783251703,UNMEASURED,UNMEASURED,UNMEASURED,FORMED_FROM,,1.00,NONE,No geometric data available for this lineage pair,149f2020-a4d9-4dff-a50f-44da4f58f1cd,8535.461731568565,6714.282028353229,11142.608341179239,-11142.608341179239,11142.427173263304
d0629089-f038-44b9-ad1e-9d77a94cc37b,SPLIT,1979,,,,,,,,,,,,,,,,,,,,,UNMEASURED,UNMEASURED,,,,,,149f2020-a4d9-4dff-a50f-44da4f58f1cd,0.0,0.0,,,
d0892f39-6eb4-4277-ba88-b90e5b5a0b02,NEW_DISTRICT,2019,IND-000833,Viluppuram,Tamil Nadu,IND-000892,Kallakurichi,Tamil Nadu,4032,4193,7195.058381544387,,3916.1790116396255,3275.7790130662725,3249.568475288236,3249.568475288236,3249.568475288236,,0.4516389309117365,0.9977260833975917,,AREA_WEIGHTED,MEASURED,MEASURED,FORMED_FROM,,1.00,NONE,Uniform spatial distribution assumed across district area; no ancillary data available for this build,149f2020-a4d9-4dff-a50f-44da4f58f1cd,3916.1790116396255,0.0,29.31089461652573,-3278.8793699047615,3275.7790130662725
d0958797-522c-410a-9f3a-6ecb69e95025,NEW_DISTRICT,2017,IND-000302,Barddhaman,West Bengal,IND-000900,Purba Bardhaman,West Bengal,1669,4210,7025.484441344885,,,5410.7688565254675,5359.174724284258,5359.174724284258,5359.174724284258,0.762819243146506,0.6080653962288302,1.0,0.25450197935525654,AREA_WEIGHTED,MEASURED,MEASURED_NORMALIZED,FORMED_FROM,,1.00,PROPORTIONAL_APPORTIONMENT,Weights normalized (pre-normalization sum=1.255) due to overlapping target geometries detected in crosswalk_errors,149f2020-a4d9-4dff-a50f-44da4f58f1cd,0.0,1787.9996962518321,1666.309717060627,,5410.7688565254675
d0be964c-9184-475b-b398-b0b7dc190a48,SPLIT,1972,,,,,,,,,,,,,,,,,,,,,UNMEASURED,UNMEASURED,,,,,,149f2020-a4d9-4dff-a50f-44da4f58f1cd,0.0,0.0,,,
d0e20f52-5729-438d-9a6b-210affe3f1ee,SPLIT,2012,,,,,,,,,,,,,,,,,,,,,UNMEASURED,UNMEASURED,,,,,,149f2020-a4d9-4dff-a50f-44da4f58f1cd,0.0,0.0,,,
d0e73d6c-2249-4511-8f8d-9358040d44f9,NEW_DISTRICT,1990,,,,,,,,,,,,,,,,,,,,,UNMEASURED,UNMEASURED,,,,,,149f2020-a4d9-4dff-a50f-44da4f58f1cd,0.0,0.0,,,
d0ee6ee5-9464-430f-93e8-9de7ec47dda8,NEW_DISTRICT,1991,IND-000115,Saharsa,Bihar,IND-000588,Supaul,Bihar,624,3060,4081.1590558337907,,4081.1590558337907,2416.3136661746416,2416.1778555657083,2416.1778555657083,2416.1778555657083,,0.5920322688996685,1.000123495631263,,AREA_WEIGHTED,MEASURED,MEASURED,FORMED_FROM,,1.00,NONE,Uniform spatial distribution assumed across district area; no ancillary data available for this build,149f2020-a4d9-4dff-a50f-44da4f58f1cd,4081.1590558337907,0.0,-2416.177855565709,0.0,2416.3136661746416
d10f9dae-e7dc-49e9-862f-b9cbe22f472f,NEW_DISTRICT,2006,IND-000429,Baramula,Jammu and Kashmir,IND-000725,Ganderbal,Jammu and Kashmir,2476,3665,4742.946953088398,,2118.1222372098487,1286.6328115941467,41.04814460856768,41.04814460856768,41.04814460856768,0.008654565403022048,0.0054135617355942295,1.0,0.598682314107214,AREA_WEIGHTED,MEASURED,MEASURED_NORMALIZED,FORMED_FROM,,1.00,PROPORTIONAL_APPORTIONMENT,Weights normalized (pre-normalization sum=1.599) due to overlapping target geometries detected in crosswalk_errors,149f2020-a4d9-4dff-a50f-44da4f58f1cd,2118.1222372098487,2839.518457562722,2583.7765712699816,-2624.8247158785493,1286.6328115941467
d137f9b2-a871-447c-8a0d-43bb9927413b,SPLIT,1995,,,,,,,,,,,,,,,,,,,,,UNMEASURED,UNMEASURED,,,,,,149f2020-a4d9-4dff-a50f-44da4f58f1cd,0.0,0.0,,,
d14ca541-a16c-425b-93ca-ffdf8425f12e,NEW_DISTRICT,1981,IND-000308,Twenty Four Parganas,West Bengal,IND-000924,South Twenty Four Parganas,West Bengal,1713,4271,11290.395332520051,,,7276.049655554871,7275.532159606172,7275.532159606172,7275.532159606172,0.6444001246484476,0.3256896844155866,1.0,0.9785708773821034,AREA_WEIGHTED,MEASURED,MEASURED_NORMALIZED,FORMED_FROM,,1.00,PROPORTIONAL_APPORTIONMENT,Weights normalized (pre-normalization sum=1.979) due to overlapping target geometries detected in crosswalk_errors,149f2020-a4d9-4dff-a50f-44da4f58f1cd,0.0,11048.45206653495,4014.8631729138788,,7276.049655554871
d1558dd1-5739-43b5-853a-99dc02ee52ff,SPLIT,2019,,,,,,,,,,,,,,,,,,,,,UNMEASURED,UNMEASURED,,,,,,149f2020-a4d9-4dff-a50f-44da4f58f1cd,0.0,0.0,,,
d15ed765-11c1-4bf8-a3e3-4b2d2fe0fa64,SPLIT,1992,IND-000312,West Dinajpur,West Bengal,IND-000619,Uttar Dinajpur,West Bengal,1745,3188,,,,3134.277241089086,,,,,,,,,UNMEASURED,UNMEASURED,SPLIT_FROM,,1.00,,,149f2020-a4d9-4dff-a50f-44da4f58f1cd,0.0,0.0,,,3134.277241089086
d166799c-8c31-4f8a-8077-d31ecc6dd0e9,SPLIT,2023,,,,,,,,,,,,,,,,,,,,,UNMEASURED,UNMEASURED,,,,,,149f2020-a4d9-4dff-a50f-44da4f58f1cd,0.0,0.0,,,
d194478d-a3bf-4a67-8369-988c5933a16e,NEW_DISTRICT,1999,IND-000694,Parbhani,Maharashtra,IND-000693,Hingoli,Maharashtra,3555,3548,10913.548958105644,,6294.014167959786,4619.302082499568,4619.224043791827,4619.224043791827,4619.224043791827,0.42325590525353946,0.21162927888470773,1.0,0.9999874662150245,AREA_WEIGHTED,MEASURED,MEASURED_NORMALIZED,FORMED_FROM,,1.00,PROPORTIONAL_APPORTIONMENT,Weights normalized (pre-normalization sum=2.000) due to overlapping target geometries detected in crosswalk_errors,149f2020-a4d9-4dff-a50f-44da4f58f1cd,6294.014167959786,10913.412170029684,0.31074635403092543,-4619.534790145858,4619.302082499568
d1980451-2581-415a-89a2-5a38e68cd050,SPLIT,1972,,,,,,,,,,,,,,,,,,,,,UNMEASURED,UNMEASURED,,,,,,149f2020-a4d9-4dff-a50f-44da4f58f1cd,0.0,0.0,,,
d1caa0fa-beab-473a-a426-3f5ab61ce786,SPLIT,2017,,,,,,,,,,,,,,,,,,,,,UNMEASURED,UNMEASURED,,,,,,149f2020-a4d9-4dff-a50f-44da4f58f1cd,0.0,0.0,,,
d1d2c275-6c65-46c2-8baf-2a88222a3b8d,NEW_DISTRICT,1966,IND-000327,Surat,Gujarat,IND-000686,Valsad,Gujarat,1859,3505,12625.329167375983,,7446.8664405000845,,,,,,,0.0,0.42061785069025803,UNMEASURED,UNMEASURED,UNMEASURED,FORMED_FROM,,1.00,NONE,No geometric data available for this lineage pair,149f2020-a4d9-4dff-a50f-44da4f58f1cd,7446.8664405000845,5310.438818638711,5178.462726875899,-5178.462726875899,
d1ef5f30-8eb0-41b6-804a-4ad37f4c055a,NEW_DISTRICT,2000,,,,,,,,,,,,,,,,,,,,,UNMEASURED,UNMEASURED,,,,,,149f2020-a4d9-4dff-a50f-44da4f58f1cd,0.0,0.0,,,
d1f6110e-47f0-4e6b-ac3c-a6c032b4cca5,SPLIT,1998,,,,,,,,,,,,,,,,,,,,,UNMEASURED,UNMEASURED,,,,,,149f2020-a4d9-4dff-a50f-44da4f58f1cd,0.0,0.0,,,
d20ff19c-fe7b-44cd-97ca-35e304eefcdb,NEW_DISTRICT,1998,IND-000689,Akola,Maharashtra,IND-000690,Washim,Maharashtra,3527,3532,10626.638831167655,,5557.947124413568,5068.70750192437,5068.4766630558215,5068.4766630558215,5068.4766630558215,0.476959530062329,0.2384779090017232,1.0,1.0000155656299494,AREA_WEIGHTED,MEASURED,MEASURED_NORMALIZED,FORMED_FROM,,1.00,PROPORTIONAL_APPORTIONMENT,Weights normalized (pre-normalization sum=2.000) due to overlapping target geometries detected in crosswalk_errors,149f2020-a4d9-4dff-a50f-44da4f58f1cd,5557.947124413568,10626.804241495307,0.21504369826470793,-5068.691706754086,5068.70750192437
d289a1ff-2330-4841-9678-b3300ff862d9,SPLIT,1991,IND-000360,Hazaribag,Bihar,IND-000623,Chatra,Jharkhand,2072,3204,,,,3784.1655567055273,,,,,,0.0,,UNMEASURED,UNMEASURED,UNMEASURED,SPLIT_FROM,,1.00,NONE,No geometric data available for this lineage pair,149f2020-a4d9-4dff-a50f-44da4f58f1cd,0.0,0.0,,,3784.1655567055273
d2d2b179-638e-47e5-8a36-96c257fbbc03,SPLIT,1985,,,,,,,,,,,,,,,,,,,,,UNMEASURED,UNMEASURED,,,,,,149f2020-a4d9-4dff-a50f-44da4f58f1cd,0.0,0.0,,,
d30a0df7-b20d-4e4a-914c-5d0f63faf101,NEW_DISTRICT,1979,IND-000322,Ladakh,Jammu and Kashmir,IND-000425,Kargil,Jammu and Kashmir,1825,2455,96362.68229164062,,79535.61461965244,16826.933448942847,16826.900140210597,16826.900140210597,16826.900140210597,0.17462050391337347,0.05877170169746725,1.0,1.9711663754820066,AREA_WEIGHTED,MEASURED,MEASURED_NORMALIZED,FORMED_FROM,,1.00,PROPORTIONAL_APPORTIONMENT,Weights normalized (pre-normalization sum=2.971) due to overlapping target geometries detected in crosswalk_errors,149f2020-a4d9-4dff-a50f-44da4f58f1cd,79535.61461965244,189946.8791845374,0.16753177759528626,-16827.06767198819,16826.933448942847
d3243590-d339-4c0d-bf59-07c899b20e46,SPLIT,1997,,,,,,,,,,,,,,,,,,,,,UNMEASURED,UNMEASURED,,,,,,149f2020-a4d9-4dff-a50f-44da4f58f1cd,0.0,0.0,,,
d3bff707-d836-420b-aef0-6eef115861e5,SPLIT,1998,,,,,,,,,,,,,,,,,,,,,UNMEASURED,UNMEASURED,,,,,,149f2020-a4d9-4dff-a50f-44da4f58f1cd,0.0,0.0,,,
d3f4ab31-f7af-49b1-a430-64e185b30ee4,RENAME,1991,,,,,,,,,,,,,,,,,,,,,NON_SPATIAL,UNMEASURED,,,,,,149f2020-a4d9-4dff-a50f-44da4f58f1cd,0.0,0.0,,,
d405bed1-dcaf-407a-a1a4-bbe72e0b3cd1,NEW_DISTRICT,1993,IND-000201,South Arcot,Madras,IND-000713,Viluppuram,Tamilnadu,1016,3642,,,,7202.29671420198,,,,,,0.0,,UNMEASURED,UNMEASURED,UNMEASURED,FORMED_FROM,,1.00,NONE,No geometric data available for this lineage pair,149f2020-a4d9-4dff-a50f-44da4f58f1cd,0.0,0.0,,,7202.29671420198
d4083c81-446c-4364-96a1-8b668304d7e0,SPLIT,1965,,,,,,,,,,,,,,,,,,,,,UNMEASURED,UNMEASURED,,,,,,149f2020-a4d9-4dff-a50f-44da4f58f1cd,0.0,0.0,,,
d416755b-a9df-4967-9aef-a2fba0379ab3,NEW_DISTRICT,2019,,,,,,,,,,,,,,,,,,,,,UNMEASURED,UNMEASURED,,,,,,149f2020-a4d9-4dff-a50f-44da4f58f1cd,0.0,0.0,,,
d4187a8c-487e-43bd-b8f4-e12eed34090e,SPLIT,1997,,,,,,,,,,,,,,,,,,,,,UNMEASURED,UNMEASURED,,,,,,149f2020-a4d9-4dff-a50f-44da4f58f1cd,0.0,0.0,,,
d42ecb2b-ba78-4e39-8f5f-11e4c47047fa,RENAME,2011,,,,,,,,,,,,,,,,,,,,,NON_SPATIAL,UNMEASURED,,,,,,149f2020-a4d9-4dff-a50f-44da4f58f1cd,0.0,0.0,,,
d47b69fa-c7ab-4c53-9763-6f69b6203766,NEW_DISTRICT,2016,IND-000806,,,IND-000906,Kumuram Bheem,Telangana,,4221,,,3996.46639268975,4536.315773196092,,,,,,,,,UNMEASURED,UNMEASURED,FORMED_FROM,,1.00,,,149f2020-a4d9-4dff-a50f-44da4f58f1cd,3996.46639268975,0.0,,,4536.315773196092
d4a351ed-a384-443b-a68d-538ddf34663d,SPLIT,1997,IND-000390,Imphal,Manipur,IND-000608,Imphal West,Manipur,2264,3144,1060.9735665754404,,,519.4862202995649,339.09834427202105,339.09834427202105,339.09834427202105,0.31961054917376164,0.09822497664661155,1.0,2.2538623075843427,AREA_WEIGHTED,MEASURED,MEASURED_NORMALIZED,SPLIT_FROM,,1.00,PROPORTIONAL_APPORTIONMENT,Weights normalized (pre-normalization sum=3.254) due to overlapping target geometries detected in crosswalk_errors,149f2020-a4d9-4dff-a50f-44da4f58f1cd,0.0,2391.2883310477123,721.8752223034194,,519.4862202995649
d4b983b8-7912-440b-a224-04a38aad406b,SPLIT,1989,,,,,,,,,,,,,,,,,,,,,UNMEASURED,UNMEASURED,,,,,,149f2020-a4d9-4dff-a50f-44da4f58f1cd,0.0,0.0,,,
d4e3ffd7-19df-4977-86ab-981d80f81b3c,NEW_DISTRICT,1997,IND-000283,Basti,Uttar Pradesh,IND-000580,Sant Kabir Nagar,Uttar Pradesh,1516,3027,7166.278863627633,,2791.136396990393,1594.862172828602,1594.8313578382526,1594.8313578382526,1594.8313578382526,0.22254665052637027,0.1381827744204652,1.0,0.6105238258511225,AREA_WEIGHTED,MEASURED,MEASURED_NORMALIZED,FORMED_FROM,,1.00,PROPORTIONAL_APPORTIONMENT,Weights normalized (pre-normalization sum=1.611) due to overlapping target geometries detected in crosswalk_errors,149f2020-a4d9-4dff-a50f-44da4f58f1cd,2791.136396990393,4375.183988937977,2780.3111087989873,-4375.1424666372395,1594.862172828602
d5125885-a63a-45a2-a441-fbf26cc284cf,SPLIT,2015,,,,,,,,,,,,,,,,,,,,,UNMEASURED,UNMEASURED,,,,,,149f2020-a4d9-4dff-a50f-44da4f58f1cd,0.0,0.0,,,
d5783d84-5243-41ec-b227-acb89d40abf6,SPLIT,2016,,,,,,,,,,,,,,,,,,,,,UNMEASURED,UNMEASURED,,,,,,149f2020-a4d9-4dff-a50f-44da4f58f1cd,0.0,0.0,,,
d59778cb-c936-46f5-bf5c-33f9bd969e17,SPLIT,1970,IND-000044,United Mikir and North Cachar Hills,Assam,IND-000357,North Cachar Hills,Assam,225,2048,15178.317373301981,,,4896.225097753689,4895.965562028954,4895.965562028954,4895.965562028954,0.32256313012934823,0.2696684253701333,1.0,0.1961471933045713,AREA_WEIGHTED,MEASURED,MEASURED_NORMALIZED,SPLIT_FROM,,1.00,PROPORTIONAL_APPORTIONMENT,Weights normalized (pre-normalization sum=1.196) due to overlapping target geometries detected in crosswalk_errors,149f2020-a4d9-4dff-a50f-44da4f58f1cd,0.0,2977.184351859197,10282.351811273027,,4896.225097753689
d5eff0cb-ff9d-4a66-b5ca-787f2a6ddacb,NEW_DISTRICT,1998,IND-000654,,,IND-000929,Janjgir - Champa,Chhattisgarh,,4289,,,,3879.252460092769,,,,,,,,,UNMEASURED,UNMEASURED,FORMED_FROM,,1.00,,,149f2020-a4d9-4dff-a50f-44da4f58f1cd,0.0,0.0,,,3879.252460092769
d5fb28d4-6dd7-49fd-b3c3-e0d4931ef142,SPLIT,2007,,,,,,,,,,,,,,,,,,,,,UNMEASURED,UNMEASURED,,,,,,149f2020-a4d9-4dff-a50f-44da4f58f1cd,0.0,0.0,,,
d6200a85-6829-4480-b995-6cb31902f15b,SPLIT,2019,,,,,,,,,,,,,,,,,,,,,UNMEASURED,UNMEASURED,,,,,,149f2020-a4d9-4dff-a50f-44da4f58f1cd,0.0,0.0,,,
d697ec0b-afd6-49a1-9957-09feb47c2b44,SPLIT,2022,,,,,,,,,,,,,,,,,,,,,UNMEASURED,UNMEASURED,,,,,,149f2020-a4d9-4dff-a50f-44da4f58f1cd,0.0,0.0,,,
d709260a-fa8b-48c9-8ee0-29c52dc26c22,RENAME,2011,,,,,,,,,,,,,,,,,,,,,NON_SPATIAL,UNMEASURED,,,,,,149f2020-a4d9-4dff-a50f-44da4f58f1cd,0.0,0.0,,,
d72007a5-1020-4121-bccf-713b099faaf3,SPLIT,1973,,,,,,,,,,,,,,,,,,,,,UNMEASURED,UNMEASURED,,,,,,149f2020-a4d9-4dff-a50f-44da4f58f1cd,0.0,0.0,,,
d7288eac-7a5b-4036-b542-2e5a811d45e5,NEW_DISTRICT,1997,IND-000116,Delhi,Delhi,IND-000552,North West,Delhi,633,2916,1467.8300703301863,,,395.6674479016636,395.64655796616717,395.64655796616717,395.64655796616717,0.2695452055135831,0.24549468652003703,1.0,0.09796757451034721,AREA_WEIGHTED,MEASURED,MEASURED_NORMALIZED,FORMED_FROM,,1.00,PROPORTIONAL_APPORTIONMENT,Weights normalized (pre-normalization sum=1.098) due to overlapping target geometries detected in crosswalk_errors,149f2020-a4d9-4dff-a50f-44da4f58f1cd,0.0,143.79975178360073,1072.1835123640192,,395.6674479016636
d756fde2-21fa-4436-8fcb-f4b61389efc9,NEW_DISTRICT,1972,IND-000112,Darbhanga,Bihar,IND-000443,Madhubani,Bihar,601,2557,8702.390506157917,,2485.653296537163,3502.4393875517994,3502.2981539631605,3502.2981539631605,3502.2981539631605,,0.40245242401899706,1.0000373595269554,,AREA_WEIGHTED,MEASURED,MEASURED,FORMED_FROM,,1.00,NONE,Uniform spatial distribution assumed across district area; no ancillary data available for this build,149f2020-a4d9-4dff-a50f-44da4f58f1cd,2485.653296537163,0.0,2714.4390556575936,-6216.737209620755,3502.4393875517994
d7bee9e7-4f8d-4414-9a86-4cfa2ceab8bd,SPLIT,1987,,,,,,,,,,,,,,,,,,,,,UNMEASURED,UNMEASURED,,,,,,149f2020-a4d9-4dff-a50f-44da4f58f1cd,0.0,0.0,,,
d7ce07ae-e7c9-4457-b42d-d0a4182ef00c,SPLIT,1997,,,,,,,,,,,,,,,,,,,,,UNMEASURED,UNMEASURED,,,,,,149f2020-a4d9-4dff-a50f-44da4f58f1cd,0.0,0.0,,,
d7eaff56-69e9-4bbf-89b1-ca4f6c7a516a,NEW_DISTRICT,1966,IND-000242,Ambala,Punjab,IND-000325,Chandigarh,Chandigarh,1195,1846,4148.213579618688,1478.7419048444083,,114.06279465581083,0.03327569143072352,0.03327569143072352,0.03327569143072352,8.021691938480732e-06,4.889521851861824e-06,1.0,0.6405882173174555,AREA_WEIGHTED,MEASURED,MEASURED_NORMALIZED,FORMED_FROM,,1.00,PROPORTIONAL_APPORTIONMENT,Weights normalized (pre-normalization sum=1.641) due to overlapping target geometries detected in crosswalk_errors,149f2020-a4d9-4dff-a50f-44da4f58f1cd,0.0,2657.296742019996,4148.180303927257,,-1364.6791101885974
d7f17335-0957-4efc-b812-1c43007be50f,RENAME,1971,,,,,,,,,,,,,,,,,,,,,NON_SPATIAL,UNMEASURED,,,,,,149f2020-a4d9-4dff-a50f-44da4f58f1cd,0.0,0.0,,,
d80f1d95-fcad-4f60-a793-bfb9b8866b7b,NEW_DISTRICT,1997,IND-000256,Aligarh,Uttar Pradesh,IND-000569,Hathras,Uttar Pradesh,1292,2983,5070.022346895715,,3728.0100685875755,1806.2002803693376,1341.9564516389773,1341.9564516389773,1341.9564516389773,0.2646845240160793,0.2623685533583715,1.0,0.008827165558001893,AREA_WEIGHTED,MEASURED,MEASURED_NORMALIZED,FORMED_FROM,,1.00,PROPORTIONAL_APPORTIONMENT,Weights normalized (pre-normalization sum=1.009) due to overlapping target geometries detected in crosswalk_errors,149f2020-a4d9-4dff-a50f-44da4f58f1cd,3728.0100685875755,44.753926638817774,0.05582666916143353,-1342.0122783081392,1806.2002803693376
d88193a7-6cbd-4397-a2d5-9b3ce952526a,RENAME,1961,,,,,,,,,,,,,,,,,,,,,NON_SPATIAL,UNMEASURED,,,,,,149f2020-a4d9-4dff-a50f-44da4f58f1cd,0.0,0.0,,,
d8c5d120-d4b5-47fd-9fff-dfd295f58838,NEW_DISTRICT,2013,,,,,,,,,,,,,,,,,,,,,UNMEASURED,UNMEASURED,,,,,,149f2020-a4d9-4dff-a50f-44da4f58f1cd,0.0,0.0,,,
d8f01972-1535-4451-82c4-07aa1832b3dd,NEW_DISTRICT,1986,IND-000803,Tirunelveli,Tamil Nadu,IND-000525,Chidambaranar,Tamil_nadu,3960,2846,11376.40515852277,,6749.190757824033,4705.2049335776555,4705.005667881201,4705.005667881201,4705.005667881201,,0.4135757827116758,0.6671714310348013,,AREA_WEIGHTED,MEASURED,LOW_COVERAGE,FORMED_FROM,,1.00,NONE,Uniform spatial distribution assumed across district area; no ancillary data available for this build,149f2020-a4d9-4dff-a50f-44da4f58f1cd,6749.190757824033,0.0,-77.79126718246516,-4627.214400698736,4705.2049335776555
d91a7114-5319-497e-920f-75be62a9ab21,RENAME,2011,,,,,,,,,,,,,,,,,,,,,NON_SPATIAL,UNMEASURED,,,,,,149f2020-a4d9-4dff-a50f-44da4f58f1cd,0.0,0.0,,,
d92963ea-7d86-4c68-8d06-c7fe4fefef44,SPLIT,2022,,,,,,,,,,,,,,,,,,,,,UNMEASURED,UNMEASURED,,,,,,149f2020-a4d9-4dff-a50f-44da4f58f1cd,0.0,0.0,,,
d9424ffd-dc8d-4e1b-b97e-700417a918eb,SPLIT,1956,,,,,,,,,,,,,,,,,,,,,UNMEASURED,UNMEASURED,,,,,,149f2020-a4d9-4dff-a50f-44da4f58f1cd,0.0,0.0,,,
d9476df2-7efb-4539-9bcd-199128a25c7d,NEW_DISTRICT,1969,IND-000130,Manipur,Manipur,IND-000345,Manipur West,Manipur,691,1973,22478.364538398026,,,4107.877080035651,4107.863153295256,4107.863153295256,4107.863153295256,0.18274742124935806,0.10479747584352052,1.0,0.7438151041178636,AREA_WEIGHTED,MEASURED,MEASURED_NORMALIZED,FORMED_FROM,,1.00,PROPORTIONAL_APPORTIONMENT,Weights normalized (pre-normalization sum=1.744) due to overlapping target geometries detected in crosswalk_errors,149f2020-a4d9-4dff-a50f-44da4f58f1cd,0.0,16719.74705952782,18370.50138510277,,4107.877080035651
d950787d-b5fc-4349-867b-8fdc3ed81031,NEW_DISTRICT,1989,IND-000023,Lakhimpur,Assam,IND-000507,Dhemaji,Assam,93,2761,2192.377776070499,3321.292031652137,2538.690696375103,2975.1737963544847,0.19965149922044687,0.19965149922044687,0.19965149922044687,9.106619370056359e-05,9.044313523866804e-05,1.0,0.006888952492097422,AREA_WEIGHTED,MEASURED,MEASURED_NORMALIZED,FORMED_FROM,,1.00,PROPORTIONAL_APPORTIONMENT,Weights normalized (pre-normalization sum=1.007) due to overlapping target geometries detected in crosswalk_errors,149f2020-a4d9-4dff-a50f-44da4f58f1cd,2538.690696375103,15.103186344079868,-346.5125718038248,346.3129203046042,-346.1182352976525
d960b4d3-b2ef-4cfb-a65e-a8a2fc04008e,SPLIT,1998,,,,,,,,,,,,,,,,,,,,,UNMEASURED,UNMEASURED,,,,,,149f2020-a4d9-4dff-a50f-44da4f58f1cd,0.0,0.0,,,
d9692acd-e5d4-4b0e-bf71-56b681dd99bf,RENAME,2011,,,,,,,,,,,,,,,,,,,,,NON_SPATIAL,UNMEASURED,,,,,,149f2020-a4d9-4dff-a50f-44da4f58f1cd,0.0,0.0,,,
d97261f7-b39f-4704-a5bc-2171af2f47ed,NEW_DISTRICT,1993,IND-000227,Puri,Orissa,IND-000641,Nayagarh,Orissa,1097,3280,10438.302738207261,,3486.017890156245,4046.0811398703527,4046.053343459304,4046.053343459304,4046.053343459304,,0.3876160181338253,0.999992228156113,,AREA_WEIGHTED,MEASURED,MEASURED,FORMED_FROM,,1.00,NONE,Uniform spatial distribution assumed across district area; no ancillary data available for this build,149f2020-a4d9-4dff-a50f-44da4f58f1cd,3486.017890156245,0.0,2906.231504591713,-6952.2848480510165,4046.0811398703527
d995868b-ff7b-4c4c-89cc-0f1f7a27b9d2,SPLIT,1997,,,,,,,,,,,,,,,,,,,,,UNMEASURED,UNMEASURED,,,,,,149f2020-a4d9-4dff-a50f-44da4f58f1cd,0.0,0.0,,,
d9fd71c0-359f-4918-993c-6e071d0aa0bd,SPLIT,1972,,,,,,,,,,,,,,,,,,,,,UNMEASURED,UNMEASURED,,,,,,149f2020-a4d9-4dff-a50f-44da4f58f1cd,0.0,0.0,,,
da0781f4-670e-467f-958f-8bfafe8d853a,SPLIT,1997,,,,,,,,,,,,,,,,,,,,,UNMEASURED,UNMEASURED,,,,,,149f2020-a4d9-4dff-a50f-44da4f58f1cd,0.0,0.0,,,
da2b9d1a-c744-457c-b58f-17a144f81284,NEW_DISTRICT,2017,,,,,,,,,,,,,,,,,,,,,UNMEASURED,UNMEASURED,,,,,,149f2020-a4d9-4dff-a50f-44da4f58f1cd,0.0,0.0,,,
da2f1571-3fbe-4785-b5ab-c2bf88cd9f24,SPLIT,2016,IND-000818,,,IND-000905,Jangoan,Telangana,,4219,,,7203.242884027627,2291.0544055699793,,,,,,,,,UNMEASURED,UNMEASURED,FORMED_FROM,,1.00,,,149f2020-a4d9-4dff-a50f-44da4f58f1cd,7203.242884027627,0.0,,,2291.0544055699793
da35f9fd-69ea-4edb-9449-b9e268fb94bc,SPLIT,2012,,,,,,,,,,,,,,,,,,,,,UNMEASURED,UNMEASURED,,,,,,149f2020-a4d9-4dff-a50f-44da4f58f1cd,0.0,0.0,,,
da4bc425-856a-413a-95b6-e647676bbe34,NEW_DISTRICT,2015,IND-000356,Karbi Anglong,Assam,IND-000865,West Karbi Anglong,Assam,2045,4119,10454.006919961925,,7323.460360100154,3072.8071069107364,3023.6861425655816,3023.6861425655816,3023.6861425655816,0.2892370519472159,0.1470585744484485,1.0,0.9668152845355384,AREA_WEIGHTED,MEASURED,MEASURED_NORMALIZED,FORMED_FROM,,1.00,PROPORTIONAL_APPORTIONMENT,Weights normalized (pre-normalization sum=1.967) due to overlapping target geometries detected in crosswalk_errors,149f2020-a4d9-4dff-a50f-44da4f58f1cd,7323.460360100154,10107.093674859476,106.86041729618955,-3130.546559861771,3072.8071069107364
da4f7fc3-b10f-40d2-b4f5-b00152823c37,SPLIT,1997,,,,,,,,,,,,,,,,,,,,,UNMEASURED,UNMEASURED,,,,,,149f2020-a4d9-4dff-a50f-44da4f58f1cd,0.0,0.0,,,
da7bef8a-24ed-40bd-94c8-9d4d0a1f5bb0,SPLIT,1987,,,,,,,,,,,,,,,,,,,,,UNMEASURED,UNMEASURED,,,,,,149f2020-a4d9-4dff-a50f-44da4f58f1cd,0.0,0.0,,,
da8778f4-c6bc-4530-8bb5-edf7c2151397,SPLIT,1999,,,,,,,,,,,,,,,,,,,,,UNMEASURED,UNMEASURED,,,,,,149f2020-a4d9-4dff-a50f-44da4f58f1cd,0.0,0.0,,,
da8903f9-fa3c-416e-b571-4bf3a28bf922,RENAME,1961,,,,,,,,,,,,,,,,,,,,,NON_SPATIAL,UNMEASURED,,,,,,149f2020-a4d9-4dff-a50f-44da4f58f1cd,0.0,0.0,,,
dac4eb8f-ae42-451b-81d8-15fb26affdfe,NEW_DISTRICT,1972,IND-000379,Sehore,Madhya Pradesh,IND-000386,Bhopal,Madhya Pradesh,2192,2237,9326.438405497007,,6561.038182609467,2765.2209933997824,2765.160042136085,2765.160042136085,2765.160042136085,0.2964861742405652,0.148240251196786,1.0,1.0000382611803977,AREA_WEIGHTED,MEASURED,MEASURED_NORMALIZED,FORMED_FROM,,1.00,PROPORTIONAL_APPORTIONMENT,Weights normalized (pre-normalization sum=2.000) due to overlapping target geometries detected in crosswalk_errors,149f2020-a4d9-4dff-a50f-44da4f58f1cd,6561.038182609467,9326.795246039308,0.24018075145431794,-2765.4002228875397,2765.2209933997824
dae500e1-2c34-46cd-aeb5-e2a2bad2f8de,SPLIT,2005,,,,,,,,,,,,,,,,,,,,,UNMEASURED,UNMEASURED,,,,,,149f2020-a4d9-4dff-a50f-44da4f58f1cd,0.0,0.0,,,
daf024e4-4c8f-481f-a4f0-4a2cba4d7576,SPLIT,2001,,,,,,,,,,,,,,,,,,,,,UNMEASURED,UNMEASURED,,,,,,149f2020-a4d9-4dff-a50f-44da4f58f1cd,0.0,0.0,,,
daf29bd4-4acd-499a-ab5d-13753c0bf866,SPLIT,1980,,,,,,,,,,,,,,,,,,,,,UNMEASURED,UNMEASURED,,,,,,149f2020-a4d9-4dff-a50f-44da4f58f1cd,0.0,0.0,,,
db065b56-4284-4aad-b6e7-1d8d3f92535d,SPLIT,1974,IND-000352,Thanjavur,Tamil Nadu,IND-000413,Pudukkottai,Tamil Nadu,2015,2383,9703.000183210383,,8247.568429214842,4766.549459497346,1455.4856525407724,1455.4856525407724,1455.4856525407724,0.15000367155091646,0.03570552647817557,1.0,3.201133167511303,AREA_WEIGHTED,MEASURED,MEASURED_NORMALIZED,FORMED_FROM,,1.00,PROPORTIONAL_APPORTIONMENT,Weights normalized (pre-normalization sum=4.201) due to overlapping target geometries detected in crosswalk_errors,149f2020-a4d9-4dff-a50f-44da4f58f1cd,8247.568429214842,31060.595710843005,-0.05389854523127724,-1455.431753995541,4766.549459497346
db3b1555-b274-430e-998a-28aff22a834d,SPLIT,1978,IND-000387,Hyderabad,Andhra Pradesh,IND-000823,Ranga Reddy,Telangana,2244,4007,7761.908860119769,,85.11486028982046,4996.185161930081,3186.557340806338,3186.557340806338,3186.557340806338,0.41053784555223033,0.10506644161899079,1.0,2.9074117218225597,AREA_WEIGHTED,MEASURED,MEASURED_NORMALIZED,FORMED_FROM,,1.00,PROPORTIONAL_APPORTIONMENT,Weights normalized (pre-normalization sum=3.907) due to overlapping target geometries detected in crosswalk_errors,149f2020-a4d9-4dff-a50f-44da4f58f1cd,85.11486028982046,22567.0648036306,4490.236659023611,-7676.793999829949,4996.185161930081
db56cd8b-6c9e-40a4-a754-febc35b1c262,SPLIT,1998,,,,,,,,,,,,,,,,,,,,,UNMEASURED,UNMEASURED,,,,,,149f2020-a4d9-4dff-a50f-44da4f58f1cd,0.0,0.0,,,
db8cf9b2-6805-4622-a6c6-eb3a0b99ac97,SPLIT,1982,IND-000377,Alappuzha,Kerala,IND-000524,Pathanamthitta,Kerala,2184,2842,1417.8172970192677,,1417.8120034479787,2640.3034789244102,0.09364180137631968,0.09364180137631968,0.09364180137631968,6.604645152318742e-05,4.198513475926981e-05,1.0,0.573091331059862,AREA_WEIGHTED,MEASURED,MEASURED_NORMALIZED,FORMED_FROM,,1.00,PROPORTIONAL_APPORTIONMENT,Weights normalized (pre-normalization sum=1.573) due to overlapping target geometries detected in crosswalk_errors,149f2020-a4d9-4dff-a50f-44da4f58f1cd,1417.8120034479787,812.5388019484678,-0.08834823008737658,-0.005293571289030297,2640.3034789244102
db9367d8-a555-405f-86a0-738a372663ef,SPLIT,1976,,,,,,,,,,,,,,,,,,,,,UNMEASURED,UNMEASURED,,,,,,149f2020-a4d9-4dff-a50f-44da4f58f1cd,0.0,0.0,,,
dbc3434f-84ed-48e2-99a2-113fe059db97,NEW_DISTRICT,1960,,,,,,,,,,,,,,,,,,,,,UNMEASURED,UNMEASURED,,,,,,149f2020-a4d9-4dff-a50f-44da4f58f1cd,0.0,0.0,,,
dbc69178-fc91-4796-a845-edaf342dfd87,SPLIT,1997,,,,,,,,,,,,,,,,,,,,,UNMEASURED,UNMEASURED,,,,,,149f2020-a4d9-4dff-a50f-44da4f58f1cd,0.0,0.0,,,
dbfd1e67-f5d2-4659-8baa-ca71243af7b6,SPLIT,2016,,,,,,,,,,,,,,,,,,,,,UNMEASURED,UNMEASURED,,,,,,149f2020-a4d9-4dff-a50f-44da4f58f1cd,0.0,0.0,,,
dc01bec1-1586-4407-879b-e172501a25c2,SPLIT,1989,IND-000471,,,IND-000476,Firozabad,Uttar_pradesh,,2690,,,4057.3921740012465,2420.6113210977114,,,,,,,,,UNMEASURED,UNMEASURED,FORMED_FROM,,1.00,,,149f2020-a4d9-4dff-a50f-44da4f58f1cd,4057.3921740012465,0.0,,,2420.6113210977114
dc172576-4c93-4562-b398-486bfdd168b0,SPLIT,1956,IND-000187,Nimar,Madhya Pradesh,IND-000670,Khargone,Madhya Pradesh,926,3415,,,,13437.265236033483,,,,,,0.0,,UNMEASURED,UNMEASURED,UNMEASURED,SPLIT_FROM,,1.00,NONE,No geometric data available for this lineage pair,149f2020-a4d9-4dff-a50f-44da4f58f1cd,0.0,0.0,,,13437.265236033483
dc1ec3de-de22-46ba-81f7-90399134a3f4,NEW_DISTRICT,2020,IND-000654,Bilaspur,Chhattisgarh,IND-000908,Gaurela-pendra-marwahi,Chhattisgarh,3333,4224,,,,1994.2731325151938,,,,,,0.0,,UNMEASURED,UNMEASURED,UNMEASURED,FORMED_FROM,,1.00,NONE,No geometric data available for this lineage pair,149f2020-a4d9-4dff-a50f-44da4f58f1cd,0.0,0.0,,,1994.2731325151938
dc325f99-0756-4bb5-9b0e-59e471361d0f,SPLIT,1975,,,,,,,,,,,,,,,,,,,,,UNMEASURED,UNMEASURED,,,,,,149f2020-a4d9-4dff-a50f-44da4f58f1cd,0.0,0.0,,,
dc33f423-4f98-48cc-936b-334c6b0e8e26,NEW_DISTRICT,1993,IND-000225,Cuttack,Orissa,IND-000638,Jagatsinghapur,Orissa,1079,3268,10898.219863729146,,3686.1137559949193,1749.6375723775918,1749.62627214074,1749.62627214074,1749.62627214074,,0.16054239077739196,1.000081263467672,,AREA_WEIGHTED,MEASURED,MEASURED,FORMED_FROM,,1.00,NONE,Uniform spatial distribution assumed across district area; no ancillary data available for this build,149f2020-a4d9-4dff-a50f-44da4f58f1cd,3686.1137559949193,0.0,5462.479835593486,-7212.1061077342265,1749.6375723775918
dc611ecf-7175-4226-af71-6d583543f73a,RENAME,1961,,,,,,,,,,,,,,,,,,,,,NON_SPATIAL,UNMEASURED,,,,,,149f2020-a4d9-4dff-a50f-44da4f58f1cd,0.0,0.0,,,
dc90f197-e97f-4be0-b67d-89e8559c0fcc,NEW_DISTRICT,1994,IND-000603,East Siang,Arunachal Pradesh,IND-000604,Upper Siang,Arunachal Pradesh,3121,3126,,,3523.8294074093246,6854.764038560141,,,,,,,,,UNMEASURED,UNMEASURED,FORMED_FROM,,1.00,,,149f2020-a4d9-4dff-a50f-44da4f58f1cd,3523.8294074093246,0.0,,,6854.764038560141
dcf7cd4a-a31d-4940-b72e-3bbf304450ab,SPLIT,1972,IND-000369,Simla,Himachal Pradesh,IND-000454,Solan,Himachal Pradesh,2128,2618,1932.0828268602008,,,1932.0958357600216,1932.0713943144574,1932.0713943144574,1932.0713943144574,,0.9999940827869362,1.0006943157186283,,AREA_WEIGHTED,MEASURED,MEASURED,SPLIT_FROM,,1.00,NONE,Uniform spatial distribution assumed across district area; no ancillary data available for this build,149f2020-a4d9-4dff-a50f-44da4f58f1cd,0.0,0.0,0.011432545743446099,,1932.0958357600216
dd01e377-8bb0-4e96-86d4-d5636393b0c0,NEW_DISTRICT,2018,IND-000883,,,IND-000954,Lepa Rada,Arunachal Pradesh,,4339,,,1750.42490157864,836.8119782633613,,,,,,,,,UNMEASURED,UNMEASURED,FORMED_FROM,,1.00,,,149f2020-a4d9-4dff-a50f-44da4f58f1cd,1750.42490157864,0.0,,,836.8119782633613
dd2bb1a2-6916-4690-8a3c-783d0be2c696,RENAME,1951,,,,,,,,,,,,,,,,,,,,,NON_SPATIAL,UNMEASURED,,,,,,149f2020-a4d9-4dff-a50f-44da4f58f1cd,0.0,0.0,,,
dd491feb-3012-4651-a956-344555d607ba,NEW_DISTRICT,1994,IND-000228,Sambalpur,Orissa,IND-000635,Debagarh,Orissa,1106,3256,17378.071734007997,,6591.1851632141925,2915.3629961180895,2915.29861530478,2915.29861530478,2915.29861530478,0.16775731277479364,0.16745126588734344,1.0,0.0018276773593108864,AREA_WEIGHTED,MEASURED,MEASURED_NORMALIZED,FORMED_FROM,,1.00,PROPORTIONAL_APPORTIONMENT,Weights normalized (pre-normalization sum=1.002) due to overlapping target geometries detected in crosswalk_errors,149f2020-a4d9-4dff-a50f-44da4f58f1cd,6591.1851632141925,31.76150825672689,7871.587955489025,-10786.886570793806,2915.3629961180895
dd52625f-6af8-4083-916f-3ce7af3524d5,RENAME,1961,,,,,,,,,,,,,,,,,,,,,NON_SPATIAL,UNMEASURED,,,,,,149f2020-a4d9-4dff-a50f-44da4f58f1cd,0.0,0.0,,,
dda00bab-a432-4f34-bfb7-d2d9eb3a9776,SPLIT,1989,,,,,,,,,,,,,,,,,,,,,UNMEASURED,UNMEASURED,,,,,,149f2020-a4d9-4dff-a50f-44da4f58f1cd,0.0,0.0,,,
dda20865-01c6-415f-b9a1-128da714ada3,SPLIT,1983,,,,,,,,,,,,,,,,,,,,,UNMEASURED,UNMEASURED,,,,,,149f2020-a4d9-4dff-a50f-44da4f58f1cd,0.0,0.0,,,
de64eb3a-34b3-4160-92f4-2a16ead57a69,SPLIT,2004,IND-000506,Bongaigaon,Assam,IND-000756,Chirang,Assam,2756,3767,2936.8241069565947,,1061.8526332282458,1931.8955413019653,1742.7617540419965,1742.7617540419965,1742.7617540419965,,0.593417137210851,0.9873935793345321,,AREA_WEIGHTED,MEASURED,MEASURED,FORMED_FROM,,1.00,NONE,Uniform spatial distribution assumed across district area; no ancillary data available for this build,149f2020-a4d9-4dff-a50f-44da4f58f1cd,1061.8526332282458,0.0,132.2097196863524,-1874.9714737283489,1931.8955413019653
de6a146b-ae26-482c-87d3-43033f74f1b5,SPLIT,2015,,,,,,,,,,,,,,,,,,,,,UNMEASURED,UNMEASURED,,,,,,149f2020-a4d9-4dff-a50f-44da4f58f1cd,0.0,0.0,,,
de6fc419-8ae7-40a4-93ca-5bed48ecf2bd,SPLIT,1997,,,,,,,,,,,,,,,,,,,,,UNMEASURED,UNMEASURED,,,,,,149f2020-a4d9-4dff-a50f-44da4f58f1cd,0.0,0.0,,,
de7bbfd9-4dfb-4d99-ad0a-a1ab19bb9884,SPLIT,1957,IND-000098,Quilon,Travancore - Cochin,IND-000377,Alapuzha,Kerala,543,2182,7230.064395931892,,4824.025464902402,1737.277075172612,605.3720048002775,605.3720048002775,605.3720048002775,0.0837298219834528,0.03842656035615085,1.0,1.1789569820305386,AREA_WEIGHTED,MEASURED,MEASURED_NORMALIZED,FORMED_FROM,,1.00,PROPORTIONAL_APPORTIONMENT,Weights normalized (pre-normalization sum=2.179) due to overlapping target geometries detected in crosswalk_errors,149f2020-a4d9-4dff-a50f-44da4f58f1cd,4824.025464902402,8523.934900114313,1800.6669262292125,-2406.0389310294904,1737.277075172612
de7fabe4-8334-4d85-9ca8-254aa32fcade,SPLIT,1972,IND-000119,Hazaribagh,Bihar,IND-000360,Hazaribag,Bihar,641,2071,18038.617920050838,18038.617920050838,,11159.378512974208,,,,,,0.0,1.4561229353526652,UNMEASURED,UNMEASURED,UNMEASURED,FORMED_FROM,,1.00,NONE,No geometric data available for this lineage pair,149f2020-a4d9-4dff-a50f-44da4f58f1cd,0.0,26266.445275449616,18038.617920050838,,-6879.2394070766295
debb63ca-06be-4cb2-ba22-fe0b03f8e9fa,SPLIT,1956,,,,,,,,,,,,,,,,,,,,,UNMEASURED,UNMEASURED,,,,,,149f2020-a4d9-4dff-a50f-44da4f58f1cd,0.0,0.0,,,
dec53a00-a198-4a1d-a2d4-d645277cc70f,NEW_DISTRICT,2003,IND-000669,Jhabua,Madhya Pradesh,IND-000775,Alirajpur,Madhya Pradesh,3411,3830,6776.418174539772,,3508.6469606735172,3317.1906227037666,3238.5409600300786,3238.5409600300786,3238.5409600300786,0.47791338677973894,0.23877818207174314,1.0,1.0014952062753602,AREA_WEIGHTED,MEASURED,MEASURED_NORMALIZED,FORMED_FROM,,1.00,PROPORTIONAL_APPORTIONMENT,Weights normalized (pre-normalization sum=2.001) due to overlapping target geometries detected in crosswalk_errors,149f2020-a4d9-4dff-a50f-44da4f58f1cd,3508.6469606735172,6786.550317518809,29.230253836175507,-3267.7712138662546,3317.1906227037666
dec58c27-be67-4078-8b91-2065202b9b50,SPLIT,2019,IND-000016,Warangal,Hyderabad,IND-000808,Mulugu,Telangana,43,3977,21957.440193999504,,2085.2547300917554,4278.748634069385,3070.3265021886464,3070.3265021886464,3070.3265021886464,0.1398308033660363,0.07441816596833227,1.0,0.8789874964876128,AREA_WEIGHTED,MEASURED,MEASURED_NORMALIZED,FORMED_FROM,,1.00,PROPORTIONAL_APPORTIONMENT,Weights normalized (pre-normalization sum=1.879) due to overlapping target geometries detected in crosswalk_errors,149f2020-a4d9-4dff-a50f-44da4f58f1cd,2085.2547300917554,19300.315385400107,16801.858961719103,-19872.18546390775,4278.748634069385
ded82ccb-daa2-4249-b063-5ab46d6b11e8,SPLIT,2006,,,,,,,,,,,,,,,,,,,,,UNMEASURED,UNMEASURED,,,,,,149f2020-a4d9-4dff-a50f-44da4f58f1cd,0.0,0.0,,,
dee85d98-7b49-497d-ad99-199b2181c767,SPLIT,2022,,,,,,,,,,,,,,,,,,,,,UNMEASURED,UNMEASURED,,,,,,149f2020-a4d9-4dff-a50f-44da4f58f1cd,0.0,0.0,,,
defe987e-f7ee-4f2e-9cc0-702d4ed09f70,RENAME,1981,,,,,,,,,,,,,,,,,,,,,NON_SPATIAL,UNMEASURED,,,,,,149f2020-a4d9-4dff-a50f-44da4f58f1cd,0.0,0.0,,,
df083c5d-d57d-4811-9f90-acd90c06ac65,SPLIT,2023,,,,,,,,,,,,,,,,,,,,,UNMEASURED,UNMEASURED,,,,,,149f2020-a4d9-4dff-a50f-44da4f58f1cd,0.0,0.0,,,
df464bef-ba47-4145-a444-ebaadfcda4a8,SPLIT,1993,,,,,,,,,,,,,,,,,,,,,UNMEASURED,UNMEASURED,,,,,,149f2020-a4d9-4dff-a50f-44da4f58f1cd,0.0,0.0,,,
df4b8c2a-118f-4f8c-b5a7-649f0aa4d679,RENAME,2011,,,,,,,,,,,,,,,,,,,,,NON_SPATIAL,UNMEASURED,,,,,,149f2020-a4d9-4dff-a50f-44da4f58f1cd,0.0,0.0,,,
df68e4ff-9a0d-45c0-8f03-138e50b22b2b,NEW_DISTRICT,1993,,,,,,,,,,,,,,,,,,,,,UNMEASURED,UNMEASURED,,,,,,149f2020-a4d9-4dff-a50f-44da4f58f1cd,0.0,0.0,,,
dfe14e43-1f5c-4f8b-8035-014eeeb04a17,NEW_DISTRICT,1956,IND-000187,Nimar,Madhya Pradesh,IND-000672,Khandwa,Madhya Pradesh,926,3427,,,,10740.826704630923,,,,,,0.0,,UNMEASURED,UNMEASURED,UNMEASURED,FORMED_FROM,,1.00,NONE,No geometric data available for this lineage pair,149f2020-a4d9-4dff-a50f-44da4f58f1cd,0.0,0.0,,,10740.826704630923
dfe181f5-050f-4251-b4bf-e04b984dbc9e,RENAME,1951,,,,,,,,,,,,,,,,,,,,,NON_SPATIAL,UNMEASURED,,,,,,149f2020-a4d9-4dff-a50f-44da4f58f1cd,0.0,0.0,,,
e00bf8de-4ada-4035-bca5-7e4030ace0c7,SPLIT,1956,,,,,,,,,,,,,,,,,,,,,UNMEASURED,UNMEASURED,,,,,,149f2020-a4d9-4dff-a50f-44da4f58f1cd,0.0,0.0,,,
e0172320-9e8f-4b53-991e-834af105cafc,NEW_DISTRICT,1988,IND-000252,Saharanpur,Uttar Pradesh,IND-000478,Hardwar,Uttar_pradesh,1255,2692,6048.474155701494,,3773.757915785939,2274.6578583021446,2274.524331618291,2274.524331618291,2274.524331618291,0.37604927673771216,0.21549931715795292,1.0,0.7450137740440363,AREA_WEIGHTED,MEASURED,MEASURED_NORMALIZED,FORMED_FROM,,1.00,PROPORTIONAL_APPORTIONMENT,Weights normalized (pre-normalization sum=1.745) due to overlapping target geometries detected in crosswalk_errors,149f2020-a4d9-4dff-a50f-44da4f58f1cd,3773.757915785939,4506.196557946986,0.1919082972644901,-2274.716239915555,2274.6578583021446
e0344fdf-3fdb-407a-9310-b31654b44ec7,NEW_DISTRICT,2003,IND-000019,Kamrup,Assam,IND-000757,Kamrup Metropolitan,Assam,62,3770,4588.641089611689,,3105.625991465717,982.7515363488567,864.9264824412012,864.9264824412012,864.9264824412012,,0.18849294716017878,0.9233009876978165,,AREA_WEIGHTED,MEASURED,MEASURED,FORMED_FROM,,1.00,NONE,Uniform spatial distribution assumed across district area; no ancillary data available for this build,149f2020-a4d9-4dff-a50f-44da4f58f1cd,3105.625991465717,0.0,618.0886157047703,-1483.0150981459715,982.7515363488567
e034d4c9-48ac-4d96-a57c-c5db2b232df5,NEW_DISTRICT,1998,IND-000183,Jabalpur,Madhya Pradesh,IND-000674,Katni,Madhya Pradesh,902,3439,10167.849727430192,,5051.448567290632,5116.479925799009,5116.232587186475,5116.232587186475,5116.232587186475,,0.5031774391181472,1.0004828569228146,,AREA_WEIGHTED,MEASURED,MEASURED,FORMED_FROM,,1.00,NONE,Uniform spatial distribution assumed across district area; no ancillary data available for this build,149f2020-a4d9-4dff-a50f-44da4f58f1cd,5051.448567290632,0.0,0.16857295308363973,-5116.40116013956,5116.479925799009
e050c40f-6ee0-4128-9e57-325370661735,RENAME,2011,,,,,,,,,,,,,,,,,,,,,NON_SPATIAL,UNMEASURED,,,,,,149f2020-a4d9-4dff-a50f-44da4f58f1cd,0.0,0.0,,,
e064d174-97cf-4193-9b31-45758f568232,SPLIT,2016,,,,,,,,,,,,,,,,,,,,,UNMEASURED,UNMEASURED,,,,,,149f2020-a4d9-4dff-a50f-44da4f58f1cd,0.0,0.0,,,
e0a4261d-b551-4c83-9416-d1ffd712c7e7,SPLIT,2006,,,,,,,,,,,,,,,,,,,,,UNMEASURED,UNMEASURED,,,,,,149f2020-a4d9-4dff-a50f-44da4f58f1cd,0.0,0.0,,,
e0a7cae9-7fbc-42e6-93bb-176708fbe7d0,SPLIT,1976,IND-000024,United Khasi and Jaintia Hills,Assam,IND-000392,East Khasi Hills,Meghalaya,100,2269,14088.541902295321,,,5191.325569542654,5191.287905281777,5191.287905281777,5191.287905281777,0.3684758821234727,0.23756527093987093,1.0,0.5510511307721235,AREA_WEIGHTED,MEASURED,MEASURED_NORMALIZED,SPLIT_FROM,,1.00,PROPORTIONAL_APPORTIONMENT,Weights normalized (pre-normalization sum=1.551) due to overlapping target geometries detected in crosswalk_errors,149f2020-a4d9-4dff-a50f-44da4f58f1cd,0.0,7763.506946190281,8897.253997013544,,5191.325569542654
e0cf5dc5-144c-4e03-948b-6d560a934b1e,NEW_DISTRICT,1997,IND-000544,,,IND-000543,Bageshwar,Uttranchal,,2897,,,3002.478194893149,2297.1205167674216,,,,,,,,,UNMEASURED,UNMEASURED,FORMED_FROM,,1.00,,,149f2020-a4d9-4dff-a50f-44da4f58f1cd,3002.478194893149,0.0,,,2297.1205167674216
e0d3ff1f-33db-48e4-8087-f894f4c7dcb7,NEW_DISTRICT,1972,IND-000106,Patna,Bihar,IND-000431,Nalanda,Bihar,567,2485,5606.499909467111,,3227.720216619503,2378.732897715948,2378.719434593041,2378.719434593041,2378.719434593041,0.4242788679219179,0.42365018634619145,1.0,0.0014839638833830104,AREA_WEIGHTED,MEASURED,MEASURED_NORMALIZED,FORMED_FROM,,1.00,PROPORTIONAL_APPORTIONMENT,Weights normalized (pre-normalization sum=1.001) due to overlapping target geometries detected in crosswalk_errors,149f2020-a4d9-4dff-a50f-44da4f58f1cd,3227.720216619503,8.31984337783931,0.06025825456708844,-2378.779692847608,2378.732897715948
e0d9216c-424a-4094-8e89-2c62c36bd41a,NEW_DISTRICT,2022,,,,,,,,,,,,,,,,,,,,,UNMEASURED,UNMEASURED,,,,,,149f2020-a4d9-4dff-a50f-44da4f58f1cd,0.0,0.0,,,
e10fa354-77c2-405d-9df5-9493b5e9ddaa,SPLIT,1991,,,,,,,,,,,,,,,,,,,,,UNMEASURED,UNMEASURED,,,,,,149f2020-a4d9-4dff-a50f-44da4f58f1cd,0.0,0.0,,,
e119fdec-c024-40e6-ac94-ec9040d73354,NEW_DISTRICT,2016,IND-000332,Warangal,Andhra Pradesh,IND-000829,Warangal Urban,Telangana,1885,4019,12801.523008191938,,,1299.46337040526,824.3205360286769,824.3205360286769,824.3205360286769,0.06439238014892279,0.052630232470369534,1.0,0.22348652336231423,AREA_WEIGHTED,MEASURED,MEASURED_NORMALIZED,FORMED_FROM,,1.00,PROPORTIONAL_APPORTIONMENT,Weights normalized (pre-normalization sum=1.223) due to overlapping target geometries detected in crosswalk_errors,149f2020-a4d9-4dff-a50f-44da4f58f1cd,0.0,2860.967870843491,11977.20247216326,,1299.46337040526
e1763b6b-3064-48b5-8c6f-558f69e79055,SPLIT,2022,,,,,,,,,,,,,,,,,,,,,UNMEASURED,UNMEASURED,,,,,,149f2020-a4d9-4dff-a50f-44da4f58f1cd,0.0,0.0,,,
e1b94570-8f69-48d3-b078-53ed9bb49591,SPLIT,1956,IND-000143,Jammu and Kashmir,Jammu and Kashmir,IND-000334,Srinagar,Jammu and Kashmir,708,1890,,,,4477.322152290479,,,,,,0.0,,UNMEASURED,UNMEASURED,UNMEASURED,SPLIT_FROM,,1.00,NONE,No geometric data available for this lineage pair,149f2020-a4d9-4dff-a50f-44da4f58f1cd,0.0,0.0,,,4477.322152290479
e1be6f42-fd1e-4b5c-b5c8-1194508c6ce6,SPLIT,1981,,,,,,,,,,,,,,,,,,,,,UNMEASURED,UNMEASURED,,,,,,149f2020-a4d9-4dff-a50f-44da4f58f1cd,0.0,0.0,,,
e1c3176c-8ea7-4e9f-9dc8-eccc2eee432d,RENAME,2011,,,,,,,,,,,,,,,,,,,,,NON_SPATIAL,UNMEASURED,,,,,,149f2020-a4d9-4dff-a50f-44da4f58f1cd,0.0,0.0,,,
e1c61940-a1ee-4d04-853e-d6f83df63160,SPLIT,2015,,,,,,,,,,,,,,,,,,,,,UNMEASURED,UNMEASURED,,,,,,149f2020-a4d9-4dff-a50f-44da4f58f1cd,0.0,0.0,,,
e1cee189-b741-4f27-b543-20ec8a785d7b,SPLIT,2002,IND-000305,Medinipur,West Bengal,IND-000759,Paschim Medinipur,West Bengal,1693,3775,13461.533561726172,,,9348.95370700191,9232.56719300441,9232.56719300441,9232.56719300441,0.685848098262329,0.5657594477799275,1.0,0.21226097231541785,AREA_WEIGHTED,MEASURED,MEASURED_NORMALIZED,SPLIT_FROM,,1.00,PROPORTIONAL_APPORTIONMENT,Weights normalized (pre-normalization sum=1.212) due to overlapping target geometries detected in crosswalk_errors,149f2020-a4d9-4dff-a50f-44da4f58f1cd,0.0,2857.358202668627,4228.966368721762,,9348.95370700191
e2037173-b792-4461-a961-02db3669e1de,SPLIT,2007,,,,,,,,,,,,,,,,,,,,,UNMEASURED,UNMEASURED,,,,,,149f2020-a4d9-4dff-a50f-44da4f58f1cd,0.0,0.0,,,
e21a44c0-cf92-4343-953e-b20052d8ae46,NEW_DISTRICT,1994,IND-000445,Munger,Bihar,IND-000590,Lakhisarai,Bihar,2570,3068,6405.989090355114,,1431.9014196866117,1211.0280605540493,1210.9526007793613,1210.9526007793613,1210.9526007793613,0.18903444631252603,0.09451465166577139,1.0,1.0000544146425194,AREA_WEIGHTED,MEASURED,MEASURED_NORMALIZED,FORMED_FROM,,1.00,PROPORTIONAL_APPORTIONMENT,Weights normalized (pre-normalization sum=2.000) due to overlapping target geometries detected in crosswalk_errors,149f2020-a4d9-4dff-a50f-44da4f58f1cd,1431.9014196866117,6406.337669961449,3763.135069889141,-4974.087670668502,1211.0280605540493
e21b434e-3fdb-4452-b8fe-818493c5f000,NEW_DISTRICT,1968,,,,,,,,,,,,,,,,,,,,,UNMEASURED,UNMEASURED,,,,,,149f2020-a4d9-4dff-a50f-44da4f58f1cd,0.0,0.0,,,
e22b21e0-e21f-4309-93c3-190ba3eb9bdc,SPLIT,1993,,,,,,,,,,,,,,,,,,,,,UNMEASURED,UNMEASURED,,,,,,149f2020-a4d9-4dff-a50f-44da4f58f1cd,0.0,0.0,,,
e299667a-dae1-4c0c-9d4b-d6ed2ba8c9dc,SPLIT,1973,,,,,,,,,,,,,,,,,,,,,UNMEASURED,UNMEASURED,,,,,,149f2020-a4d9-4dff-a50f-44da4f58f1cd,0.0,0.0,,,
e2a862e1-63b2-474b-b995-d8ef7fa9cbd4,SPLIT,1998,,,,,,,,,,,,,,,,,,,,,UNMEASURED,UNMEASURED,,,,,,149f2020-a4d9-4dff-a50f-44da4f58f1cd,0.0,0.0,,,
e2ea4cc1-7fbb-47c0-bcdd-8246cdd3c515,SPLIT,2011,,,,,,,,,,,,,,,,,,,,,UNMEASURED,UNMEASURED,,,,,,149f2020-a4d9-4dff-a50f-44da4f58f1cd,0.0,0.0,,,
e3a0b693-d136-4e76-bfa4-b534f5f06aef,SPLIT,2013,IND-000778,Surendranagar,Gujarat,IND-000879,Morbi,Gujarat,3855,4153,10599.132815978572,,9151.23910227056,4869.138398660632,1297.37415377476,1297.37415377476,1297.37415377476,0.1224038019241463,0.06282577541027727,1.0,0.9483054705620555,AREA_WEIGHTED,MEASURED,MEASURED_NORMALIZED,FORMED_FROM,,1.00,PROPORTIONAL_APPORTIONMENT,Weights normalized (pre-normalization sum=1.948) due to overlapping target geometries detected in crosswalk_errors,149f2020-a4d9-4dff-a50f-44da4f58f1cd,9151.23910227056,10051.215632606283,150.51955993325282,-1447.893713708012,4869.138398660632
e3bae7c0-4233-491d-9deb-25193eb5b82f,NEW_DISTRICT,2021,,,,,,,,,,,,,,,,,,,,,UNMEASURED,UNMEASURED,,,,,,149f2020-a4d9-4dff-a50f-44da4f58f1cd,0.0,0.0,,,
e41cc13c-f80e-42b1-9c21-b10f075028c7,SPLIT,1997,,,,,,,,,,,,,,,,,,,,,UNMEASURED,UNMEASURED,,,,,,149f2020-a4d9-4dff-a50f-44da4f58f1cd,0.0,0.0,,,
e43fe736-27da-49bf-b5ed-d20e81da6269,SPLIT,1983,,,,,,,,,,,,,,,,,,,,,UNMEASURED,UNMEASURED,,,,,,149f2020-a4d9-4dff-a50f-44da4f58f1cd,0.0,0.0,,,
e440395c-8556-49c4-b457-8e0c25b5e29e,SPLIT,1999,,,,,,,,,,,,,,,,,,,,,UNMEASURED,UNMEASURED,,,,,,149f2020-a4d9-4dff-a50f-44da4f58f1cd,0.0,0.0,,,
e4b8cf36-8fd7-4ae6-ba09-fb6a5fdbe68a,SPLIT,1972,IND-000108,Shahabad,Bihar,IND-000433,Rohtas,Bihar,585,2497,11320.00803793858,,,7225.163126117326,7225.089389174495,7225.089389174495,7225.089389174495,0.6382583267573557,0.4414588240153388,1.0,0.4457935645096063,AREA_WEIGHTED,MEASURED,MEASURED_NORMALIZED,SPLIT_FROM,,1.00,PROPORTIONAL_APPORTIONMENT,Weights normalized (pre-normalization sum=1.446) due to overlapping target geometries detected in crosswalk_errors,149f2020-a4d9-4dff-a50f-44da4f58f1cd,0.0,5046.386733510034,4094.9186487640845,,7225.163126117326
e4df7c0e-37bc-40b7-9753-76ab661bc8c2,NEW_DISTRICT,2001,IND-000408,Dibang Valley,Arunachal Pradesh,IND-000748,Lower Dibang Valley,Arunachal Pradesh,2366,3737,13498.574694867002,,13498.574694867002,3680.7433986718675,3661.1488919263606,3661.1488919263606,3661.1488919263606,0.2712248496367959,0.13683538834158832,1.0,0.9821250403420871,AREA_WEIGHTED,MEASURED,MEASURED_NORMALIZED,FORMED_FROM,,1.00,PROPORTIONAL_APPORTIONMENT,Weights normalized (pre-normalization sum=1.982) due to overlapping target geometries detected in crosswalk_errors,149f2020-a4d9-4dff-a50f-44da4f58f1cd,13498.574694867002,13257.288216756931,-3661.148891926361,0.0,3680.7433986718675
e51f4a9c-bf71-46da-9aaf-26e2b2a1f03e,NEW_DISTRICT,2013,IND-000095,Jamnagar,Saurashtra,IND-000878,Devbhumi Dwarka,Gujarat,523,4151,10863.678551326559,,6606.251131577598,4188.210421040709,4142.319661521646,4142.319661521646,4142.319661521646,,0.3812999107025151,0.9793850826042766,,AREA_WEIGHTED,MEASURED,MEASURED,FORMED_FROM,,1.00,NONE,Uniform spatial distribution assumed across district area; no ancillary data available for this build,149f2020-a4d9-4dff-a50f-44da4f58f1cd,6606.251131577598,0.0,115.10775822731557,-4257.42741974896,4188.210421040709
e54ab8c0-d44f-4603-938a-40915a13d32e,SPLIT,1995,,,,,,,,,,,,,,,,,,,,,UNMEASURED,UNMEASURED,,,,,,149f2020-a4d9-4dff-a50f-44da4f58f1cd,0.0,0.0,,,
e5b6561e-5667-4738-90be-bab1b119f8ff,SPLIT,2012,,,,,,,,,,,,,,,,,,,,,UNMEASURED,UNMEASURED,,,,,,149f2020-a4d9-4dff-a50f-44da4f58f1cd,0.0,0.0,,,
e5b739ad-dfa2-45fe-93f2-984fe5bfb52f,NEW_DISTRICT,1991,,,,,,,,,,,,,,,,,,,,,UNMEASURED,UNMEASURED,,,,,,149f2020-a4d9-4dff-a50f-44da4f58f1cd,0.0,0.0,,,
e5be50ff-ab8d-4fd1-adbf-f1ad084e36bb,SPLIT,2006,,,,,,,,,,,,,,,,,,,,,UNMEASURED,UNMEASURED,,,,,,149f2020-a4d9-4dff-a50f-44da4f58f1cd,0.0,0.0,,,
e5d082a7-cfff-49e6-995f-da97d8ca8fdf,SPLIT,1998,,,,,,,,,,,,,,,,,,,,,UNMEASURED,UNMEASURED,,,,,,149f2020-a4d9-4dff-a50f-44da4f58f1cd,0.0,0.0,,,
e6469962-be57-4d32-ab73-77f1b6a8f6ee,SPLIT,2011,,,,,,,,,,,,,,,,,,,,,UNMEASURED,UNMEASURED,,,,,,149f2020-a4d9-4dff-a50f-44da4f58f1cd,0.0,0.0,,,
e656d09c-a2f3-447e-81c6-895f6f16180c,SPLIT,2016,,,,,,,,,,,,,,,,,,,,,UNMEASURED,UNMEASURED,,,,,,149f2020-a4d9-4dff-a50f-44da4f58f1cd,0.0,0.0,,,
e6791a8f-ae76-48b0-bcd7-0c90527ed484,SPLIT,1997,,,,,,,,,,,,,,,,,,,,,UNMEASURED,UNMEASURED,,,,,,149f2020-a4d9-4dff-a50f-44da4f58f1cd,0.0,0.0,,,
e67b0ff8-e4a9-46aa-923c-1c1223633509,SPLIT,2016,,,,,,,,,,,,,,,,,,,,,UNMEASURED,UNMEASURED,,,,,,149f2020-a4d9-4dff-a50f-44da4f58f1cd,0.0,0.0,,,
e6a2476e-6692-48af-b06c-230652351c11,SPLIT,2017,,,,,,,,,,,,,,,,,,,,,UNMEASURED,UNMEASURED,,,,,,149f2020-a4d9-4dff-a50f-44da4f58f1cd,0.0,0.0,,,
e74de32b-979d-4a0a-a769-de981061215f,NEW_DISTRICT,2011,,,,,,,,,,,,,,,,,,,,,UNMEASURED,UNMEASURED,,,,,,149f2020-a4d9-4dff-a50f-44da4f58f1cd,0.0,0.0,,,
e75c01a8-e9a1-47d1-99f6-ebc67d59d031,SPLIT,2013,,,,,,,,,,,,,,,,,,,,,UNMEASURED,UNMEASURED,,,,,,149f2020-a4d9-4dff-a50f-44da4f58f1cd,0.0,0.0,,,
e772a5d0-df9e-47a3-805e-8b22cc88332d,SPLIT,1995,,,,,,,,,,,,,,,,,,,,,UNMEASURED,UNMEASURED,,,,,,149f2020-a4d9-4dff-a50f-44da4f58f1cd,0.0,0.0,,,
e7765e07-edfb-40e0-8a9e-a04dafc1564d,SPLIT,2019,,,,,,,,,,,,,,,,,,,,,UNMEASURED,UNMEASURED,,,,,,149f2020-a4d9-4dff-a50f-44da4f58f1cd,0.0,0.0,,,
e7c08184-c912-49b1-8015-4d1f0f60c311,NEW_DISTRICT,1973,IND-000109,Saran,Bihar,IND-000437,Gopalganj,Bihar,588,2521,6902.697169128855,,2650.875446571274,2035.0089148502723,2035.0005157242776,2035.0005157242776,2035.0005157242776,,0.2948123705651572,0.9999993522302395,,AREA_WEIGHTED,MEASURED,MEASURED,FORMED_FROM,,1.00,NONE,Uniform spatial distribution assumed across district area; no ancillary data available for this build,149f2020-a4d9-4dff-a50f-44da4f58f1cd,2650.875446571274,0.0,2216.821206833304,-4251.821722557581,2035.0089148502723
e800464b-a9a0-454d-9524-385965dd5faf,RENAME,1991,,,,,,,,,,,,,,,,,,,,,NON_SPATIAL,UNMEASURED,,,,,,149f2020-a4d9-4dff-a50f-44da4f58f1cd,0.0,0.0,,,
e81a56ee-abf8-4515-88d3-ca18bb76569b,SPLIT,2018,,,,,,,,,,,,,,,,,,,,,UNMEASURED,UNMEASURED,,,,,,149f2020-a4d9-4dff-a50f-44da4f58f1cd,0.0,0.0,,,
e8340ea6-4d15-4db2-a94f-29beec9455ea,NEW_DISTRICT,1961,,,,,,,,,,,,,,,,,,,,,UNMEASURED,UNMEASURED,,,,,,149f2020-a4d9-4dff-a50f-44da4f58f1cd,0.0,0.0,,,
e846d6c4-8227-49a0-9b54-6c9a268c783b,SPLIT,2012,,,,,,,,,,,,,,,,,,,,,UNMEASURED,UNMEASURED,,,,,,149f2020-a4d9-4dff-a50f-44da4f58f1cd,0.0,0.0,,,
e861228e-b890-4912-a330-f7fb299a4227,SPLIT,2012,,,,,,,,,,,,,,,,,,,,,UNMEASURED,UNMEASURED,,,,,,149f2020-a4d9-4dff-a50f-44da4f58f1cd,0.0,0.0,,,
e86c210c-0329-4e75-81a6-4a1df7cbc7b1,SPLIT,2004,,,,,,,,,,,,,,,,,,,,,UNMEASURED,UNMEASURED,,,,,,149f2020-a4d9-4dff-a50f-44da4f58f1cd,0.0,0.0,,,
e881e0f5-94e7-4c88-91c9-9a39f6588df0,SPLIT,1969,IND-000130,Manipur,Manipur,IND-000347,Manipur Central,Manipur,691,1987,22478.364538398026,,,5459.080902710379,5458.986113113225,5458.986113113225,5458.986113113225,0.24285512870778775,0.1392665587849922,1.0,0.7438151041178636,AREA_WEIGHTED,MEASURED,MEASURED_NORMALIZED,SPLIT_FROM,,1.00,PROPORTIONAL_APPORTIONMENT,Weights normalized (pre-normalization sum=1.744) due to overlapping target geometries detected in crosswalk_errors,149f2020-a4d9-4dff-a50f-44da4f58f1cd,0.0,16719.74705952782,17019.3784252848,,5459.080902710379
e8c78cbc-e8f4-4b57-bc11-53bbb0a7b1ee,SPLIT,2006,,,,,,,,,,,,,,,,,,,,,UNMEASURED,UNMEASURED,,,,,,149f2020-a4d9-4dff-a50f-44da4f58f1cd,0.0,0.0,,,
e8cae023-e9a2-497a-bf00-b39941f16f05,SPLIT,2004,,,,,,,,,,,,,,,,,,,,,UNMEASURED,UNMEASURED,,,,,,149f2020-a4d9-4dff-a50f-44da4f58f1cd,0.0,0.0,,,
e9139c3d-e904-48fe-b638-dce34b5ef126,SPLIT,2023,,,,,,,,,,,,,,,,,,,,,UNMEASURED,UNMEASURED,,,,,,149f2020-a4d9-4dff-a50f-44da4f58f1cd,0.0,0.0,,,
e91618a3-37ea-42a2-a6e7-2ed81bfe3fa6,NEW_DISTRICT,2019,IND-000002,Mahbubnagar,Hyderabad,IND-000889,Narayanpet,Telangana,4,4186,14756.90744277702,,,2361.3145152685793,1477.996034636568,1477.996034636568,1477.996034636568,0.1001562177148434,0.034820403549915335,1.0,1.8763657943041538,AREA_WEIGHTED,MEASURED,MEASURED_NORMALIZED,FORMED_FROM,,1.00,PROPORTIONAL_APPORTIONMENT,Weights normalized (pre-normalization sum=2.876) due to overlapping target geometries detected in crosswalk_errors,149f2020-a4d9-4dff-a50f-44da4f58f1cd,0.0,27689.356355339183,13278.911408140451,,2361.3145152685793
e95dbc28-cd15-41a2-9492-d73dc360eea5,NEW_DISTRICT,2020,,,,,,,,,,,,,,,,,,,,,UNMEASURED,UNMEASURED,,,,,,149f2020-a4d9-4dff-a50f-44da4f58f1cd,0.0,0.0,,,
e9635696-79d7-4f40-a91e-57ba3f854861,NEW_DISTRICT,2006,,,,,,,,,,,,,,,,,,,,,UNMEASURED,UNMEASURED,,,,,,149f2020-a4d9-4dff-a50f-44da4f58f1cd,0.0,0.0,,,
e9672a9a-f006-47a1-9453-91d2844fc1aa,NEW_DISTRICT,1973,IND-000141,Sikkim,Sikkim,IND-000938,South District,Sikkim,706,4313,7090.027624325411,,,708.9850692614582,707.7164784093187,707.7164784093187,707.7164784093187,0.09981857841867792,0.05041930944759928,1.0,0.9797688526936139,AREA_WEIGHTED,MEASURED,MEASURED_NORMALIZED,FORMED_FROM,,1.00,PROPORTIONAL_APPORTIONMENT,Weights normalized (pre-normalization sum=1.980) due to overlapping target geometries detected in crosswalk_errors,149f2020-a4d9-4dff-a50f-44da4f58f1cd,0.0,6946.588231051337,6382.311145916093,,708.9850692614582
e9801f6e-0552-47ed-a5bf-971783393482,SPLIT,2006,,,,,,,,,,,,,,,,,,,,,UNMEASURED,UNMEASURED,,,,,,149f2020-a4d9-4dff-a50f-44da4f58f1cd,0.0,0.0,,,
e9ff3e82-e52f-4ce7-8a1e-1a22446b048f,SPLIT,2016,IND-000332,Warangal,Andhra Pradesh,IND-000905,Jangoan,Telangana,1885,4219,12801.523008191938,,,2291.0544055699793,2097.5899091637234,2097.5899091637234,2097.5899091637234,0.16385471539764726,0.13392441377069797,1.0,0.22348652336231423,AREA_WEIGHTED,MEASURED,MEASURED_NORMALIZED,FORMED_FROM,,1.00,PROPORTIONAL_APPORTIONMENT,Weights normalized (pre-normalization sum=1.223) due to overlapping target geometries detected in crosswalk_errors,149f2020-a4d9-4dff-a50f-44da4f58f1cd,0.0,2860.967870843491,10703.933099028214,,2291.0544055699793
ea2fd172-11e1-4407-aac9-adf98b7af405,NEW_DISTRICT,1961,,,,,,,,,,,,,,,,,,,,,UNMEASURED,UNMEASURED,,,,,,149f2020-a4d9-4dff-a50f-44da4f58f1cd,0.0,0.0,,,
ea659402-7b12-4184-9ed3-825ed9a6a927,SPLIT,2023,,,,,,,,,,,,,,,,,,,,,UNMEASURED,UNMEASURED,,,,,,149f2020-a4d9-4dff-a50f-44da4f58f1cd,0.0,0.0,,,
ea991ea5-2e0d-4242-9236-ebebb5665d14,SPLIT,2019,,,,,,,,,,,,,,,,,,,,,UNMEASURED,UNMEASURED,,,,,,149f2020-a4d9-4dff-a50f-44da4f58f1cd,0.0,0.0,,,
eaada6b7-a9e9-4aee-9b6e-e837f8a08892,SPLIT,1997,,,,,,,,,,,,,,,,,,,,,UNMEASURED,UNMEASURED,,,,,,149f2020-a4d9-4dff-a50f-44da4f58f1cd,0.0,0.0,,,
eae6dfbd-611e-4097-ba85-69fbe8d6c5d4,RENAME,1951,,,,,,,,,,,,,,,,,,,,,NON_SPATIAL,UNMEASURED,,,,,,149f2020-a4d9-4dff-a50f-44da4f58f1cd,0.0,0.0,,,
eb364376-675c-4d9f-b9f1-da2fcfaaeb3f,SPLIT,2008,,,,,,,,,,,,,,,,,,,,,UNMEASURED,UNMEASURED,,,,,,149f2020-a4d9-4dff-a50f-44da4f58f1cd,0.0,0.0,,,
eb411d0a-5cee-44fd-9c92-daf4233e11ca,SPLIT,2004,,,,,,,,,,,,,,,,,,,,,UNMEASURED,UNMEASURED,,,,,,149f2020-a4d9-4dff-a50f-44da4f58f1cd,0.0,0.0,,,
eb9379a9-781a-41d6-a92c-24b036ed0650,SPLIT,1997,,,,,,,,,,,,,,,,,,,,,UNMEASURED,UNMEASURED,,,,,,149f2020-a4d9-4dff-a50f-44da4f58f1cd,0.0,0.0,,,
eb962fc4-88c8-4bc4-a941-1eec05638769,NEW_DISTRICT,1991,IND-000067,Jaipur,Rajasthan,IND-000563,Dausa,Rajasthan,293,2960,14080.675430751999,,14080.675430751999,3417.026884228206,2912.3997885178696,2912.3997885178696,2912.3997885178696,,0.20683665374156904,1.0000525623920558,,AREA_WEIGHTED,MEASURED,MEASURED,FORMED_FROM,,1.00,NONE,Uniform spatial distribution assumed across district area; no ancillary data available for this build,149f2020-a4d9-4dff-a50f-44da4f58f1cd,14080.675430751999,0.0,-2912.3997885178687,0.0,3417.026884228206
ebaf7f90-cda8-48c9-81bc-74c8a1627545,SPLIT,2016,,,,,,,,,,,,,,,,,,,,,UNMEASURED,UNMEASURED,,,,,,149f2020-a4d9-4dff-a50f-44da4f58f1cd,0.0,0.0,,,
ebcef40c-b395-45fa-bbf7-414bbf5a7b09,NEW_DISTRICT,1994,IND-000439,Sitamarhi,Bihar,IND-000587,Sheohar,Bihar,2534,3056,2623.2209773494837,,2179.0757411093027,444.1671057833394,444.1284221843512,444.1284221843512,444.1284221843512,0.16930652278981884,0.08465455451625033,1.0,0.9999694494561271,AREA_WEIGHTED,MEASURED,MEASURED_NORMALIZED,FORMED_FROM,,1.00,PROPORTIONAL_APPORTIONMENT,Weights normalized (pre-normalization sum=2.000) due to overlapping target geometries detected in crosswalk_errors,149f2020-a4d9-4dff-a50f-44da4f58f1cd,2179.0757411093027,2623.1408365219268,0.016814055829854624,-444.145236240181,444.1671057833394
ec373fc2-1bbf-4f30-947a-83809578e3de,NEW_DISTRICT,1977,IND-000110,Champaran,Bihar,IND-000438,Pashchim Champaran,Bihar,597,2527,9204.087187145422,,,5236.669329716247,5236.407847513494,5236.407847513494,5236.407847513494,0.5689220170389896,0.3975520360297854,1.0,0.4310630193738083,AREA_WEIGHTED,MEASURED,MEASURED_NORMALIZED,FORMED_FROM,,1.00,PROPORTIONAL_APPORTIONMENT,Weights normalized (pre-normalization sum=1.431) due to overlapping target geometries detected in crosswalk_errors,149f2020-a4d9-4dff-a50f-44da4f58f1cd,0.0,3967.541613470688,3967.679339631928,,5236.669329716247
ec48ce6a-3b44-423d-bf58-69e4259c07bd,SPLIT,1997,,,,,,,,,,,,,,,,,,,,,UNMEASURED,UNMEASURED,,,,,,149f2020-a4d9-4dff-a50f-44da4f58f1cd,0.0,0.0,,,
ec57aef8-c51f-4ad1-8882-0d75f7b3ac9a,SPLIT,1964,,,,,,,,,,,,,,,,,,,,,UNMEASURED,UNMEASURED,,,,,,149f2020-a4d9-4dff-a50f-44da4f58f1cd,0.0,0.0,,,
ec7ae81b-d6b8-4372-9900-ae0215945bd5,SPLIT,2023,,,,,,,,,,,,,,,,,,,,,UNMEASURED,UNMEASURED,,,,,,149f2020-a4d9-4dff-a50f-44da4f58f1cd,0.0,0.0,,,
ec86495c-4809-493b-9664-2110f399b8e7,NEW_DISTRICT,1995,IND-000532,Tiruchchirappalli,Tamil_nadu,IND-000716,Karur,Tamilnadu,2857,3645,10927.182968699864,,,2874.884762692886,2874.601847784248,2874.601847784248,2874.601847784248,0.2630688857337101,0.22655654752526797,1.0,0.161162140786816,AREA_WEIGHTED,MEASURED,MEASURED_NORMALIZED,FORMED_FROM,,1.00,PROPORTIONAL_APPORTIONMENT,Weights normalized (pre-normalization sum=1.161) due to overlapping target geometries detected in crosswalk_errors,149f2020-a4d9-4dff-a50f-44da4f58f1cd,0.0,1761.0482000049058,8052.581120915616,,2874.884762692886
ec909699-7c97-48ce-9df8-02d01ca272c4,SPLIT,2004,,,,,,,,,,,,,,,,,,,,,UNMEASURED,UNMEASURED,,,,,,149f2020-a4d9-4dff-a50f-44da4f58f1cd,0.0,0.0,,,
ecc30d14-b4e5-47cb-9503-4a12f0014ed7,NEW_DISTRICT,1983,IND-000010,Cachar,Assam,IND-000426,Karimganj,Assam,24,2459,3826.3754280742737,1772.0230409150824,4558.908692679175,1771.942275941182,0.021235167657269516,0.021235167657269516,0.021235167657269516,5.54968221399976e-06,5.50882185323687e-06,1.0,0.0074172594161636685,AREA_WEIGHTED,MEASURED,MEASURED_NORMALIZED,FORMED_FROM,,1.00,PROPORTIONAL_APPORTIONMENT,Weights normalized (pre-normalization sum=1.007) due to overlapping target geometries detected in crosswalk_errors,149f2020-a4d9-4dff-a50f-44da4f58f1cd,4558.908692679175,28.381219173661194,-732.5544997725588,732.5332646049014,-0.0807649739003864
ecc49e0e-721f-4c02-97d6-2addd248151a,SPLIT,1992,,,,,,,,,,,,,,,,,,,,,UNMEASURED,UNMEASURED,,,,,,149f2020-a4d9-4dff-a50f-44da4f58f1cd,0.0,0.0,,,
eceed985-17db-4bee-b3de-08d4a1e625d1,SPLIT,2015,,,,,,,,,,,,,,,,,,,,,UNMEASURED,UNMEASURED,,,,,,149f2020-a4d9-4dff-a50f-44da4f58f1cd,0.0,0.0,,,
ecff683e-5f0a-49f8-a5d2-c4bcd374482b,SPLIT,2021,,,,,,,,,,,,,,,,,,,,,UNMEASURED,UNMEASURED,,,,,,149f2020-a4d9-4dff-a50f-44da4f58f1cd,0.0,0.0,,,
ed009853-d5a5-495c-83c4-98a5d01a6354,SPLIT,2021,,,,,,,,,,,,,,,,,,,,,UNMEASURED,UNMEASURED,,,,,,149f2020-a4d9-4dff-a50f-44da4f58f1cd,0.0,0.0,,,
ed036269-4590-4d54-bc61-4adf6892aed5,SPLIT,1972,,,,,,,,,,,,,,,,,,,,,UNMEASURED,UNMEASURED,,,,,,149f2020-a4d9-4dff-a50f-44da4f58f1cd,0.0,0.0,,,
ed577464-89ae-4054-91db-cf48bf745fa8,NEW_DISTRICT,1992,IND-000395,West Garo Hills,Meghalaya,IND-000617,South Garo Hills,Meghalaya,2288,3180,,,3586.237036923644,1867.7633795747004,,,,,,,,,UNMEASURED,UNMEASURED,FORMED_FROM,,1.00,,,149f2020-a4d9-4dff-a50f-44da4f58f1cd,3586.237036923644,0.0,,,1867.7633795747004
ed63a7f4-931c-489d-bd97-e2d7f0e4cfad,NEW_DISTRICT,1956,IND-000143,Jammu and Kashmir,Jammu and Kashmir,IND-000334,Srinagar,Jammu and Kashmir,708,1890,,,,4477.322152290479,,,,,,0.0,,UNMEASURED,UNMEASURED,UNMEASURED,FORMED_FROM,,1.00,NONE,No geometric data available for this lineage pair,149f2020-a4d9-4dff-a50f-44da4f58f1cd,0.0,0.0,,,4477.322152290479
ed9d9736-93d5-47e4-9028-724e53812f8a,SPLIT,2019,,,,,,,,,,,,,,,,,,,,,UNMEASURED,UNMEASURED,,,,,,149f2020-a4d9-4dff-a50f-44da4f58f1cd,0.0,0.0,,,
ed9eea9b-2d25-4710-8262-22846a220ea4,SPLIT,1994,IND-000231,Phulabani,Orissa,IND-000644,Baudh,Orissa,1132,3293,11200.06889810001,,,3106.691806661081,3106.6078712780427,3106.6078712780427,3106.6078712780427,,0.2773739964943475,1.000055139174845,,AREA_WEIGHTED,MEASURED,MEASURED,SPLIT_FROM,,1.00,NONE,Uniform spatial distribution assumed across district area; no ancillary data available for this build,149f2020-a4d9-4dff-a50f-44da4f58f1cd,0.0,0.0,8093.461026821967,,3106.691806661081
edae3afd-0b67-4d5d-af82-ad094567fade,SPLIT,2013,,,,,,,,,,,,,,,,,,,,,UNMEASURED,UNMEASURED,,,,,,149f2020-a4d9-4dff-a50f-44da4f58f1cd,0.0,0.0,,,
edb0c8c4-541b-4516-9259-10db8b4c63c0,NEW_DISTRICT,1976,IND-000036,Garo Hills,Assam,IND-000395,West Garo Hills,Meghalaya,176,2287,7959.739414241198,,,5105.1824787362975,5105.063273416816,5105.063273416816,5105.063273416816,0.6413606033739085,0.4626689395916662,1.0,0.38621927795703925,AREA_WEIGHTED,MEASURED,MEASURED_NORMALIZED,FORMED_FROM,,1.00,PROPORTIONAL_APPORTIONMENT,Weights normalized (pre-normalization sum=1.386) due to overlapping target geometries detected in crosswalk_errors,149f2020-a4d9-4dff-a50f-44da4f58f1cd,0.0,3074.204809294422,2854.676140824382,,5105.1824787362975
edbd8911-6932-45ef-95cb-a337e31a4fcb,SPLIT,2022,,,,,,,,,,,,,,,,,,,,,UNMEASURED,UNMEASURED,,,,,,149f2020-a4d9-4dff-a50f-44da4f58f1cd,0.0,0.0,,,
edc36787-9465-46e5-b75d-ee7d0865ba11,SPLIT,1989,,,,,,,,,,,,,,,,,,,,,UNMEASURED,UNMEASURED,,,,,,149f2020-a4d9-4dff-a50f-44da4f58f1cd,0.0,0.0,,,
edf34e4b-056d-4ac3-902a-5205d38cfbb6,NEW_DISTRICT,1956,IND-000143,Jammu and Kashmir,Jammu and Kashmir,IND-000328,Baramulla,Jammu and Kashmir,708,1867,,,,6141.542496970918,,,,,,0.0,,UNMEASURED,UNMEASURED,UNMEASURED,FORMED_FROM,,1.00,NONE,No geometric data available for this lineage pair,149f2020-a4d9-4dff-a50f-44da4f58f1cd,0.0,0.0,,,6141.542496970918
ee3cea57-3910-48b9-a09a-38e2e91dda8c,SPLIT,1995,,,,,,,,,,,,,,,,,,,,,UNMEASURED,UNMEASURED,,,,,,149f2020-a4d9-4dff-a50f-44da4f58f1cd,0.0,0.0,,,
ee738b4e-26b6-4cff-86ea-d7a0f02e69aa,SPLIT,1983,IND-000118,Santhal Pargana,Bihar,IND-000498,Sahibganj,Bihar,639,2738,,,,3930.9029986303653,,,,,,0.0,,UNMEASURED,UNMEASURED,UNMEASURED,SPLIT_FROM,,1.00,NONE,No geometric data available for this lineage pair,149f2020-a4d9-4dff-a50f-44da4f58f1cd,0.0,0.0,,,3930.9029986303653
ee8bfbda-3841-49c2-a80b-4d5fd1c2b64f,SPLIT,1970,,,,,,,,,,,,,,,,,,,,,UNMEASURED,UNMEASURED,,,,,,149f2020-a4d9-4dff-a50f-44da4f58f1cd,0.0,0.0,,,
ee939ef9-2f17-43a8-ad10-bb74395ae5db,SPLIT,2017,,,,,,,,,,,,,,,,,,,,,UNMEASURED,UNMEASURED,,,,,,149f2020-a4d9-4dff-a50f-44da4f58f1cd,0.0,0.0,,,
eeda5bbc-fba3-4343-b0ed-2c6e0cc99825,SPLIT,1965,,,,,,,,,,,,,,,,,,,,,UNMEASURED,UNMEASURED,,,,,,149f2020-a4d9-4dff-a50f-44da4f58f1cd,0.0,0.0,,,
ef2c361a-5a4f-4def-a31c-90e26f755996,SPLIT,2008,IND-000260,Etah,Uttar Pradesh,IND-000745,Kanshiram Nagar,Uttar Pradesh,1327,3728,4363.360813344221,,2515.5208345030555,1942.4112554220758,1881.7762922273319,1881.7762922273319,1881.7762922273319,,0.4312676335343163,1.0000045153033694,,AREA_WEIGHTED,MEASURED,MEASURED,FORMED_FROM,,1.00,NONE,Uniform spatial distribution assumed across district area; no ancillary data available for this build,149f2020-a4d9-4dff-a50f-44da4f58f1cd,2515.5208345030555,0.0,-33.93631338616615,-1847.8399788411657,1942.4112554220758
f051efa4-4c6b-49cb-a929-92f9113ef458,SPLIT,1973,,,,,,,,,,,,,,,,,,,,,UNMEASURED,UNMEASURED,,,,,,149f2020-a4d9-4dff-a50f-44da4f58f1cd,0.0,0.0,,,
f0541955-ef88-40cd-ab9a-7ae672600fad,SPLIT,2016,,,,,,,,,,,,,,,,,,,,,UNMEASURED,UNMEASURED,,,,,,149f2020-a4d9-4dff-a50f-44da4f58f1cd,0.0,0.0,,,
f07d1c27-8438-4893-ac2e-27e25e6e9fca,SPLIT,1981,,,,,,,,,,,,,,,,,,,,,UNMEASURED,UNMEASURED,,,,,,149f2020-a4d9-4dff-a50f-44da4f58f1cd,0.0,0.0,,,
f0a29bfa-4a71-4c13-a159-afae6058cee3,SPLIT,1966,,,,,,,,,,,,,,,,,,,,,UNMEASURED,UNMEASURED,,,,,,149f2020-a4d9-4dff-a50f-44da4f58f1cd,0.0,0.0,,,
f0e114ce-b076-4699-b97f-8a2a4ff86076,RENAME,2021,,,,,,,,,,,,,,,,,,,,,NON_SPATIAL,UNMEASURED,,,,,,149f2020-a4d9-4dff-a50f-44da4f58f1cd,0.0,0.0,,,
f0f72cc4-f670-4825-a71d-02d23b45db1e,NEW_DISTRICT,2012,IND-000353,West Tripura,Tripura,IND-000843,Sipahijala,Tripura,2024,4069,2972.6680226576245,,940.9129263079036,1041.76949839334,1012.4235090573493,1012.4235090573493,1012.4235090573493,0.34057738749859545,0.17166798577858422,1.0,0.983930701778426,AREA_WEIGHTED,MEASURED,MEASURED_NORMALIZED,FORMED_FROM,,1.00,PROPORTIONAL_APPORTIONMENT,Weights normalized (pre-normalization sum=1.984) due to overlapping target geometries detected in crosswalk_errors,149f2020-a4d9-4dff-a50f-44da4f58f1cd,940.9129263079036,2924.8993336878025,1019.3315872923718,-2031.755096349721,1041.76949839334
f102797c-b3d7-4479-8e9e-cb55c50a9777,SPLIT,1997,,,,,,,,,,,,,,,,,,,,,UNMEASURED,UNMEASURED,,,,,,149f2020-a4d9-4dff-a50f-44da4f58f1cd,0.0,0.0,,,
f13f1a45-ecfb-41cb-9aaa-a1ab727daab8,NEW_DISTRICT,1996,IND-000722,,,IND-000723,Theni,Tamilnadu,,3658,,,3720.2436991293775,2748.351401854618,,,,,,,,,UNMEASURED,UNMEASURED,FORMED_FROM,,1.00,,,149f2020-a4d9-4dff-a50f-44da4f58f1cd,3720.2436991293775,0.0,,,2748.351401854618
f167b196-afe7-41d7-be0b-0245542eced3,SPLIT,1960,,,,,,,,,,,,,,,,,,,,,UNMEASURED,UNMEASURED,,,,,,149f2020-a4d9-4dff-a50f-44da4f58f1cd,0.0,0.0,,,
f1ea122b-6fc1-4a78-a401-14d026217618,SPLIT,2004,,,,,,,,,,,,,,,,,,,,,UNMEASURED,UNMEASURED,,,,,,149f2020-a4d9-4dff-a50f-44da4f58f1cd,0.0,0.0,,,
f1ef96ff-b879-494b-9c01-51ac9de099d1,NEW_DISTRICT,1981,IND-000118,Santhal Pargana,Bihar,IND-000489,Deoghar,Bihar,639,2712,,,,2460.8511077592216,,,,,,0.0,,UNMEASURED,UNMEASURED,UNMEASURED,FORMED_FROM,,1.00,NONE,No geometric data available for this lineage pair,149f2020-a4d9-4dff-a50f-44da4f58f1cd,0.0,0.0,,,2460.8511077592216
f21c09dc-999f-42dc-b68f-c45a503865af,SPLIT,2014,,,,,,,,,,,,,,,,,,,,,UNMEASURED,UNMEASURED,,,,,,149f2020-a4d9-4dff-a50f-44da4f58f1cd,0.0,0.0,,,
f24ed812-bf1c-4c13-bf14-ddbadebb543d,SPLIT,1974,,,,,,,,,,,,,,,,,,,,,UNMEASURED,UNMEASURED,,,,,,149f2020-a4d9-4dff-a50f-44da4f58f1cd,0.0,0.0,,,
f269f1a0-d589-40e4-914e-96e4f390cfd8,SPLIT,1998,,,,,,,,,,,,,,,,,,,,,UNMEASURED,UNMEASURED,,,,,,149f2020-a4d9-4dff-a50f-44da4f58f1cd,0.0,0.0,,,
f2a3205d-0eca-41b1-bdfd-efeb12539862,RENAME,1991,,,,,,,,,,,,,,,,,,,,,NON_SPATIAL,UNMEASURED,,,,,,149f2020-a4d9-4dff-a50f-44da4f58f1cd,0.0,0.0,,,
f2b85cf3-4425-4bb4-9091-1ff56f10b623,SPLIT,2005,,,,,,,,,,,,,,,,,,,,,UNMEASURED,UNMEASURED,,,,,,149f2020-a4d9-4dff-a50f-44da4f58f1cd,0.0,0.0,,,
f2c24000-06df-4690-9e88-270867993a7a,SPLIT,1972,,,,,,,,,,,,,,,,,,,,,UNMEASURED,UNMEASURED,,,,,,149f2020-a4d9-4dff-a50f-44da4f58f1cd,0.0,0.0,,,
f2cecfe3-b42b-4245-a150-a59336dc73e5,SPLIT,2011,IND-000416,Ghaziabad,Uttar Pradesh,IND-000836,Hapur,Uttar Pradesh,2402,4039,1993.079314068304,,1993.079314068304,1117.0984910776401,1038.298480882825,1038.298480882825,1038.298480882825,0.5209519127281665,0.5200466837805969,1.0,0.0017406686280334593,AREA_WEIGHTED,MEASURED,MEASURED_NORMALIZED,FORMED_FROM,,1.00,PROPORTIONAL_APPORTIONMENT,Weights normalized (pre-normalization sum=1.002) due to overlapping target geometries detected in crosswalk_errors,149f2020-a4d9-4dff-a50f-44da4f58f1cd,1993.079314068304,3.469290635181143,-1038.298480882825,0.0,1117.0984910776401
f2e4dc3e-b360-464d-9675-d2a82a242d17,RENAME,1981,,,,,,,,,,,,,,,,,,,,,NON_SPATIAL,UNMEASURED,,,,,,149f2020-a4d9-4dff-a50f-44da4f58f1cd,0.0,0.0,,,
f305d4b8-64c0-4e67-9574-ca95f96a435e,SPLIT,2018,,,,,,,,,,,,,,,,,,,,,UNMEASURED,UNMEASURED,,,,,,149f2020-a4d9-4dff-a50f-44da4f58f1cd,0.0,0.0,,,
f323bc4b-a1a4-47e0-ae5e-d815e1ea2e02,SPLIT,2013,IND-000095,Jamnagar,Saurashtra,IND-000879,Morbi,Gujarat,523,4153,10863.678551326559,,6606.251131577598,4869.138398660632,20.529694764381578,20.529694764381578,20.529694764381578,,0.0018897553593275923,0.9793850826042766,,AREA_WEIGHTED,MEASURED,MEASURED,FORMED_FROM,,1.00,NONE,Uniform spatial distribution assumed across district area; no ancillary data available for this build,149f2020-a4d9-4dff-a50f-44da4f58f1cd,6606.251131577598,0.0,4236.897724984578,-4257.42741974896,4869.138398660632
f3593a63-89fe-4656-bf0b-bb5a1796152d,SPLIT,1992,,,,,,,,,,,,,,,,,,,,,UNMEASURED,UNMEASURED,,,,,,149f2020-a4d9-4dff-a50f-44da4f58f1cd,0.0,0.0,,,
f36e875b-001c-435f-bbe6-740da0f751f0,NEW_DISTRICT,2011,IND-000250,Gurdaspur,Punjab,IND-000886,Pathankot,Punjab,1244,4180,3639.7931767065006,,3639.7931767065006,951.3756982348065,930.3139352458293,930.3139352458293,930.3139352458293,,0.2555952742588611,0.9994773482675642,,AREA_WEIGHTED,MEASURED,MEASURED,FORMED_FROM,,1.00,NONE,Uniform spatial distribution assumed across district area; no ancillary data available for this build,149f2020-a4d9-4dff-a50f-44da4f58f1cd,3639.7931767065006,0.0,-930.3139352458288,0.0,951.3756982348065
f38d5351-9b5f-4edf-8ef1-e20c727106fe,SPLIT,1989,,,,,,,,,,,,,,,,,,,,,UNMEASURED,UNMEASURED,,,,,,149f2020-a4d9-4dff-a50f-44da4f58f1cd,0.0,0.0,,,
f3bf8f76-3f54-48ba-9dff-5bf82227de3c,SPLIT,1994,,,,,,,,,,,,,,,,,,,,,UNMEASURED,UNMEASURED,,,,,,149f2020-a4d9-4dff-a50f-44da4f58f1cd,0.0,0.0,,,
f3c1b6c2-fe73-400e-b5f6-072ccf453676,NEW_DISTRICT,1954,,,,,,,,,,,,,,,,,,,,,UNMEASURED,UNMEASURED,,,,,,149f2020-a4d9-4dff-a50f-44da4f58f1cd,0.0,0.0,,,
f3e16ad1-b85b-46c8-a4e0-2466810a6d29,SPLIT,1997,,,,,,,,,,,,,,,,,,,,,UNMEASURED,UNMEASURED,,,,,,149f2020-a4d9-4dff-a50f-44da4f58f1cd,0.0,0.0,,,
f42a0337-7a3f-4e4f-8f79-d21daf8539a7,SPLIT,1994,IND-000231,Phulabani,Orissa,IND-000643,Kandhamal,Orissa,1132,3289,11200.06889810001,,,8093.316748345512,8093.282318331395,8093.282318331395,8093.282318331395,,0.7226100474885782,1.000055139174845,,AREA_WEIGHTED,MEASURED,MEASURED,SPLIT_FROM,,1.00,NONE,Uniform spatial distribution assumed across district area; no ancillary data available for this build,149f2020-a4d9-4dff-a50f-44da4f58f1cd,0.0,0.0,3106.7865797686145,,8093.316748345512
f449dde7-e986-44be-9805-04d2f22acc76,NEW_DISTRICT,2017,IND-000838,Darjiling,West Bengal,IND-000875,Kalimpong,West Bengal,4052,4139,3175.972639915969,,2032.006270456088,1084.278449740641,1079.8847836244274,1079.8847836244274,1079.8847836244274,0.3400170297603695,0.1712605010678967,1.0,0.9853791600526078,AREA_WEIGHTED,MEASURED,MEASURED_NORMALIZED,FORMED_FROM,,1.00,PROPORTIONAL_APPORTIONMENT,Weights normalized (pre-normalization sum=1.985) due to overlapping target geometries detected in crosswalk_errors,149f2020-a4d9-4dff-a50f-44da4f58f1cd,2032.006270456088,3129.537252270461,64.08158583545355,-1143.966369459881,1084.278449740641
f44a91fa-d296-4eaf-9df6-b8e9e47d4102,SPLIT,2021,,,,,,,,,,,,,,,,,,,,,UNMEASURED,UNMEASURED,,,,,,149f2020-a4d9-4dff-a50f-44da4f58f1cd,0.0,0.0,,,
f44e14c5-a560-4fee-b739-33000d498714,SPLIT,1997,IND-000116,Delhi,Delhi,IND-000557,Central,Delhi,633,2936,1467.8300703301863,,,15.026797016577724,15.026797016577724,15.026797016577724,15.026797016577724,0.010237422791861368,0.009323975524893691,1.0,0.09796757451034721,AREA_WEIGHTED,MEASURED,MEASURED_NORMALIZED,SPLIT_FROM,,1.00,PROPORTIONAL_APPORTIONMENT,Weights normalized (pre-normalization sum=1.098) due to overlapping target geometries detected in crosswalk_errors,149f2020-a4d9-4dff-a50f-44da4f58f1cd,0.0,143.79975178360073,1452.8032733136085,,15.026797016577724
f46b8683-4406-4435-874a-530d79dee7b3,NEW_DISTRICT,1989,IND-000477,,,IND-000480,Maharajganj,Uttar_pradesh,,2694,,,3334.424903588458,3003.911021885727,,,,,,,,,UNMEASURED,UNMEASURED,FORMED_FROM,,1.00,,,149f2020-a4d9-4dff-a50f-44da4f58f1cd,3334.424903588458,0.0,,,3003.911021885727
f52d3d60-1c9c-4b92-b6d3-9411270652bb,SPLIT,2012,,,,,,,,,,,,,,,,,,,,,UNMEASURED,UNMEASURED,,,,,,149f2020-a4d9-4dff-a50f-44da4f58f1cd,0.0,0.0,,,
f5385ab6-8095-4065-b570-c125d5237913,SPLIT,1997,IND-000116,Delhi,Delhi,IND-000554,North East,Delhi,633,2924,1467.8300703301863,,,48.13271838060808,48.13066033377815,48.13066033377815,48.13066033377815,0.032790349037440845,0.029864587806305777,1.0,0.09796757451034721,AREA_WEIGHTED,MEASURED,MEASURED_NORMALIZED,SPLIT_FROM,,1.00,PROPORTIONAL_APPORTIONMENT,Weights normalized (pre-normalization sum=1.098) due to overlapping target geometries detected in crosswalk_errors,149f2020-a4d9-4dff-a50f-44da4f58f1cd,0.0,143.79975178360073,1419.6994099964081,,48.13271838060808
f596d28b-f658-4f26-897f-36e756d0b884,SPLIT,1979,,,,,,,,,,,,,,,,,,,,,UNMEASURED,UNMEASURED,,,,,,149f2020-a4d9-4dff-a50f-44da4f58f1cd,0.0,0.0,,,
f5a5be07-98a5-4933-b887-b960b1786372,SPLIT,1980,IND-000372,Cannanore,Kerala,IND-000380,Wayanad,Kerala,2151,2199,5718.289464230443,,,2124.706066360751,743.1965480868932,743.1965480868932,743.1965480868932,0.1299683327917908,0.11502059991042882,1.0,0.12995700677098165,AREA_WEIGHTED,MEASURED,MEASURED_NORMALIZED,SPLIT_FROM,,1.00,PROPORTIONAL_APPORTIONMENT,Weights normalized (pre-normalization sum=1.130) due to overlapping target geometries detected in crosswalk_errors,149f2020-a4d9-4dff-a50f-44da4f58f1cd,0.0,743.1317826214287,4975.09291614355,,2124.706066360751
f5e8dbe2-97b6-4771-bb22-66c98f5c3a7e,SPLIT,1979,,,,,,,,,,,,,,,,,,,,,UNMEASURED,UNMEASURED,,,,,,149f2020-a4d9-4dff-a50f-44da4f58f1cd,0.0,0.0,,,
f5eb2209-7f61-4338-beb2-0a29afe18092,NEW_DISTRICT,1989,IND-000405,West Kameng,Arunachal Pradesh,IND-000502,Tawang,Arunachal_pradesh,2346,2742,7137.061091359662,,,2335.219770590262,2335.1734776097437,2335.1734776097437,2335.1734776097437,,0.3271897841026994,0.6556530311688129,,AREA_WEIGHTED,MEASURED,LOW_COVERAGE,FORMED_FROM,,1.00,NONE,Uniform spatial distribution assumed across district area; no ancillary data available for this build,149f2020-a4d9-4dff-a50f-44da4f58f1cd,0.0,0.0,4801.887613749918,,2335.219770590262
f5f3cd29-f163-49a0-9705-b5f70d166c94,NEW_DISTRICT,1983,IND-000020,Darrang,Assam,IND-000422,Sonitpur,Assam,68,2438,3655.9736335853536,5263.35320851331,3655.969523090336,5263.306763258943,0.044035966710081836,0.044035966710081836,0.044035966710081836,1.2044935528404368e-05,7.816949811194943e-06,1.0,0.5408741029850761,AREA_WEIGHTED,MEASURED,MEASURED_NORMALIZED,FORMED_FROM,,1.00,PROPORTIONAL_APPORTIONMENT,Weights normalized (pre-normalization sum=1.541) due to overlapping target geometries detected in crosswalk_errors,149f2020-a4d9-4dff-a50f-44da4f58f1cd,3655.969523090336,1977.4214596025674,-0.03992547169264071,-0.004110495017357607,-0.04644525436742697
f60921d1-4463-4d42-a660-9f51536a4915,NEW_DISTRICT,1973,IND-000107,Gaya,Bihar,IND-000435,Nawada,Bihar,576,2509,12341.759304097304,,6555.03320593457,2481.1294262539122,2481.054317491127,2481.054317491127,2481.054317491127,,0.2010292257658476,0.9082062950992071,,AREA_WEIGHTED,MEASURED,MEASURED,FORMED_FROM,,1.00,NONE,Uniform spatial distribution assumed across district area; no ancillary data available for this build,149f2020-a4d9-4dff-a50f-44da4f58f1cd,6555.03320593457,0.0,3305.671780671608,-5786.726098162734,2481.1294262539122
f642ff2a-4296-44c2-9e5a-bc3ab2603db7,SPLIT,2022,,,,,,,,,,,,,,,,,,,,,UNMEASURED,UNMEASURED,,,,,,149f2020-a4d9-4dff-a50f-44da4f58f1cd,0.0,0.0,,,
f65a94f4-f9ff-4124-816b-378490787252,SPLIT,1986,,,,,,,,,,,,,,,,,,,,,UNMEASURED,UNMEASURED,,,,,,149f2020-a4d9-4dff-a50f-44da4f58f1cd,0.0,0.0,,,
f661d2b3-7961-4284-b069-322af413286e,SPLIT,1995,,,,,,,,,,,,,,,,,,,,,UNMEASURED,UNMEASURED,,,,,,149f2020-a4d9-4dff-a50f-44da4f58f1cd,0.0,0.0,,,
f68d7ca8-a378-4132-b046-7ca0f8178746,SPLIT,2013,,,,,,,,,,,,,,,,,,,,,UNMEASURED,UNMEASURED,,,,,,149f2020-a4d9-4dff-a50f-44da4f58f1cd,0.0,0.0,,,
f6d25112-4a56-4ebe-8388-d876f93012ec,SPLIT,1998,,,,,,,,,,,,,,,,,,,,,UNMEASURED,UNMEASURED,,,,,,149f2020-a4d9-4dff-a50f-44da4f58f1cd,0.0,0.0,,,
f7101c20-be70-4ad8-b6d1-ec014a7874fb,SPLIT,2007,,,,,,,,,,,,,,,,,,,,,UNMEASURED,UNMEASURED,,,,,,149f2020-a4d9-4dff-a50f-44da4f58f1cd,0.0,0.0,,,
f764eb39-0691-4444-8c3b-b64955b753c5,SPLIT,1990,,,,,,,,,,,,,,,,,,,,,UNMEASURED,UNMEASURED,,,,,,149f2020-a4d9-4dff-a50f-44da4f58f1cd,0.0,0.0,,,
f796f70e-1f3f-4613-b9ef-25aaf118cf99,NEW_DISTRICT,1997,IND-000025,Kohima,Assam,IND-000607,Dimapur,Nagaland,105,3140,3895.444702587952,,2927.308471616352,968.1508373835234,968.1400281214487,968.1400281214487,968.1400281214487,0.24853132364534955,0.17563495480268781,1.0,0.41504476671261226,AREA_WEIGHTED,MEASURED,MEASURED_NORMALIZED,FORMED_FROM,,1.00,PROPORTIONAL_APPORTIONMENT,Weights normalized (pre-normalization sum=1.415) due to overlapping target geometries detected in crosswalk_errors,149f2020-a4d9-4dff-a50f-44da4f58f1cd,2927.308471616352,1616.7839378274978,-0.0037971498486513156,-968.1362309716001,968.1508373835234
f7aa6f82-85f4-46ab-89d1-a9753bf1a6f8,NEW_DISTRICT,1998,IND-000688,Dhule,Maharashtra,IND-000687,Nandurbar,Maharashtra,3519,3512,13192.198549347566,,7137.225840588018,6054.796827098722,6054.709290994718,6054.709290994718,6054.709290994718,0.45896135267719723,0.22865623140346128,1.0,1.0072112177313257,AREA_WEIGHTED,MEASURED,MEASURED_NORMALIZED,FORMED_FROM,,1.00,PROPORTIONAL_APPORTIONMENT,Weights normalized (pre-normalization sum=2.007) due to overlapping target geometries detected in crosswalk_errors,149f2020-a4d9-4dff-a50f-44da4f58f1cd,7137.225840588018,13287.33036544179,0.2634177648287732,-6054.9727087595475,6054.796827098722
f7b174fc-205c-4699-8464-3838884f3446,SPLIT,1957,,,,,,,,,,,,,,,,,,,,,UNMEASURED,UNMEASURED,,,,,,149f2020-a4d9-4dff-a50f-44da4f58f1cd,0.0,0.0,,,
f7d38b76-9d60-46ce-9741-8e3581e11915,SPLIT,1996,,,,,,,,,,,,,,,,,,,,,UNMEASURED,UNMEASURED,,,,,,149f2020-a4d9-4dff-a50f-44da4f58f1cd,0.0,0.0,,,
f877e647-7707-4cc0-ae30-38bf9fa7c5a5,SPLIT,1998,,,,,,,,,,,,,,,,,,,,,UNMEASURED,UNMEASURED,,,,,,149f2020-a4d9-4dff-a50f-44da4f58f1cd,0.0,0.0,,,
f88fe988-85d5-42c2-8d18-9d688f2e2262,SPLIT,2013,,,,,,,,,,,,,,,,,,,,,UNMEASURED,UNMEASURED,,,,,,149f2020-a4d9-4dff-a50f-44da4f58f1cd,0.0,0.0,,,
f8eef427-11fd-4832-8ff9-5fb0ea2989c8,NEW_DISTRICT,1956,IND-000143,Jammu and Kashmir,Jammu and Kashmir,IND-000338,Anantnag,Jammu and Kashmir,708,1921,,,,4919.607845164943,,,,,,0.0,,UNMEASURED,UNMEASURED,UNMEASURED,FORMED_FROM,,1.00,NONE,No geometric data available for this lineage pair,149f2020-a4d9-4dff-a50f-44da4f58f1cd,0.0,0.0,,,4919.607845164943
f9151ee7-b3d6-4d50-8306-0c9830e30309,SPLIT,1995,IND-000532,Tiruchchirappalli,Tamil_nadu,IND-000717,Perambalur,Tamilnadu,2857,3649,10927.182968699864,,,1730.1905198110492,1730.1847179994945,1730.1847179994945,1730.1847179994945,0.1583376724774798,0.13636138047886104,1.0,0.161162140786816,AREA_WEIGHTED,MEASURED,MEASURED_NORMALIZED,SPLIT_FROM,,1.00,PROPORTIONAL_APPORTIONMENT,Weights normalized (pre-normalization sum=1.161) due to overlapping target geometries detected in crosswalk_errors,149f2020-a4d9-4dff-a50f-44da4f58f1cd,0.0,1761.0482000049058,9196.99825070037,,1730.1905198110492
f922f19a-7e0a-4c4a-8c36-b0d3d0506bd2,SPLIT,1985,,,,,,,,,,,,,,,,,,,,,UNMEASURED,UNMEASURED,,,,,,149f2020-a4d9-4dff-a50f-44da4f58f1cd,0.0,0.0,,,
f93ba5c5-7a45-43e0-b8b0-8ca9af8502a0,NEW_DISTRICT,1972,IND-000365,Rohtak,Haryana,IND-000448,Sonipat,Haryana,2102,2583,5757.252582251001,,4173.91196057466,1324.2597284357191,1324.0971193011007,1324.0971193011007,1324.0971193011007,0.22998767213777485,0.16808054337844902,1.0,0.36831823312193923,AREA_WEIGHTED,MEASURED,MEASURED_NORMALIZED,FORMED_FROM,,1.00,PROPORTIONAL_APPORTIONMENT,Weights normalized (pre-normalization sum=1.368) due to overlapping target geometries detected in crosswalk_errors,149f2020-a4d9-4dff-a50f-44da4f58f1cd,4173.91196057466,2120.501098731411,259.2435023752396,-1583.3406216763406,1324.2597284357191
f93d27fd-0dc7-4977-97ac-5fbe8e9b2ea5,NEW_DISTRICT,2007,IND-000662,Dantewada,Chhattisgarh,IND-000697,Bijapur,Karnataka,3364,3574,20514.976985628567,10495.741529199904,,8191.851133304394,8025.119307882222,8025.119307882222,8025.119307882222,0.3911834419070559,0.3078805716122419,1.0,0.2705687788566573,AREA_WEIGHTED,MEASURED,MEASURED_NORMALIZED,FORMED_FROM,,1.00,PROPORTIONAL_APPORTIONMENT,Weights normalized (pre-normalization sum=1.271) due to overlapping target geometries detected in crosswalk_errors,149f2020-a4d9-4dff-a50f-44da4f58f1cd,0.0,5550.71227127395,12489.857677746346,,-2303.8903958955098
f9555845-0e83-407f-9da2-097ab8553b36,NEW_DISTRICT,2007,IND-000789,Kolar,Karnataka,IND-000790,Chikkaballapura,Karnataka,3916,3920,8222.83094858753,,3900.110410173862,4354.469074294818,4197.569331126571,4197.569331126571,4197.569331126571,,0.5104773960904067,0.9983192360229566,,AREA_WEIGHTED,MEASURED,MEASURED,FORMED_FROM,,1.00,NONE,Uniform spatial distribution assumed across district area; no ancillary data available for this build,149f2020-a4d9-4dff-a50f-44da4f58f1cd,3900.110410173862,0.0,125.15120728709735,-4322.720538413669,4354.469074294818
f99a5980-751b-4228-adef-491e07139db1,NEW_DISTRICT,2021,,,,,,,,,,,,,,,,,,,,,UNMEASURED,UNMEASURED,,,,,,149f2020-a4d9-4dff-a50f-44da4f58f1cd,0.0,0.0,,,
f99d621e-1eda-4173-a750-016996c87219,NEW_DISTRICT,1969,IND-000130,Manipur,Manipur,IND-000347,Manipur Central,Manipur,691,1987,22478.364538398026,,,5459.080902710379,5458.986113113225,5458.986113113225,5458.986113113225,0.24285512870778775,0.1392665587849922,1.0,0.7438151041178636,AREA_WEIGHTED,MEASURED,MEASURED_NORMALIZED,FORMED_FROM,,1.00,PROPORTIONAL_APPORTIONMENT,Weights normalized (pre-normalization sum=1.744) due to overlapping target geometries detected in crosswalk_errors,149f2020-a4d9-4dff-a50f-44da4f58f1cd,0.0,16719.74705952782,17019.3784252848,,5459.080902710379
f9bf7907-a78d-40cd-8ef6-c259c8adf081,NEW_DISTRICT,2021,,,,,,,,,,,,,,,,,,,,,UNMEASURED,UNMEASURED,,,,,,149f2020-a4d9-4dff-a50f-44da4f58f1cd,0.0,0.0,,,
f9fb136c-0ccc-432a-b1d5-40b5f4621369,RENAME,1961,,,,,,,,,,,,,,,,,,,,,NON_SPATIAL,UNMEASURED,,,,,,149f2020-a4d9-4dff-a50f-44da4f58f1cd,0.0,0.0,,,
fa01bb13-515b-4d8e-9bc6-fbe940dc6c77,SPLIT,2023,,,,,,,,,,,,,,,,,,,,,UNMEASURED,UNMEASURED,,,,,,149f2020-a4d9-4dff-a50f-44da4f58f1cd,0.0,0.0,,,
fa27f429-c320-4184-8bf1-0150411362ed,NEW_DISTRICT,1978,,,,,,,,,,,,,,,,,,,,,UNMEASURED,UNMEASURED,,,,,,149f2020-a4d9-4dff-a50f-44da4f58f1cd,0.0,0.0,,,
fa787d5f-b21c-4731-a76d-6ce94a98ca62,SPLIT,2022,,,,,,,,,,,,,,,,,,,,,UNMEASURED,UNMEASURED,,,,,,149f2020-a4d9-4dff-a50f-44da4f58f1cd,0.0,0.0,,,
fac7263d-3634-4124-80ab-47d5b6c97795,SPLIT,1989,,,,,,,,,,,,,,,,,,,,,UNMEASURED,UNMEASURED,,,,,,149f2020-a4d9-4dff-a50f-44da4f58f1cd,0.0,0.0,,,
fad8a1e2-41ae-4d2c-9aa1-d9abc82f5b10,SPLIT,2006,,,,,,,,,,,,,,,,,,,,,UNMEASURED,UNMEASURED,,,,,,149f2020-a4d9-4dff-a50f-44da4f58f1cd,0.0,0.0,,,
fb829baf-9f66-433d-b9c8-d224652f081d,SPLIT,1995,,,,,,,,,,,,,,,,,,,,,UNMEASURED,UNMEASURED,,,,,,149f2020-a4d9-4dff-a50f-44da4f58f1cd,0.0,0.0,,,
fbb10e75-9b47-4ce9-83f4-04e665e1e9ca,SPLIT,2012,,,,,,,,,,,,,,,,,,,,,UNMEASURED,UNMEASURED,,,,,,149f2020-a4d9-4dff-a50f-44da4f58f1cd,0.0,0.0,,,
fbb5bba6-d605-438b-b149-e7e7393ee507,SPLIT,2016,IND-000332,Warangal,Andhra Pradesh,IND-000016,Warangal Rural,Hyderabad,1885,44,12801.523008191938,21957.440193999504,,2085.2547300917554,2085.193683457765,2085.193683457765,2085.193683457765,0.1628863754823086,0.13313295436607983,1.0,0.22348652336231423,AREA_WEIGHTED,MEASURED,MEASURED_NORMALIZED,FORMED_FROM,,1.00,PROPORTIONAL_APPORTIONMENT,Weights normalized (pre-normalization sum=1.223) due to overlapping target geometries detected in crosswalk_errors,149f2020-a4d9-4dff-a50f-44da4f58f1cd,0.0,2860.967870843491,10716.329324734173,,-19872.18546390775
fbdc99da-cd3b-4ee1-9f62-4062d00e18ce,NEW_DISTRICT,2004,IND-000025,Kohima,Assam,IND-000752,Peren,Nagaland,106,3750,2927.308471616352,,1400.5703835862857,1644.9246401522269,1501.640619251821,1501.640619251821,1501.640619251821,,0.5129765563868539,1.0001038732625176,,AREA_WEIGHTED,MEASURED,MEASURED,FORMED_FROM,,1.00,NONE,Uniform spatial distribution assumed across district area; no ancillary data available for this build,149f2020-a4d9-4dff-a50f-44da4f58f1cd,1400.5703835862857,0.0,25.097468778245457,-1526.7380880300664,1644.9246401522269
fbde7320-06fc-4211-a007-4329211d04fe,NEW_DISTRICT,2007,IND-000765,Ranchi,Jharkhand,IND-000766,Khunti,Jharkhand,3793,3797,7651.21934868889,,5064.336143277872,2677.698873038364,2642.0593839900284,2642.0593839900284,2642.0593839900284,,0.345312199740133,0.9974065657174185,,AREA_WEIGHTED,MEASURED,MEASURED,FORMED_FROM,,1.00,NONE,Uniform spatial distribution assumed across district area; no ancillary data available for this build,149f2020-a4d9-4dff-a50f-44da4f58f1cd,5064.336143277872,0.0,-55.17617857901041,-2586.883205411018,2677.698873038364
fbdf11d1-e6e4-488c-9693-a76ff4a1a5a6,NEW_DISTRICT,1970,IND-000131,Tripura,Tripura,IND-000355,South Tripura,Tripura,693,2034,10370.715090609212,,,3510.422656748302,3510.3027874483228,3510.3027874483228,3510.3027874483228,0.3384822316280714,0.20611322760312287,1.0,0.6422149881609198,AREA_WEIGHTED,MEASURED,MEASURED_NORMALIZED,FORMED_FROM,,1.00,PROPORTIONAL_APPORTIONMENT,Weights normalized (pre-normalization sum=1.642) due to overlapping target geometries detected in crosswalk_errors,149f2020-a4d9-4dff-a50f-44da4f58f1cd,0.0,6660.228669135868,6860.412303160889,,3510.422656748302
fc194506-db3d-4125-a108-7cdd3075358a,SPLIT,1998,,,,,,,,,,,,,,,,,,,,,UNMEASURED,UNMEASURED,,,,,,149f2020-a4d9-4dff-a50f-44da4f58f1cd,0.0,0.0,,,
fc86fd22-c259-4bc0-bd5b-fd4b80fd11da,SPLIT,2016,IND-000814,,,IND-000828,Wanaparthy,Telangana,,4017,,,18391.81834659842,2171.8003701551897,,,,,,,,,UNMEASURED,UNMEASURED,FORMED_FROM,,1.00,,,149f2020-a4d9-4dff-a50f-44da4f58f1cd,18391.81834659842,0.0,,,2171.8003701551897
fc8fb0f3-d391-414e-9cd6-a43bdc040e1e,NEW_DISTRICT,2007,IND-000898,Bangalore Rural,Karnataka,IND-000791,Ramanagara,Karnataka,4202,3923,5815.983966864355,,2271.340791225243,3510.551090275548,3460.800510745794,3460.800510745794,3460.800510745794,,0.5950498712622241,0.9952679832857527,,AREA_WEIGHTED,MEASURED,MEASURED,FORMED_FROM,,1.00,NONE,Uniform spatial distribution assumed across district area; no ancillary data available for this build,149f2020-a4d9-4dff-a50f-44da4f58f1cd,2271.340791225243,0.0,83.84266489331912,-3544.6431756391125,3510.551090275548
fce2db16-a983-4792-8a9d-9ea0cbae39cc,RENAME,1961,,,,,,,,,,,,,,,,,,,,,NON_SPATIAL,UNMEASURED,,,,,,149f2020-a4d9-4dff-a50f-44da4f58f1cd,0.0,0.0,,,
fd087a7a-3c66-4fee-9f75-2ad4ab2555bd,SPLIT,2016,,,,,,,,,,,,,,,,,,,,,UNMEASURED,UNMEASURED,,,,,,149f2020-a4d9-4dff-a50f-44da4f58f1cd,0.0,0.0,,,
fdaaf342-b1a0-4939-8d8a-9f4799f9b11a,SPLIT,1997,IND-000361,Mahesana,Gujarat,IND-000677,Patan,Gujarat,2076,3455,,,,5730.926074433454,,,,,,,,,UNMEASURED,UNMEASURED,FORMED_FROM,,1.00,,,149f2020-a4d9-4dff-a50f-44da4f58f1cd,0.0,0.0,,,5730.926074433454
fde82ee8-18d0-44de-86f9-93c9b4fdf302,RENAME,1951,,,,,,,,,,,,,,,,,,,,,NON_SPATIAL,UNMEASURED,,,,,,149f2020-a4d9-4dff-a50f-44da4f58f1cd,0.0,0.0,,,
fe30fa76-0f8e-4e8e-bb10-213c16cf8c10,NEW_DISTRICT,2016,IND-000002,Mahbubnagar,Hyderabad,IND-000809,Jogulamba Gadwal,Telangana,4,3979,14756.90744277702,,,2572.679770725188,8.848612860144225,8.848612860144225,8.848612860144225,0.0005996251514388475,0.00020846623632718726,1.0,1.8763657943041538,AREA_WEIGHTED,MEASURED,MEASURED_NORMALIZED,FORMED_FROM,,1.00,PROPORTIONAL_APPORTIONMENT,Weights normalized (pre-normalization sum=2.876) due to overlapping target geometries detected in crosswalk_errors,149f2020-a4d9-4dff-a50f-44da4f58f1cd,0.0,27689.356355339183,14748.058829916876,,2572.679770725188
fe36e0a6-9e61-4ccb-985a-cceb295068dc,NEW_DISTRICT,2006,IND-000429,Baramula,Jammu and Kashmir,IND-000724,Bandipore,Jammu and Kashmir,2476,3662,4742.946953088398,,2118.1222372098487,2587.3876752226,2026.7592689638113,2026.7592689638113,2026.7592689638113,0.42732066983040473,0.2672955508793769,1.0,0.598682314107214,AREA_WEIGHTED,MEASURED,MEASURED_NORMALIZED,FORMED_FROM,,1.00,PROPORTIONAL_APPORTIONMENT,Weights normalized (pre-normalization sum=1.599) due to overlapping target geometries detected in crosswalk_errors,149f2020-a4d9-4dff-a50f-44da4f58f1cd,2118.1222372098487,2839.518457562722,598.0654469147375,-2624.8247158785493,2587.3876752226
fe522fbc-33c7-4eaf-ad36-42a3c64e442f,SPLIT,2016,,,,,,,,,,,,,,,,,,,,,UNMEASURED,UNMEASURED,,,,,,149f2020-a4d9-4dff-a50f-44da4f58f1cd,0.0,0.0,,,
feebf22d-8f3d-4c33-96a4-a6fb8e52d152,SPLIT,2006,,,,,,,,,,,,,,,,,,,,,UNMEASURED,UNMEASURED,,,,,,149f2020-a4d9-4dff-a50f-44da4f58f1cd,0.0,0.0,,,
ff6e887c-b959-428f-bd9c-a8bfb271247d,SPLIT,2006,,,,,,,,,,,,,,,,,,,,,UNMEASURED,UNMEASURED,,,,,,149f2020-a4d9-4dff-a50f-44da4f58f1cd,0.0,0.0,,,
ff8d634d-5ef5-497a-89d6-f963ea32a9aa,NEW_DISTRICT,2009,IND-000787,Gulbarga,Karnataka,IND-000788,Yadgir,Karnataka,3908,3912,16230.803378630126,,16230.803378630126,5334.94789238664,,,,,,0.0,,UNMEASURED,UNMEASURED,UNMEASURED,FORMED_FROM,,1.00,NONE,No geometric data available for this lineage pair,149f2020-a4d9-4dff-a50f-44da4f58f1cd,16230.803378630126,0.0,0.0,0.0,5334.94789238664
ff9237d0-5e15-4c7c-9c15-90662555f717,NEW_DISTRICT,1979,IND-000449,Gurgaon,Haryana,IND-000456,Faridabad,Haryana,2589,2628,5984.5736525535385,,2744.2694532664627,2068.227960655609,2068.182448836282,2068.182448836282,2068.182448836282,0.34558559538386097,0.20697703342576765,1.0,0.6696808803562513,AREA_WEIGHTED,MEASURED,MEASURED_NORMALIZED,FORMED_FROM,,1.00,PROPORTIONAL_APPORTIONMENT,Weights normalized (pre-normalization sum=1.670) due to overlapping target geometries detected in crosswalk_errors,149f2020-a4d9-4dff-a50f-44da4f58f1cd,2744.2694532664627,4007.75455219888,1172.121750450794,-3240.304199287076,2068.227960655609
ffad69ef-d595-413b-aa9c-613f0cda7770,SPLIT,2020,,,,,,,,,,,,,,,,,,,,,UNMEASURED,UNMEASURED,,,,,,149f2020-a4d9-4dff-a50f-44da4f58f1cd,0.0,0.0,,,
ffb25d8a-ca3b-4c19-acd5-74c8117557df,SPLIT,1982,,,,,,,,,,,,,,,,,,,,,UNMEASURED,UNMEASURED,,,,,,149f2020-a4d9-4dff-a50f-44da4f58f1cd,0.0,0.0,,,
ffbe5263-07e1-4d66-a2ee-acf6012ec723,SPLIT,2004,,,,,,,,,,,,,,,,,,,,,UNMEASURED,UNMEASURED,,,,,,149f2020-a4d9-4dff-a50f-44da4f58f1cd,0.0,0.0,,,
ffe0785c-5ba1-42f6-807e-40286be6cc47,SPLIT,1997,,,,,,,,,,,,,,,,,,,,,UNMEASURED,UNMEASURED,,,,,,149f2020-a4d9-4dff-a50f-44da4f58f1cd,0.0,0.0,,,
ffe24948-ce5c-4c17-b760-a93a76f55282,SPLIT,2012,,,,,,,,,,,,,,,,,,,,,UNMEASURED,UNMEASURED,,,,,,149f2020-a4d9-4dff-a50f-44da4f58f1cd,0.0,0.0,,,
