relationship_id,event_id,from_ck,from_district,from_state,from_year,to_ck,to_district,to_state,to_year,relationship_type,evidence_type,confidence,relationship_status
14b9f21ef2e79ed01ec8a17c75cd865e,001b4f47-1e20-4917-98f6-b25a7138951c,,,,,,,,,,,,ACTIVE
cb327b4dbb4ecd44a0408aed409b7c04,0022f420-a92f-43f6-ab84-be7419e53e73,,,,,,,,,,,,ACTIVE
6daa2e868cbde73599487a1c77951fbd,00525c22-1a80-41d1-aa8b-bc70ed994752,IND-000364,Karnal,Haryana,1971,IND-000447,Kurukshetra,Haryana,1981,FORMED_FROM,,1.00,ACTIVE
b6fc4d8a3670c8c8a81c63323a2d958b,00772328-768d-49cb-84f3-f70debc83d68,,,,,,,,,,,,ACTIVE
475797d1a1256a55d54effa8a5629745,009aa08c-0639-4867-9e65-a4222fcedb37,IND-000108,Shahabad,Bihar,1971,IND-000432,Bhojpur,Bihar,1981,FORMED_FROM,,1.00,ACTIVE
58dcf99b93355eb7fdeb568cb53383be,00f07bb3-21fa-4456-820c-128f80d764ae,,,,,,,,,,,,ACTIVE
466020f9c8402670ca1634f4f0bfd1f5,00fd30f3-159b-4782-89b2-05a3f3e8e632,,,,,,,,,,,,ACTIVE
1be322729cc6940a5b5c8063e0b02119,010a97d3-a255-4fd8-a610-fa81e819f64c,IND-000143,Jammu and Kashmir,Jammu and Kashmir,1951,IND-000322,Ladakh,Jammu and Kashmir,1961,FORMED_FROM,,1.00,ACTIVE
bbe45f17f198221ce012e1e835a839e7,010b7fd8-bc16-4959-bb0c-5ad3acba19e5,,,,,,,,,,,,ACTIVE
2fbc23ce6b162995acaf8f79e5200cb3,0110aee8-99a8-4d53-b456-593c60f4a4d2,IND-000212,Malabar,Madras,1951,IND-000335,Kozhikode,Kerala,1961,SPLIT_FROM,,1.00,ACTIVE
2713455e49a84d071d82e1f11f8092cd,01c15e1c-06f7-4669-bba3-c4d9cd16f90f,,,,,,,,,,,,ACTIVE
0006baa8873ed145d009ffd27770fb91,0241db55-cbcc-471a-97c1-8fef3f4df2eb,,,,,,,,,,,,ACTIVE
154445888d8a52c637ab7b255fe186a7,02426a43-405f-4db0-b68f-ef5e75b9c7f9,,,,,,,,,,,,ACTIVE
f3be9cd8d6a4f330ca3ab6ee9518d234,02617eb3-e659-4a95-89bf-7b6abb75b754,,,,,,,,,,,,ACTIVE
4bd2d834fbfd4639f57d53b4f363139e,0271f61f-a9fe-43da-80e2-50c0b02ec05d,IND-000601,Lower Subansiri,Arunachal Pradesh,1991,IND-000600,Papum Pare,Arunachal Pradesh,2001,FORMED_FROM,,1.00,ACTIVE
11b22d130b75448f18a00d073d143d57,029b70dc-ef7e-45b7-8a28-f815036b0677,,,,,,,,,,,,ACTIVE
b65eb15021da7c2b323cf6e4e3968114,02cd6089-51cd-43d0-9c64-a967f6d14876,,,,,,,,,,,,ACTIVE
90b0f97924c048d8b3befd43631ba7b5,04af41e0-082f-4f6c-a530-5973f35c0b8d,IND-000816,,,,IND-000825,Siddipet,Telangana,2021,FORMED_FROM,,1.00,ACTIVE
671ffc6c541d92d8309d0b8b4fad50ab,04c1734d-f090-4535-81c8-a5bd38e42035,,,,,,,,,,,,ACTIVE
3ba8694821cf8950e3c7da288ca8b965,04ceb673-eba9-452a-8a7a-5905d00b86fc,,,,,,,,,,,,ACTIVE
6820fb4fa892899422a5cab993041c9a,052000a0-5d2d-4004-a184-0f61ac93f8a4,,,,,,,,,,,,ACTIVE
baa383470f8996e0c6996fb39730f51f,054634ab-1e42-4f94-9d46-10a2f83c9c4a,IND-000474,Deoria,Uttar_pradesh,1991,IND-000581,Kushinagar,Uttar Pradesh,2001,FORMED_FROM,,1.00,ACTIVE
5269de4c4b360fc72bb6919bc8c4787b,0585ef2a-050d-4878-8ec8-23abda9c4d40,IND-000503,,,,IND-000500,Changlang,Arunachal_pradesh,1991,FORMED_FROM,,1.00,ACTIVE
230fd1c5ea1e4920d9920e3c9e289cc8,05aab76a-c10e-49bb-a1ce-d80e199a29b2,IND-000360,Hazaribag,Bihar,1991,IND-000762,Hazaribagh,Jharkhand,2011,SPLIT_FROM,,1.00,ACTIVE
83d2d890a4166d3676779b4300fee680,05afed2e-bb89-49df-81de-7d1e6ae7e698,IND-000559,South West,Delhi,2011,IND-000556,New Delhi,Delhi,2021,FORMED_FROM,,1.00,ACTIVE
5195c3d92f2455d959f27eee719b05e4,05bbbd6d-38ea-483c-a8b6-ba9f8a0dca8c,,,,,,,,,,,,ACTIVE
4ed4148042d63332f44e802ab90f5945,05ec14fc-0900-4074-aae4-6f1d071a40f2,IND-000341,Tuensang,Nagaland,1971,IND-000402,Mon,Nagaland,1981,FORMED_FROM,,1.00,ACTIVE
533bc3fb6903b5cc76acda792f5c48cb,0615b53c-a108-4335-a439-b3f7515a7614,IND-000367,,,,IND-000368,Kulu,Himachal Pradesh,1971,FORMED_FROM,,1.00,ACTIVE
b6a4462e8abbc8be0c90810ae263ae33,06821f2f-ea96-45fc-b88e-17993bd3cf3f,,,,,,,,,,,,ACTIVE
4e5ade908548adb6517e2ea0e91552b5,068bbd76-ca45-4289-8de9-401677229cbf,,,,,,,,,,,,ACTIVE
b9967c69d48658b9f3c8f2ecec6fe908,06c0d543-b6fc-402a-9269-29f73641345d,,,,,,,,,,,,ACTIVE
222a5fff034aa8744748737a1b3177e6,06f2add2-617c-4513-a87c-0262e7941a82,,,,,,,,,,,,ACTIVE
1ef1ce0ea15306e5936b21763ddef5a5,073f6657-8245-4773-897c-51c868d87e52,,,,,,,,,,,,ACTIVE
aba696ca45bc2d470b724c5feabc35b6,07600426-793b-4f51-9864-292e8c8c1634,,,,,,,,,,,,ACTIVE
8a8c9e43824645ea4d3fbe9a0652414b,07672b87-cd01-4597-a8ad-9ccf125488cc,IND-000314,Jalpaiguri,West Bengal,2011,IND-000874,Alipurduar,West Bengal,2021,FORMED_FROM,,1.00,ACTIVE
7776bfa3458353ef1346e0f6889d73b0,078f48f0-e028-4080-9a5c-c8f2c1f08481,IND-000686,Valsad,Gujarat,1991,IND-000685,Navsari,Gujarat,2001,FORMED_FROM,,1.00,ACTIVE
190c8af05204d07513a12a2b149f4a8a,07c1b9ef-1b88-47ec-a73b-160c7a598866,IND-000841,Tikamgarh,Madhya Pradesh,2011,IND-000888,Niwari,Madhya Pradesh,2021,FORMED_FROM,,1.00,ACTIVE
a84fba005f00cf9b1828c6a0adda90fc,07c51b37-67b3-427b-b6c9-707dbe1c083a,,,,,,,,,,,,ACTIVE
391988d4a169d10ff27859ab78cf9277,07c6c190-c97b-4720-bdf9-c1c3fed2965e,,,,,,,,,,,,ACTIVE
272f78bfede9feea7a700fdb089bc21a,07e4cab3-7f35-471e-b3cc-b070ae8f90eb,IND-000231,Phulabani,Orissa,1991,IND-000644,Baudh,Orissa,2001,FORMED_FROM,,1.00,ACTIVE
56e250a2c36f96998c8562280cae8dee,07f4de91-4b08-4313-8d25-490d83e9a6ba,,,,,,,,,,,,ACTIVE
8001b22b8f7921739c9c1aaf3363dca9,08126cfb-ac02-4539-b0a9-341f79057b68,IND-000753,Chandel,Manipur,2011,IND-000871,Tengnoupal,Manipur,2021,FORMED_FROM,,1.00,ACTIVE
783ec02463813041a04cfac70b6af82a,089f4409-b14d-4cdb-89dc-78819baa9a33,IND-000117,Purnea,Bihar,1961,IND-000359,Purnia,Bihar,1981,SPLIT_FROM,,1.00,ACTIVE
ff7c00fe2ed6979685d0e904a202e64a,08ba2767-5a0e-4f5b-8b41-80d83960d2bd,IND-000131,Tripura,Tripura,1961,IND-000354,North Tripura,Tripura,1971,SPLIT_FROM,,1.00,ACTIVE
6c2f743c65f380134c758e28fd9168fd,08fbbcc1-9b01-4f23-bd57-47cca900d702,IND-000318,Mokokchung,Nagaland,1971,IND-000400,Zunheboto,Nagaland,1981,FORMED_FROM,,1.00,ACTIVE
63b7192ed2841f9a443b5cfa6f829ba0,090a2a30-449d-4d44-b174-6d916b2f8a49,IND-000117,Purnea,Bihar,1961,IND-000444,Katihar,Bihar,1981,FORMED_FROM,,1.00,ACTIVE
1418b20dbc0591cb36a62db7e322378c,090cd293-9588-4266-a8e8-4187f57e0dd0,IND-000360,Hazaribag,Bihar,1991,IND-000623,Chatra,Jharkhand,2001,FORMED_FROM,,1.00,ACTIVE
60dfdddae747e637c46f3888fd7ec696,091cf6ff-fb4c-4670-8e44-0333ee33ab19,,,,,,,,,,,,ACTIVE
fefe676ac6b9025b33317388c823b0f0,094b5618-692d-42f3-95af-11a67cf687dd,,,,,,,,,,,,ACTIVE
931bead6c85b21308932cd2052f9097e,0971cd6b-f135-47f8-b914-ce14659a2d82,,,,,,,,,,,,ACTIVE
5a9fe0f706aeecd6457b847f265b3821,09924361-de6d-4cfb-a5f8-ec18340a9525,IND-000811,,,,IND-000822,Rajanna Sircilla,Telangana,2021,FORMED_FROM,,1.00,ACTIVE
d17b10331b9a435445d7c40be4130798,099a3a41-8311-4035-ab39-ba8031b0a7c6,,,,,,,,,,,,ACTIVE
49919ad9a5960b73f4f530df9935bf20,09dca6c3-ba5b-4a46-a4cf-84d5c3cd98df,,,,,,,,,,,,ACTIVE
2937ca1d1440b4e1fda28a53b8ceff8c,0a2928b3-9b6b-450a-b9c3-b71472e1d830,,,,,,,,,,,,ACTIVE
7b499c9f45cd84a2105fac2454854dc4,0aab1525-5678-4cdc-b99a-5d8c63bcd364,IND-000317,Jammu,Jammu and Kashmir,2001,IND-000731,Samba,Jammu and Kashmir,2011,FORMED_FROM,,1.00,ACTIVE
8840bc0e7d3271946c202275681723e4,0ac53694-1003-43f9-b130-fd008e1394df,,,,,,,,,,,,ACTIVE
936eb886a3e65d9bae0a4e9ef4668c8f,0ad75e94-a14b-467d-820b-a25c432e4e5b,,,,,,,,,,,,ACTIVE
86adb9e84d10d7176dd9a8c701a19c69,0add88ea-b4f2-418b-a228-dc650b58d9be,,,,,,,,,,,,ACTIVE
4b94c3238a96b6e88292b3efe5ff614c,0aee44d9-4a09-44d0-b5f5-6706cbbe1d8c,IND-000124,Singhbhum,Bihar,1971,IND-000632,Purbi Singhbhum,Jharkhand,2001,FORMED_FROM,,1.00,ACTIVE
8f898fa115b3a0f5461af45198246aec,0b064fac-c400-4023-b045-5c3e1e5f3b29,,,,,,,,,,,,ACTIVE
360d6bcf22c67aa89afe7d987f51b0ed,0b440c4d-9646-4b09-9862-97c102098b57,,,,,,,,,,,,ACTIVE
5f6186990add620e38986bed087cd879,0b509387-7355-43b5-9ba0-d81eae13ad22,IND-000116,Delhi,Delhi,1991,IND-000595,North,Sikkim,2001,FORMED_FROM,,1.00,ACTIVE
64bdd15a5cee213894cc3d5297eb8d81,0b71a670-920d-4278-b014-d7a5c5f35fc4,IND-000602,Upper Subansiri,Arunachal Pradesh,2011,IND-000890,Kamle,Arunachal Pradesh,2021,FORMED_FROM,,1.00,ACTIVE
efe909286b693682d7365b67a0f9eb7e,0bcacd7a-a116-4224-90c4-ee028f75d1cb,,,,,,,,,,,,ACTIVE
ca14acc028e19924d3fbca6b1750e803,0c159886-6d3a-4135-b0cd-d8765ac2f5bc,,,,,,,,,,,,ACTIVE
c3702a52899c77f1f2ecea6aaa92aa2c,0c54624c-1cc8-4cb8-8306-edc8451a5426,,,,,,,,,,,,ACTIVE
2fa5430e3ea0628644ebcdb81ab2f801,0c6f5af7-4864-4f6f-ab43-4a238fcd36f0,,,,,,,,,,,,ACTIVE
944ca3c8a1d273c138bc4a4ac9a3cdad,0c94727f-67d3-42bf-83f8-ae68070d8839,,,,,,,,,,,,ACTIVE
09829aaa8f31aaa3d15cbd50015f9dbc,0cdca7d0-0c22-40aa-9b75-1dfae314cd0d,,,,,,,,,,,,ACTIVE
6bd956e2a4875e6537844f9261cb403b,0ce84210-38a0-40fb-8cc4-4f9f08d3d343,IND-000697,Bijapur,Karnataka,1981,IND-000696,Bagalkot,Karnataka,2001,FORMED_FROM,,1.00,ACTIVE
b158496e47a6a2c39a1abb455c4cbe5c,0d2afe3f-8189-4318-8ea3-0dd0d1dfb3ab,IND-000130,Manipur,Manipur,1961,IND-000346,Manipur South,Manipur,1971,SPLIT_FROM,,1.00,ACTIVE
32c804690f68748534dae2dfe9451e67,0d878470-4f4d-47ed-84d9-adfb86691a70,IND-000218,Salem,Madras,1961,IND-000350,Dharmapuri,Tamil Nadu,1971,FORMED_FROM,,1.00,ACTIVE
99a0825335637f3ed221bee9fe13e315,0dd8891d-043d-4532-aa25-2afd3b1d2585,IND-000295,Gonda,Uttar Pradesh,1991,IND-000578,Balrampur,Uttar Pradesh,2001,FORMED_FROM,,1.00,ACTIVE
5b8da6177131216cca0e9ad9ea55e54a,0e4acfbe-ae21-430c-b977-746f67ee8368,,,,,,,,,,,,ACTIVE
ac17fe77cfbb72b1d0ba01f91261cb61,0e66ed3d-e143-4d1f-8627-4779db8cc5cb,IND-000110,Champaran,Bihar,1971,IND-000922,Purba Champaran,Bihar,2001,FORMED_FROM,,1.00,ACTIVE
a589bea9f6f20b5012543a7693ca9d32,0e8cf764-b5e9-45b1-838c-83f760774456,,,,,,,,,,,,ACTIVE
ee1ecb07dca194019df34abd8e2d2d44,0eaa62db-9625-4a1b-b917-2ca77df089a7,IND-000021,Nagaon,Assam,1981,IND-000510,Marigaon,Assam,1991,FORMED_FROM,,1.00,ACTIVE
94e37c1a060e3a47a5a6ed3024d5aeda,0f0ddbab-792c-4904-8b82-81d4eec82ab1,,,,,,,,,,,,ACTIVE
512c974c7909d51c60c561639c6617ef,0f54f041-8bbf-44ed-bc90-337c5d71c2ea,,,,,,,,,,,,ACTIVE
47f200b4a4bb4f1b7e6c1c0ad58ba45e,0f5b8b88-8075-469e-9104-009e96ecfb21,IND-000390,Imphal,Manipur,1991,IND-000608,Imphal West,Manipur,2001,FORMED_FROM,,1.00,ACTIVE
143d5cda319b3b0a10711da5ca0a5a9f,0f9be379-bc69-4765-bd3c-2364589d8c2e,,,,,,,,,,,,ACTIVE
3b53b3db3df284d58aade773a40cae1c,0fb258cb-907c-48e0-bdce-29a85c897056,IND-000407,West Siang,Arunachal Pradesh,2011,IND-000883,Lower Siang,Arunachal Pradesh,2021,FORMED_FROM,,1.00,ACTIVE
86e264a6c852cfba4497856aee2de33a,0fbacdf7-ceaf-4c70-9557-068b0f7b6ec9,,,,,,,,,,,,ACTIVE
6436d2d5d6d9c37350f360e38e16c1c0,0ff9eb50-e72f-4abc-8769-0196e4e23490,IND-000820,,,,IND-000810,Kamareddy,Telangana,2021,FORMED_FROM,,1.00,ACTIVE
b2a79493043ff733507743c4aa638b00,101875e1-333d-4002-8843-0fdf209f8a5f,IND-000806,,,,IND-000815,Mancherial,Telangana,2021,FORMED_FROM,,1.00,ACTIVE
78017c4f0565f72e20fe1d2a4379ac10,1061e238-b641-4835-b5df-d1cd49946ff3,,,,,,,,,,,,ACTIVE
4548ed0d1f2c3a1b0ddd21a44e9845be,10838c1c-33af-4484-ba5e-216cd0bb25c6,,,,,,,,,,,,ACTIVE
1a856250956c5f2b58bc07da6f36f160,109e157f-9741-43b3-9fd4-86f978124e85,,,,,,,,,,,,ACTIVE
42ee15a653dbfb2861cb9170282466f9,10ad8586-0c4b-4973-b820-283218834f06,,,,,,,,,,,,ACTIVE
de023835127086b9539c67c5326608c3,10c24980-cf68-48fa-b574-0d21a41fd220,IND-000662,Dantewada,Chhattisgarh,2001,IND-000697,Bijapur,Karnataka,2011,SPLIT_FROM,,1.00,ACTIVE
fb1e9aa3c8ca0bf867b4199f4d356a7a,10e5f44a-daaf-4b61-8d8c-9958d768501b,IND-000016,Warangal,Hyderabad,1951,IND-000331,Khammam,Andhra Pradesh,1961,FORMED_FROM,,1.00,ACTIVE
5c52bc172cbf490a16187cffaf9b5034,10ed26e7-2924-4b7a-bafb-14c01276cc82,IND-000076,Ganganagar,Rajasthan,1991,IND-000561,Hanumangarh,Rajasthan,2001,FORMED_FROM,,1.00,ACTIVE
a104be442c925dfba88fea1c6d6373c8,1119b82c-06a2-40aa-ae2e-08d56c71f288,IND-000335,Kozhikode,Kerala,1971,IND-000380,Wayanad,Kerala,1981,FORMED_FROM,,1.00,ACTIVE
9693533073c599137419fe7bea180788,11378c49-1387-4f7e-8457-b5822eb43241,IND-000087,Chittaurgarh,Rajasthan,2001,IND-000744,Pratapgarh,Rajasthan,2011,FORMED_FROM,,1.00,ACTIVE
bf6266111350746ffc87368cec5c5ddd,116466c9-78fb-400d-9402-de3ae17a3088,IND-000816,,,,IND-000824,Sangareddy,Telangana,2021,FORMED_FROM,,1.00,ACTIVE
d9acc9b908b5ebeb9d91d157bba9a5ac,118c5ddb-b533-45dd-bd8e-c32c20acdc6e,IND-000456,Faridabad,Haryana,2001,IND-000742,Mewat,Haryana,2011,FORMED_FROM,,1.00,ACTIVE
aa9b6cd609075b01c777adc4b10f61b1,118f6407-0d82-4eb9-8113-3189ce0ff00f,,,,,,,,,,,,ACTIVE
3dc46160c962cffb58c62450e1c9dfed,11bbe28d-55f2-4c6e-be27-abd4d3275574,,,,,,,,,,,,ACTIVE
c21700ea293a8c47a03c08ad90556c9d,11bf4916-7756-4f7c-8fbf-9e56b8823492,IND-000110,Champaran,Bihar,1971,IND-000438,Pashchim Champaran,Bihar,1981,SPLIT_FROM,,1.00,ACTIVE
ddde61f8f012f527420410e11f37738d,11c38136-c469-42d5-a945-8c60f652fd9f,IND-000497,Palamu,Bihar,1991,IND-000621,Garhwa,Jharkhand,2001,FORMED_FROM,,1.00,ACTIVE
1fa8135d5c3af62942fb213c694aba6c,11e198e8-cbdc-4faa-834b-7320bbea442b,,,,,,,,,,,,ACTIVE
ba9bd3bfb22942d98cc38cb0c66c60f9,11e5cc63-bdd2-4d1e-9261-d00bcce23c70,,,,,,,,,,,,ACTIVE
3358174c9f8f7e76195827e785fe6e75,12285a8c-16ad-4415-85d5-0f66c139cea5,,,,,,,,,,,,ACTIVE
40775ff1d378d68651ec1a234228f8f9,123781cf-36c7-45c2-b716-4d55980ce69d,IND-000143,Jammu and Kashmir,Jammu and Kashmir,1951,IND-000340,Udhampur,Jammu and Kashmir,1961,FORMED_FROM,,1.00,ACTIVE
012fab0805101546d0e3e5a156d2ae29,1240e309-fc1d-46a5-b2fa-5aaeb9124ca9,,,,,,,,,,,,ACTIVE
b590895fa79c4b70f02d17cacbe548dc,1269ac1f-35d2-49ec-8709-556f3dca81ce,IND-000390,Imphal,Manipur,1991,IND-000609,Imphal East,Manipur,2001,FORMED_FROM,,1.00,ACTIVE
6cbd8598db9d513bdce01d964e90de12,12be5a01-c054-4153-9568-8dadc2a2d037,,,,,,,,,,,,ACTIVE
dda1009f4bd563d961aeafbeaf13c758,12d861b9-5914-4177-bb5c-5da08935d364,,,,,,,,,,,,ACTIVE
29d10c626cf1ca1c21e216a7ff603470,1317f72e-85e8-452a-ab53-b2fd73a8cc57,,,,,,,,,,,,ACTIVE
01823416b24bbaef293d14b1b84bc75a,137ecd37-62c0-43aa-a66a-1b602d636994,,,,,,,,,,,,ACTIVE
3fdd34078f437c99f25a6fbf1d149334,13a8ad42-5534-42eb-b270-72b7372c1090,,,,,,,,,,,,ACTIVE
a7cb4ea7e1f4d1ced668bc8e41fc8ae8,1426f5bc-9d52-42a6-aeb3-f1ffa13b100f,,,,,,,,,,,,ACTIVE
54639e0e2f57c49522d51981aa12056c,14364838-1057-4f6c-851b-51c86f216901,,,,,,,,,,,,ACTIVE
99f21272b8f6a0125dd53960045c2df4,145c918e-4a1d-4d6a-8b88-2595805fd618,IND-000271,Allahabad,Uttar Pradesh,1991,IND-000575,Kaushambi,Uttar Pradesh,2001,FORMED_FROM,,1.00,ACTIVE
1cf1002dda39e21206607ea35392074d,146849f2-c70e-43ab-b5ab-e0e69eb264ae,IND-000021,Nagaon,Assam,2011,IND-000864,Hojai,Assam,2021,FORMED_FROM,,1.00,ACTIVE
9073df7e3cbb956dc7e22ca9d1399d21,14a8385b-33b0-4eaa-9c35-3784fec1d69e,,,,,,,,,,,,ACTIVE
6e04b3abb33fde143e9a6395854a655f,151bed2e-2591-40a8-b249-561c7383bb93,,,,,,,,,,,,ACTIVE
0617942aa01350c589ec024cb00f5dc2,15400476-0346-4bb8-b6bf-375d69290dc3,,,,,,,,,,,,ACTIVE
116b09105efad9d7b87f9b64de7d41c1,1584bacc-0738-41fa-aa15-f85da7b8e9f0,IND-000470,Kota,Rajasthan,1991,IND-000565,Baran,Rajasthan,2001,FORMED_FROM,,1.00,ACTIVE
437e437467cecde7856b6ff42a710bb9,15cc9080-5d4a-498a-b3d0-bfeada3829a9,IND-000019,Kamrup,Assam,1981,IND-000421,Nalbari,Assam,1991,FORMED_FROM,,1.00,ACTIVE
07b7b14aab71488ad6e705dd063e9179,16063ddc-5dd0-4d33-b3a4-d92eb8dbe0cd,,,,,,,,,,,,ACTIVE
44747fabda483425fd6107ecf6564fb0,167628a2-6f5f-4a1f-9dfd-898fb74a71b9,IND-000109,Saran,Bihar,1971,IND-000436,Siwan,Bihar,1981,FORMED_FROM,,1.00,ACTIVE
a50d87e228799c8ae251c4b527ac8951,169b5e3e-19a0-43cb-9fb9-0a7d9ff2656b,IND-000263,Budaun,Uttar Pradesh,2011,IND-000859,Sambhal,Uttar Pradesh,2021,FORMED_FROM,,1.00,ACTIVE
f322db3305a9882ec5ecca219c815c1a,16c04ef6-6f8e-44f6-b2b5-3024a7859407,,,,,,,,,,,,ACTIVE
aaf432bd4f9c79a5774cdf9b59ef96d0,17278792-3f54-45d4-95e6-230db2785972,,,,,,,,,,,,ACTIVE
bcc8a1ff882fae127969b79a04188edc,173bf2fe-208f-461d-93b5-f1eada2f986f,IND-000427,Pulwama,Jammu and Kashmir,2001,IND-000726,Shupiyan,Jammu and Kashmir,2011,FORMED_FROM,,1.00,ACTIVE
20312e6d4aaffa9d436d8a52a57448cd,1741867d-8975-4130-8136-8132eaf76a70,IND-000396,Aizawl,Mizoram,1991,IND-000613,Serchhip,Mizoram,2001,FORMED_FROM,,1.00,ACTIVE
5be9541bf818b9918cbaa1a42233408e,175a3988-d6d1-486c-b789-93495960536c,IND-000264,Moradabad,Uttar Pradesh,2011,IND-000859,Sambhal,Uttar Pradesh,2021,FORMED_FROM,,1.00,ACTIVE
ba4cfd976fca0d45fc1eff1aea6bf209,17624995-164f-402a-93b3-ddcf378fa923,IND-000022,Sibsagar,Assam,1981,IND-000423,Jorhat,Assam,1991,FORMED_FROM,,1.00,ACTIVE
39bb49000ec031e2e3d65545ba8ae8c7,17f316e5-9e67-4fba-adad-1e938854af05,IND-000403,Bhatinda,Punjab,1971,IND-000404,Faridkot,Punjab,1981,FORMED_FROM,,1.00,ACTIVE
ea453888227c1668f7528ab3fdc4e4bd,184c66ad-6d32-4fee-be48-9433df36b72c,IND-000680,Kheda,Gujarat,2011,IND-000850,Mahisagar,Gujarat,2021,FORMED_FROM,,1.00,ACTIVE
bb4ba7e8354b34d9a868fd9cc8b7347c,184fb9f0-dc9a-4931-8aae-5f1701e1ea3f,,,,,,,,,,,,ACTIVE
661b9af4cf01378bda553ad6262de971,18526e7c-8c7a-47c0-8673-909aff139a35,,,,,,,,,,,,ACTIVE
3df65a21aa6c0808ced67ba3ea815ec0,185f6f40-f576-4ee2-add8-55f6629312fc,,,,,,,,,,,,ACTIVE
cd7a4d97c31a16eb6d4fc226a3349221,1874ef8b-25d0-490f-8e58-e6d9c2926679,IND-000186,Hoshangabad,Madhya Pradesh,1951,IND-000912,Narsimhapur,Madhya Pradesh,1971,FORMED_FROM,,1.00,ACTIVE
e8b5617a955641c089262752973782b7,189cdb87-6d9b-4afd-b8c5-04a326f2f4eb,IND-000666,Sidhi,Madhya Pradesh,2001,IND-000774,Singrauli,Madhya Pradesh,2011,FORMED_FROM,,1.00,ACTIVE
2f17398db71f6bf1d06c6361103ee557,19152a7c-fd4b-4b9a-bd27-d8ee7b4fcbf8,IND-000396,Aizawl,Mizoram,2011,IND-000896,Saitual,Mizoram,2021,FORMED_FROM,,1.00,ACTIVE
cadce3beff1386ad80986ee76930a338,19210377-4e13-4373-a0f2-65d1a4488d6c,,,,,,,,,,,,ACTIVE
980fd851935e7815eac66067de81b62b,192c9eed-4e35-47f0-adbc-b7a05de3277b,,,,,,,,,,,,ACTIVE
853904212b0ada7936d6bb487e035264,197b80a4-b5b1-429f-a17a-c5f2ae45b991,IND-000391,Jaintia Hills,Meghalaya,2011,IND-000840,East Jaintia Hills,Meghalaya,2021,SPLIT_FROM,,1.00,ACTIVE
daf341ce3d1d770ea7c17c6cdda60228,1983caa5-bf02-4e89-b62b-7fe4f947faf5,IND-000706,Mysore,Karnataka,1981,IND-000707,Chamarajanagar,Karnataka,2001,FORMED_FROM,,1.00,ACTIVE
41b287c385eb8e6d6d2d1ca972794c31,1a0bafcf-91d8-4371-87bd-8aa6b7a6dc22,,,,,,,,,,,,ACTIVE
4b197a417d6b04a0bbb71612b857575c,1a1b6542-3b48-4bbb-ad35-2d967d1b443d,,,,,,,,,,,,ACTIVE
d8f54a9a88ba77cca9e2d8c6572d9c2e,1a9655ff-d92b-4839-bcf9-d008f7d311c2,IND-000116,Delhi,Delhi,1991,IND-000554,North East,Delhi,2001,FORMED_FROM,,1.00,ACTIVE
c93c70ebd2ecd223200417a282356122,1ad8a143-61d6-4109-9747-1d1c254b49cd,,,,,,,,,,,,ACTIVE
8341b94b70f428e9b9a1f2308b3c822e,1b7d3429-cbff-451e-87a9-5f876557d467,IND-000116,Delhi,Delhi,1991,IND-000556,New Delhi,Delhi,2001,SPLIT_FROM,,1.00,ACTIVE
e62c1c6b2e42ebcbe143bda715c1d095,1b848d42-0a71-4cf3-a615-5ef31de0be76,,,,,,,,,,,,ACTIVE
9ed196501f72f697212d942ca2198219,1bc64c76-a024-4a9e-a072-331b65a996ed,IND-000381,Idukki,Kerala,1981,IND-000524,Pathanamthitta,Kerala,1991,FORMED_FROM,,1.00,ACTIVE
d31344d41793c15357153d658eb0b171,1bf8425d-1f71-411f-876d-d4854b6f3a1f,IND-000141,Sikkim,Sikkim,1961,IND-000936,North District,Sikkim,2011,SPLIT_FROM,,1.00,ACTIVE
1a1e223b702373157975a085af7dba24,1c48a361-0353-4614-b943-ef474f915743,IND-000684,Bharuch,Gujarat,1991,IND-000683,Narmada,Gujarat,2001,FORMED_FROM,,1.00,ACTIVE
66e7e5bcb99e4044a8efaeeeb18aaaee,1c57d946-6ca3-4257-89c2-0292c0d09754,,,,,,,,,,,,ACTIVE
2ef322d58a4777e89a1259f07497e565,1c60d5b6-22d6-42c9-9ff0-8e43691b91b1,IND-000128,Mahasu,Himachal Pradesh,1951,IND-000320,Kinnaur,Himachal Pradesh,1961,FORMED_FROM,,1.00,ACTIVE
b60a0c75eade6f3bfb1e74e4d13e5a55,1c7f06c4-e853-4cda-a9b8-ce7601a872b7,,,,,,,,,,,,ACTIVE
112de027465edb2d194ff47cd23e6cea,1ca19213-d6bb-4419-8b30-398ab1b32104,,,,,,,,,,,,ACTIVE
70720860a9366a827d3b60ffc8dfbbb8,1cb60171-22b6-46cd-9430-a1100dcf1ac5,IND-000024,United Khasi and Jaintia Hills,Assam,1961,IND-000393,West Khasi Hills,Meghalaya,1981,SPLIT_FROM,,1.00,ACTIVE
c3692690f65983c95a5542d408f4688b,1cd9069e-c16e-41bf-955f-22f7d599cf99,,,,,,,,,,,,ACTIVE
c37def6975eac06139cd175559b68fbb,1ce29893-3b8d-4ebf-816d-67201d636c64,IND-000403,Bathinda,Punjab,1991,IND-000538,Mansa,Punjab,2001,FORMED_FROM,,1.00,ACTIVE
96204f92b3a0579d309150f08ab4cd91,1cef362e-4187-4076-a84d-155f5464f015,,,,,,,,,,,,ACTIVE
2da9283793cb8133e5fdd7ceab281301,1cfcd184-ddf2-4b6a-8a5c-9e03d306ab8e,,,,,,,,,,,,ACTIVE
8b286becb1b5c9dd048945027c47de20,1d468113-3453-44ab-ad26-5084dc45dabb,,,,,,,,,,,,ACTIVE
6fcc3f4300e426eac5cfd6bd1dc0bd8e,1d8b60e0-d3e1-4253-9476-7c4308e0bae9,,,,,,,,,,,,ACTIVE
e889b1939f601e19e5366ce0f4c2ceba,1da26724-b6e7-4257-be1b-2d960a553e8f,IND-000347,Manipur Central,Manipur,1971,IND-000871,Tengnoupal,Manipur,2021,SPLIT_FROM,,1.00,ACTIVE
2cfce3367053349f0bb5da7c08dcce97,1e446766-a638-40b2-b004-636104a2ff10,,,,,,,,,,,,ACTIVE
f70ec58fc83ae1b47dec414e4810b246,1e44f04c-7faf-454f-a1f6-40e026e9a2c3,,,,,,,,,,,,ACTIVE
a771469a1f07660c11a8ff05325db9dc,1ef05969-428e-42b4-9598-5cfafd994032,,,,,,,,,,,,ACTIVE
a058a4d663fd4c316c72803b588336e5,1efab99a-bc07-4594-a0e1-77e31cc7a1a0,,,,,,,,,,,,ACTIVE
416a2c8bf64760e81614f99d22746cd3,1f03778e-a60b-4cb0-83a3-58a1d82dae17,,,,,,,,,,,,ACTIVE
48022c4e335a01a40e5819ea6a3c8646,1f1fbd6a-3972-45e0-b606-661202eb26c6,IND-000131,Tripura,Tripura,1961,IND-000353,West Tripura,Tripura,1971,SPLIT_FROM,,1.00,ACTIVE
8469eba6473a05c5272676950c387046,1f493ed7-2f20-483d-baa4-58d4a068ab3a,,,,,,,,,,,,ACTIVE
aeac7cdc194cefe3870ad53604e5cbff,1f8ffebe-049e-45f2-a5c4-3fda2d4fe2d3,,,,,,,,,,,,ACTIVE
9e0f8e204d6828e19e58bc335d6b0e79,1f929630-8e04-4cc9-a267-f18d2d0c517a,,,,,,,,,,,,ACTIVE
1de8b7cac127d44e7dfd9c0ce6e1ab6e,1faf98a1-20b6-42f1-be2d-afaf3bee3622,IND-000363,Ambala,Haryana,1991,IND-000549,Panchkula,Haryana,2001,FORMED_FROM,,1.00,ACTIVE
8f51212d564ffdccf9a4f9c68b5b8f12,1fb3e2c9-713a-4bc2-b871-374f78e7b50d,,,,,,,,,,,,ACTIVE
653907cc1bbe0a07618c1b6f39fd3182,1fc5b22c-9ba3-4961-8570-caba2f0933d9,IND-000366,Hisar,Haryana,1971,IND-000550,Fatehabad,Haryana,2001,FORMED_FROM,,1.00,ACTIVE
2bbcb52131487efadc4315f8ae6bc826,1fcc5483-e8cd-4c87-a8b5-4ed1e30a1586,IND-000069,Sawai Madhopur,Rajasthan,1991,IND-000562,Karauli,Rajasthan,2001,FORMED_FROM,,1.00,ACTIVE
928196cce1c4ab0b657d900d05ac022f,2002f075-abd7-4156-8c44-cb5a5c90031d,IND-000676,Mandla,Madhya Pradesh,1991,IND-000675,Dindori,Madhya Pradesh,2001,FORMED_FROM,,1.00,ACTIVE
aa9d650d4add0e6de87d3d6c52c4603f,2015d866-1a6a-4854-9944-99583b5a2d81,IND-000806,,,,IND-000819,Nirmal,Telangana,2021,FORMED_FROM,,1.00,ACTIVE
3c16bd62f0bfd899537e600a214509df,2054b337-dac8-45f6-b6eb-b2f97dd08d9a,IND-000670,West Nimar,Madhya Pradesh,1991,IND-000671,Barwani,Madhya Pradesh,2001,FORMED_FROM,,1.00,ACTIVE
6fec33720a8979943bb0e6168f6de994,20654473-f8fd-4cac-8d7d-dbfa672fc712,,,,,,,,,,,,ACTIVE
51cd2d737c42a90ef8b61e2cdc1f7aa8,20a0b42c-f85e-4c24-8db3-021f589e15ce,IND-000096,Junagadh,Saurashtra,2011,IND-000851,Gir Somnath,Gujarat,2021,FORMED_FROM,,1.00,ACTIVE
3ba092f4a5a2d3f321a98c22f2a9586a,20c8ace7-3c07-4213-a4e9-a77b1dc8f1ef,,,,,,,,,,,,ACTIVE
32c2542627529f80d0879ee613971ae1,2108058f-13ce-41ea-8b62-b3908d23310a,,,,,,,,,,,,ACTIVE
2fc61376172bcad7619136633d389c4c,21168c65-c7f0-4d93-8386-079fdbf319bf,,,,,,,,,,,,ACTIVE
2366a9c6304d30c5e96e511ecacb9e7e,2116e99b-74c8-4a29-adc0-0adff5ff2ea6,IND-000661,Bastar,Chhattisgarh,2001,IND-000770,Narayanpur,Chhattisgarh,2011,FORMED_FROM,,1.00,ACTIVE
87e6a67c6464df953ae474b69b3772c5,213dac28-bdcd-4728-a2c9-7ebc3869fc60,,,,,,,,,,,,ACTIVE
2aca0f3becc52c5b0410af18fc450f81,21407708-04a3-47af-bd63-1262b915b356,IND-000228,Sambalpur,Orissa,1991,IND-000634,Jharsuguda,Orissa,2001,FORMED_FROM,,1.00,ACTIVE
25694db17ce833d6531bc581a9c491d2,2142d8ac-21b3-4c0b-bf62-a3f46f1dc203,,,,,,,,,,,,ACTIVE
20962c7da9719cadb7dc37d2e2293e70,216704d8-1894-4b66-af4d-bb54e0e00f6b,,,,,,,,,,,,ACTIVE
50539182761dc55cbf3d116bbbc660ac,21b2963a-e4c9-4c01-a623-1c85d006123b,IND-000358,Muzaffarpur,Bihar,1971,IND-000440,Vaishali,Bihar,1981,FORMED_FROM,,1.00,ACTIVE
fcb34f43d90776aa0023196fac3a1c80,21c5ae07-488e-4d9e-8833-ddfc738dc2fd,IND-000812,,,,IND-000813,Mahabubabad,Telangana,2021,FORMED_FROM,,1.00,ACTIVE
71937f289bd46177c47bf7c685ae2d2c,21f5c67c-ab8a-40d2-a23f-4dee99de5e9a,,,,,,,,,,,,ACTIVE
94de03358ec521193ae733744c6db0db,220043a8-e46d-453f-85b0-e553e81722bc,,,,,,,,,,,,ACTIVE
6bdce858b9f9c06ac5af0e25fa58aabb,2216e2a8-4dd6-4fa2-a42f-cd68fc129a0e,,,,,,,,,,,,ACTIVE
f5ad9c6d9174ac6c4f09b4ddd1f87d89,222062b7-12f1-4647-8c2e-8bb2235015af,,,,,,,,,,,,ACTIVE
37dbc693e974b49a829a66ace80e00d7,2271eaa9-2124-4e7c-896c-7b92162fa1ca,,,,,,,,,,,,ACTIVE
340e0a4f04da853c92a8fccce5752db9,22931999-da4c-4b44-9802-66156d33c0b3,,,,,,,,,,,,ACTIVE
36901f57ad3eccbf697cee7c66514178,22a86e3d-8452-412d-9221-8947733fb9a3,,,,,,,,,,,,ACTIVE
f29d79fc7b59b00a5d0ff50397612ab0,22d8cc12-de9e-4580-9ca9-a8bcf1073124,,,,,,,,,,,,ACTIVE
e55733f471c383363dc4d7a355757ed3,2319f146-17d4-42e3-bfad-63f5a543f2db,,,,,,,,,,,,ACTIVE
d6bd06a3f76d8701313809218a2cf27f,231d0047-bce5-4095-a42c-9c2001ae8231,,,,,,,,,,,,ACTIVE
ed98e8c39109af098a4a392d34c9238a,23590b9b-7cc3-497c-877c-83109a9e9bd6,IND-000267,Farrukhabad,Uttar Pradesh,1991,IND-000571,Kannauj,Uttar Pradesh,2001,FORMED_FROM,,1.00,ACTIVE
a036b577a41bc9767345a2c7e4c3f016,23931bf8-c1d9-4eb5-ae98-380886e7740c,IND-000663,Guna,Madhya Pradesh,2001,IND-000773,Ashoknagar,Madhya Pradesh,2011,FORMED_FROM,,1.00,ACTIVE
90c751d66b36b5672687cfe235cefa4f,23a22154-dcf5-4bc3-afa5-92f52030cc49,,,,,,,,,,,,ACTIVE
c0867c7f8dd4b3d4d8034ff228e02cbe,23a3200b-2fc7-422d-adbb-746472d38470,,,,,,,,,,,,ACTIVE
df7622a7210f30f20f13c1eb0a1ccafa,23cb9b25-7fa4-4551-9cce-ea41939dd3e3,IND-000366,Hisar,Haryana,1971,IND-000451,Sirsa,Haryana,1981,FORMED_FROM,,1.00,ACTIVE
2f6e9e9b5e0fc397a96131efac66d795,240ddb9a-db23-4fea-ae17-ff8821030ee9,,,,,,,,,,,,ACTIVE
ef3d892491b2355072a4e1e4779e19ee,24239bbe-3d01-4ca6-95f6-6684ac90bfc9,IND-000396,Aizawl,Mizoram,1991,IND-000612,Champhai,Mizoram,2001,FORMED_FROM,,1.00,ACTIVE
2ceeaad4981b58a5e6b1938cc5dd6397,244b866d-0dff-4263-ab1c-60e30e4d076d,IND-000143,Jammu and Kashmir,Jammu and Kashmir,1951,IND-000319,Kathua,Jammu and Kashmir,1961,SPLIT_FROM,,1.00,ACTIVE
202cfa64f9f251d60abd2067ad4258ed,2460f7bf-5624-493b-b64d-df9675e7ed7d,IND-000113,Monghyar,Bihar,1971,IND-000441,Begusarai,Bihar,1981,FORMED_FROM,,1.00,ACTIVE
b82708677f310a868766bb4a5e217761,24af0a4b-37cb-401e-8365-b0b69f43baa5,,,,,,,,,,,,ACTIVE
42602c6761499b5c5ca02146960551bc,24c37a1d-f53a-4891-8eb2-bdd835714195,,,,,,,,,,,,ACTIVE
77f0fc78b36c44b51be287ef61a257cb,24ca89e3-e783-4d46-bb91-b04b598d184a,IND-000287,Garhwal,Uttar Pradesh,1951,IND-000326,Chamoli,Uttar Pradesh,1961,FORMED_FROM,,1.00,ACTIVE
7b4c40f954003af2b069d086003f2b2a,24d85574-dd75-4326-b84a-57c3f61deca0,IND-000286,Almora,Uttar Pradesh,1951,IND-000333,Pithoragarh,Uttar Pradesh,1961,FORMED_FROM,,1.00,ACTIVE
631a658081ce5e0f42bc10adb1866a1e,24d95431-5dc9-475a-963e-1d0f100a356a,IND-000308,Twenty Four Parganas,West Bengal,1971,IND-000923,North Twenty Four Parganas,West Bengal,2001,SPLIT_FROM,,1.00,ACTIVE
6a0996e6bc848f1e34c12592dfa7df6d,250864af-ff79-4ef8-834c-2af32629f4f9,,,,,,,,,,,,ACTIVE
d959e8a78f5c5b2aaeafd90277f33dce,251a597d-a7da-4e95-9eec-60dec842f7f9,,,,,,,,,,,,ACTIVE
c1c98955baa922438bc195eadd3d8ca2,25456b56-638d-4918-b9ce-ac0e93a93140,,,,,,,,,,,,ACTIVE
4f06e94355e6ae1684cf61f316c34487,257b4378-9ec2-4edd-b241-f516cc61b387,IND-000393,West Khasi Hills,Meghalaya,2011,IND-000854,South West Khasi Hills,Meghalaya,2021,FORMED_FROM,,1.00,ACTIVE
abbed3385a32c89fd2860563a9da1c9b,258d7e9f-97e3-476a-89a4-d404018a54eb,,,,,,,,,,,,ACTIVE
e3033c14bcd191ce1520f488eee7ae72,25ac03b7-b02f-49d2-b95e-cb18e2679430,IND-000354,North Tripura,Tripura,1991,IND-000616,Dhalai,Tripura,2001,FORMED_FROM,,1.00,ACTIVE
d85afd3064ce73ac97a5741b56a26484,25eb8098-a769-4a80-86a9-d0061337dcf7,IND-000343,Nellore,Andhra Pradesh,1961,IND-000910,Ongole,Andhra Pradesh,1971,FORMED_FROM,,1.00,ACTIVE
b35aebefd6d60e2ac3af686e233dfce2,2613bf09-922f-4b7c-b9b3-cf1436ea588e,IND-000237,Kalahandi,Orissa,1991,IND-000646,Nuapada,Orissa,2001,FORMED_FROM,,1.00,ACTIVE
e08a3ca9f7cdefa40dd5a34ba46f187b,26492435-cf86-4e5f-ae07-4f5fd26620b5,,,,,,,,,,,,ACTIVE
145c7cfe031aab5061dfc208cd977b4f,268b7f95-41fb-409b-b5ef-6bfbad6d2b8a,,,,,,,,,,,,ACTIVE
b23f3572eaaf359a3406d34ab4f1511f,268ee117-7091-4ae0-9cd8-298d014a1612,,,,,,,,,,,,ACTIVE
26b782f894ac1ccbbfc0cf69cc43d5e1,268f6500-074a-4328-9750-e19b21ee4d31,,,,,,,,,,,,ACTIVE
7d384fb6e968710ea2eb15966c65a1d4,26f4ac0f-f907-4cdd-8020-597d4f7bc935,,,,,,,,,,,,ACTIVE
3270404e3dab9b61be7280c295c46da4,26fc7e8e-10ca-47df-aa0b-97cd72c2c14d,IND-000187,Nimar,Madhya Pradesh,1951,IND-000670,Khargone,Madhya Pradesh,1961,FORMED_FROM,,1.00,ACTIVE
4a600749ccc4f9065d1ce0f854c7c43f,2748cdde-96cc-4bc1-a640-e9181d6f7f96,,,,,,,,,,,,ACTIVE
f04b894b9c6446d95eb93f2694f5a773,275d45e7-eb9e-4874-b2a9-82ed33e28e1f,,,,,,,,,,,,ACTIVE
185dd1da1fd8331a5eba22250e9d3388,2770c5bb-34ca-4eee-bdef-5734e5a6cd1a,IND-000772,Shajapur,Madhya Pradesh,2011,IND-000947,Agar Malwa,Madhya Pradesh,2021,FORMED_FROM,,1.00,ACTIVE
f70d499690281bffa098b91666b8af11,2771100e-5035-48cc-babd-73d52f0e5425,,,,,,,,,,,,ACTIVE
42ddbd7c0197482f802a25677396d957,27cc7433-7629-4c74-ac4a-dbc583496b1d,,,,,,,,,,,,ACTIVE
e1e00f915f5cfdbe2b765077720b5f96,2819a0c8-bbfa-4328-a7cf-7e538e249d31,IND-000890,Kameng,Arunachal Pradesh,1971,IND-000406,East Kameng,Arunachal Pradesh,1981,FORMED_FROM,,1.00,ACTIVE
ebbafe4e4cfb396067c59be48f8b397a,28249b42-17b4-4a10-b034-11d075116dd1,IND-000360,Hazaribag,Bihar,1991,IND-000763,Ramgarh,Jharkhand,2011,FORMED_FROM,,1.00,ACTIVE
cbe236884cd6bc01b66ffc325e9b57bc,283ad4c4-6869-43a9-90c6-5507232ac01f,,,,,,,,,,,,ACTIVE
570d8871e12b05b9e542f8f24d82f71f,28dde404-cff8-41ea-8848-efa6a1080382,,,,,,,,,,,,ACTIVE
0aaca840595a10870f343ada60438aa9,2913dab2-950c-495b-8d0f-9242b43acc2e,,,,,,,,,,,,ACTIVE
7d934be1c919337a6fc4ec82234623bb,29333a9f-7957-4b4b-be5d-bb7330c2b951,,,,,,,,,,,,ACTIVE
a334840958d6d1b5a1eea987f12f227b,297955c4-1f30-4c6d-8872-7d23733f3fba,IND-000114,Bhagalpur,Bihar,1991,IND-000589,Banka,Bihar,2001,FORMED_FROM,,1.00,ACTIVE
d5683cfdc9e6ac2e472cd869050150b6,29905bfa-61b2-4df5-a8c0-7dea000d440c,,,,,,,,,,,,ACTIVE
78926037d4a499073cd659feef3b8588,29a0c1c2-05b5-45d9-a283-ccff1cba4077,,,,,,,,,,,,ACTIVE
fb8b6fbf73627d069ffea732f146c55b,29dbc72c-3da4-4319-be4d-7e2645452847,,,,,,,,,,,,ACTIVE
72713fcaf846fba6c0f0080b6c019d99,29fb3cf8-fd73-4318-b806-f8f0d825e183,IND-000024,United Khasi and Jaintia Hills,Assam,1961,IND-000393,West Khasi Hills,Meghalaya,1981,FORMED_FROM,,1.00,ACTIVE
9788edc5edba8cf77063c8ba3ba6aa32,2a2e7467-a515-449b-b502-6e852d45cfc1,,,,,,,,,,,,ACTIVE
23f537f0d9973c9ee3fcd19d7b46fb30,2a3d4f4d-2792-49a6-9d12-26a1e6c373b2,IND-000336,,,,IND-000376,Eranakulam,Kerala,1961,FORMED_FROM,,1.00,ACTIVE
4a8f295ced93e7cabb1039e174e8311a,2a4d382b-3c7d-421b-a90f-475f2122c420,IND-000812,,,,IND-000835,Bhadradri Kothagudem,Telangana,2021,FORMED_FROM,,1.00,ACTIVE
103cb760c240c4c195010ac3821fe8b4,2a569b6d-eb34-4713-932d-25aaafe150ba,,,,,,,,,,,,ACTIVE
1bea78ce827da576134a5b06745e25a6,2aa448d7-f68c-431c-b59b-8a3982b50a54,,,,,,,,,,,,ACTIVE
ebbb25d0257aebf5fdb07b7bb94ecbc6,2ae43a35-6fcf-428e-8b5a-6edf6a41ff17,IND-000024,United Khasi and Jaintia Hills,Assam,1961,IND-000391,Jaintia Hills,Meghalaya,1981,SPLIT_FROM,,1.00,ACTIVE
ef14d8677f38721c9564dc8469bb0170,2ba62588-b6ec-4699-b8d4-94300dba92ab,,,,,,,,,,,,ACTIVE
b709e0027786d3bb494349310ce450af,2bd49a8a-9582-4c8c-9f49-791d38ff0cb8,,,,,,,,,,,,ACTIVE
d1b6ec64d04f1f5191fbc560cf1843d7,2bf4a9c3-6afb-4f72-a7a4-97b6dad8f680,,,,,,,,,,,,ACTIVE
69561b1e479b94f36e5f36748d21aa27,2cbda86d-ca5a-4efa-a0d1-24f17fce406b,IND-000365,Rohtak,Haryana,1991,IND-000551,Jhajjar,Haryana,2001,FORMED_FROM,,1.00,ACTIVE
40b9c52bb59b83b03e3ae833f820116a,2cc846fd-244b-49fb-9d36-408a49911e77,IND-000117,Purnea,Bihar,1961,IND-000444,Katihar,Bihar,1981,SPLIT_FROM,,1.00,ACTIVE
b279d317bee056a1ef67f1f66423f920,2cf2cea3-f130-45fe-b50b-f5de5d110f4f,,,,,,,,,,,,ACTIVE
8848707446f4d9e48a060e260004672c,2d0129c1-f9b0-4129-9b73-e309c390f955,,,,,,,,,,,,ACTIVE
34e127c268e6273a909089a4aca29b7e,2d327de0-67c0-42a8-b5b5-781c76831639,,,,,,,,,,,,ACTIVE
6e96042a0515d21dc6093870ed55f805,2d4eb6c1-ed37-4abe-874d-ac52903f3fac,,,,,,,,,,,,ACTIVE
6996e9741914b2f185644b832c7700d8,2d5cee81-237a-4383-b11f-cc913d615618,,,,,,,,,,,,ACTIVE
5c0edd5edd9a13173b833fbd299857fd,2d674216-0f41-448a-a8aa-81201bbc9b4d,,,,,,,,,,,,ACTIVE
de21c1c081dd08af5b9d46110d6a9351,2d6ed94f-c939-48ed-a815-df2271d97627,,,,,,,,,,,,ACTIVE
6d8b3551b895b7511f8c1c07c02136c9,2d7aa2c4-397a-44b3-b751-592c0d0c7e73,,,,,,,,,,,,ACTIVE
9434aef765400601731fadd2c2291bb5,2d96c4e4-197c-474b-9667-691ece1738c4,IND-000372,Kannur,Kerala,1981,IND-000523,Kasaragod,Kerala,1991,FORMED_FROM,,1.00,ACTIVE
98eb85eb9798a6f07266576628916148,2db81a55-4f59-4556-ae6f-17c17c785892,,,,,,,,,,,,ACTIVE
42470dc1fa3c99cba4f2939d0da0adcf,2dc9dea2-cc7b-4197-b113-9a74466e581f,,,,,,,,,,,,ACTIVE
b62daeda2821f851e9745ef992ced30f,2e3d0a9e-8906-4d34-8624-e98bc4df0ef1,,,,,,,,,,,,ACTIVE
0294e7b085c56c7098b6824ef56e5bf1,2e44cca1-7966-48e0-bfdc-61645e30d80c,IND-000427,Pulwama,Jammu and Kashmir,2001,IND-000727,Kulgam,Jammu and Kashmir,2011,FORMED_FROM,,1.00,ACTIVE
6bd73c4744ff6b0bc54ee384309d6483,2e6b55a6-ee5b-4e12-ace7-62a2fe160425,IND-000269,Kanpur,Uttar Pradesh,1971,IND-000417,Kanpur Dehat,Uttar Pradesh,1981,FORMED_FROM,,1.00,ACTIVE
971da3ad5c43611fbbf63e75bfd23ee1,2e7dfe54-648e-4ed7-8ca4-80b35575a838,,,,,,,,,,,,ACTIVE
4e815230a7f58806b88274a671f9e533,2ed0299f-33ff-4cf1-9434-9793b1de2c08,,,,,,,,,,,,ACTIVE
9ae37b5d5674e0314f2e0ecd2f6099c7,2ef25821-5642-40d8-96d0-d6b8a715ea07,IND-000360,Hazaribag,Bihar,1991,IND-000624,Kodarma,Jharkhand,2001,FORMED_FROM,,1.00,ACTIVE
5b7444bc7bc82afdbf11b9208758d92d,2ef6c264-dc2f-466b-870f-95f9f1920024,,,,,,,,,,,,ACTIVE
88bf335700d184a78a365cd5a466c744,2fa62794-4333-45d1-9c43-b975103a26f9,,,,,,,,,,,,ACTIVE
26ba9a8c478ba3fc65db4b4193152730,2fa6d566-3a2a-4213-956b-8471ee054a23,IND-000769,Durg,Chhattisgarh,2011,IND-000902,Bametara,Chhattisgarh,2021,FORMED_FROM,,1.00,ACTIVE
95b8b83274a5ef3ca206583d75cf522d,2fb2e740-dd23-4368-86f7-b86616d575c6,,,,,,,,,,,,ACTIVE
eabe6b0e5b020a6c71c05fbcf6101c1b,2fcf25e2-684e-4248-a7d6-09fc985c04bc,,,,,,,,,,,,ACTIVE
75ffcb67731384e1f50562c857ff59e6,2feed954-5cf3-487e-b193-fdd70d2012cb,IND-000554,North East,Delhi,2011,IND-000857,Shahdara,Delhi,2021,FORMED_FROM,,1.00,ACTIVE
49afdf66069d2a0fe625c1853a0f2f18,30040bb8-5804-4d28-8bfc-3823ab330fe4,,,,,,,,,,,,ACTIVE
245e40d08d44d9055c4d16d8740ef070,301f19a0-5a6e-4d76-a581-4a0284194f5f,,,,,,,,,,,,ACTIVE
551f1254551064fd464a39392142966f,3032148a-0c74-4907-aca5-bf8ed7cd2667,,,,,,,,,,,,ACTIVE
a2e6deb2fabd4da565ab48b64645b81c,306f1901-39ca-4f9d-8208-03f47dbe2fe0,IND-000212,Malabar,Madras,1951,IND-000374,Palakkad,Kerala,1961,FORMED_FROM,,1.00,ACTIVE
678a80d8587105b1a57cc0637257e493,30774841-7f1e-4821-8fe4-ee8a3c21f3f1,,,,,,,,,,,,ACTIVE
e8c38760fe226b68772da1a04dc13719,3093c5e1-d30c-40b8-9bc4-ef71b68834b8,,,,,,,,,,,,ACTIVE
2d044e0f6151cb4b079bdc30c62d4d4a,30c3ddc4-529f-4622-9d2c-c34dd420c584,,,,,,,,,,,,ACTIVE
98f4aaf173cc22caf71ad94e02b2c455,30c58c61-9b43-4b1d-93ac-e3617e514fe4,,,,,,,,,,,,ACTIVE
7ccbbf9f2d6d769ad4fa6abc0f474dd6,31044f0e-507d-4424-9787-eb2d38148363,,,,,,,,,,,,ACTIVE
9d51cdf659bb8a0f38f9e205e87af0c5,311ce791-7592-4240-97bd-800a009c234d,IND-000100,Trichur,Travancore - Cochin,1951,IND-000376,Eranakulam,Kerala,1961,FORMED_FROM,,1.00,ACTIVE
679687a9badc3c75635d3d9ec9a39a5d,31f59aeb-c6e8-4f17-aa3c-641fce4c8aee,IND-000300,Tehri Garhwal,Uttar Pradesh,1951,IND-000324,Uttar Kashi,Uttar Pradesh,1961,FORMED_FROM,,1.00,ACTIVE
bed0d1b039a3e03212a839e92b81b27d,3214dd06-45da-45c5-ab96-efda82ff7b54,,,,,,,,,,,,ACTIVE
9fd4cd59c12dea8a3916d3baf84914ad,326861d1-5f71-4d4f-89ba-e1b397b2cdf7,,,,,,,,,,,,ACTIVE
bf34081d98563590094d9af7961a7dee,32ab8eb4-23a3-451e-ac2a-a1007a2586c9,IND-000141,Sikkim,Sikkim,1961,IND-000937,West District,Sikkim,2011,FORMED_FROM,,1.00,ACTIVE
2d21f59996560a5636f882e810bc4e65,32e67423-82e9-40a7-ad78-afca4c17cee4,,,,,,,,,,,,ACTIVE
b368701e8cacfd407fc8781a993ceb31,32f083c1-5d41-4b73-8ef2-ebe77a3da77f,,,,,,,,,,,,ACTIVE
c476744485ff757f3ad8c2b85c305f7f,33027270-400d-43bf-a372-d34b8087b111,,,,,,,,,,,,ACTIVE
d1a4ceea17366e9b5b55d1e28af993ea,330f0887-cce2-44a0-b15c-70d048b4605e,,,,,,,,,,,,ACTIVE
48ec9ee971d85a697b42dbd4135abfb4,33611dcd-9c70-4c50-b87c-951c14a2c59c,,,,,,,,,,,,ACTIVE
6e26446ea1c13ddd2aa75e30bd445e6a,3365d923-eab4-4440-ae0b-aa109a76fc0c,,,,,,,,,,,,ACTIVE
7bc6a1fb2f3b3912c9a3b6118643d919,336d9ff9-5087-45f1-adab-d7282bbb7f3f,,,,,,,,,,,,ACTIVE
271b18ad5bc143affbe68372d058eb6c,33adabb7-0206-4f06-af83-20a58470aa05,,,,,,,,,,,,ACTIVE
fa9be33ab8da76b04dd518f1cb902ced,33be14e9-fc2f-4486-8008-32e153b16761,,,,,,,,,,,,ACTIVE
a80d65d5c0dfcc3c0f7d9c180808a989,33de677d-f500-4547-914f-6cfb23b6ddb1,,,,,,,,,,,,ACTIVE
750d9ed464630b4511c198af65cf5c96,33fbc7f7-3806-4431-a842-e802314180d9,,,,,,,,,,,,ACTIVE
08dadebcb84b1d80f8b2b00d47fd41d3,341c7196-ae0c-473b-803a-3277247790d8,IND-000118,Santhal Pargana,Bihar,1981,IND-000499,Dumka,Bihar,1991,FORMED_FROM,,1.00,ACTIVE
0f3d1718a25f117dd8cdaabfabecbfa6,34a675cc-0ff9-4fba-98ae-bbf38a02f6b8,,,,,,,,,,,,ACTIVE
0cd13740f6508b45ff931dd76268ecb0,34cacb9a-a8fa-45e4-ab77-2e5de2378b06,,,,,,,,,,,,ACTIVE
24195ab1111e37ba61fe1d0324772f4c,34d66b01-5631-4464-9026-99b6a35d5b00,,,,,,,,,,,,ACTIVE
ead9241fe46047c8d256e7ba63bfc4d2,34d8f324-97f7-40d1-b1b8-32312e116e43,,,,,,,,,,,,ACTIVE
5903a662effc68b70428764c2d102a24,3528586d-156d-4742-8a50-1ef898dba89a,IND-000823,,,,IND-000944,Medchal Malkajgiri,Telangana,2021,FORMED_FROM,,1.00,ACTIVE
39aa690cea1977fe6cf81607441b6e5b,35bb2d79-25ef-4b00-b2f3-24840fbd845d,,,,,,,,,,,,ACTIVE
a234636ca0d095705e4f245ade0093be,35d2859c-1a5f-4178-ba0f-447ec695a155,,,,,,,,,,,,ACTIVE
8d729d378e1b8429eb0af26a0ed19cf5,35f40788-783c-4a17-ae33-5890221118e1,IND-000433,Rohtas,Bihar,1991,IND-000593,Kaimur (bhabua),Bihar,2001,FORMED_FROM,,1.00,ACTIVE
1003611f22001bd747c5325d7935a94b,35fc46e6-c781-4a37-a03c-c9d7723a787f,,,,,,,,,,,,ACTIVE
4063831a8dbd565a8c5d8d5a9823b01d,3617c5ef-b4b7-4005-801a-4339e7a9e606,,,,,,,,,,,,ACTIVE
45403c39e11b7ac29f50851a0f919fb1,361828a5-9748-473c-ae9b-5d5a9bdb4ffd,IND-000302,Barddhaman,West Bengal,2011,IND-000900,Purba Bardhaman,West Bengal,2021,SPLIT_FROM,,1.00,ACTIVE
cee4152597f0eb7d573fbb69b34a378b,3624bb0b-856d-40f0-8109-5b9151700fd8,,,,,,,,,,,,ACTIVE
717687c73bcd692a24b304c0288b99a0,362c2e42-5254-45d5-9d6d-72c9d103385b,,,,,,,,,,,,ACTIVE
86134fbfbae85a1cd46c355cd244b6a1,363094ba-a37d-4507-b694-afb3c1bcde25,,,,,,,,,,,,ACTIVE
ca73ad4dc8a2b690f9ccf2f47ee837c2,36381add-71d3-4361-b2eb-bd76a296d66e,IND-000225,Cuttack,Orissa,1991,IND-000639,Jajapur,Orissa,2001,FORMED_FROM,,1.00,ACTIVE
e13509b8935a9d8ed4e99d05f19c34c9,363e2cec-7bd7-4869-b898-8f486e2cf899,IND-000811,,,,IND-000904,Jagtial,Telangana,2025,FORMED_FROM,,1.00,ACTIVE
0ddab789c1eed4357f378bb5df3525cc,36668468-464b-455f-bc85-63336bd2054c,,,,,,,,,,,,ACTIVE
0a8ae30d3aa82a581c492e8f31ef44c1,366a1ac2-a232-47a9-9d58-eb9c6df4da1b,,,,,,,,,,,,ACTIVE
7c03f27a7c84e9be5077a572f4d77bd1,36caf7c9-ea95-4f4b-9764-9023d674513e,,,,,,,,,,,,ACTIVE
44144d11216b40163e6318b8e0736cbf,36de6dcd-efe5-44cc-ad05-4ac25a6f7eef,,,,,,,,,,,,ACTIVE
39d487f250522af08622294e3df2fb0d,36de962d-2afb-43ed-a7a6-686f42772938,,,,,,,,,,,,ACTIVE
c2ff930d4783d671fe9315c6b3c459c6,36f6dcc5-9291-4d8a-9ece-17d2c1c30d4c,,,,,,,,,,,,ACTIVE
901c11c78ae94d348084c2ec7ce3b061,371caae1-b09c-41b5-aca5-e3535100aa5a,,,,,,,,,,,,ACTIVE
3baade62af9b87a13a6fe4d27413ce17,372c9a34-d5ac-48fe-84db-13876c2bd21d,,,,,,,,,,,,ACTIVE
6e0ad5564297074d2dce939c55d7fba6,37609cda-55b7-4be3-a0ba-549dc5d09f05,,,,,,,,,,,,ACTIVE
8ccd40de54f785eef47587c33a0edfbd,378a1820-fb97-4325-bcbc-d748bbec9e17,,,,,,,,,,,,ACTIVE
c3331294d9d1ec24b2358a35756ded3a,379a108f-f4dd-4240-8f57-5ea620ab4eb5,IND-000681,Panch Mahals,Gujarat,2011,IND-000850,Mahisagar,Gujarat,2021,FORMED_FROM,,1.00,ACTIVE
387ca4ce304187f533e585481dc2fad2,37dd4274-ce22-4e9e-ba49-1e95414ee404,,,,,,,,,,,,ACTIVE
b038d069213c5282f96523d6a1141e70,3811f898-05af-482b-bfdd-9fe89ffb8fec,,,,,,,,,,,,ACTIVE
2cd91bd7939e1bcc7c3e8f323245debc,38140216-7804-495b-890e-09c5ce06dfe1,,,,,,,,,,,,ACTIVE
c75b846c2f341bcf5af3c16228064b84,382f46d9-4874-45f8-9a57-844af630ad59,IND-000268,Etawah,Uttar Pradesh,1991,IND-000572,Auraiya,Uttar Pradesh,2001,FORMED_FROM,,1.00,ACTIVE
661944f1d36d87e8b27763ed89a8001f,389e4cc0-06ef-4328-a4c1-4917722e70d7,,,,,,,,,,,,ACTIVE
8adafbfbf7ae0bc78c67af6c7f48f344,38a254cb-eb90-4bec-a329-d003a3334f27,,,,,,,,,,,,ACTIVE
98fa7ad6c01221300b5937ac507c4900,38d23b27-17d2-4048-a6ae-008fda371be5,,,,,,,,,,,,ACTIVE
e1db6f9e534783eb7d03feeca80b863a,38e23711-f444-4249-a4f5-f66d65e47c4b,,,,,,,,,,,,ACTIVE
7d8a4eab0d963d55252af3106ba45e46,38edb2c5-1c61-48b5-9b74-b4a1f712f5bb,IND-000505,Thoubal,Manipur,2011,IND-000842,Kakching,Manipur,2021,FORMED_FROM,,1.00,ACTIVE
a8cb4c5ba281f9eb29bf78068b24a11d,38f08d63-0771-4b93-9ae3-620971a6a6c5,,,,,,,,,,,,ACTIVE
fc56be8e13a291524650cf25104a6121,38f93825-bb57-4af7-9795-224ef051a024,,,,,,,,,,,,ACTIVE
e8af554770c4a1acf79d89c5f6167a68,38fb61e9-3c4a-4d5f-9b5e-c410035b2f49,,,,,,,,,,,,ACTIVE
1bf06f880f099954a141a77d1960e6b3,39163cca-4232-4c71-8fac-106d1adbfe8a,,,,,,,,,,,,ACTIVE
07e969fe740f740754aac70c4fac115b,393205d9-5618-49f4-ac1b-ef6e614704b1,IND-000130,Manipur,Manipur,1961,IND-000346,Manipur South,Manipur,1971,FORMED_FROM,,1.00,ACTIVE
8d5783760eb99b63b527e778dabc186f,3971ff56-73e3-4fb7-bd21-786dbd406a69,,,,,,,,,,,,ACTIVE
68cb55cdaa702ba84b68db34fb07c00b,3a0566bc-d42b-4aae-b502-7a9805b57f1a,,,,,,,,,,,,ACTIVE
666c2c1eb55389849a398f4d4ed1504e,3a267111-e36c-44de-b30e-8f2aa406ae27,,,,,,,,,,,,ACTIVE
4b75f4496adc86ecc7ab70f12d31376d,3a2b98cb-e06c-4733-8b00-e6410f033a7c,,,,,,,,,,,,ACTIVE
d0e3825f056c43b40cb585400f346c11,3a2e6f51-fa77-488f-9890-9f770eb52793,,,,,,,,,,,,ACTIVE
ef6e6e19c15361563e1237213f0e783c,3a5314e2-d2de-4094-9ddb-7009ce633ad6,,,,,,,,,,,,ACTIVE
1f3837df2a8e8b2d40cff915a447c292,3a53b186-c491-41a5-9673-61ba040818d0,,,,,,,,,,,,ACTIVE
74085194780fdab862145a4178089bed,3af96d14-28f1-4bd4-87ab-cfce2816a4ac,IND-000110,Champaran,Bihar,1971,IND-000922,Purba Champaran,Bihar,2001,SPLIT_FROM,,1.00,ACTIVE
79e08b7642aba1e9f44661b6f1996d7a,3afd721c-42a6-4efd-b1d1-05f21fa6a0c1,,,,,,,,,,,,ACTIVE
7b609003ad87a32f6379905a8b373550,3b0b94c8-9b98-460c-9318-311ed21ccef0,,,,,,,,,,,,ACTIVE
72c91beb690d075097e2b468028c7964,3b2bccbb-1965-4663-8622-432910db8ed6,IND-000222,Tiruchirapalli,Madras,1971,IND-000413,Pudukkottai,Tamil Nadu,1981,FORMED_FROM,,1.00,ACTIVE
567bf3670bc5d396eb66b3f68f1a46a5,3b2c3d5c-5d49-40fc-80ba-7dccdc9d8a3d,,,,,,,,,,,,ACTIVE
bbff5e2dd4bff2edf2b40f1fcd3d05c3,3bd434e2-f114-4cf8-b721-421431b1d084,,,,,,,,,,,,ACTIVE
af42971d7119ed33b505965a10f3fcdd,3c13a119-198e-42ca-a26a-a9b42ccaed0f,IND-000124,Singhbhum,Bihar,1971,IND-000631,Pashchimi Singhbhum,Jharkhand,2001,SPLIT_FROM,,1.00,ACTIVE
eb0df4b36e8ee2129ccb21489608d676,3c56a4b2-5e68-4886-81c3-b132e2008327,IND-000120,Ranchi,Bihar,1981,IND-000491,Gumla,Bihar,1991,FORMED_FROM,,1.00,ACTIVE
4d4e59f4bd2fef9f001ef0129161745f,3c5fa904-8c55-4c58-a937-e6b274382b88,,,,,,,,,,,,ACTIVE
5f6f9cf9df1e5b34058ff92bd677c584,3ca7a802-7e23-478e-8866-73761b13a19e,,,,,,,,,,,,ACTIVE
aac7fdf8f8a968bcccf2ccff83a2c299,3cc208cb-e64b-4159-bc9e-fc3c502848ef,,,,,,,,,,,,ACTIVE
9b4556e1ba5349bf321f98bcf2eb4fb5,3cd06bff-7efe-4ce4-9cbc-2d23c7752771,,,,,,,,,,,,ACTIVE
7608111dfd2987e5c8b756a20ec78438,3cf211dc-5177-499b-8b65-455538abfb29,IND-000044,United Mikir and North Cachar Hills,Assam,1951,IND-000356,Mikir Hills,Assam,1971,FORMED_FROM,,1.00,ACTIVE
6a6a90d866d2b750438ff989f45bc648,3cf83578-c42c-4d53-921e-458e0af5884b,IND-000464,Patiala,Punjab,1991,IND-000535,Fatehgarh Sahib,Punjab,2001,FORMED_FROM,,1.00,ACTIVE
86631e70888097c5f4a71ac0061c19e3,3d37b4d2-4751-4b84-95b9-c2316880a586,,,,,,,,,,,,ACTIVE
04852002c0a796935711df41d065fa1d,3d6fb073-1533-45f2-b062-54897a000018,IND-000107,Gaya,Bihar,1971,IND-000342,Aurangabad,Maharashtra,1981,FORMED_FROM,,1.00,ACTIVE
7e7e29c2afd1ca66aadc6f38bda5d95c,3d9b35b1-c928-4693-9341-628249cfba6e,,,,,,,,,,,,ACTIVE
e08a5482d6cbdb7f1e8d4115fb08300e,3d9d2826-9d0a-414e-8f8f-7d588fe00d23,,,,,,,,,,,,ACTIVE
86b92e2b8b50d46cf8909ec04fb85739,3e57d40a-2e2f-4381-a070-ed90c4a207c3,IND-000338,Anantnag,Jammu and Kashmir,2001,IND-000727,Kulgam,Jammu and Kashmir,2011,FORMED_FROM,,1.00,ACTIVE
2a18196f457282484bc209ceb1501aff,3e7456e2-5e36-4684-887d-c11931d3bb05,,,,,,,,,,,,ACTIVE
c25d62a3e8691ee9ab8e3ed411b67fa5,3e8e12f0-f849-4aed-906f-ef0be8a91fe4,IND-000308,Twenty Four Parganas,West Bengal,1971,IND-000923,North Twenty Four Parganas,West Bengal,2001,FORMED_FROM,,1.00,ACTIVE
f48106f4d9d9bc4ff50e70af728520da,3e92238c-cff7-4d14-8c3f-0754ca3926a2,,,,,,,,,,,,ACTIVE
c993721e43f7d3d17782d908c40116d8,3ea13871-608e-4ceb-af0a-e35e4fb9ce5d,,,,,,,,,,,,ACTIVE
f08fc422a67035a0ee12832adca52def,3ebc0d46-c946-4330-9b7c-635e8c14ba2a,,,,,,,,,,,,ACTIVE
7177be75f2e7db5101ba7c04ed67bf53,3ed7c82d-63d4-4a14-828a-5cf328fee89e,,,,,,,,,,,,ACTIVE
9a931e99f4596c5024a5822d1cb35904,3f229326-7600-4562-97f9-9b23f001cf58,,,,,,,,,,,,ACTIVE
737be906e89d2f592a25c55f18a6c3bd,3f320923-885b-4e80-9a70-12e880296373,,,,,,,,,,,,ACTIVE
01d98872e6b831d26e394be6f95c371f,3f55bdc3-7623-425b-ae2b-4144642f5747,,,,,,,,,,,,ACTIVE
56f17a325340798fe25e79ba45949062,3f70c3cf-a409-4bc5-a9fd-7bd59ad56a06,,,,,,,,,,,,ACTIVE
71d4a01abc1ade2c4756555612220836,3f9d18d9-8c55-4c18-8fdc-f27e544817c9,,,,,,,,,,,,ACTIVE
25467ed3e045110f7b297f0f136dfe09,3fa12b02-0cdb-47ce-972c-729e9a62d587,,,,,,,,,,,,ACTIVE
67367f12668b5fae80927b00356b50e9,3febe5e7-c3ef-495a-8a90-3e5358dd88e5,,,,,,,,,,,,ACTIVE
ddf9f3bc9b768fbf4258f61b047d237d,3ff3c8ef-7e22-47cc-990d-8df660e58821,,,,,,,,,,,,ACTIVE
9827b5d9752712c3613ef4b50f483c09,3ff4c7c4-2899-4b50-a15f-4050c6ac7b32,,,,,,,,,,,,ACTIVE
fc531ca84f18c4b05df07a878e24728c,3ff8efc3-ef04-4576-86b4-8c605b547589,,,,,,,,,,,,ACTIVE
d1014c99c6e19458b274de00729b445f,3ffe1771-be25-4bfd-b3a9-57f1fb682233,,,,,,,,,,,,ACTIVE
ee9fe09ca0e41926b810056b74d7824b,4000c70f-38fc-40d1-83e0-4e13fd907c9a,IND-000387,Hyderabad,Andhra Pradesh,1971,IND-000941,Rangareddy,Andhra Pradesh,2011,FORMED_FROM,,1.00,ACTIVE
d790218254d99dd399eeb0d89ceb2812,400d6263-6b00-41e7-abaa-4f7c8e8392db,,,,,,,,,,,,ACTIVE
79096cbef0ce48000cb87460a2a430dc,40109f59-04aa-44b8-bf90-3fbb5d85c5fb,,,,,,,,,,,,ACTIVE
b31a4af6d25492363311365ab21ead7b,4016faf6-4f77-487a-8899-84bc6e989774,,,,,,,,,,,,ACTIVE
a8da9b877c5e6cd25c71695ab938d050,40230f2d-e948-4117-819f-fc1da38ee531,IND-000096,Junagarh,Saurashtra,1991,IND-000678,Porbandar,Gujarat,2001,FORMED_FROM,,1.00,ACTIVE
f420e28291fb0ec52b93d5efc83c5354,402fb3ef-739f-448d-880e-8ffd10992504,,,,,,,,,,,,ACTIVE
d8701e8d12f4c9412f9d515413cc66dd,404e274e-f244-430c-988b-1ca05920ca54,IND-000201,South Arcot,Madras,1991,IND-000718,Cuddalore,Tamilnadu,2001,FORMED_FROM,,1.00,ACTIVE
019086c7f3ae7d39abb535acd941c148,404ef373-32f0-43a1-a421-77be58292b21,,,,,,,,,,,,ACTIVE
5aee3ab26e0239fefe6f310caf292215,4090b884-3b5f-48c9-9cf7-78ac2aeeb9e0,,,,,,,,,,,,ACTIVE
2b3879e456d67dd4d3c73341709b84a1,40a4b4e4-e827-42aa-a963-4258e7ce67d8,,,,,,,,,,,,ACTIVE
30365f147f749c66e310d4f5a3725472,40cb224c-f815-4d30-b904-b5521d04ba00,IND-000226,Baleshwar,Orissa,1991,IND-000636,Bhadrak,Orissa,2001,FORMED_FROM,,1.00,ACTIVE
067078da979ab0f2b6bbbf960a9087be,40f105aa-9a0f-4318-a74c-eb41094646c0,,,,,,,,,,,,ACTIVE
d2ea8e6469268c0deff7039d9fc8bed8,40fd15ec-05c1-404d-b3d1-dee54a7a585d,,,,,,,,,,,,ACTIVE
d889a2afd554f29de753d892eb9487b9,4107b688-d565-42e4-b638-a62774f62f3c,,,,,,,,,,,,ACTIVE
efd4e722c89af86052fa402a0854d190,4119216f-002e-4eb8-a300-398097694a10,IND-000332,Warangal,Andhra Pradesh,2011,IND-000813,Mahabubabad,Telangana,2021,FORMED_FROM,,1.00,ACTIVE
cfe62780364de13241043ac3b44bee6a,41205bce-8b98-4e48-a6b6-f2b68a6cb07f,,,,,,,,,,,,ACTIVE
0612726c5f3e0ddd4efd8adf0050d6c0,413ae984-036c-4f67-8128-d925464b9b2b,IND-000212,Malabar,Madras,1951,IND-000374,Palakkad,Kerala,1961,SPLIT_FROM,,1.00,ACTIVE
966c8fd98d76798c541a5e3eccdeef8e,413bcc11-50ec-4d53-ad98-f1019d6499b5,IND-000036,Garo Hills,Assam,1961,IND-000394,East Garo Hills,Meghalaya,1981,FORMED_FROM,,1.00,ACTIVE
e316eb191dd1705462709b17aa844d15,4190cfec-24fa-4ed5-a05e-71d48cfc8a42,,,,,,,,,,,,ACTIVE
2c998cdddb38ba0cd57afa0b8f79232b,41a91c34-32c5-4eec-a17c-ae3a6a4c7449,,,,,,,,,,,,ACTIVE
230839ac6cfbc7c3aff8a219bc0c1d98,41d25d9b-6292-485b-8f22-8531e0d850a8,,,,,,,,,,,,ACTIVE
2aeeb2ed31ce52615d856abbf4b7f3b7,41e64655-48ce-4e6d-b222-02f4f3a37a9b,,,,,,,,,,,,ACTIVE
cbfeae45f8236141c6548ff824344234,423f196f-f924-4751-b6fc-d24f4fcb3b95,,,,,,,,,,,,ACTIVE
e3760994fcc50c0972833a277af36898,42641e1b-b424-4468-829d-ea4d2a47d59c,,,,,,,,,,,,ACTIVE
a9817c284ee08ddaa22c352ae4629df1,427ac992-33fc-4b84-9f9e-853a55ef9a76,,,,,,,,,,,,ACTIVE
368ab1425cfab35cac9982f6d917f1cf,42b263e3-caa2-4dfc-a767-8c862726ea99,IND-000347,Manipur Central,Manipur,1971,IND-000871,Tengnoupal,Manipur,2021,FORMED_FROM,,1.00,ACTIVE
2bd3356a8454d840b660b5ec6796be1d,42de457c-7541-4e1b-971a-3b07a5e40d35,IND-000680,Kheda,Gujarat,1991,IND-000679,Anand,Gujarat,2001,FORMED_FROM,,1.00,ACTIVE
790bbc73d8f965d8ffb23ba4a79c071c,432422cf-43f9-43e1-8a27-a3337e2b664f,IND-000341,Tuensang,Nagaland,2001,IND-000751,Kiphire,Nagaland,2011,FORMED_FROM,,1.00,ACTIVE
4b85f70f64259bec5d3fcc1a655e989b,43357cbe-9dda-4899-b25d-c082879896f3,,,,,,,,,,,,ACTIVE
2983cf72156b065d4e87d7ab1b343013,435d3122-5b8c-41f1-8d87-881f1ea414aa,,,,,,,,,,,,ACTIVE
d6465943aa53dbb51e8d513b6d48d0ee,4365457f-d963-4f6c-8632-d271f625ea42,,,,,,,,,,,,ACTIVE
26fc8359e977ac8ab3108118ee87788b,439f0ac2-23fc-412d-94f9-f4cf19ac981f,IND-000329,Diu,"Goa, Daman and Diu",1971,IND-000708,North Goa,Goa,1991,SPLIT_FROM,,1.00,ACTIVE
2e8488537b7b3e9f32e05758b01986e3,43eed979-4ade-4701-b58f-17bc7ec9b6ed,IND-000305,Medinipur,West Bengal,2001,IND-000760,Purba Medinipur,West Bengal,2011,SPLIT_FROM,,1.00,ACTIVE
184ecccd0a59ccd93b567cb8a88bfe49,43ef7352-40a4-4285-bdd4-0000c5a3b809,,,,,,,,,,,,ACTIVE
ef4031744eb4cdc33bb02567721456e7,43f5b7fe-a077-45ef-a240-5a7977ecc03d,,,,,,,,,,,,ACTIVE
450bad5ec48be3bb6754d04ec0512001,440e6086-4e3d-47d1-946d-d241dca55a14,,,,,,,,,,,,ACTIVE
cfe7451f046191caaf91c640be3ad6d3,441a2429-56eb-4d02-ac5d-e8221f98dfc1,IND-000414,Madurai,Tamil Nadu,1981,IND-000919,Dindigul Anna,Tamil Nadu,1991,FORMED_FROM,,1.00,ACTIVE
47ca26dda321e360ee4edb785d6d4d12,44212bcc-ec3e-4d50-a645-35a9d3fdd772,IND-000656,,,,IND-000655,Kawardha,Chhattisgarh,2001,FORMED_FROM,,1.00,ACTIVE
ae7c7a2174007438b87c8113ce40d746,44258886-c003-46ab-916e-ff8965129137,IND-000811,,,,IND-000807,Jagitial,Telangana,2021,FORMED_FROM,,1.00,ACTIVE
7af3dd35bbeba7e3a3e4b073e80ff33f,449aa272-760e-4495-9364-d995ecc09410,,,,,,,,,,,,ACTIVE
749c79a00e77912ecc4bf575434a55d3,44a1a0d5-40ba-4340-9606-5d9952312de0,,,,,,,,,,,,ACTIVE
4b99a41a326a49b132bf3a2805ae615f,44e63bba-1bd2-4e57-b5d2-94c84b29db43,IND-000141,Sikkim,Sikkim,1961,IND-000939,East District,Sikkim,2011,SPLIT_FROM,,1.00,ACTIVE
07297252c5c7b951ce8ba5618e4d4996,4525acb4-ace5-4501-9916-f70405f0331f,,,,,,,,,,,,ACTIVE
05603acef42c2cdfc5e2ab81579db2f2,455f04b6-cb6a-44aa-904a-d3af38158a53,,,,,,,,,,,,ACTIVE
d0d5998708a821a03eaad9127336e49c,45690733-4782-4bcc-9835-086319c7cab9,,,,,,,,,,,,ACTIVE
ede42f40c5556e229e3aa969e604459d,457159e7-77d0-46f6-baad-67962f60c357,IND-000246,Jalandhar,Punjab,1991,IND-000534,Nawanshahr,Punjab,2001,FORMED_FROM,,1.00,ACTIVE
cb08c7bfccef78d0f94b5c784e76a032,45b5997f-6624-4945-91b0-b2e6ea107ae1,IND-000347,Manipur Central,Manipur,1971,IND-000504,Bishnupur,Manipur,1991,SPLIT_FROM,,1.00,ACTIVE
a831e1479c3afd851d03bc0d457af384,45b8cc82-4365-4e3f-aded-6ca1655478b0,,,,,,,,,,,,ACTIVE
d5b6acef29f24206f3f9125b5493a1ee,45c4d704-c84b-42bd-b052-074809c0e138,IND-000407,West Siang,Arunachal Pradesh,2011,IND-000952,Shi Yomi,Arunachal Pradesh,2021,FORMED_FROM,,1.00,ACTIVE
3d7c72e497609420ea5c04cb3aef690e,46115908-bd46-4813-b9f2-cdd5a99bf837,,,,,,,,,,,,ACTIVE
54582c8fd2a3d414ad15a4c5dc11578c,465516b2-691c-472c-b63f-b3725de6a398,IND-000823,,,,IND-000827,Vikarabad,Telangana,2021,FORMED_FROM,,1.00,ACTIVE
c599090fcc1d6fc4a0b5d5144e6690a9,466bf67d-da5b-4a3a-a345-519fc2f1b766,,,,,,,,,,,,ACTIVE
5dd33649ed7e0bc2c4e9e175e646fc27,46e224f0-11c9-477c-abc2-22bbd4b26529,,,,,,,,,,,,ACTIVE
d1898986f71539fd6bca5d89fbf7a06a,46e652fb-c03e-4a89-b681-61e2d4d9c41e,,,,,,,,,,,,ACTIVE
60012fcd059780b87c93b4f5e7e96bc5,47264928-e1c1-4185-bf94-b77e44cca16c,,,,,,,,,,,,ACTIVE
8a69cbfa624214dc0aa6d3f3a2455085,474f1589-af74-4e96-aea8-d4e8b65b739e,IND-000329,Diu,"Goa, Daman and Diu",1971,IND-000709,South Goa,Goa,1991,FORMED_FROM,,1.00,ACTIVE
04d838b638de49561dfa1262baf13156,477290ef-6700-4d31-a677-a35dc3063c24,IND-000657,Raipur,Chhattisgarh,2011,IND-000901,Gariaband,Chhattisgarh,2021,FORMED_FROM,,1.00,ACTIVE
3632536942b03e69a626aeb8b00ebec2,479bd657-df2b-4395-8dc0-c602a84d10da,,,,,,,,,,,,ACTIVE
b3fef2ee9f95d21f5358cb2e6a6bba61,47b3f7cc-6c30-4fbe-aca8-4f59d8d4a9d9,,,,,,,,,,,,ACTIVE
0fefc9d62f586f699f50c282c32d7ca1,47de039d-e8fc-46c1-bba5-4df12827e806,IND-000264,Moradabad,Uttar Pradesh,1991,IND-000566,Jyotiba Phule Nagar,Uttar Pradesh,2001,FORMED_FROM,,1.00,ACTIVE
5ad4d7007fd0c9bd6e77fc3e81fa1e39,47ee0c88-38cc-41b7-b7a6-c3dfe3ef6f05,,,,,,,,,,,,ACTIVE
80b23c32c4afb154ffb7a455dc001f81,47f490b7-edfe-47e3-b79a-a88564962c03,,,,,,,,,,,,ACTIVE
f867a693a65bd668e724e51bc016ddc4,482b0338-70c1-4ea4-aada-42ec5e79465d,IND-000353,West Tripura,Tripura,2011,IND-000856,Khowai,Tripura,2021,FORMED_FROM,,1.00,ACTIVE
150030462ca7ea4ae2140a56e7975ac2,4876e23d-1940-4b06-83f9-f72b199772cf,IND-000318,Mokokchung,Nagaland,1971,IND-000401,Wokha,Nagaland,1981,FORMED_FROM,,1.00,ACTIVE
63f6d264778fb1b67e9b5c4ddf8544bf,48845d8a-0953-4740-8592-900b36a839c9,,,,,,,,,,,,ACTIVE
d7fbc760219385ea37b7e273b52c6b72,489461c1-715c-4dab-b350-dd8a1d2c6ea7,,,,,,,,,,,,ACTIVE
76d2f3419cf8274538d3f29ff0a4368a,48a812b1-0633-495d-9458-05f9abfea779,,,,,,,,,,,,ACTIVE
5313f8b4658b4453d970a42a23caa297,48c75aed-2adf-488d-b86d-bb5d1c6562aa,IND-000512,Balangir,Orissa,1991,IND-000645,Sonapur,Orissa,2001,FORMED_FROM,,1.00,ACTIVE
aa9c82e362fd61616b0efc96f3f84222,48f281a4-3462-44f0-9f50-1870a4ea8148,,,,,,,,,,,,ACTIVE
8a23cd87f354c40ee1e293d272b73715,491cebb5-871a-49f7-a630-88194f7a9b24,IND-000793,Kancheepuram,Tamil Nadu,2011,IND-000895,Chengalpattu,Tamil Nadu,2021,FORMED_FROM,,1.00,ACTIVE
82efa5d0eeec47af33cfdb6e9b6d2608,4934b3f5-156f-4c91-852c-f5f768891c63,IND-000245,Hoshiarpur,Punjab,1991,IND-000535,Fatehgarh Sahib,Punjab,2001,FORMED_FROM,,1.00,ACTIVE
e74c0889dd8c6438cda9faba6abd354b,49663937-bc7f-499b-9eea-ee7ae41b5aa5,IND-000698,Raichur,Karnataka,1981,IND-000699,Koppal,Karnataka,2001,FORMED_FROM,,1.00,ACTIVE
760b97c219d73636ac33e71521ec1598,496a8ea6-09ac-4325-ad60-79dbe9dd1c70,,,,,,,,,,,,ACTIVE
59fef7523b0a4fcbbf131fdad71f1363,49dce1ce-8bf4-4495-aacc-f14d46d651c5,IND-000036,Garo Hills,Assam,1961,IND-000395,West Garo Hills,Meghalaya,1981,SPLIT_FROM,,1.00,ACTIVE
feb26ad7bf81c01e96be618586c0269b,4a23d6f8-2e99-4408-b7d4-68c2d2c89057,IND-000344,Senapati,Manipur,2011,IND-000870,Kangpokpi,Manipur,2021,FORMED_FROM,,1.00,ACTIVE
e528c3decf3893504e0addb3788822d7,4a7c22c1-bf1e-47db-a20d-fdba2fcad1e9,IND-000112,Darbhanga,Bihar,1971,IND-000442,Samastipur,Bihar,1981,FORMED_FROM,,1.00,ACTIVE
7599f32f95b54e49e324fef69db895c9,4a958d25-3b28-45fc-bc4e-0a236fb23ae5,,,,,,,,,,,,ACTIVE
179026aeb4847d4a81264d1eca0ac862,4a96dfdc-5221-4f02-be27-bc62b9cd48a7,IND-000141,Sikkim,Sikkim,1961,IND-000938,South District,Sikkim,2011,SPLIT_FROM,,1.00,ACTIVE
cc4c987881088ae58901b3249cfdea0d,4ab765cb-9e98-4b2a-ae0d-3c3a4fe72732,,,,,,,,,,,,ACTIVE
b2956ba1663a99788ff20e58ad1fcbf0,4bb09585-bdac-4579-97a9-a32e3d944ba5,,,,,,,,,,,,ACTIVE
d849a8b4b526a4f2ee311f22d7d4151f,4be3e659-a88b-4125-8c4c-d76fde9f871e,,,,,,,,,,,,ACTIVE
128b08d33d4bdd7a86c1b05186c6b5c4,4bf51cab-6cb3-4afb-85bf-5035eef06c80,,,,,,,,,,,,ACTIVE
6c8f5c1d526575c76ea067afae571b13,4c024612-3d01-43a3-87be-9b87f1c826b8,IND-000795,,,,IND-000801,Tiruppur,Tamil Nadu,2011,FORMED_FROM,,1.00,ACTIVE
360c36568be500779652d9c94f609e26,4c024a57-e32a-43cb-9db7-74864e9fb20c,,,,,,,,,,,,ACTIVE
3db531dbdd2885a630b3218b7a16e2fe,4c6e8731-6a51-4592-b6fa-a9ae94538d6f,,,,,,,,,,,,ACTIVE
ddb13b89b201caf50e52ca13086875f2,4c8d3125-3bfa-4286-ae08-92efa90950d0,,,,,,,,,,,,ACTIVE
6b308de63e1f50046f137f63f72022b1,4ca5a8a5-e96e-41a0-a4ca-489d69c3c343,,,,,,,,,,,,ACTIVE
a31afb8ea547f6097576a3c70619857f,4ccea326-cb28-4a50-9794-b8c2dfafd488,,,,,,,,,,,,ACTIVE
b9f4e4a0c917058e522f84a975b880c9,4ce17bec-827c-4399-a6ac-2a783e52bcc9,,,,,,,,,,,,ACTIVE
594a12d4231990c09ba6c35a0183c63c,4cf3359b-b184-448d-9d1b-96764a8284cc,IND-000612,Champhai,Mizoram,2011,IND-000897,Khawzawl,Mizoram,2021,FORMED_FROM,,1.00,ACTIVE
bf339e9b2d52f11dc1da5f622388aa6a,4cf57b69-24ad-42a0-a126-299ab121e7f4,,,,,,,,,,,,ACTIVE
8c9602b92de74706192beadff260cac0,4d102134-8e97-4d97-b6e9-da2ca78788a6,IND-000184,Sagar,Madhya Pradesh,1951,IND-000321,Damoh,Madhya Pradesh,1961,FORMED_FROM,,1.00,ACTIVE
a072f15393b5eb9c6cfbc9865b762ee3,4d324947-c272-4257-8de7-98459d1c0740,IND-000466,Mahendragarh,Haryana,1981,IND-000468,Rewari,Haryana,1991,FORMED_FROM,,1.00,ACTIVE
54265ac63a8ea70e631aac1425a52235,4d572911-f361-44e3-8748-985f89b06f12,,,,,,,,,,,,ACTIVE
fb9861a1c443556120e48a792c1af335,4d63c4a4-e42e-4e5c-8cf9-cfbe11bf7b37,,,,,,,,,,,,ACTIVE
f12c41dd451f50927c2689e4acc5968f,4d6e9ced-77ce-4e5a-8904-7621e4eaf7c6,,,,,,,,,,,,ACTIVE
f93539fd1540a960e6221b4813407dbd,4d740ed6-befa-4062-95fd-9590a7a32329,,,,,,,,,,,,ACTIVE
a9f50c1f43fb68ed7339e80c2e43b97b,4dc450cb-cde8-4222-9d11-7c2e1b7ee2b7,,,,,,,,,,,,ACTIVE
d7e7cd9f40a50b54abc9140bf6bfd419,4df8d7e7-a9d0-4259-9868-d5dfe343ce4b,IND-000290,Rae Bareli,Uttar Pradesh,2001,IND-000852,Amethi,Uttar Pradesh,2021,SPLIT_FROM,,1.00,ACTIVE
b234f8000b165ab73516664403528b63,4e3a0965-3826-4f8b-81ad-06d660a7e97a,IND-000131,Tripura,Tripura,1961,IND-000353,West Tripura,Tripura,1971,FORMED_FROM,,1.00,ACTIVE
a3f9454a637915275a984e18f8a25452,4e798adc-7cd3-418f-9d46-f89c23d8aa45,,,,,,,,,,,,ACTIVE
93c7ff88ea06364c6cb941436db6f0ab,4e83cc20-0e51-4d7d-829c-c263a9298cf5,,,,,,,,,,,,ACTIVE
f49de75051570ffe75e47a57bf27378d,4ed08270-3099-4771-a4f4-7e35000f1faf,IND-000327,Surat,Gujarat,2001,IND-000780,Tapi,Gujarat,2011,FORMED_FROM,,1.00,ACTIVE
48c4b39549d492a06ef1d4d0ae490f30,4ee825ca-86b6-4852-9b9a-e02703f46d8e,IND-000179,Chandrapur,Madhya Pradesh,1981,IND-000514,Gadchiroli,Maharashtra,1991,FORMED_FROM,,1.00,ACTIVE
d885e0ac12ac4dbdb0e7ca4ea2fd5107,4eff639d-9b0f-46b1-90a0-6253a1d77112,IND-000187,Nimar,Madhya Pradesh,1951,IND-000672,Khandwa,Madhya Pradesh,1961,SPLIT_FROM,,1.00,ACTIVE
f1178daeeb2df85f5cc3e5a8190c6be7,4f2a5901-19f6-47a6-ac6f-e5ca2a231fef,,,,,,,,,,,,ACTIVE
26a31441639294add3366be135a9a24f,4f37734f-4cbb-48a6-bc49-967847dab68b,,,,,,,,,,,,ACTIVE
ae14748c3003472c7a495bd07dd203e1,4f95b1a1-9e31-433e-9f1c-2ba314fc798f,IND-000622,Palamu,Jharkhand,2001,IND-000761,Latehar,Jharkhand,2011,FORMED_FROM,,1.00,ACTIVE
c97c6802a6521b086ce68a5d49b5ba29,4fbabb3f-8727-45b5-aae7-e12e9816c0d7,,,,,,,,,,,,ACTIVE
5dfa75301d09576cbba473009cfb7a33,4fd0433b-dcd9-4316-8d2e-df2959e11172,,,,,,,,,,,,ACTIVE
4611de60092231b770e69e9d12ceb5c9,4fd6b9a7-8c48-4c28-b0c1-5d8d5bff7773,,,,,,,,,,,,ACTIVE
d08b6796669b9e048cba8e013078b294,4fe0f5c4-b4bc-4c0e-ab38-3a3d5cc9495c,IND-000130,Manipur,Manipur,1961,IND-000344,Manipur North,Manipur,1971,SPLIT_FROM,,1.00,ACTIVE
39e08aa935c5e74afcedc4f2b3cee552,501f2a1e-d3f6-484d-825b-ddbb5c326fde,,,,,,,,,,,,ACTIVE
ad9f25ada2db97eb22c5615f443f42c0,5032cea0-9932-45a3-8379-77d90f08602e,,,,,,,,,,,,ACTIVE
986c1bd188312e0ddf3dc10f0ddc238f,505b2804-0b1c-465c-a373-7bf8504355d6,,,,,,,,,,,,ACTIVE
e3fe5c0e2da75ad13314a8cd5a75da0e,5117542b-8615-40ba-8d62-875963d86cd2,,,,,,,,,,,,ACTIVE
236855e224fc856991def30a492bbc11,514470f7-ab66-495c-98e5-28ade8b8e4f3,IND-000811,,,,IND-000816,Medak,Telangana,2021,FORMED_FROM,,1.00,ACTIVE
20a16f6c8ff5887fefb3c908c2efaa00,51bb6a04-3815-4dbc-8ecd-01abbc43b3a4,,,,,,,,,,,,ACTIVE
4e4a680a14a2728a8bfa28a08af16234,5209c254-6ece-467c-9d62-ed5280c6fde1,,,,,,,,,,,,ACTIVE
d83dda3c1897bd749278a9c7dc8b68f6,521119dd-cd13-41f9-a8ac-ca475edd569a,,,,,,,,,,,,ACTIVE
c3a8a86a507b0d6fcf51c2478faddcc0,52559a6d-eab5-4d66-a7e9-cec61b54f418,,,,,,,,,,,,ACTIVE
4896861b5bfdbc260e84b966c7a10444,527c3d19-6d72-4e5c-80e5-fd419fcf721f,,,,,,,,,,,,ACTIVE
5f147f79efca4a9e550e58502c56131e,5304cdeb-e515-440b-90c8-8850f7b3cdbb,IND-000116,Delhi,Delhi,1991,IND-000555,East,Delhi,2001,SPLIT_FROM,,1.00,ACTIVE
a12acd4f8e83544c12f5576f6c41e0f3,53a35d76-ef6e-469e-bc31-0b1ec6944f2c,,,,,,,,,,,,ACTIVE
9e93462d5921c4650308a9360c4e8251,53b84933-4c83-4ef4-b896-448c5e73e81e,IND-000143,Jammu and Kashmir,Jammu and Kashmir,1951,IND-000338,Anantnag,Jammu and Kashmir,1961,SPLIT_FROM,,1.00,ACTIVE
b96fab38234df42d176669672e69d658,53f668e4-e240-4f88-aa58-fe1b5c80febe,,,,,,,,,,,,ACTIVE
b1c9870684c404d9e0c5a91b95a916ad,5428b26f-3afa-4936-a4b0-ae7b8c20f833,,,,,,,,,,,,ACTIVE
3efec6b48cceda4d811ee0aa1230b445,5431509e-8a46-48fc-8fa0-932184d4a267,,,,,,,,,,,,ACTIVE
44f9b85a71aa374dabf1d18c34413f02,54317bcd-8f2d-48f9-9dba-73aaa95974e6,,,,,,,,,,,,ACTIVE
c599d3f52524d937cb98203fa3392066,544539b9-d82a-49ea-87c2-37369b31cb33,,,,,,,,,,,,ACTIVE
a4ef7520bc6701181814d39f1a8ae124,5446aed2-0222-465f-94b7-572a72731bbc,,,,,,,,,,,,ACTIVE
40e5ec64a39c12e397bd7fc376b716d6,54753d13-10a8-49b4-88b7-64e9ae2868e4,,,,,,,,,,,,ACTIVE
daa719af6ea6e7515d16b4ef25538d3f,54a5545c-efbb-4492-84a1-4b9cb40e17af,,,,,,,,,,,,ACTIVE
e2b64e3b8d4dddfe9d689042552f8c72,54ff2c22-1279-4d45-a73a-477f3118b1e1,,,,,,,,,,,,ACTIVE
8e7be62d92890e258199ab385ef35111,552c57fc-62d6-458a-b8c5-17225c8330d8,,,,,,,,,,,,ACTIVE
d1eeb065ac237ab1b1481e5f3acc7661,553e0c01-7ad1-4846-bc7e-6eac3856a350,IND-000144,Greater Bombay,Bombay,1981,IND-000695,Mumbai,Maharashtra,2001,FORMED_FROM,,1.00,ACTIVE
4a20c9cb37683de743b05ac3bf832f99,5596f20b-e540-4840-9ae6-46d008bb0149,IND-000584,Varanasi,Uttar Pradesh,1981,IND-000583,Chandauli,Uttar Pradesh,2001,FORMED_FROM,,1.00,ACTIVE
7813908a174dd8e9b4e7c2c95cc2c51b,55da71cf-1d51-4942-b0c4-36c92302cfa0,,,,,,,,,,,,ACTIVE
3d44cc373aab9ce490f3a38f78964b8b,5610806f-66c5-4233-9a6d-2010c06d8cb8,,,,,,,,,,,,ACTIVE
d9d3f4b45b0922833b7de92a135ecf5b,56255e30-9403-450b-abc8-63079b8aa889,,,,,,,,,,,,ACTIVE
dab42136ac5f2e42b13ad7db78cbf89f,565b2b50-44f3-4189-99ba-725df12ab2cd,,,,,,,,,,,,ACTIVE
f32bbfd9c4d78156d36afbdf79ed0571,56771df5-2db6-4a9e-9b74-fbbabb4bcb99,,,,,,,,,,,,ACTIVE
be7bbd3109ae7ea3cd054453981524a6,567925b2-39be-42c0-b2aa-e73f017255bd,,,,,,,,,,,,ACTIVE
bbbd5fea35227b9055487ecf56782ccf,5683bf92-3d90-4d68-978e-8387bc498e05,,,,,,,,,,,,ACTIVE
5430eb0045d4d1a4f67ac9a646744b65,5687e441-0615-4e9f-b165-c08e75e4f320,,,,,,,,,,,,ACTIVE
05f5be0e509ae3c39f80cb162ced230c,56a096b1-e880-48a5-8aeb-716b1fc7e79e,IND-000358,Muzaffarpur,Bihar,1971,IND-000439,Sitamarhi,Bihar,1981,FORMED_FROM,,1.00,ACTIVE
ad002a2efde252261cc9aeec0ede15d1,56b1f4f9-5bc1-4082-bf67-65903c6fac37,IND-000227,Puri,Orissa,1991,IND-000642,Khordha,Orissa,2001,FORMED_FROM,,1.00,ACTIVE
7f0cba90fac23d5ab47458c972e627ff,5762e073-6c12-47f6-a6f6-773052f0ef43,,,,,,,,,,,,ACTIVE
ed41b80e049fb72ec45d0b8673e62337,57ae5a75-a83f-460a-b9b5-bb3fe698d7d3,,,,,,,,,,,,ACTIVE
bcc1043c39ab9546271ee538a6ab6157,57fb5dca-0043-4974-8a74-fbff467fe4e0,,,,,,,,,,,,ACTIVE
22ba5794a0211c67e43f90ab35ba6f0f,582be224-5352-47f5-9689-1ba4c98cdf3f,,,,,,,,,,,,ACTIVE
b6355c65e827bccdc6fc79c60b5d9f6f,584c88f9-c84d-4042-b181-90231d5a7513,IND-000212,Malabar,Madras,1951,IND-000372,Kannur,Kerala,1961,SPLIT_FROM,,1.00,ACTIVE
a6df028aa78af226c342b2337399c1f8,585f494a-09a0-4df0-bc5c-56a0d4e32db6,,,,,,,,,,,,ACTIVE
ac39f73da76612f1d631244a3eedb311,5867ba3e-2ee5-48ad-b161-4f9dd52c4af9,IND-000814,,,,IND-000817,Nagarkurnool,Telangana,2021,FORMED_FROM,,1.00,ACTIVE
504b1af0e253614f4222a144f0f6838c,58862bf8-bda8-4706-aae1-90c49c0b6c61,,,,,,,,,,,,ACTIVE
488c4eaf9d2fc5aafd23cf834f9d60ab,588c9130-8e0e-4547-b313-47dbdb16574f,IND-000818,,,,IND-000826,Suryapet,Telangana,2021,FORMED_FROM,,1.00,ACTIVE
976b51c3067ccf267eb48268b6014b84,58b30421-212a-4c25-91e9-f3c04eed52c7,,,,,,,,,,,,ACTIVE
09b30bc1b47492d9704dac56670b7eac,58e531dd-043a-4475-85fd-1cdf2d3e30fa,IND-000070,Bharatpur,Rajasthan,1981,IND-000920,Dhaulpur,Rajasthan,2001,FORMED_FROM,,1.00,ACTIVE
df76046af0570ea5b0192c347370c106,58f12274-e1d7-446c-9b87-be8837adc5ae,IND-000305,Medinipur,West Bengal,2001,IND-000759,Paschim Medinipur,West Bengal,2011,FORMED_FROM,,1.00,ACTIVE
14aca4894a2252519d22a441dffd07cd,58f72654-8b51-4161-8583-5d86a1ba6d61,,,,,,,,,,,,ACTIVE
7888c0acabfd2f4f876767d5c7bb8987,590c8002-573f-4281-83aa-c70fa50b5532,,,,,,,,,,,,ACTIVE
81ae7ff29977a4a326d4a24fb56b6e89,591739cf-4c21-49e8-b786-1309e2628257,IND-000560,South,Delhi,2011,IND-000858,South East,Delhi,2021,FORMED_FROM,,1.00,ACTIVE
b18f49baa4de824d7089414bfea286e7,5937f02d-3408-4008-86a1-dfc073deaa79,,,,,,,,,,,,ACTIVE
0e6a7d6f8415a33594406ac7bfc0cec3,5941fc41-29dd-4915-b3f9-2a0c6de882d6,IND-000143,Jammu and Kashmir,Jammu and Kashmir,1951,IND-000317,Jammu,Jammu and Kashmir,1961,FORMED_FROM,,1.00,ACTIVE
f12b750fa6207140c336e9b508782932,59434f8a-9cee-4840-9f0d-7b9be565b6cd,,,,,,,,,,,,ACTIVE
77de175fda841c0a0ed073ee9f5d0733,598013ec-a2aa-4bce-a030-bcf69205221c,IND-000131,Tripura,Tripura,1961,IND-000354,North Tripura,Tripura,1971,FORMED_FROM,,1.00,ACTIVE
3c3f99d1b8e3acdb3d4117dee7b37384,59c0ebfd-dd48-425f-987a-70f6448ba177,,,,,,,,,,,,ACTIVE
dd6d948e25cb722871fbcf58728c1540,5a0bb03a-aa97-44ac-b476-d4c7c2e40551,,,,,,,,,,,,ACTIVE
60d9603aee40933e2f453499cb92b68a,5a0c0a17-2b7a-4145-9b71-83ed8c14471f,,,,,,,,,,,,ACTIVE
bdfcee107b9f4bb6fef101962facefb0,5a226355-b406-4cf2-97b3-8b008fae6fbf,IND-000601,Lower Subansiri,Arunachal Pradesh,2011,IND-000890,Kamle,Arunachal Pradesh,2021,FORMED_FROM,,1.00,ACTIVE
977241f61b599713e64a3ebce1fe46f8,5a26011d-c83e-4e00-af8e-05d805838566,,,,,,,,,,,,ACTIVE
3042b399d5f2068f9d8679779be25784,5a557b91-dfb4-4d85-b0b7-27dd839bc4e9,IND-000657,,,,IND-000659,Dhamtari,Chhattisgarh,2001,FORMED_FROM,,1.00,ACTIVE
f848e277a23388abe9e62c63bef55886,5a91988b-7ad6-4e66-8595-306c195cd3e5,IND-000650,Surguja,Chhattisgarh,2011,IND-000578,Balrampur,Uttar Pradesh,2021,FORMED_FROM,,1.00,ACTIVE
49f68af230e27bcb0cb06fcea1fa6f99,5aae53d3-2827-4489-a574-5b51c7d3b9b0,,,,,,,,,,,,ACTIVE
ba2bbc250f7040d508f889e18f817223,5acd6040-f1a2-4b39-94ec-b89d5bc809c4,,,,,,,,,,,,ACTIVE
917a31c60529c9d9fea14bc866e2593d,5acff2ac-ec5a-461c-b808-11df9d11da47,,,,,,,,,,,,ACTIVE
63550a6f9ada62a9ad7bdd94d96b59fd,5ae48b86-8485-41eb-a35d-eae42ac300b2,,,,,,,,,,,,ACTIVE
f64f376bc4f258b8d1e7029ae4a825e6,5b18c5e3-a1d9-4c58-a78e-2cd3db65f705,,,,,,,,,,,,ACTIVE
f3b36f2b3b4a4aa26afe32525e96ddd2,5bbec809-15c8-49eb-9c40-39c1b6f86bf9,,,,,,,,,,,,ACTIVE
d48edc74710a91cf9ce93640423eed1e,5bd785d4-da82-4108-8bbd-174fd6f94102,,,,,,,,,,,,ACTIVE
20e8858ae89226438a07abf24d261406,5bf03f85-6e9c-4e00-8faa-135881ff1c8d,,,,,,,,,,,,ACTIVE
23d0ff6b72903eb32e5e49faff31b9f4,5bf1ab0f-1320-427e-a469-8ff5554a0f38,IND-000346,Churachandpur,Manipur,2011,IND-000873,Pherzawl,Manipur,2021,FORMED_FROM,,1.00,ACTIVE
e6293360d6cdab5630fea18a716635c1,5bfb361d-0a36-4e42-bded-05d9b50046c4,IND-000360,Hazaribag,Bihar,1991,IND-000624,Kodarma,Jharkhand,2001,SPLIT_FROM,,1.00,ACTIVE
24fb2599e284421dae4bb8b9e2da530c,5c1d5d79-0a04-4ac2-b183-1f77ef9e588d,,,,,,,,,,,,ACTIVE
95dae14724eb2b12aa8f39dc3a020451,5c1ee99e-d77f-4e72-9b13-6ae2101c8212,,,,,,,,,,,,ACTIVE
b82704aa54718e1a65f89cd2743a9c5f,5c56441d-425f-48f4-b1cc-8b89b5c0f897,,,,,,,,,,,,ACTIVE
8abedb5dcc67cc1d7578e4a0aead28d9,5c614fe1-696f-408e-a69c-e5bdb8baa75d,IND-000020,Darrang,Assam,2001,IND-000758,Udalguri,Assam,2011,FORMED_FROM,,1.00,ACTIVE
9586df7e20385d4d4df16843c307c7b1,5c7ecfa6-b175-4c68-976f-fd0a41c5a1d8,,,,,,,,,,,,ACTIVE
7dbdad75f30afce45dedc84eb4446e0a,5c80a317-8eee-4746-b29a-67976879923c,,,,,,,,,,,,ACTIVE
ca12e834575421d45cfd5cab290ff66c,5cc3732f-1f48-4d86-90c4-d0bcd4a96116,,,,,,,,,,,,ACTIVE
c583e59a591e2d94ca740d6aed371114,5cc510d3-75c5-43b6-a8b4-2e5e47d3f207,,,,,,,,,,,,ACTIVE
8a9b2a932a1ea994048cd1279802b36a,5cd38491-3b84-429c-8647-fb8a4b2b5e33,,,,,,,,,,,,ACTIVE
4c6f484a87413580f4c475ec258f62b1,5d1e0ec0-6c8d-4872-a956-613795d87b74,,,,,,,,,,,,ACTIVE
da82b45a575c5b161a14afbceeb290b6,5d819867-7a0f-4517-a3be-7bd279ff5956,IND-000484,Nainital,Uttar_pradesh,1991,IND-000547,Udham Singh Nagar,Uttranchal,2001,FORMED_FROM,,1.00,ACTIVE
b8fedb89f891dda20d9b665e1536763a,5d8aacb7-0b80-4da4-a7d5-b0a6e47e6d19,,,,,,,,,,,,ACTIVE
33aaa974a813bb0128ba55fb3b03065d,5d997bad-38d1-41e6-be8f-fcc331848b81,,,,,,,,,,,,ACTIVE
5cf34aa9585e102ef0ea420bce4cac68,5da46199-6375-437b-ae3a-fd451539069d,IND-000335,Kozhikode,Kerala,1961,IND-000373,Malappuram,Kerala,1971,FORMED_FROM,,1.00,ACTIVE
bfb0af1dbe71bbd2845ba24203024ae5,5dadff71-f64a-495b-a3ec-9573beb44db6,,,,,,,,,,,,ACTIVE
5d0436a4915cac0f4a4f985550507c0d,5e06a7e3-0acb-44f3-9f9a-7b05423df716,,,,,,,,,,,,ACTIVE
afad52a3dadbbb3ed29ba859ad0dd78c,5e625307-c768-40f5-ade1-99d15935e89b,,,,,,,,,,,,ACTIVE
f6400627067e32ea1e0e1e2f3f84ac30,5ed46932-200a-4d2c-9844-1c04b3617d55,,,,,,,,,,,,ACTIVE
712307e91f8600e597a74a89e9c16f72,5ee78df3-d82e-49ce-9fb7-30b2f8dc71de,,,,,,,,,,,,ACTIVE
afe8b0189b46b5fc026c4e9baa74df85,5f01ec20-1655-4ac2-b282-c909aa100cf0,IND-000759,Paschim Medinipur,West Bengal,2011,IND-000876,Jhargram,West Bengal,2021,FORMED_FROM,,1.00,ACTIVE
4291512cff47918bf68b5d4ebe720fe6,5f17cab2-4d07-4546-b7e0-03574743b9f0,IND-000555,East,Delhi,2011,IND-000857,Shahdara,Delhi,2021,FORMED_FROM,,1.00,ACTIVE
4a71e744c85ff8879c1f569f4984f650,5f47b35e-97e5-4e12-898b-3c3c1ceff2a7,IND-000363,Ambala,Haryana,1981,IND-000469,Yamunanagar,Haryana,1991,FORMED_FROM,,1.00,ACTIVE
5163be8f57791768c47dc1d4760074c6,5f6308cf-31d8-4324-9ba0-17fa27c38053,,,,,,,,,,,,ACTIVE
b9349e3c52fce9db170cc0261db75cae,5f9d355b-bb16-403f-ba23-0231f0064bbd,,,,,,,,,,,,ACTIVE
5a7ab50a944f5d1d394067a902eea637,5fce86e9-74ac-40d9-bc47-65be9d95bec2,,,,,,,,,,,,ACTIVE
6051a36c38b375b5c0fc71099128e1af,5febd270-6a08-4537-97ed-09d27a6e7e93,,,,,,,,,,,,ACTIVE
112b883a05d3b8911cbe5d38326d7d15,600bb778-73bd-4163-a33d-c917afceb309,,,,,,,,,,,,ACTIVE
84a3f42c7243b357d79fc9bfde598d8c,60304913-f813-4e77-8cb8-322307509d90,,,,,,,,,,,,ACTIVE
2e3a28c9233c39f38e6050932d3338b1,604e1366-3b54-4341-b430-68e44e145c06,,,,,,,,,,,,ACTIVE
65e58b818b662e3fbad3d910610ab1f9,60567416-0ec4-449a-9145-1e34d10cd639,IND-000130,Manipur,Manipur,1961,IND-000348,Manipur East,Manipur,1971,SPLIT_FROM,,1.00,ACTIVE
446b35c0d93cc2f567b4e5a1a25f6194,605ae0dd-d11b-46a3-a2b2-36210d282eac,,,,,,,,,,,,ACTIVE
221dd2bba3eef5cf88b7a42ab0b49bbb,60c4b296-b783-4602-b520-fa6f79d7cf0d,,,,,,,,,,,,ACTIVE
ea3f4088949629bf4bb7ce3f0d188ee8,610539a6-a5df-47dc-9b7c-e65b7e1dc653,IND-000119,Hazaribagh,Bihar,1961,IND-000446,Giridih,Bihar,1981,FORMED_FROM,,1.00,ACTIVE
af2d926d41b76856d62e5db4a7726b4e,6120b294-a2d6-4db7-8414-112c2064ae94,,,,,,,,,,,,ACTIVE
dfcb30cef63c3f7d9f3a3a0e7b8c8978,61217905-1340-4e68-9bc7-ebdd74f58406,,,,,,,,,,,,ACTIVE
421461fc5ea8defe7e61af9d1e3afcda,61617c40-d1e5-4fa9-8994-4515a7937387,IND-000002,Mahbubnagar,Hyderabad,1951,IND-000817,Nagarkurnool,Telangana,2021,FORMED_FROM,,1.00,ACTIVE
e779ac0d7a519a3c092a0ed43af9b4e3,61edfa13-4c15-4925-b948-8dfb1d99c303,,,,,,,,,,,,ACTIVE
fbf8b934836ccef1b76009f7ab638a8a,620a75f9-c57c-4823-ab5a-b7d7e06f6752,IND-000359,Purnia,Bihar,1981,IND-000488,Araria,Bihar,1991,FORMED_FROM,,1.00,ACTIVE
0362281fdf180e4ab693be0712ba6ed6,623acb90-27c9-47fa-bd73-a29a60465036,,,,,,,,,,,,ACTIVE
6c56c22a7d930331907a44218e23b0d5,62877773-acab-45f6-a195-a14046282bda,IND-000812,,,,IND-000808,Mulugu,Telangana,2021,FORMED_FROM,,1.00,ACTIVE
a00b3e1321a281a9ebbf4226a530ee57,62a0e443-4d7f-45e1-878a-847978e260c7,IND-000201,South Arcot,Madras,1991,IND-000713,Viluppuram,Tamilnadu,2001,SPLIT_FROM,,1.00,ACTIVE
53c496821845cb6f2f55b050b8874da0,62a252d3-ee23-4e60-bd94-beaee86a2121,IND-000124,Singhbhum,Bihar,1971,IND-000632,Purbi Singhbhum,Jharkhand,2001,SPLIT_FROM,,1.00,ACTIVE
c6e8ecde48ff02288fb461fd6c80479c,62b0c13c-1b18-444c-80d7-79e90307cccb,IND-000416,Ghaziabad,Uttar Pradesh,1991,IND-000568,Gautam Buddha Nagar,Uttar Pradesh,2001,FORMED_FROM,,1.00,ACTIVE
51d8b08973789ab981cf632e2f717f63,62f5ddad-877b-4153-9289-dbedf6261159,,,,,,,,,,,,ACTIVE
bb77ad7b67ac5fb0691c8d94dc939c31,62ff4bfb-8ce4-4854-9268-1109416da383,IND-000116,Delhi,Delhi,1991,IND-000596,West,Sikkim,2001,FORMED_FROM,,1.00,ACTIVE
a555942a84e8bd2833b90ea5441ca0c2,631f8b7f-7fb9-444d-a56b-2ad7203af8f2,,,,,,,,,,,,ACTIVE
e9ceea4e46d7e6b7858505d691025ba9,637e27d1-8ede-4deb-9582-9886489ebf27,IND-000630,Gumla,Jharkhand,2001,IND-000767,Simdega,Jharkhand,2011,FORMED_FROM,,1.00,ACTIVE
5364e78aa01d94dc9ce4f6e1ed22b99a,639c1a17-be2b-4c6d-a2cf-36b298b39721,,,,,,,,,,,,ACTIVE
e69a9842f4bc8ae1ad27237cb2741a6c,63bea055-41ca-43c8-a8a9-f353949c7c4e,IND-000116,Delhi,Delhi,1991,IND-000552,North West,Delhi,2001,SPLIT_FROM,,1.00,ACTIVE
5f2d3e0fb1e6433dbafbc9c2072b333e,64069488-42c2-428f-a95b-f3639fe7f2e2,,,,,,,,,,,,ACTIVE
374c6f953ee9094abe2a9e15ee0590b9,64449251-ba87-4a10-bcab-e5d4f83470b3,,,,,,,,,,,,ACTIVE
146e6294dc9d6b1e07b47b6a4a2acc52,64575562-aa21-404e-b673-08e1019bb364,,,,,,,,,,,,ACTIVE
9cd3290dc3f9f79ff87922581f7247f1,6457f43a-44e8-4e2d-a79d-9ac9097eeb9a,,,,,,,,,,,,ACTIVE
32580e360864a58cb8df9d02afa46354,648a19f0-6488-48a2-ba2d-dc40f4f1f46a,,,,,,,,,,,,ACTIVE
28b0bbf722deda43afe5ac6e9fe8b5d9,64b5b58f-4fd1-4b73-92d4-93fa884ab594,IND-000097,Trivandrum,Travancore - Cochin,1951,IND-000337,Kanyakumari,Madras,1961,FORMED_FROM,,1.00,ACTIVE
3b6c5db33c656973c64dfc1fc28fecce,64d3108c-b431-4b28-af95-920246bc4789,IND-000606,Tirap,Arunachal Pradesh,2011,IND-000868,Longding,Arunachal Pradesh,2021,FORMED_FROM,,1.00,ACTIVE
cd4e95eecdd3758e77a8bed36c1240fe,64e6c5e7-4376-4a6f-8561-cc1ac2c508c4,,,,,,,,,,,,ACTIVE
0463643ace8d7ff685bc4f09f474b1b9,64fb619a-8772-43f4-8988-936fdda18c41,,,,,,,,,,,,ACTIVE
046d94a7b60adfa590b82197ab88e19a,6501094d-ae4a-47ba-85da-8fa136a0d6fa,,,,,,,,,,,,ACTIVE
ece7b3892160bd44ad58ab0ac5e29d3c,6515fec8-c40d-41e2-9550-155df6767670,,,,,,,,,,,,ACTIVE
9a79faf40667c7f35d291cb40742f476,6520db72-f80b-4657-8949-38d5efaddf59,IND-000411,Coimbatore,Tamil Nadu,1971,IND-000410,Periyar,Tamil Nadu,1981,FORMED_FROM,,1.00,ACTIVE
20b8dfb112955738919fbd94fb37a6f0,652601be-cf2d-4e0f-808b-99a7cd84ed44,,,,,,,,,,,,ACTIVE
3c20dbdb87571624a947011ecaddcb2f,655f3b39-7ada-4be9-91ca-1895fde1bf9b,IND-000539,Sangrur,Punjab,2001,IND-000735,Barnala,Punjab,2011,FORMED_FROM,,1.00,ACTIVE
8544c99439a303061d805e6de2be6d18,65725bc7-906d-4fb9-96c3-d035b8be7a01,,,,,,,,,,,,ACTIVE
6aa2ebfe9e70cf3ba8d280736c6dd851,658ed1fb-99c6-4600-af0e-bc9999d0b202,,,,,,,,,,,,ACTIVE
45452b3cc5c3aa77e19f44038624a90d,65b2619f-be3b-4564-a536-b6d355908294,,,,,,,,,,,,ACTIVE
1fd2f311afcb05c7680d8d2bc88139aa,65bb7c5f-54f1-4f47-9295-abfde02b892d,,,,,,,,,,,,ACTIVE
c806d6d6d1d6f7f7f5ae933a20163cb2,65c4280f-8f1b-47a5-af5d-c03ae6172849,,,,,,,,,,,,ACTIVE
3d442e5fcf6ee9079684a3b9d59ac25f,66683bcf-7290-4b62-909b-378cb3bfad3a,,,,,,,,,,,,ACTIVE
6f731c8c423b5156bb6f98cf6e53a422,66683c77-128b-4a44-81c2-8e723c5f6538,,,,,,,,,,,,ACTIVE
4197397173569cb7ea2be327f144e516,667c0ff4-e3c8-4dec-b370-dfadb58f2f31,,,,,,,,,,,,ACTIVE
239eb0f86c60ce96c1f1d22e662b1d56,6684730f-5a4b-4183-9a71-823df83c2482,,,,,,,,,,,,ACTIVE
939bc5dfb49bb4ab974331ff8679b8db,6704d309-33f4-4cde-be30-c118f5eb4144,,,,,,,,,,,,ACTIVE
824f320020a9bdf4712cb7fbc01c7351,6731272e-e8ea-44b0-99fb-03c924fe3516,IND-000222,Tiruchirapalli,Madras,1971,IND-000412,Tiruchchirappalli,Tamil Nadu,1981,FORMED_FROM,,1.00,ACTIVE
996b3855808aad3ed567fd8bf6d95d6a,67448b45-e624-452c-b658-982f119b49be,IND-000347,Manipur Central,Manipur,1971,IND-000505,Thoubal,Manipur,1991,SPLIT_FROM,,1.00,ACTIVE
a775ce5aa2f40928803e59a3865e3ac5,6749aed8-1ae9-4e14-ab14-7c3d4d0debc6,,,,,,,,,,,,ACTIVE
8bf409ad2b8d94a9aae9ca02c9c3fde6,674deddd-5a60-4449-89b8-345f00cb90d9,,,,,,,,,,,,ACTIVE
39839e216bc5cdb41005e818859d7de0,6770c43b-d5a7-4cec-b54c-de5b963878c2,,,,,,,,,,,,ACTIVE
6be6e6c21a524d4aee501be1e4da0f3b,679cf4a9-f7c1-458a-9651-7d320d20ea0d,,,,,,,,,,,,ACTIVE
738e2a5c4fde7f6ee3183e2417ef1909,67b154f7-67b4-4e9f-95bd-72532e9ed46b,,,,,,,,,,,,ACTIVE
40c4cfb53ee44b081c055f240a7e4aa6,67cad0c3-eb18-4683-8ea7-2d93613948fa,,,,,,,,,,,,ACTIVE
64bccb627b124876a387fd8695d0cbb6,67cbde8a-9588-4ca1-a6bb-c95135c55869,,,,,,,,,,,,ACTIVE
9dd3bb03a8b4dd58476ca499a30e2a8a,67d1edb6-d6ef-411a-bb4a-a2db05491c92,IND-000654,Bilaspur,Chhattisgarh,2011,IND-000847,Mungeli,Chhattisgarh,2021,FORMED_FROM,,1.00,ACTIVE
de63578f0af51b11ed28f55dab2d5e8a,67d80f13-1647-4ee9-84ac-ca0f16ee864e,,,,,,,,,,,,ACTIVE
e6aa1939710e1fc8ba5fd89dcb2c3c7f,68142cb0-0267-4c3c-a38e-6e4341cb77d1,,,,,,,,,,,,ACTIVE
c6762f60fc2fd43d6407d87eb270dc4e,68217559-f6e1-4ab3-89c7-01a6b6d7549c,,,,,,,,,,,,ACTIVE
ad9c056e7735d0ec905b856d3f24c2bb,684a4331-cdf3-4ae5-80bb-61e832c979d8,,,,,,,,,,,,ACTIVE
af3202c62ce754d3d04eef7beeb5633a,68828fc3-69cd-4d62-8963-3a5dd55893fa,IND-000447,Kurukshetra,Haryana,1981,IND-000465,Kaithal,Haryana,1991,FORMED_FROM,,1.00,ACTIVE
8d740b84d68331722218870b148b3907,68cfed1d-68b7-4c53-9181-02fa683ff263,,,,,,,,,,,,ACTIVE
08a1b56944fa4f989db1ff97671e94f1,69248789-aba3-4342-943f-d20ea5f57826,,,,,,,,,,,,ACTIVE
067c4b381abb1f5e6048f11922580b8e,69676f49-fdb8-4979-af2d-38c0a21af0f1,,,,,,,,,,,,ACTIVE
983eeb2c7153ef96ab07020cb0cad5cc,6978ed40-ccf4-4892-8b88-12789d7730ae,,,,,,,,,,,,ACTIVE
e79e780de215981f674119dbc0052d2f,69a8830c-fb01-4272-af19-84515e329959,,,,,,,,,,,,ACTIVE
7ce32f209075e5bcaa229e650c7dc0e2,69cff992-dc5e-432b-8434-b93f280c9373,,,,,,,,,,,,ACTIVE
84cde3bd7a1b865e2280133440ec1658,69d695d1-8dde-4169-98f3-919e5b30964c,,,,,,,,,,,,ACTIVE
41d0265d821b19d60ee4c9316fc73429,69e33866-2b19-4e4a-bf8e-f708999a7541,,,,,,,,,,,,ACTIVE
dd0ef418ef21c5115f7a863007b931c0,6a6fca94-91fe-45d2-8cac-dad52d7b4f47,IND-000396,Aizawl,Mizoram,1991,IND-000610,Mamit,Mizoram,2001,FORMED_FROM,,1.00,ACTIVE
6b26eb22d756c3abad543df1b367a5b9,6a7993b4-eace-47e2-8ea6-66b014cc0b09,,,,,,,,,,,,ACTIVE
7b21962948f8c137ea675971b1059970,6a831ce5-5a4d-43a1-ab14-7dc59f346d5f,,,,,,,,,,,,ACTIVE
98d48fb3544a5e64d94fa302fa0a43ff,6aba09f3-2536-4718-97ac-a7030cfb6ce6,IND-000814,,,,IND-000809,Jogulamba Gadwal,Telangana,2021,FORMED_FROM,,1.00,ACTIVE
d87fea88a601a0befcac2a4c3af7a3ef,6acc06a8-b6c2-413d-a559-ad497c4af3c7,,,,,,,,,,,,ACTIVE
f40d6bbfe784159d4f3fce555279a59d,6b2414ae-6d94-4f13-8b5a-67b798c502a9,IND-000253,Muzaffarnagar,Uttar Pradesh,2011,IND-000884,Shamli,Uttar Pradesh,2021,FORMED_FROM,,1.00,ACTIVE
e09e465edefa6d0da80108f1525cb241,6b292c16-7f74-4457-a691-a7b218a8ff3d,,,,,,,,,,,,ACTIVE
afac9177191568113d0a580038723cf0,6b2b511d-c1bb-45a1-bf25-e47925cd5493,IND-000116,Delhi,Delhi,1991,IND-000556,New Delhi,Delhi,2001,FORMED_FROM,,1.00,ACTIVE
4f2f4dbbc2de03753a48dc9f5e0cafc9,6b99547c-c367-47a8-82e8-65a6b2531627,,,,,,,,,,,,ACTIVE
dddab1a4495254cf5bf1f0800fd95c9c,6bafae74-4c7d-4386-b7d6-4748dd225def,,,,,,,,,,,,ACTIVE
bb9a6e0f90c6400d68115174e8f82864,6bc92756-d2d2-4d62-a2a5-479980a06d07,,,,,,,,,,,,ACTIVE
aff96835b6a6112db48b309f77b0f0cb,6be6d897-b94e-404e-a344-d9325344cce8,IND-000329,Diu,"Goa, Daman and Diu",1971,IND-000708,North Goa,Goa,1991,FORMED_FROM,,1.00,ACTIVE
3b54f25e7f773b6f6c73669e0dda93c4,6c0f1493-615a-463c-98c5-6b8988116a55,,,,,,,,,,,,ACTIVE
631b8a783bec7fdc197d44af4ac35ca6,6c1c85d0-d33c-46e5-bef8-7eabb2d3a6a2,,,,,,,,,,,,ACTIVE
a351808c24ad050122ff48fd8501c230,6c4162bd-fd31-4a4d-9fcb-55fd6372503a,IND-000404,Faridkot,Punjab,1991,IND-000537,Muktsar,Punjab,2001,FORMED_FROM,,1.00,ACTIVE
1c7f916bafa19d37f5fadb784083d380,6cbe1bb5-3fcc-4528-9eb0-a116b1fc9231,,,,,,,,,,,,ACTIVE
b13858d92e3173caaaa5d25dd899cb92,6cc37dc1-e55a-4058-81db-cca21ad244a7,IND-000116,Delhi,Delhi,1991,IND-000559,South West,Delhi,2001,FORMED_FROM,,1.00,ACTIVE
6cb10f53423cae67caa8651136fbf86c,6cc9fcbe-7d63-4d79-b4c3-424d20a8868b,,,,,,,,,,,,ACTIVE
b36668414d5fb6ba67bf8f0fb73a6666,6d66f7ed-06be-4a06-b1bf-edb78971632f,,,,,,,,,,,,ACTIVE
e0519d00a5b798c0f8dd7d8c26912e62,6dd8b6e3-9f7a-4781-8ddb-ae7ff1334149,,,,,,,,,,,,ACTIVE
54ea075abb9ed658ba7aba971db4a8e1,6e213d3a-f420-45fa-b314-443f1512d5d4,,,,,,,,,,,,ACTIVE
18f343eed3a8a2cf911024ad01920cb9,6e7e8fc4-120d-4f03-862e-64e13401a066,IND-000691,Bhandara,Maharashtra,1991,IND-000692,Gondiya,Maharashtra,2001,FORMED_FROM,,1.00,ACTIVE
567ac778556a4922ac0bce1227b64a70,6e9a9874-482a-4ea7-abf0-1ba16356720b,IND-000885,Siang,Arunachal Pradesh,1971,IND-000407,West Siang,Arunachal Pradesh,1981,FORMED_FROM,,1.00,ACTIVE
d015343089586d7e8ea65755c1a653fa,6f2b32ae-763e-4884-ae8f-eca422539116,,,,,,,,,,,,ACTIVE
490ece3afa7b7296bc1fca4a6c7dcb28,6f5fecbb-56f5-43ba-89a5-189c4d23609a,,,,,,,,,,,,ACTIVE
8516ba8e4fc18112b7861e1f87ec622d,6f67caab-1cce-4a45-aad7-0dd8d8219865,,,,,,,,,,,,ACTIVE
88565665b4ce4f8aba9afaccf6785864,6f84a30f-44db-48af-a096-2530b9d91dbf,,,,,,,,,,,,ACTIVE
1cdfdaa1f1ddb13ed519c530e8579792,6f9c003a-2146-4ea3-bd31-cebdfaad6558,,,,,,,,,,,,ACTIVE
976e2737d0d99b1d4c27b336df02f308,6fb62fe9-94df-4d15-984e-520af05c9e7c,,,,,,,,,,,,ACTIVE
183026bde08790176030f85654ab90a3,6fd4e763-d4fd-4ac6-bb54-f14279d15c79,,,,,,,,,,,,ACTIVE
5cc4e66d615e5a9e1ecc03fdf3a3fd05,6ff81d97-b9b6-4759-b28b-022ebf7515c1,IND-000297,Sultanpur,Uttar Pradesh,2001,IND-000852,Amethi,Uttar Pradesh,2021,FORMED_FROM,,1.00,ACTIVE
ae934fcf76df79e17566d2eedf26eb00,706c7dc1-3d47-4244-a4cc-0488f9a56010,,,,,,,,,,,,ACTIVE
186be17e9c3373d8680ab5fc1fc15276,70ba7e6e-60c3-4e04-b4ec-2a572bddda68,IND-000712,Dharmapuri,Tamilnadu,2001,IND-000800,Krishnagiri,Tamil Nadu,2011,FORMED_FROM,,1.00,ACTIVE
7d445e533f4ee2c757c150f8a6d274fd,70f2d426-0ff9-4784-9078-877f593ff147,IND-000627,Dumka,Jharkhand,2001,IND-000764,Jamtara,Jharkhand,2011,FORMED_FROM,,1.00,ACTIVE
93241753daf9b5ba27fa2e13af1d1ec6,712d3eea-b4e0-479a-80ad-dd885086c6b7,IND-000542,,,,IND-000545,Champawat,Uttranchal,2001,FORMED_FROM,,1.00,ACTIVE
b61031dfeb18dcc52e9f9892eb85177b,712e5ef2-4bd2-4fb1-9ca8-c7bdebe209fb,,,,,,,,,,,,ACTIVE
bacb101046c5f6613f3434aaf4565bff,71d15e2e-ac80-4eb3-a533-ff748a080bf3,,,,,,,,,,,,ACTIVE
687213d88a130db21e37ed95ee8a4105,7254e03d-69eb-408f-ba85-ab6734444c03,,,,,,,,,,,,ACTIVE
36a9f2915688f80775ead5d48cd5b96e,72761f66-37f6-4ab0-acdf-ff9d9bf4c272,,,,,,,,,,,,ACTIVE
a01ffc257f02391a4e22864ba6e88e2d,731de343-f8f8-4fa3-9ae5-60d92e01d3d7,,,,,,,,,,,,ACTIVE
c76d4fb4a8b31d3d35244af248367478,736ba40a-dbc0-4306-b463-8cdcb5d09f82,,,,,,,,,,,,ACTIVE
b60ff3b51d78891346fab9b3dc00cf3f,736c40cf-72c3-4ad8-beb0-07f14087b2a2,,,,,,,,,,,,ACTIVE
887a0a57e177b7f625685fa3d46f4b96,7391744e-0037-4513-8afe-163d7845f7d3,,,,,,,,,,,,ACTIVE
d17ee9817524c5aeefccf129936cb5ce,73d4229c-a98d-4689-8fd6-0079c09a66e5,,,,,,,,,,,,ACTIVE
e6fb6b197ea563eba0a0da39de613fb3,73dfdae2-6bd9-4b67-970c-54292e743ff7,,,,,,,,,,,,ACTIVE
2a0a21a42f65ef3afe5c2c0196a1745b,7402a8ea-65f1-42be-8193-51faf0ab07fe,,,,,,,,,,,,ACTIVE
68d1ee4ad86e8ca52e491a3b1d936d78,7410d011-b27f-4fe3-9499-ff2f5988c703,IND-000312,West Dinajpur,West Bengal,1991,IND-000620,Dakshin Dinajpur,West Bengal,2001,FORMED_FROM,,1.00,ACTIVE
edc19535f0f883f658ea0be1a26c4e05,7422fa70-4883-47c8-9033-f035021c7d9b,,,,,,,,,,,,ACTIVE
1f57a9bb0e91ec7a977fa73c254055e4,74237540-ca0b-4dfd-9a18-3e0d0f7ae8bf,,,,,,,,,,,,ACTIVE
99bafcab0bf4a3a661fdc076af2b539f,743c7c67-a1f3-473c-a7d7-db82fe066b3f,IND-000657,Raipur,Chhattisgarh,2011,IND-000846,Baloda Bazar,Chhattisgarh,2021,FORMED_FROM,,1.00,ACTIVE
e9d2934332081e88c0cc7ead8b29ec86,7453a4c4-a8f0-4349-a2ca-05c901126ce8,,,,,,,,,,,,ACTIVE
b623ab7edfbbafb068af544b5fd17ae9,7458de2d-2fce-4e26-a84d-49584389f0e0,,,,,,,,,,,,ACTIVE
5bb232122a7ea6b4db71dedf71825cbc,74abfe69-4308-44fe-8018-7ddf1f6f76b1,,,,,,,,,,,,ACTIVE
b006acabfed0c37b68d22f6761fca8ba,74b5a3f7-0749-41dc-864e-84786be34eca,,,,,,,,,,,,ACTIVE
02a4034b27bf70fb7da04c2d58fe7b06,74d0da2f-60c4-4f8e-941f-a1209b6e3b3d,IND-000445,Munger,Bihar,1991,IND-000594,Jamui,Bihar,2001,FORMED_FROM,,1.00,ACTIVE
ff23ecf2b342a9125a70156820bcf2b3,74da71b2-a6b5-4698-b94d-194ebb3767ba,,,,,,,,,,,,ACTIVE
6879ac4534aab3d79e61a164f3979405,74f1f04c-bcec-4618-ac36-d6f75443a661,,,,,,,,,,,,ACTIVE
a279aef15c10aea51ebe05bacaad2d77,7500acf1-2228-402a-a153-50cbca034b21,,,,,,,,,,,,ACTIVE
d4046699fcdc65edcca009873839c6af,750c146f-2cb4-4e63-b439-e3093a5ae65b,,,,,,,,,,,,ACTIVE
6dd32659b23c463b95493de3503674f5,7524f8d4-6dd8-4304-9148-15016b925206,,,,,,,,,,,,ACTIVE
c458b57e025226286f29abea9c958ce9,754f9688-809f-4283-9ca0-91e748342ec9,,,,,,,,,,,,ACTIVE
02d6fbf72309c1ce034aa0137ec66a58,758e8778-f9d7-4bc9-bb74-6f6f41d3a979,IND-000384,Visakhapatnam,Andhra Pradesh,1971,IND-000383,Vizianagaram,Andhra Pradesh,1981,FORMED_FROM,,1.00,ACTIVE
5edaed18da514352699bb053816d1dcd,75b102cc-12de-4e31-a21a-b73df395384e,IND-000113,Monghyar,Bihar,1971,IND-000441,Begusarai,Bihar,1981,SPLIT_FROM,,1.00,ACTIVE
12f2ad03b15a4c32f0a9e83a747c2d38,75e13506-fe7f-4737-9b85-668699bf4bb8,,,,,,,,,,,,ACTIVE
46e07ed859ee33b67360ad84b3093c66,761ab0ee-9171-4f27-af18-09edbddcccc1,IND-000601,Lower Subansiri,Arunachal Pradesh,2001,IND-000747,Kurung Kumey,Arunachal Pradesh,2011,FORMED_FROM,,1.00,ACTIVE
845b73a8aa083b36bd5ea9068d73577d,762e7b97-5ff6-41b8-910d-da342b4c0ee0,,,,,,,,,,,,ACTIVE
954a037fb9e72c22b34a3554a11a76ad,7641a3eb-36a3-4098-ae14-c9824328cc6e,,,,,,,,,,,,ACTIVE
4c12805740b2f331666ab5e735d56e38,764a3612-b838-46c9-af81-5885eb25c771,,,,,,,,,,,,ACTIVE
7c8dee6deb7dc2b0c5b3f14f9345742d,7650137b-57b7-43e6-818c-cea21ff9b2ef,,,,,,,,,,,,ACTIVE
c9ca03030050cab00051ecf148b8aa64,76567dba-bb1c-468d-81fe-aacac590a052,,,,,,,,,,,,ACTIVE
8b155a66449e785abbac619c91b402cd,7699150c-ebc6-4c75-9c8e-9f65c9d5f527,,,,,,,,,,,,ACTIVE
90b0420091cdb1abfd63078698b49404,76e6c690-ac96-401f-95a0-53224da46af1,IND-000141,Sikkim,Sikkim,1961,IND-000936,North District,Sikkim,2011,FORMED_FROM,,1.00,ACTIVE
efbdcbec7f119d08c68a7405b8d1e044,77091c2a-093f-40b8-b9b0-2923bcf71302,,,,,,,,,,,,ACTIVE
731abbf0abe447b7862ab0d17b1c2b00,7727e6c2-42d7-4796-a780-9bf0567a79ca,IND-000367,Kangra,Himachal Pradesh,1971,IND-000274,Hamirpur,Uttar Pradesh,1981,FORMED_FROM,,1.00,ACTIVE
517ee2d68fecc53d1516b5a516210d54,7732d2d6-c7db-4f1d-a98f-08188489c220,,,,,,,,,,,,ACTIVE
ee89c66c3a53fedd141ff206335d30d9,773a5862-9358-43bc-8033-5d60244e5665,IND-000341,,,,IND-000318,Mokokchung,Nagaland,1961,FORMED_FROM,,1.00,ACTIVE
55b81ce2d8cc01a366e1905ec481c3c4,773c2ceb-c3f0-4fb4-a54f-cf0840b2f9bc,IND-000336,,,,IND-000377,Alapuzha,Kerala,1961,FORMED_FROM,,1.00,ACTIVE
766ff01f6cba082f0bee781e4fd4489a,7760fc76-ba71-4c04-8247-bf2daeda6033,,,,,,,,,,,,ACTIVE
3a472ed930aed7041244f7bf0c00a53d,7783e4cf-3f2d-4c91-ace7-feeb6a0558f1,,,,,,,,,,,,ACTIVE
8a8a42f8768d1f14ebb20cad088c490d,778c1e9f-a3cd-4859-909d-dff8ab33469a,IND-000631,Pashchimi Singhbhum,Jharkhand,2001,IND-000768,Saraikela-kharsawan,Jharkhand,2011,FORMED_FROM,,1.00,ACTIVE
e562694c6d940a30a14418c15575d74c,778c298e-ef7d-49b9-b849-a77963097d9a,,,,,,,,,,,,ACTIVE
0654ce51669413597d052aa28787e79d,77931594-1fd7-4220-849b-6786614242f5,IND-000361,Mehsana,Gujarat,1961,IND-000362,Gandhinagar,Gujarat,1971,SPLIT_FROM,,1.00,ACTIVE
55289bb297c158259e295374f7271235,77e8d694-3279-4f05-85d0-0ff61166575e,,,,,,,,,,,,ACTIVE
8620155b9681334a9aa18d13b2342d6f,785669f0-14db-41f0-bf15-84b2df5be2d3,IND-000475,Faizabad,Uttar_pradesh,1991,IND-000576,Ambedkar Nagar,Uttar Pradesh,2001,FORMED_FROM,,1.00,ACTIVE
0631e00053a618e37878a6748121db27,78738c30-d707-49e7-8f6d-3a85afb9fbd6,IND-000118,Santhal Pargana,Bihar,1981,IND-000490,Godda,Bihar,1991,FORMED_FROM,,1.00,ACTIVE
1eab2d4581e48652fc98a3b245340edd,78cd5212-de65-4be7-8ca0-a3006a593d49,,,,,,,,,,,,ACTIVE
601d39151e5daf5146233e937d9803e8,78e2f6bc-53c3-4bd4-98d8-fc918a843af9,IND-000166,Raigarh,Bombay,1991,IND-000651,Jashpur,Chhattisgarh,2001,FORMED_FROM,,1.00,ACTIVE
b7538f6d3e4203aea3888117ff491e17,78e77d53-dcca-4955-a06d-2ee5730bbb71,,,,,,,,,,,,ACTIVE
4d35eacf649f898001cb2a19e648d67f,78e935ae-3ab3-45ae-96fb-70dc9176242c,,,,,,,,,,,,ACTIVE
9d48b1b61183e600d6726dc8f0613927,78efe322-d385-4787-9280-8879e4f87af8,,,,,,,,,,,,ACTIVE
a7fef0579d8f49a4f076953f69206b58,78fbe6e6-0339-48a1-b0f2-676ad915c51e,,,,,,,,,,,,ACTIVE
c89c033105670c470a4020997d4aadf7,790b93fc-2a86-4725-8424-f60ff18487e6,,,,,,,,,,,,ACTIVE
cfac76ad80105a9fffa94d81c5edc526,79167724-9d87-4428-aca0-c020cb96add1,,,,,,,,,,,,ACTIVE
db139718a0d55fabd06eeca578f85588,792e90a1-a354-4039-bf3d-3cbb46c42f87,,,,,,,,,,,,ACTIVE
72f717a2155b10041149b0ca1c264cd7,797a4cc2-b30c-40f1-aadc-8ba3de501b99,,,,,,,,,,,,ACTIVE
c735d90f45570366857342b1ba9921ec,798e8891-9200-43d7-a264-eec3625514ff,IND-000113,Monghyar,Bihar,1971,IND-000445,Munger,Bihar,1981,SPLIT_FROM,,1.00,ACTIVE
5c2fe700beb9b15246fc6060070e4ad8,79af7e08-a65a-46b0-b259-ede708dacdc2,,,,,,,,,,,,ACTIVE
0d24b4c2a3a1d6b7a5ef961d5d05fa86,79b05c0b-469f-4384-9c06-32e8e0bfa670,,,,,,,,,,,,ACTIVE
29df8ecb5a7c970345b843e3cf62a542,79d13b9a-3163-4244-b26f-4285e769cde2,,,,,,,,,,,,ACTIVE
df1954b66fb580e91fab22734ddc3403,79d9240e-a2c9-4d7e-a4ba-25e17dd66d02,,,,,,,,,,,,ACTIVE
45f662b2d87dadc46a2db839cc923cec,7a488f09-e6a2-46fc-8cba-bf4262e7ba82,,,,,,,,,,,,ACTIVE
b2a40c941d9c09bd97a96efe39a30968,7a676869-5268-4f87-b234-60da2181d58d,IND-000116,Delhi,Delhi,1991,IND-000557,Central,Delhi,2001,FORMED_FROM,,1.00,ACTIVE
156a65d9cad87f7fe07f83de357b2449,7ab73c7b-e13d-447f-83ac-e636e6fb8280,,,,,,,,,,,,ACTIVE
7f6e8bff9bb22e84503f66b9806a9587,7addf463-f29c-4d9d-b697-2b4ab2a54d17,IND-000120,Ranchi,Bihar,1981,IND-000495,Lohardaga,Bihar,1991,FORMED_FROM,,1.00,ACTIVE
7cd0b32f7ddbb29ccebd90cd941a91e3,7af8103a-6129-4ab7-93ea-8f5db24f084d,,,,,,,,,,,,ACTIVE
9dc8e27f21005be5d1c0c9c4b9d95ccf,7b04c5ae-4a2d-4629-a5b8-bcaf7abf0df0,,,,,,,,,,,,ACTIVE
73d502599da50029a05d8a7bd02a627d,7b549eee-82e4-43e1-b7ba-069dce690d39,,,,,,,,,,,,ACTIVE
f5f79858dc195c79b826fdb7d6d4fdca,7b591880-04e8-4762-9f78-1469e8dd7655,IND-000116,Delhi,Delhi,1991,IND-000559,South West,Delhi,2001,SPLIT_FROM,,1.00,ACTIVE
baf514ec7fa39c7be92bb6788b9f3146,7b74991c-d405-4b10-b3e0-6dd24b98a22a,,,,,,,,,,,,ACTIVE
e290fb42469c41420615d6452a105a67,7b9c55d4-e247-45ac-ba81-07a04f0cfd5f,IND-000308,Twenty Four Parganas,West Bengal,1971,IND-000924,South Twenty Four Parganas,West Bengal,2001,SPLIT_FROM,,1.00,ACTIVE
ea733c0791b1152dc85f6859885a1e16,7bd2ff2b-fd20-4f09-a535-82ca13ef7e4d,IND-000374,Palakkad,Kerala,1961,IND-000373,Malappuram,Kerala,1971,FORMED_FROM,,1.00,ACTIVE
32c3757675d8c3e5b613a9e8a5437fb8,7bd64fd6-e3ea-4b01-a0bd-5b6647973e4b,IND-000272,Jhansi,Uttar Pradesh,1971,IND-000418,Lalitpur,Uttar Pradesh,1981,FORMED_FROM,,1.00,ACTIVE
c946fa60220d0b544ffb9267ff2b3d5b,7c1e7b6f-d554-48b5-9dd5-83ef26cd75e9,IND-000389,Osmanabad,Maharashtra,1981,IND-000516,Latur,Maharashtra,1991,FORMED_FROM,,1.00,ACTIVE
a755c1725f4bd0141677819b289abc76,7c6b0002-0bdd-4f32-9934-26d0490da6e5,,,,,,,,,,,,ACTIVE
af499086b04d2f3f9565c9f238669641,7c9e85e2-8ca0-4f3d-9275-af5562316450,,,,,,,,,,,,ACTIVE
239d3a63bddebc93c34ff694bff370c9,7cb0930c-b5cc-46c7-b2f2-0082add1c3f1,IND-000230,Koraput,Orissa,1991,IND-000648,Malkangiri,Orissa,2001,FORMED_FROM,,1.00,ACTIVE
ab45794c66e333cb8a4e8793a7c1d08b,7d22524f-7aaf-4f9f-8d0c-6dd94c9e5e9e,,,,,,,,,,,,ACTIVE
995e8db1e690c0bbab6817c1227fd357,7d6cdf23-15d7-49d6-93f1-8a844605bf82,IND-000036,Garo Hills,Assam,1961,IND-000394,East Garo Hills,Meghalaya,1981,SPLIT_FROM,,1.00,ACTIVE
047631903294a32409f0f01b2c08ed3c,7d6f32cc-e7ee-4ffb-bf6b-b166e1860913,IND-000382,Srikakulam,Andhra Pradesh,1971,IND-000383,Vizianagaram,Andhra Pradesh,1981,SPLIT_FROM,,1.00,ACTIVE
a8e74038f5f9dd171e785f13896b3c42,7e3d78c4-f6bd-4ce8-8a13-77aafc0439b5,IND-000890,Kameng,Arunachal Pradesh,1971,IND-000405,West Kameng,Arunachal Pradesh,1981,FORMED_FROM,,1.00,ACTIVE
353cda4b0a921752ff19014ca2288a00,7e4abbfc-ee2e-4b2b-9c47-6bdb987c70ac,,,,,,,,,,,,ACTIVE
02a907c19fed554fab7d4891bb1af8da,7ecf4f79-5d09-406a-a623-bcac74cec751,,,,,,,,,,,,ACTIVE
d3b638bd6e8957cb0af28a50eba0fb9d,7ed9fe58-9eaa-4285-b606-9f49f94b9ebe,IND-000143,Jammu and Kashmir,Jammu and Kashmir,1951,IND-000319,Kathua,Jammu and Kashmir,1961,FORMED_FROM,,1.00,ACTIVE
50216dfdb56ea7c752511e0925b6d8f4,7eec6112-d014-4c39-b81c-40901f381341,,,,,,,,,,,,ACTIVE
9e7977851cfc681c2589d0e12cf11f2e,7f0b0df5-ce24-4bb0-a411-b451b835d714,,,,,,,,,,,,ACTIVE
9f5fd3e2f2a6d694d0015a0dd8807053,7f51b5f1-3e10-4c54-997f-aca079e55afe,,,,,,,,,,,,ACTIVE
c657f4104e0e31c98be6a5da640c9de3,7f6156b8-b4db-4ae8-a6f7-ea5072ae9aba,,,,,,,,,,,,ACTIVE
da506f0fcc5ec5fae43ddbed9a75cbc6,7f6624b5-dc2f-47c9-a319-da83d99d69d8,,,,,,,,,,,,ACTIVE
fe3f7b7665538cbd726089646b3ab5b4,7f7333f2-d516-42a9-9839-121edc62f294,IND-000899,Vellore,Tamil Nadu,2011,IND-000894,Ranipet,Tamil Nadu,2021,FORMED_FROM,,1.00,ACTIVE
f9c22ea0d7982d360fedf8dc96e79d4f,7f96b67c-a6da-4191-8ee0-b5fa0b124ff1,,,,,,,,,,,,ACTIVE
a63b7901c7f1813b489e9f9230b0ff2a,7fc83f01-8d40-422c-a30e-1f7e7bffc7a5,,,,,,,,,,,,ACTIVE
ce2dbe12a0034d2ab67374047ebceec7,7ffc8f49-5103-466b-9212-1f5cd21edc38,IND-000023,Lakhimpur,Assam,1971,IND-000424,Dibrugarh,Assam,1981,FORMED_FROM,,1.00,ACTIVE
115f4bf4e1138ba049652d631341e0d5,8014729c-6eea-4900-b001-5308a364a7cb,,,,,,,,,,,,ACTIVE
99392a2e6a2aaec7a071f323ddeabf9e,8030e10c-d555-431d-acc8-b609cb4072e7,,,,,,,,,,,,ACTIVE
98d8531648f35d7c1108e7efae31f5d1,805a4a33-6d7d-42e5-9263-29c425879fd1,,,,,,,,,,,,ACTIVE
0d9c2fa8319e3b66d99acca4a0271a85,8064bb55-f8f7-4ec9-acba-d04186fc0d4b,,,,,,,,,,,,ACTIVE
40b02f7ef3b5c735dd155ae5f8833d10,8078f55b-a84c-4e64-933c-aac3be414519,,,,,,,,,,,,ACTIVE
e0f722c29f7abd1212540c82e9599496,80a87e56-78a6-4857-8546-6db36d3e37f4,,,,,,,,,,,,ACTIVE
f51f35f3779d3e8e623eb378b35e8956,80b1b52b-56ae-4d57-9f93-8c7b4f4eab34,,,,,,,,,,,,ACTIVE
f0782835fe3c2999ecd01c28009bec5c,813ffff7-7d92-42f8-a5ae-1fc2ec9c66c3,,,,,,,,,,,,ACTIVE
386fe03b69861168d97e7ba683701341,818ba690-3322-4780-aaa9-905dd7f9e211,,,,,,,,,,,,ACTIVE
28b3750035274e87eb0258675753c944,81b56032-3c37-4bca-9266-f6a17b5d2289,,,,,,,,,,,,ACTIVE
dfa7e36662742c92e423fac50ad0ded5,81d7beb2-cbab-4396-bc5b-0d01c3525512,,,,,,,,,,,,ACTIVE
5ccbf3333d762d8a24fc27af6c61c10c,8219aa6c-6d3b-43c9-9215-0defacfbd06e,,,,,,,,,,,,ACTIVE
bb63c98e0eb86a4842b839c5128e0634,826fe1a6-6d35-47dd-90b0-7b42ce4fe31f,,,,,,,,,,,,ACTIVE
99945ad0b4fde9c7fc8599f520e88667,829d0575-dd6e-409e-8425-8ef0bc77d573,,,,,,,,,,,,ACTIVE
92d8ebce778c4250936374fee9e88ce1,82f0ae9f-a480-442b-8a62-2db1a27b39c8,,,,,,,,,,,,ACTIVE
b40882a0f0192f99a299470b94cf8727,831ac432-a295-4bc4-a8c6-4f4b2758789b,,,,,,,,,,,,ACTIVE
8d3c8b01522d522e696cd33121a5aaa9,832e688b-7207-4f56-851b-c12e1faee6c8,,,,,,,,,,,,ACTIVE
5a3c6a52f51e976d24a32f144a9f32f1,833e6add-ea1c-48bc-b906-d174d897a487,,,,,,,,,,,,ACTIVE
6e6f45ee1016f9aefa0c15ece70f603f,83517e3f-ce13-4d5f-862b-8f312865c0a8,,,,,,,,,,,,ACTIVE
70fec0d0b0a6f79f798fc401a55362cb,8360c33b-8282-4fac-9300-c59a1270f231,,,,,,,,,,,,ACTIVE
e3cc8e0d8b5d64caba97bcb80845ed7e,83644129-a25a-44a9-b086-e34de29cb6d1,IND-000098,Kollam,Travancore - Cochin,1981,IND-000524,Pathanamthitta,Kerala,1991,FORMED_FROM,,1.00,ACTIVE
619351defebb027c70928f50bc6ae575,83747410-b3a2-448d-9768-7b715fafd3b6,IND-000445,Munger,Bihar,1981,IND-000493,Khagaria,Bihar,1991,FORMED_FROM,,1.00,ACTIVE
705218a62486c93df83ba228447634ca,8393a900-f7c3-4559-a476-c22a865e3561,,,,,,,,,,,,ACTIVE
5d0a83763137ef76f53ff6ffb2ee620c,83acd55e-4e6f-4c27-90ce-17c3fd524a23,,,,,,,,,,,,ACTIVE
8b0b7d2bdfc57afc68d5c32f3141c256,846933a2-9a56-4aeb-95c2-aeb23dc41060,,,,,,,,,,,,ACTIVE
787b5cda557c8a8fc3ebf58a7bf515f7,848b366b-26b4-449c-b5f8-ba1270f2b40e,,,,,,,,,,,,ACTIVE
c49d655175ff67e304ab67ab9ac179a3,8598df48-b661-401d-865c-833604ac486e,,,,,,,,,,,,ACTIVE
09442326a9df510dbfd2e6b080b637e1,85a3c612-4551-4a10-82a3-0ed0bbc8810a,,,,,,,,,,,,ACTIVE
69b94b771c4b8aff7c476eb07fd9a4d5,862dacb9-b22c-464e-802e-f429b4d55324,,,,,,,,,,,,ACTIVE
a09a46d38baee3185ae3aed64ab343f0,8637da1c-cd35-491a-af53-37aedcd97709,,,,,,,,,,,,ACTIVE
190f9e4dbd915d6e545f0630fb31e380,8652fbfb-fadd-40fb-93ed-d3b94ba77ffe,,,,,,,,,,,,ACTIVE
12bf0f90ceff966b0cb4d30fe1c794ea,865641ce-a103-4bcb-acb7-e73614f0f3f1,IND-000701,Dharwad,Karnataka,1981,IND-000702,Haveri,Karnataka,2001,FORMED_FROM,,1.00,ACTIVE
ead913e65c0279f568d013c6c0bbb9b7,868140fa-a374-4835-a9cc-2fe91022eb38,,,,,,,,,,,,ACTIVE
5a9230e4c25ebfb27d278cc831a56588,8699f88d-ed7c-415c-bedd-e0f8e9c68d71,,,,,,,,,,,,ACTIVE
856f9414b738e13f51cc7b7eebe4e93d,86c552b8-5179-4edd-ae16-b20f502a5ad0,,,,,,,,,,,,ACTIVE
b79eb225f81bd8c73ae47263b35107a9,8723ab13-19c0-4a7d-bff3-b805ba4fc66f,,,,,,,,,,,,ACTIVE
4bf11e7ca2cd37a9850f77e16959553b,8729cc37-ecc4-4118-9cf0-c5f04424c344,,,,,,,,,,,,ACTIVE
ac9debd270b159d10bb8a84709d2cbe5,8733945d-47d7-4876-87c9-5d90c5fea134,IND-000336,Kottayam,Kerala,1971,IND-000381,Idukki,Kerala,1981,FORMED_FROM,,1.00,ACTIVE
7f5d62e8bdbd95d591e2b0de706c98a5,8763ea68-e006-4f01-9281-aad5c2b0e576,IND-000025,Kohima,Assam,1971,IND-000399,Phek,Nagaland,1981,FORMED_FROM,,1.00,ACTIVE
a56f7b1dc93dbc19e659604fc8790c81,879b7571-2401-4f91-b3a4-7a872689f5de,,,,,,,,,,,,ACTIVE
f942856298894799ce468bd92836f465,87aa186d-7c22-4655-8508-b44ed5b1b740,IND-000141,Sikkim,Sikkim,1961,IND-000939,East District,Sikkim,2011,FORMED_FROM,,1.00,ACTIVE
0e56d53e2822a78d62ed4a247a150837,87bc7bae-0148-4402-b518-a92e9f03d04e,IND-000150,Ahmedabad,Bombay,1951,IND-000849,Botad,Gujarat,2021,SPLIT_FROM,,1.00,ACTIVE
167eedc5d104b7063eed45b5f484483c,87dc091d-7467-4586-aeda-515c079af644,IND-000131,Tripura,Tripura,1961,IND-000355,South Tripura,Tripura,1971,SPLIT_FROM,,1.00,ACTIVE
27490e18cb51a6fc708dd1c1684fd3ab,88262dd2-e0f7-4058-93d2-e05979f73e08,,,,,,,,,,,,ACTIVE
05ce2e2dc7a3ffe145b4bff1e0446393,88493fbb-a7a3-4753-9530-e96353fe06cc,,,,,,,,,,,,ACTIVE
bab6cd3fb84c4143a0a01610c44590c7,884f5c63-ae48-43cc-86d4-33e2a3714fa7,,,,,,,,,,,,ACTIVE
97fd3e46f99cc221423c3e704c006e9c,886fc587-6407-4aeb-bd73-5b99509c7bf0,IND-000732,Firozpur,Punjab,2011,IND-000882,Fazilka,Punjab,2021,FORMED_FROM,,1.00,ACTIVE
e924f44222c3d795c3ea9e78112e1f08,8876f483-0ba1-4e6f-8eab-d7c429d1c2d5,,,,,,,,,,,,ACTIVE
59009ab451ecfae3542c1662e6289108,888a52c7-1548-4102-b0c3-bae467224010,IND-000840,,,,IND-000853,West Jaintia Hills,Meghalaya,2021,FORMED_FROM,,1.00,ACTIVE
e811fd2cf24d34133e9b961a5d584504,88a65872-6c53-4bee-9b15-f2c45065d491,IND-000334,Srinagar,Jammu and Kashmir,1971,IND-000427,Pulwama,Jammu and Kashmir,1981,FORMED_FROM,,1.00,ACTIVE
82e5dd2a3dda48b0391704ae8f03ab19,88c64a0c-860f-4602-bab7-5723b03c2ab4,,,,,,,,,,,,ACTIVE
1b8283c8de38a0aa694dd2a36d9857a5,890bb3b0-468d-4c56-b4fa-56bd34537064,,,,,,,,,,,,ACTIVE
8ce74a53520a305cc90242316a089366,8946bbec-eab5-4312-97e4-aed2ac58d3ea,,,,,,,,,,,,ACTIVE
4f47936627b1e5b1cf3da0a38441e1b4,894a3ac5-0dae-4a65-b824-6ff8b2672b50,IND-000661,,,,IND-000662,Dantewada,Chhattisgarh,2001,FORMED_FROM,,1.00,ACTIVE
6e5b1e385ef8863ea8fd4c0624085c6d,895734cd-e938-4630-9b16-7630d861d271,,,,,,,,,,,,ACTIVE
f5f900cfe985f4ed2994e53ac4aca96e,89cd0dc8-4a08-4d8c-8485-05b0996046fa,,,,,,,,,,,,ACTIVE
4e238bf33cd82280b03eeb0844f9f268,89ce26ab-05c3-4b69-930d-cccc0e05c6af,IND-000422,Sonitpur,Assam,2001,IND-000758,Udalguri,Assam,2011,FORMED_FROM,,1.00,ACTIVE
d7d45b2b2deddd5c3550fe9384722272,89e59207-8c24-4423-9e7b-b4795b177337,IND-000118,Santhal Pargana,Bihar,1981,IND-000499,Dumka,Bihar,1991,SPLIT_FROM,,1.00,ACTIVE
82787c321362fd566dbd5f09cf64824b,8a13f756-3a73-49c7-a161-299a7504ab18,,,,,,,,,,,,ACTIVE
090dafc2b7f74b9e572a8c9b5c7ae3cf,8a84dfc3-6779-4612-ad36-ddbdec3e712a,IND-000233,Dhenkanal,Orissa,1991,IND-000640,Anugul,Orissa,2001,FORMED_FROM,,1.00,ACTIVE
a9e0534e948be1fbb9da9493fa819c18,8ab735d6-444c-4f2f-baf7-7d718e56781c,IND-000661,Bastar,Chhattisgarh,2011,IND-000805,Kondagaon,Chhattisgarh,2021,FORMED_FROM,,1.00,ACTIVE
ca0691c4675bf0579b515f5eca233b8d,8afa8772-df80-4f62-9355-db8a39585ace,,,,,,,,,,,,ACTIVE
b8bdebb498c1dac6452c57a78c39fda8,8b5b80e9-eee5-47a6-ad88-40b3444ccb70,IND-000779,Vadodara,Gujarat,2011,IND-000903,Chota Udaipur,Gujarat,2021,FORMED_FROM,,1.00,ACTIVE
b8d1f83ebc26d707c40a7a261d3a7bba,8b6c9d57-1d0e-4e85-98a4-bc7447cb8d69,,,,,,,,,,,,ACTIVE
92f411ce5c4028c717056eac8026df5f,8b8e7360-279a-4771-aeaa-38c446f03183,IND-000781,Thane,Maharashtra,2011,IND-000831,Palghar,Maharashtra,2021,FORMED_FROM,,1.00,ACTIVE
e1d1a9cd27cf2780eb35bd010938d694,8c02499d-5fb8-4142-bee0-95d7df6396bf,,,,,,,,,,,,ACTIVE
a91dbba8d6fadd15f90dccfeb13717cc,8c42c5f4-dc3e-477c-a32b-baffb71e7f0b,IND-000811,,,,IND-000821,Peddapalli,Telangana,2021,FORMED_FROM,,1.00,ACTIVE
0abf4de8737ab365769e8b592d7ef173,8c44c6ff-1eb4-4f39-bc88-1b1f2bc380e9,IND-000796,,,,IND-000797,Ariyalur,Tamil Nadu,2011,FORMED_FROM,,1.00,ACTIVE
591a378b1de0e6a21d8035f7d19b13b4,8c48c751-5421-4cfb-84e0-73ad96bb1d2f,IND-000404,Faridkot,Punjab,1991,IND-000536,Moga,Punjab,2001,FORMED_FROM,,1.00,ACTIVE
446cf2b8e51fb69418f821fe49e8b090,8c6818bc-3cda-4459-adad-93ffa81ffcc2,,,,,,,,,,,,ACTIVE
6bd8a81c499224ded8fd798478d91eb1,8cc4e752-7fcf-4b21-90d8-8fe630d52f01,IND-000022,Sibsagar,Assam,1981,IND-000508,Golaghat,Assam,1991,FORMED_FROM,,1.00,ACTIVE
a6119f7c8183ddef046af5d19b63dbf4,8ced1dfc-a08d-46ea-b03c-2fa46972dafd,,,,,,,,,,,,ACTIVE
1e42eb7ab4989bf6dc1f30c88805a701,8d5d465c-49f9-4c61-b853-4931014b30f8,,,,,,,,,,,,ACTIVE
2d4a38662f49e0307f0759bd617e5638,8d6be908-64bd-4a42-90a2-b74a6061a5c9,IND-000654,,,,IND-000653,Korba,Chhattisgarh,2001,FORMED_FROM,,1.00,ACTIVE
440b2ce108412525daca6eb53bae09f2,8daba9d1-7a6d-4273-93ea-a238465150c8,IND-000492,Jehanabad,Bihar,2001,IND-000746,Arwal,Bihar,2011,FORMED_FROM,,1.00,ACTIVE
0750abdb8346c91c3e2c6749a7e4f1d1,8e10bbbc-b55d-45be-a241-891b784cb071,,,,,,,,,,,,ACTIVE
bdc4363c60c69fd19f56d86f55144231,8e17e354-52bd-4bd8-b855-4182ef7fb961,,,,,,,,,,,,ACTIVE
eb1b6d2fd8ba36d315f4b17a303b5c75,8e1c5f5e-ee37-4c65-8121-f58f2909f82d,,,,,,,,,,,,ACTIVE
a426a3e6a558b0da755d47789b61cdbc,8e56f21a-50b7-41f1-ba02-28376368edca,,,,,,,,,,,,ACTIVE
4e9683a62554389b2c162f1753b25cae,8e7dc66c-87c4-480f-8fd9-42049938fece,,,,,,,,,,,,ACTIVE
fed10722498ade0b732a40bcb689d11d,8e7f3fcf-20cb-49cc-a15f-9894daf26b5f,IND-000391,Jaintia Hills,Meghalaya,2011,IND-000853,West Jaintia Hills,Meghalaya,2021,SPLIT_FROM,,1.00,ACTIVE
8525c49da140d2448ba4e7a2665578d6,8e89a47c-f0ce-452d-9cfd-f76b3634925c,,,,,,,,,,,,ACTIVE
377355efc9c68ca9b6bd0eb42fd4bc4b,8eb78015-f64e-44a5-ae37-d3b32fc46b96,,,,,,,,,,,,ACTIVE
0e3e8edccc8b0b37ad82cbc4f672a46c,8ec39a59-1ee5-4f95-928e-42f2adb641f0,,,,,,,,,,,,ACTIVE
23fc35fc9d7a858429f13c906de0f18f,8f09c5a6-6223-4a2c-87e8-c6f96d6eb8a8,IND-000094,Bhavnagar,Saurashtra,2011,IND-000849,Botad,Gujarat,2021,FORMED_FROM,,1.00,ACTIVE
9d8a91ea0e9d728a061605b7b35bfa4e,8f131114-36dc-4ec5-b969-be23cf94d8f5,IND-000650,,,,IND-000649,Koriya,Chhattisgarh,2001,FORMED_FROM,,1.00,ACTIVE
db214999a55ddd011410b53e14382798,8f13355e-f5ce-4b55-b28b-faa65c10b684,,,,,,,,,,,,ACTIVE
1fe68c02f68edba63284e6ef6e473de7,8f6d6303-2457-4fd3-8c9e-d11cd3e63055,,,,,,,,,,,,ACTIVE
d7a913286d0da5d153f1fb7343558e73,8f97db52-3c41-41c3-bee7-66a16e964f13,IND-000143,Jammu and Kashmir,Jammu and Kashmir,1951,IND-000328,Baramulla,Jammu and Kashmir,1961,SPLIT_FROM,,1.00,ACTIVE
31698711a39f619b92ed0d160f0ea3b9,8fad2a26-c1d8-4525-8290-7a711490629f,IND-000143,Jammu and Kashmir,Jammu and Kashmir,1951,IND-000339,Doda,Jammu and Kashmir,1961,FORMED_FROM,,1.00,ACTIVE
cf49ba79dcb4a4c1cac1e934947ee2f5,8fbe904b-67b4-48eb-bc55-cf8429c6cf6f,IND-000668,Mandsaur,Madhya Pradesh,1991,IND-000667,Neemuch,Madhya Pradesh,2001,FORMED_FROM,,1.00,ACTIVE
2e4cac8631b9a8a275037bffefe12a8b,8fc581ca-60c5-4d64-a2ec-16ebcf916582,IND-000254,Meerut,Uttar Pradesh,1991,IND-000567,Baghpat,Uttar Pradesh,2001,FORMED_FROM,,1.00,ACTIVE
3fcc88559bcf50c5a609e4dbffcb2349,8fe31875-4c70-4db2-9818-9748a16404b1,IND-000429,Baramula,Jammu and Kashmir,1971,IND-000430,Kupwara,Jammu and Kashmir,1981,FORMED_FROM,,1.00,ACTIVE
e2ff8e495bc1723d0481129c6e3dc8a4,8ff2af7e-bea3-446b-822c-d884e267dd44,IND-000044,United Mikir and North Cachar Hills,Assam,1951,IND-000357,North Cachar Hills,Assam,1971,FORMED_FROM,,1.00,ACTIVE
d30b826db677aa986947724a8c117979,90341948-5dde-4a03-83e2-982bfee10ec7,IND-000552,North West,Delhi,2011,IND-000553,North,Delhi,2021,FORMED_FROM,,1.00,ACTIVE
06e81e983c44f6422993aaddeaf97f4d,903d0671-2a7b-461e-8697-9c93f63fa524,,,,,,,,,,,,ACTIVE
4fba8ccc36f0149458db43a6f04eb30b,908b8db9-97f0-494d-a325-29153c36d8d4,,,,,,,,,,,,ACTIVE
e840349ac9da483b9f6cbada45e47bde,90ada2ae-2485-4735-9612-293c5d68084c,IND-000143,Jammu and Kashmir,Jammu and Kashmir,1951,IND-000317,Jammu,Jammu and Kashmir,1961,SPLIT_FROM,,1.00,ACTIVE
49d9f596fce0ea84b6cd8eb4091b7a27,91420061-858d-4ddb-a204-58f796671f4a,,,,,,,,,,,,ACTIVE
a2212f8d5e3e869b1c7a7cd74ecfa8c7,918cea92-3965-4a3b-8336-8840b52b76f9,,,,,,,,,,,,ACTIVE
992307bd89a9789a9597e75b0034634a,91f6ca80-b2d1-4b92-a0da-c95ea4ba7255,,,,,,,,,,,,ACTIVE
e093a5a7484cdafdb83447cd1126f59e,91ff1d5d-688e-472b-ac26-ec8dc5be491e,,,,,,,,,,,,ACTIVE
32ddca80727e3285d348d551240e5442,9287d9ee-15d5-4dfd-866f-5ac2828fb586,,,,,,,,,,,,ACTIVE
4ddb48543b6051f974aa14b9641b9112,92e0094b-393c-42b3-8d2c-9692bde00ecc,,,,,,,,,,,,ACTIVE
a8b9e08910167d148e5fd385fa4aebae,92f1eb5c-790f-49d2-8094-f78c873fa489,,,,,,,,,,,,ACTIVE
453fe8df9c1f9995327ce46fa2bb2e79,932b6514-3620-44e2-894d-ff8b6085c1a0,IND-000143,Jammu and Kashmir,Jammu and Kashmir,1951,IND-000339,Doda,Jammu and Kashmir,1961,SPLIT_FROM,,1.00,ACTIVE
e3b48554c225633137d99b7868625d05,93546f46-ee32-473f-ab1d-f918c893286e,,,,,,,,,,,,ACTIVE
3a16ae07ca1c63f34dcaeba0b46c86fa,9366e06f-de94-4126-a94a-896fbf269c84,,,,,,,,,,,,ACTIVE
6ff875ced5026eded4ad171ff06305d2,9383083d-e736-465e-9d6d-e647762f70dc,,,,,,,,,,,,ACTIVE
4c605978e298019eed8012b656f3f7b5,93a620e8-0ed9-4d2f-b7e5-7929024dbb81,,,,,,,,,,,,ACTIVE
5bfe0468c76217e80f5ba77e741cbae9,93b1d8a8-2a0c-49f3-bc76-7d518a27da20,,,,,,,,,,,,ACTIVE
d5fede357f1e83848b868d62f3cfef6f,93ba635f-9f98-45b3-8c9a-d90c9acf25d6,IND-000116,Delhi,Delhi,1991,IND-000597,South,Sikkim,2001,SPLIT_FROM,,1.00,ACTIVE
a72753fde907b6ca5013231c5c90e2f8,94ecef3b-e84e-4876-9809-e7f83ac50b5e,IND-000255,Bulandshahr,Uttar Pradesh,1991,IND-000568,Gautam Buddha Nagar,Uttar Pradesh,2001,FORMED_FROM,,1.00,ACTIVE
a5eb84c290d2604b2786a578ce465562,95149a4c-8507-4d8c-bde3-a64f5fd60ef4,IND-000369,Simla,Himachal Pradesh,1971,IND-000454,Solan,Himachal Pradesh,1981,FORMED_FROM,,1.00,ACTIVE
a0d25748e222afb66effa5d003c3a821,951f916c-b4c9-458a-9fc2-d46701cf9931,IND-000108,Shahabad,Bihar,1971,IND-000432,Bhojpur,Bihar,1981,SPLIT_FROM,,1.00,ACTIVE
f9678d503e63da5e0180fd241db75a39,95284113-292a-47c9-be39-60565654c244,,,,,,,,,,,,ACTIVE
d8cc8979b06b38d14c34be7ab4c2c9f3,9529b636-3b79-46bf-b9c4-cf6e9f562f0d,IND-000355,South Tripura,Tripura,2011,IND-000844,Gomati,Tripura,2021,FORMED_FROM,,1.00,ACTIVE
af9d921b14163aa6ddd606f556ed22e5,95315bf8-5efa-4480-abc0-50af95899de4,IND-000118,Santhal Pargana,Bihar,1981,IND-000490,Godda,Bihar,1991,SPLIT_FROM,,1.00,ACTIVE
6f418db675d437011a006769acf54b61,95648408-b565-4437-ba20-d93e355fbd71,,,,,,,,,,,,ACTIVE
a88a2e65043553e4d8baee438d2c3ca5,95975ba5-97eb-4f4a-b239-aa522c75e3dd,,,,,,,,,,,,ACTIVE
89e6cb15ab61071abf47eab360190bfc,95b1fc3f-fb29-43a8-94db-bedb4267431a,,,,,,,,,,,,ACTIVE
e6f14cb2844f775f0e8748a889a7e337,95b91cc6-10eb-47b5-afc3-fe2c78636efb,,,,,,,,,,,,ACTIVE
3ea15ca0a666dc95133c98bcd8b75115,95f8da4b-c44e-4e95-9837-dd506d44f844,,,,,,,,,,,,ACTIVE
8bd3ce5b70138164fec0f1fcf2194fcc,9616b420-4e90-4d28-b4ec-887ca7439c19,,,,,,,,,,,,ACTIVE
1c771920cacefcf55faf52cea1862877,961aedd4-ca30-4512-bc2e-3d038cbd3490,,,,,,,,,,,,ACTIVE
ee2afc4c062bb7fac682953d0a005b17,96264202-71ea-40f5-81b8-23cd37e2720c,IND-000201,South Arcot,Madras,1991,IND-000718,Cuddalore,Tamilnadu,2001,SPLIT_FROM,,1.00,ACTIVE
c958077687f1277f3404ddd53bc1d458,964662ec-35f2-46bf-a3d6-d0770ea6b089,IND-000312,West Dinajpur,West Bengal,1991,IND-000619,Uttar Dinajpur,West Bengal,2001,FORMED_FROM,,1.00,ACTIVE
417c732191cd22b9e873753e3d8af677,965285ed-d104-4762-88c7-74ff5705d7cf,,,,,,,,,,,,ACTIVE
ec55433fd77fee622045ee77e57dd204,96676231-651e-4d83-915a-2b061fea3509,,,,,,,,,,,,ACTIVE
91bed824e8d31594bbf9f2601f504fea,969181b0-e080-44a8-9b6a-fc88e683ee12,IND-000398,Chhimtuipui,Mizoram,1991,IND-000615,Saiha,Mizoram,2001,FORMED_FROM,,1.00,ACTIVE
6ed23f012baace3d0089b3e8b1b2d9f9,9693a14f-f8b8-4ef9-92a0-97ce23cffb2a,,,,,,,,,,,,ACTIVE
a49dba060cedb007b96790e58b52a635,96bd9a35-27e7-4bc2-9483-09f5e905ad7e,,,,,,,,,,,,ACTIVE
e883f4334d35dfca46eb5d097d29536c,9757369b-6383-4681-b39b-28d5ba09c18e,,,,,,,,,,,,ACTIVE
a8806aa19a593ba9e1bf688465214262,97e4331e-f925-4909-8590-3d818f398c08,IND-000392,East Khasi Hills,Meghalaya,1991,IND-000618,Ri Bhoi,Meghalaya,2001,FORMED_FROM,,1.00,ACTIVE
2f3437f48826995eae7356df3c33fbf4,97f66d8f-3840-4866-812b-02e732ba62a7,,,,,,,,,,,,ACTIVE
16152afe8276397a08b3a930ffa4af1d,98056949-feff-471f-818d-465a2d738426,IND-000532,Tiruchchirappalli,Tamil_nadu,1991,IND-000797,Ariyalur,Tamil Nadu,2011,FORMED_FROM,,1.00,ACTIVE
5c624254fe3c73b38cb847578349211b,981427d0-6f93-43c5-9c7c-2f587afb0a70,,,,,,,,,,,,ACTIVE
0cbc994cf2d0554f4e752ccc7086809a,9864f5e7-b76a-46f6-a648-13970484ed35,,,,,,,,,,,,ACTIVE
68cbb5d7028759d80f1b214502a719da,9887859d-7ce3-44ff-a1c6-156ebdb680f7,,,,,,,,,,,,ACTIVE
4e415a12c2fa840fff80b480473e338f,98a73940-ec0f-4114-8e9b-899ff0b6baa9,,,,,,,,,,,,ACTIVE
7a1ade227c2ce2045c329df5ad21d834,98af9fdb-8aea-4d0d-995a-c85eab4f0f6a,,,,,,,,,,,,ACTIVE
6c05f9c4b50546f2fe2ce45af234cded,98b19ded-e03d-4fb2-8590-feea34e2dcff,,,,,,,,,,,,ACTIVE
9b9de055ed32687441c69d66af7dfe22,98d4552e-5b21-4d21-b11f-dc5b8430b0bd,IND-000364,Karnal,Haryana,1981,IND-000467,Panipat,Haryana,1991,FORMED_FROM,,1.00,ACTIVE
8c259614a0318d54b0013c3ef47ca872,98e00dfd-2184-41bf-ad64-c291921ffc3a,,,,,,,,,,,,ACTIVE
3bfadd71c1800eec01c7f6042da65c68,99245661-93c0-49ab-a6f5-51a34e1cdc59,,,,,,,,,,,,ACTIVE
a9068e8b34b4f9ad18ab96ef74d4a39f,99576adc-b35b-4c8a-a3b1-8408a29e8192,IND-000275,Banda,Uttar Pradesh,1991,IND-000574,Chitrakoot,Uttar Pradesh,2001,FORMED_FROM,,1.00,ACTIVE
d97d48f87a34b1794cf291f39cb771ab,998d38e2-8b5e-4504-a088-f263495a00f6,,,,,,,,,,,,ACTIVE
be05ebf45be927aca4b3975b7f2d7d15,99a04927-0f98-4b22-8f59-c84e923c5288,,,,,,,,,,,,ACTIVE
647cf856bf203554ae9faaad0870d489,99d43ce7-9037-40b9-aad4-e9cab165baa2,,,,,,,,,,,,ACTIVE
8a13464fda81720d93e367b1bc467ab3,99ef0550-df40-44e7-996d-f242feb6b409,IND-000130,Manipur,Manipur,1961,IND-000344,Manipur North,Manipur,1971,FORMED_FROM,,1.00,ACTIVE
ead29dd37eeeb982e03201330410d254,99fe6e08-0280-4666-8bc4-9752e5a59450,,,,,,,,,,,,ACTIVE
f46e4bf4159f925721d5a6ccd8c49408,9a0e3d84-0f53-43cf-8f2f-e9bbe6bfa236,,,,,,,,,,,,ACTIVE
83d9c029a1b49cade8e73176429b79c2,9a4f00f7-d4d0-4456-8dee-b0a06d517eaa,,,,,,,,,,,,ACTIVE
11ffeda75dbafc3e41ee46d40cee9f93,9a58b082-9198-4d0d-b81b-a777e1d0f64c,IND-000769,Durg,Chhattisgarh,2011,IND-000834,Balod,Chhattisgarh,2021,FORMED_FROM,,1.00,ACTIVE
4459af1ff2c8b24600e4d2c129f831cc,9a5bd530-899d-46ee-9989-41876c2d0a7f,,,,,,,,,,,,ACTIVE
4fd914f29a5730d9ea844e7962ce813a,9a5c76b3-3c0c-4d9f-bd4e-0f120b7b53af,,,,,,,,,,,,ACTIVE
f9106b5b6193244276249c9d54bbdf16,9a889d8a-8888-4371-8f9d-e3c9d958713a,IND-000245,Hoshiarpur,Punjab,1991,IND-000534,Nawanshahr,Punjab,2001,FORMED_FROM,,1.00,ACTIVE
359f24c53f3ac405ccfc21b4b2d2a512,9a973c3a-bd47-4310-a819-c6b1c9a42de8,,,,,,,,,,,,ACTIVE
1e3c671da1c66b21b179f1abe73e537a,9b01942a-20af-417d-8f47-087065b11fe8,,,,,,,,,,,,ACTIVE
bfef4a285af36a0b03d14c657d53abc8,9b2e96a6-b07a-4b3a-af4d-dbcf18998b7a,,,,,,,,,,,,ACTIVE
c843492f06bd4371eeb1944f405046ff,9b52c649-4c9c-48c7-8549-95e991f16a18,,,,,,,,,,,,ACTIVE
3db6f6c97919daceca5b27b0b1705d5d,9b5cbf7b-704b-42ed-8402-0eac8281640a,IND-000390,Imphal,Manipur,1991,IND-000609,Imphal East,Manipur,2001,SPLIT_FROM,,1.00,ACTIVE
af7ded7e5fb9c149af1f3e00fe04a353,9b5fa074-24ff-4acb-b79c-be90509f9235,,,,,,,,,,,,ACTIVE
ad11ae1dae2775101fdb7bb46a0fe6dd,9b710ebd-e4ce-440e-b950-ec507cdfe926,IND-000803,Tirunelveli,Tamil Nadu,2011,IND-000893,Tenkasi,Tamil Nadu,2021,FORMED_FROM,,1.00,ACTIVE
6bfe76d2e6979079ee617857816b0231,9b96f0c9-7acd-4f48-8af1-59c58bdcb50f,,,,,,,,,,,,ACTIVE
17aeec24a51a17465cb8ac1e418e9e04,9bfef0fe-5e0c-4750-a9f0-a15879e2deee,,,,,,,,,,,,ACTIVE
2887074efa85742c7aa7bdd066efc07e,9c4b80eb-8d1d-4746-a482-383c32b131ce,IND-000347,Manipur Central,Manipur,1971,IND-000504,Bishnupur,Manipur,1991,FORMED_FROM,,1.00,ACTIVE
6a6fe5cb8c904e7a6d1e9e8125f447a4,9c4cc4c2-a237-4381-b9f0-f1511a7ee3af,,,,,,,,,,,,ACTIVE
b22e687004120de4d7913f706aee361f,9c536b7b-5589-4f32-a7ed-2a42bd9e61ab,,,,,,,,,,,,ACTIVE
aad664b2dfb5391b085049a9651bf274,9c7d1ac2-ad98-44df-9953-5332e9684b39,IND-000890,Kameng,Arunachal Pradesh,1971,IND-000405,West Kameng,Arunachal Pradesh,1981,SPLIT_FROM,,1.00,ACTIVE
f7d8aca70d2c572dc4f2149b4b415167,9c9e7a94-f4e0-4129-a379-b0d7f5fd3bef,,,,,,,,,,,,ACTIVE
050e7787e81da38fd0c6359fd084d526,9cafbae0-d284-4c9b-a636-20e759a47834,,,,,,,,,,,,ACTIVE
539484df147602b12ba2cd72ce42186f,9cd0263b-f69b-4746-ae22-894b56e3f25c,IND-000269,Kanpur,Uttar Pradesh,1971,IND-000918,Kanpur-nagar,Uttar Pradesh,1991,FORMED_FROM,,1.00,ACTIVE
37b47f8df00a157a571a86f9ffbcbdf9,9cfee1e0-a12a-4781-9e04-0243dffba016,,,,,,,,,,,,ACTIVE
7dba414dfb264c8638d2e9f7f090884b,9d04dcbc-0988-4aa1-97ef-29607e0ba335,,,,,,,,,,,,ACTIVE
aa8a308773a238c2b8868046acf4403f,9dbd0974-d9eb-45b4-98b4-30d0c06e0af9,,,,,,,,,,,,ACTIVE
9a9fe73a7ea20771ec0d3ea604a00210,9dc80b24-7f56-4265-a16e-e5b7f1609f46,,,,,,,,,,,,ACTIVE
2496d96a462fc4a46f54bd9aa9f9e1e7,9edd8541-000e-4184-bbfe-a416a0312940,,,,,,,,,,,,ACTIVE
0519cf48b77373b90b88696667e521d5,9ee0418a-a8c5-4919-a9dc-1f3da534a16b,IND-000434,Aurangabad,Bihar,1981,IND-000515,Satna,Maharashtra,1981,FORMED_FROM,,1.00,ACTIVE
4082439382913bedcf9dca103d447437,9f1207d3-e6ca-4724-b53f-b7bb557665b7,IND-000230,Koraput,Orissa,1991,IND-000647,Rayagada,Orissa,2001,FORMED_FROM,,1.00,ACTIVE
3e910365cd400d0fe1d3e2475dc6d91b,9f1e5c7f-a21e-42dd-974e-9f605e53f0d3,IND-000603,East Siang,Arunachal Pradesh,2011,IND-000883,Lower Siang,Arunachal Pradesh,2021,FORMED_FROM,,1.00,ACTIVE
5a80e2aa4fa06129cd118eed644ae941,9f3804ac-8465-47ea-aad4-e28c2b1bd5ef,,,,,,,,,,,,ACTIVE
ac575096a72c3ec712874e98570ef84c,9f61c6dc-deaa-4c5b-9180-7278890f5aaf,IND-000755,Sivasagar,Assam,2011,IND-000861,Charaideo,Assam,2021,FORMED_FROM,,1.00,ACTIVE
b793e8333388ef3f1c54285bc7452e44,9f747e6f-8a9a-4b53-b3e1-431810e69cfa,IND-000118,Santhal Pargana,Bihar,1981,IND-000489,Deoghar,Bihar,1991,SPLIT_FROM,,1.00,ACTIVE
3503fc1eaa749be5759d8bea79a0f70f,9fd0970d-55a3-41aa-b700-38bec2f0b762,,,,,,,,,,,,ACTIVE
fdade87a7f93c014262d4c36c8b1f89a,9fe5d3bd-19b5-4b77-b6ed-2750cc500cb5,IND-000398,Chhimtuipui,Mizoram,1991,IND-000614,Lawngtlai,Mizoram,2001,SPLIT_FROM,,1.00,ACTIVE
be91c77a9e3f54545e85c8503d337ed7,a015a9c8-c519-415f-8fc3-6944fd77d429,,,,,,,,,,,,ACTIVE
e1c6ebb0d6ffedc34609877dcdec806a,a08769bf-432c-4ebc-82fb-f30f5fdb1ba6,IND-000116,Delhi,Delhi,1991,IND-000555,East,Delhi,2001,FORMED_FROM,,1.00,ACTIVE
6c0d144995abfb1250f7d86e986e65c0,a0981562-6ea9-46e8-9789-bd3a2cb24d54,,,,,,,,,,,,ACTIVE
9d50002def36a03700a3f0c4173a9e7b,a0a56f88-9603-44e2-b066-6a747b6d5973,IND-000531,Thanjavur,Tamil_nadu,1991,IND-000719,Nagapattinam,Tamilnadu,2001,FORMED_FROM,,1.00,ACTIVE
68026dbff68a2a494d8778024911489c,a0eb050e-5fb1-4c81-a5ac-4621f5281e40,,,,,,,,,,,,ACTIVE
16026be35f5d29a06aac675121e54664,a17a092a-308d-4be1-9745-4cc9dc8d69e0,,,,,,,,,,,,ACTIVE
0650a6ec78261987d41fcd320265dfb3,a17d9fb3-3f9c-4f80-81de-7a9df5514ecb,,,,,,,,,,,,ACTIVE
dc78e65547090460b0bfc7c932fa346b,a1ff70c7-ca4d-4d47-98a4-18743a7350ba,,,,,,,,,,,,ACTIVE
a699622cd971224d258e0a1b50d704e1,a20d2d11-33b9-4baa-89dd-bbb49b197656,,,,,,,,,,,,ACTIVE
ea6868d83bb1055d73c1119e21ae36d5,a251131f-8c93-4c79-993f-3b2521503e0c,,,,,,,,,,,,ACTIVE
64a0f5bf9570d6fd3ff90e7c4db5eb8b,a25229f3-5d76-486d-934e-b781948fc1a7,,,,,,,,,,,,ACTIVE
dc85f7c39c52db89dbcaa8ab96dce767,a268ef0a-b42c-49ba-b172-b213fe9dc5a9,IND-000143,Jammu and Kashmir,Jammu and Kashmir,1951,IND-000340,Udhampur,Jammu and Kashmir,1961,SPLIT_FROM,,1.00,ACTIVE
ab35dfe60ca37e82d168bdb5305d095f,a289464b-6aff-4b56-802b-0bc726b510f9,IND-000150,Ahmedabad,Bombay,1951,IND-000362,Gandhinagar,Gujarat,1971,SPLIT_FROM,,1.00,ACTIVE
702294e4593ec438d6bbcee9a69295d2,a29a2c5b-5db0-4088-a8c5-ac5b6a911fea,,,,,,,,,,,,ACTIVE
da92f5307778327be6db519f495430cb,a2b8967f-200d-4393-980f-9ae772d4ad9b,IND-000432,Bhojpur,Bihar,1991,IND-000592,Buxar,Bihar,2001,FORMED_FROM,,1.00,ACTIVE
85e2d46e8280bf4972199bacdc760089,a2c24185-acd8-4864-8d43-1205ca55af34,IND-000084,Udaipur,Rajasthan,1991,IND-000564,Rajsamand,Rajasthan,2001,FORMED_FROM,,1.00,ACTIVE
5f12443c97b38b279a9b17a4fb4dfc70,a2faa7d4-0cdf-45cc-b410-4df034a7c7d4,,,,,,,,,,,,ACTIVE
55aa4d6b8d0105be9e4eb99ad00cfb22,a3314608-660c-4492-88f2-db87b5073bf5,IND-000347,Manipur Central,Manipur,1971,IND-000390,Imphal,Manipur,1991,SPLIT_FROM,,1.00,ACTIVE
11f3633cf11fd59ba437df24f5b43b99,a33c4bc3-ba14-454d-866a-d8135dff08e6,,,,,,,,,,,,ACTIVE
a0be147efa56b4725bf4c718e6bfece1,a34946a6-19b4-4575-b2a1-e7d7d73a28b1,,,,,,,,,,,,ACTIVE
8ed449afa07612214e2bd848c30a49ef,a386376f-7d42-4d79-8401-10d2431a0018,,,,,,,,,,,,ACTIVE
b6ab38c73bb7e99cab7d25e449d90266,a38e121a-a1fc-4e9b-8756-2149826604f3,IND-000777,Sabar Kantha,Gujarat,2011,IND-000848,Aravalli,Gujarat,2021,FORMED_FROM,,1.00,ACTIVE
60bc9a57d856a8bc71d8559c0429b1ef,a39b6151-85b3-40c7-9a88-2e8e79bccdd2,,,,,,,,,,,,ACTIVE
ed43c2b20742f2077a130a55c325420f,a3d1d4a9-2e38-4b21-aab0-b794e42138a6,IND-000348,Ukhrul,Manipur,2011,IND-000839,Kamjong,Manipur,2021,FORMED_FROM,,1.00,ACTIVE
e82e9330a020aae4fb0e1b36d709a9db,a4107320-26bb-47ec-a37a-e63c0e1ab741,IND-000107,Gaya,Bihar,1981,IND-000492,Jehanabad,Bihar,1991,FORMED_FROM,,1.00,ACTIVE
10bce844a8df03fbdcea33a59fc5946d,a44d1dd0-6ca2-446d-9fd1-b4d3f04b1afe,,,,,,,,,,,,ACTIVE
63d4cb1cf0a2b5fc8640282a2175a7c8,a4bcd8a6-1b6c-45d9-9aaa-8031bef5c841,,,,,,,,,,,,ACTIVE
6b0c166cbb926eddcd65352e80e5d478,a4e205a1-61e9-41d2-a77a-7ce27b36485e,,,,,,,,,,,,ACTIVE
58f6f4a02d64553ff2a07cd684264bc9,a4f1dd5a-35b0-4819-a98d-604504b627cd,IND-000228,Sambalpur,Orissa,1991,IND-000633,Bargarh,Orissa,2001,FORMED_FROM,,1.00,ACTIVE
d996ebfaf400147287a25ec855ba4d65,a533239c-5153-497d-b3dc-e885053d706f,IND-000225,Cuttack,Orissa,1991,IND-000637,Kendrapara,Orissa,2001,FORMED_FROM,,1.00,ACTIVE
a3c4418b484c1eebc83a009c718a2452,a537339d-7a92-4f66-b6b4-b719f4949c65,IND-000398,Chhimtuipui,Mizoram,1991,IND-000614,Lawngtlai,Mizoram,2001,FORMED_FROM,,1.00,ACTIVE
320b035d8dfe3b7ff0d0199570cf5dfd,a5ab1912-76c2-450f-8404-d3e52cc9bacc,,,,,,,,,,,,ACTIVE
157eb759356d167d60ad68001f85691e,a5c46434-e1c2-406a-b39f-1fcd6ba03e24,IND-000255,Bulandshahr,Uttar Pradesh,1971,IND-000416,Ghaziabad,Uttar Pradesh,1981,FORMED_FROM,,1.00,ACTIVE
6fa67dfc9b2b636bb5642dd67d432294,a5ea9ea8-d3f3-4686-9144-396c794b7b7e,,,,,,,,,,,,ACTIVE
8cc6a881dec0ce62a753f7376d67a081,a5f7ca5b-6963-4a19-9d3c-40e0bb5f3618,IND-000423,Jorhat,Assam,2011,IND-000862,Majuli,Assam,2021,FORMED_FROM,,1.00,ACTIVE
80b91eed5d97d05d407595c3b96ee7a9,a6254cf4-6064-442d-a7ba-7b97bbd89728,,,,,,,,,,,,ACTIVE
7759178199475d5dba76993fdecdc55b,a638752a-f852-48e5-95c3-46efce0a4ccf,IND-000890,Kameng,Arunachal Pradesh,1971,IND-000406,East Kameng,Arunachal Pradesh,1981,SPLIT_FROM,,1.00,ACTIVE
2f4ed8330ff47976175a84b4a4ec6e54,a64606c2-425b-46ab-b582-012423033fe0,,,,,,,,,,,,ACTIVE
3ef71488d12397725fb0696d1cdfcd7a,a65e59fc-b035-48a5-84c3-fe138980b7e5,IND-000396,Aizawl,Mizoram,1991,IND-000611,Kolasib,Mizoram,2001,FORMED_FROM,,1.00,ACTIVE
ce0a5b05760f1524ae9beb491f734aa9,a689edca-f4f5-4c42-a505-64e241e9754a,IND-000747,Kurung Kumey,Arunachal Pradesh,2011,IND-000866,Kra Daadi,Arunachal Pradesh,2021,FORMED_FROM,,1.00,ACTIVE
c4507ae14cc7a5f2e05a6b6612d2e4bb,a6b5d506-1f60-477e-af22-56455b003d62,IND-000479,Lalitpur,Uttar_pradesh,1991,IND-000573,Mahoba,Uttar Pradesh,2001,FORMED_FROM,,1.00,ACTIVE
2453a35ac78a390b7ecfd15fcd5d0ada,a6fa356a-05a0-46b6-a501-c1fe841a5321,IND-000367,Kangra,Himachal Pradesh,1971,IND-000453,Una,Himachal Pradesh,1981,FORMED_FROM,,1.00,ACTIVE
115b9c542b3bf316b78f71ad18428b95,a74622c7-199b-4771-b150-4009791ee4d3,,,,,,,,,,,,ACTIVE
d4dcaa7ba83962eec5e375352b500702,a7fea005-d996-42b7-bcb9-cb6e8eade2b0,,,,,,,,,,,,ACTIVE
a21eaf31f4ad8b5a5538e024f9fec23d,a85d2cac-ca9e-4ab3-b03b-c834c9a0548b,,,,,,,,,,,,ACTIVE
6e72285e4edd66ef2bf5e44fc216b058,a85f9dd0-6c30-4c42-b562-4ee6356464da,,,,,,,,,,,,ACTIVE
5d006459054a4291b1a559dd8df885d9,a8944c2a-ee83-49ef-b95a-c0df2427a22c,,,,,,,,,,,,ACTIVE
15ac41d880c0378a248adff7a555c606,a8fac086-983c-4774-85a1-a2ba5ede31f3,,,,,,,,,,,,ACTIVE
533e74049ccd596ef4ac8925de396303,a91de970-04ed-421f-a1c3-0e03bef58749,,,,,,,,,,,,ACTIVE
b6a32b5a6153186a416b2836a446b0bd,a95e5ae4-7317-4519-9f48-c0f8c35da321,,,,,,,,,,,,ACTIVE
a88f20bf779f6a16305d8c9edaea259e,a978a046-99bf-4476-b397-22ec3eef37fd,IND-000143,Jammu and Kashmir,Jammu and Kashmir,1951,IND-000322,Ladakh,Jammu and Kashmir,1961,SPLIT_FROM,,1.00,ACTIVE
6ea14f232e5221776165de5b99441707,a97a1bed-a54a-4e5a-8b00-e0ca7f49ced1,IND-000422,Sonitpur,Assam,2011,IND-000863,Biswanath,Assam,2021,FORMED_FROM,,1.00,ACTIVE
ad02f9acf914f152b5dcd1ccbc16e8b7,a9d083aa-a3c8-4c69-81e5-5552b5fdc61d,,,,,,,,,,,,ACTIVE
a906f364189cb7f437724401950e1077,a9eee4a4-a17f-4cc0-8d49-2a6320fcb882,,,,,,,,,,,,ACTIVE
dd6e2c8a970f9142de06d1c6fd410cea,aa420601-161f-419c-a64a-6ff4ef076526,,,,,,,,,,,,ACTIVE
c54b0af6fed3eec5e251885def2e9e27,aaa7acd8-fbe0-48f9-921d-5e47ff11a742,,,,,,,,,,,,ACTIVE
f6196852fe18732a416c911f01dff883,aad118f7-ca91-417e-9f09-08d5c5674b6e,IND-000398,Chhimtuipui,Mizoram,1991,IND-000615,Saiha,Mizoram,2001,SPLIT_FROM,,1.00,ACTIVE
e933962895c8759d8fbceb96eff50083,ab0d18d1-dc72-48de-aa24-66694e1ba056,,,,,,,,,,,,ACTIVE
cbee24578f6a4b21cf59594bfae7ddfd,ab1f6581-dbb4-4238-bc29-23f56414c7c7,IND-000347,Manipur Central,Manipur,1971,IND-000505,Thoubal,Manipur,1991,FORMED_FROM,,1.00,ACTIVE
097cd450bf3d21898255a82355b2b403,ab54f6ba-7fb7-4bdd-ada3-a82bc3dbef4b,,,,,,,,,,,,ACTIVE
e2c9a8deb180c8bdbf16e0f827ce95ed,ab773a22-e0c7-4e3a-bd34-7c346c759fb0,,,,,,,,,,,,ACTIVE
da31ca6b39d3057f1698f05b9a289e7a,abc4cea8-3652-456e-a4af-0a028dfd2375,IND-000018,Goalpara,Assam,1981,IND-000419,Kokrajhar,Assam,1991,FORMED_FROM,,1.00,ACTIVE
805fe52527f1ed28d80358b693eb5949,abdae3a7-2ab7-4b71-ad11-0d34a593847b,IND-000024,United Khasi and Jaintia Hills,Assam,1961,IND-000391,Jaintia Hills,Meghalaya,1981,FORMED_FROM,,1.00,ACTIVE
691d3c8f60358ca417a8734e30b4b9b8,abecba6f-00df-4c8c-a91b-44a1c1fe50ca,,,,,,,,,,,,ACTIVE
e5a93e9ea7309955b50fbb39a8b10ef2,abf25537-52de-429c-a8cb-1e2300c19e5c,,,,,,,,,,,,ACTIVE
43af5a24163bab7ce2c0f8d6bad467ad,abf2ecaf-7f6e-4b5e-bd9f-db043cbd855f,,,,,,,,,,,,ACTIVE
39c87d5a2ab09dca0661d203e9000f3c,ac201052-38d2-48c2-ad0d-38c074247128,,,,,,,,,,,,ACTIVE
105e9b1f0b6035ecbbd6b2a73018c3f7,ac3cb67f-3383-4a54-9ea1-0d932480085c,IND-000340,Udhampur,Jammu and Kashmir,2001,IND-000730,Reasi,Jammu and Kashmir,2011,FORMED_FROM,,1.00,ACTIVE
b2fd5e392b40a752be587fb97b545278,ac407450-1148-47b6-85e1-0799da1ee749,,,,,,,,,,,,ACTIVE
df089f1304e43105e1ef7896ae0e3735,ac44ba36-d6fa-4730-b29a-0a89b6a86814,,,,,,,,,,,,ACTIVE
d5b001d50df01921a3beedf6d16dbb43,ac63f9e4-f679-45a1-995b-30ab4a1a9b7e,,,,,,,,,,,,ACTIVE
a9f1ea3ae0a353e27d4a7a4ec549d1db,ac81a85e-8023-4527-aed4-6a5cf320e1fe,IND-000811,,,,IND-000825,Siddipet,Telangana,2021,FORMED_FROM,,1.00,ACTIVE
b36cda9c3a1da0e70245dfafa88da208,ac97c6ac-2547-43d7-8253-3a424ebff2cf,,,,,,,,,,,,ACTIVE
7524a420e576897c98808ce40f2586ce,ad02d109-6fbb-4dd7-9fc8-bdbb6542c45a,IND-000703,Chitradurga,Karnataka,1981,IND-000704,Davanagere,Karnataka,2001,FORMED_FROM,,1.00,ACTIVE
cf57378efa70bc2c95de07206e245407,ad4447dc-d962-48c9-9271-094ac97de81f,IND-000407,West Siang,Arunachal Pradesh,1981,IND-000603,East Siang,Arunachal Pradesh,1991,FORMED_FROM,,1.00,ACTIVE
5c141772106e6330590f48ea9005d845,ad921dd0-5f47-4355-b3ee-55dccec8f8de,IND-000360,Hazaribag,Bihar,1991,IND-000763,Ramgarh,Jharkhand,2011,SPLIT_FROM,,1.00,ACTIVE
4026e6bb2e4aa43e76b60a43361a43a3,ad95f972-f170-4062-8724-ef51f4dbae3b,IND-000403,Bhatinda,Punjab,1971,IND-000404,Faridkot,Punjab,1981,SPLIT_FROM,,1.00,ACTIVE
674570fa01d3b73e412fad828ff0c15d,ade8e0b0-46bc-4c1c-aa65-a17b24e71142,,,,,,,,,,,,ACTIVE
0910af3556e86a41d5b5f9b8d93124d2,adf3fc0f-853f-463a-9692-e9abcf596932,IND-000650,Surguja,Chhattisgarh,2011,IND-000845,Surajpur,Chhattisgarh,2021,FORMED_FROM,,1.00,ACTIVE
f8173c1191721c4c3d3691eaf2184548,adf7dedc-5678-481b-b72a-b881ad284091,IND-000130,Manipur,Manipur,1961,IND-000345,Manipur West,Manipur,1971,SPLIT_FROM,,1.00,ACTIVE
3c6e7dab1e6bcaa68b80aa56a365b6e4,adfed07f-6b8c-44fd-a297-3d525af6d359,,,,,,,,,,,,ACTIVE
cdb006dce85e723a45f7e7c768314992,aef76f53-c36a-4769-87a0-a3ea43c1c835,,,,,,,,,,,,ACTIVE
8a74c9a37864a8565ff9ccbd1b35280f,aefc08e8-7278-4711-be12-62022eea3b10,,,,,,,,,,,,ACTIVE
d562340176e753dc4ae6a46ae7976a5e,af47b02f-a31b-4de5-9e12-37c3e2a4ed37,IND-000329,Diu,"Goa, Daman and Diu",1971,IND-000709,South Goa,Goa,1991,SPLIT_FROM,,1.00,ACTIVE
608ef6ea94ed93617843c9280d4af284,af690fb4-0a56-4b32-956d-a6cf1b2030ce,,,,,,,,,,,,ACTIVE
38f07b99ab77f01435324d6e58070d93,af80eca8-ef88-40df-b51a-4396a7b026b6,IND-000701,Dharwad,Karnataka,1981,IND-000700,Kodagu,Karnataka,2001,FORMED_FROM,,1.00,ACTIVE
56400a1b16a544ecd6e67dd4900005fa,afb3a071-f943-42d3-9b25-70239a96f155,,,,,,,,,,,,ACTIVE
32b7342c111f1e128d3dab50e4fa1a60,afe4b946-11a5-48eb-847d-fde2f0c361cd,IND-000347,Manipur Central,Manipur,1971,IND-000390,Imphal,Manipur,1991,FORMED_FROM,,1.00,ACTIVE
970b72b31a6add4cc86c8507849a19e7,b0120f4c-7cec-4a68-9182-c429d0975fb2,IND-000180,Chhindwara,Madhya Pradesh,1951,IND-000323,Seoni,Madhya Pradesh,1961,FORMED_FROM,,1.00,ACTIVE
6ae4bca0a9679bfc654b4cdf9acac824,b02ee172-a3ea-4d35-9c5e-8bdac473851f,IND-000093,Rajkot,Saurashtra,2011,IND-000879,Morbi,Gujarat,2021,FORMED_FROM,,1.00,ACTIVE
031d595bd32fe7eee1047e3c3abfd990,b0a162fa-d19d-4d81-9ea2-5a307f4428fa,,,,,,,,,,,,ACTIVE
ffcac59664a87766ee89486399299270,b0eb3bad-efba-4e78-b141-31729cb1f64a,,,,,,,,,,,,ACTIVE
ce69e3942343ce530839bd09dee3bac7,b107e7d8-969e-4bd5-88a4-437b67ab275d,IND-000483,,,,IND-000486,Sonbhadra,Uttar_pradesh,1991,FORMED_FROM,,1.00,ACTIVE
758bce3b8ddadb79535fa647ead42b0a,b156d368-4bd3-4e95-8599-bbdd40f7781d,IND-000226,Baleshwar,Orissa,1991,IND-000645,Sonapur,Orissa,2001,FORMED_FROM,,1.00,ACTIVE
d919acd5d94cf8d755fbe544f9e9e2b3,b1a89ee2-f50c-4725-b993-78248afd86b4,,,,,,,,,,,,ACTIVE
d6135534c3272af09f32e463523890d1,b1b63888-c5c8-4d41-983e-628daefebac4,IND-000449,Gurgaon,Haryana,2001,IND-000743,Palwal,Haryana,2011,FORMED_FROM,,1.00,ACTIVE
afcd05a28a4e85ebf522f04fab4ae0ff,b1ec38d1-20de-44ba-bf8d-46c456af33fb,,,,,,,,,,,,ACTIVE
f2f716fd0531d409311a5184c72c8400,b2553a04-c3c5-416b-a3c0-8ca1280540fd,IND-000242,Ambala,Punjab,1961,IND-000349,Ropar,Punjab,1971,FORMED_FROM,,1.00,ACTIVE
dfc17a820bbffa08efd9dd133ff44e77,b2977884-40e5-4eb8-9c4d-2fefa5a3ed12,IND-000609,Imphal East,Manipur,2011,IND-000869,Jiribam,Manipur,2021,FORMED_FROM,,1.00,ACTIVE
b2d54d050dfa6882280801fc1f8193e9,b2b118cd-91ea-41aa-87b9-19b6bef96236,IND-000481,,,,IND-000476,Firozabad,Uttar_pradesh,1991,FORMED_FROM,,1.00,ACTIVE
e8a4b89eca23c9c86c76a7cda382255c,b2b20add-3b4d-4d3e-848e-f576c167a7d7,,,,,,,,,,,,ACTIVE
9826602ef58e88405254cee32421a17d,b2b7eb9a-cb0a-4534-a366-b5d18f6d5bf1,IND-000487,Varanasi,Uttar_pradesh,1991,IND-000585,Sant Ravidas Nagar,Uttar Pradesh,2001,FORMED_FROM,,1.00,ACTIVE
b477e6eb24a4dbd4adce5636d8ab3d73,b30a352d-8541-4876-bd68-3911f1dfdce9,,,,,,,,,,,,ACTIVE
e9f6c300982ff052545d4baa9f958e0f,b33caefe-bed3-448c-90ba-b804b3123f71,,,,,,,,,,,,ACTIVE
3062afe2218c3faea87dbf90e5b37a23,b3a80fb6-0f0c-48a9-bd48-c29fab94a485,,,,,,,,,,,,ACTIVE
dca6e3208bb86ef9004178e8b4952fcb,b3fcd793-922e-4e06-99d5-e32faa66ef0b,,,,,,,,,,,,ACTIVE
ca035029492f19f40b9f49c154b7f396,b449492f-e958-4576-8adc-21044c40c0dc,,,,,,,,,,,,ACTIVE
01ae9cc1f926c592493507c331935241,b456ed55-2871-46c6-91cf-33a51eea366c,,,,,,,,,,,,ACTIVE
8d98e069859fb056caca5f643ff60b7b,b4d03807-ff3d-4722-aa85-20757f438c38,IND-000409,Lohit,Arunachal Pradesh,2001,IND-000749,Anjaw,Arunachal Pradesh,2011,FORMED_FROM,,1.00,ACTIVE
e731cffeb42d015dec92960ef519e2dd,b4d87243-88ff-4013-bfb0-8009bbc05409,IND-000332,Warangal,Andhra Pradesh,2011,IND-000816,Medak,Telangana,2021,FORMED_FROM,,1.00,ACTIVE
ca5bb9e1dca65cbf8cdfa0f31abaa956,b50e6452-8af0-4a95-89fe-da14af358fd6,,,,,,,,,,,,ACTIVE
1339d8dcec35bc9daadab2696b02d690,b51c213b-6f15-469d-ae78-c6abfcf5b269,IND-000415,Ramanathapuram,Tamil Nadu,1981,IND-000527,Kamarajar,Tamil_nadu,1991,FORMED_FROM,,1.00,ACTIVE
d7967f73253a3927961ade828bba288b,b54078c4-eb81-41f8-95bb-f9ada9abbcd9,IND-000522,,,,IND-000898,Bangalore Rural,Karnataka,2001,FORMED_FROM,,1.00,ACTIVE
8073c05203393b6cfbad75b8ba3ea82b,b58eb440-4477-4b2f-8eb4-95be20469f9f,IND-000394,East Garo Hills,Meghalaya,2011,IND-000855,North Garo Hills,Meghalaya,2021,FORMED_FROM,,1.00,ACTIVE
27c073e28049193dc4b9292c67a896d1,b5902bc1-0c94-4031-9f24-8175443f77f0,IND-000359,Purnia,Bihar,1981,IND-000494,Kishanganj,Bihar,1991,FORMED_FROM,,1.00,ACTIVE
e9b5ea1df1d7a74b06644e59861a5472,b593f6ad-f6a3-4568-8df8-eb9e1fd77afa,,,,,,,,,,,,ACTIVE
11514208b672ace0466725af5c313014,b5e24260-e276-47cd-97a1-b2ab3b78fb89,,,,,,,,,,,,ACTIVE
548a8935adeaf5243d0e68017767a023,b622248f-a38e-4a95-858b-639b4cb21f98,IND-000366,Hisar,Haryana,1971,IND-000450,Bhiwani,Haryana,1981,FORMED_FROM,,1.00,ACTIVE
d4e5281909f82402684f9df2f226ef9f,b637b31d-e552-4b19-ae83-9c2444e509a5,,,,,,,,,,,,ACTIVE
574efef31c5b840160a9e09154b97c11,b6533711-237f-4fdd-8c9c-f2ff1e65057e,,,,,,,,,,,,ACTIVE
8e8d1721a9a07ca4e0a3e7f22d9d9c84,b661da75-34ef-4baf-90b2-55ed25443b2c,IND-000409,Lohit,Arunachal Pradesh,1971,IND-000408,Dibang Valley,Arunachal Pradesh,1981,FORMED_FROM,,1.00,ACTIVE
73ae13ab4d0cf90451e145fffb9060c0,b68e432d-3516-45c2-94b1-49c08f0c8188,,,,,,,,,,,,ACTIVE
83b436e888a1872a0265f06a286a3dc1,b6c0ca4f-8ecc-4666-a61c-85539eab5b27,,,,,,,,,,,,ACTIVE
954befeb9d4432ffbda156e4ae18bebd,b7472fa2-8b9e-4c8f-8f7d-936c1907793a,,,,,,,,,,,,ACTIVE
20bfd20da0fa68ced617cca846746052,b751a57a-3dc6-496f-929e-d23ebbdd86ef,IND-000186,Hoshangabad,Madhya Pradesh,1991,IND-000673,Harda,Madhya Pradesh,2001,FORMED_FROM,,1.00,ACTIVE
07cb603f479474bea5c5c1be5acb2d96,b793006b-9e89-47fe-9e43-c733d8745b2f,IND-000116,Delhi,Delhi,1991,IND-000597,South,Sikkim,2001,FORMED_FROM,,1.00,ACTIVE
d888466ca893a5aac444a5675f38c9a8,b82b944c-821a-4982-89cb-1c27421a95bf,,,,,,,,,,,,ACTIVE
667e786f669e7bbb05125fa406684970,b84d8a3e-ca16-4422-a158-b8d5bfb6fcaa,,,,,,,,,,,,ACTIVE
6f1484e3ab138442c11c978af3d04647,b85b08fc-41f7-44c3-b813-3ebdd67a3873,IND-000249,Amritsar,Punjab,2001,IND-000733,Tarn Taran,Punjab,2011,FORMED_FROM,,1.00,ACTIVE
b13f4cae5db4fa50ce82142b1ea1bade,b8843595-8ab4-46a0-8c65-a8bf4bb5addb,IND-000141,Sikkim,Sikkim,1961,IND-000937,West District,Sikkim,2011,SPLIT_FROM,,1.00,ACTIVE
2bfcb206ab795ef8029baa5cefd49c44,b89be0a0-dbe9-4938-9bb8-a99c539469a3,,,,,,,,,,,,ACTIVE
266dbff27574823709b6b4f0298e874c,b8ac3175-6978-478c-86ed-75c3ce981a36,,,,,,,,,,,,ACTIVE
cdb2e2fdd2890c1953362d073b94e097,b8b8b375-02d4-4b63-9335-ab1e10b07ad3,IND-000349,Rupnagar,Punjab,2001,IND-000734,Sahibzada Ajit Singh Nagar,Punjab,2011,FORMED_FROM,,1.00,ACTIVE
fff993f3fd7aa58b3f710116d973821a,b9739609-f30b-42d7-bd67-c023bf5fa402,IND-000672,East Nimar,Madhya Pradesh,2001,IND-000776,Burhanpur,Madhya Pradesh,2011,FORMED_FROM,,1.00,ACTIVE
e30c3757b13741f305b935ae2e3114c3,b97e82fc-8351-4d63-8df2-9754bbb90104,IND-000376,Ernakulam,Kerala,1971,IND-000381,Idukki,Kerala,1981,FORMED_FROM,,1.00,ACTIVE
a8f6dfb967d69eb0031a09a5e0b436a1,b9dc2bc1-b59b-474f-baf1-9a5d973abe1f,,,,,,,,,,,,ACTIVE
31b69b43c339e46275caabbe4ef5cdd2,ba13e49c-61ea-4dd0-bdee-00789f41a6ff,IND-000445,Munger,Bihar,1991,IND-000591,Sheikhpura,Bihar,2001,FORMED_FROM,,1.00,ACTIVE
ee735ef24028116d225d4f9b8129e3ee,ba1917d0-d852-475d-8ec5-3a0abfdb8471,,,,,,,,,,,,ACTIVE
ad2cf6058c9b84a4a35300cc54e017f7,ba1a9425-92e1-44a1-a6a7-7be34b595617,IND-000212,Malabar,Madras,1951,IND-000335,Kozhikode,Kerala,1961,FORMED_FROM,,1.00,ACTIVE
b3e4610a2defad58adbcf515cda04f66,ba3fe8d5-0dee-48d6-a023-0751ef3123f4,IND-000339,Doda,Jammu and Kashmir,2001,IND-000729,Kishtwar,Jammu and Kashmir,2011,FORMED_FROM,,1.00,ACTIVE
9006bccc173ea53603883cc796c58fcb,ba4fff59-5c35-4b6f-a102-826b432523e9,IND-000665,Shahdol,Madhya Pradesh,1991,IND-000664,Umaria,Madhya Pradesh,2001,FORMED_FROM,,1.00,ACTIVE
19e7cb8c07ded3512ecb0c6b7a063df0,bab7809e-2fc0-486d-9d74-96474e6a4dbe,,,,,,,,,,,,ACTIVE
d6c0dc0985cadf9c2e9074f57e047480,baffbecd-946b-45f8-b64d-e5a507d39d0a,,,,,,,,,,,,ACTIVE
7da4fadb414c3317e98fa0bf48a1d912,bb0968ae-240e-4392-b420-1a3c66bba671,IND-000305,Medinipur,West Bengal,2001,IND-000760,Purba Medinipur,West Bengal,2011,FORMED_FROM,,1.00,ACTIVE
271352fc966398c560529e254e40cbc4,bb1e4033-cddd-4ec9-adc5-85e8b3ba23d8,,,,,,,,,,,,ACTIVE
63f90da3e42e2f0eeebaea371b16744c,bb6a750c-cb63-4f83-8948-84b1c9bde38b,,,,,,,,,,,,ACTIVE
4d826f7f951fd272c4a715f89ec27493,bb8142ae-a83f-4536-8c7c-78296ed4a042,,,,,,,,,,,,ACTIVE
c4f2e7a1387587352997b2b60706fd74,bba75740-8799-44d9-abf0-ec83bf72c367,,,,,,,,,,,,ACTIVE
5f2c641a3f3d51091a1653aae2b27c30,bc002874-3f31-4bf1-a190-8c55f596211b,,,,,,,,,,,,ACTIVE
d0094f09c74089641fc662dbe29de85a,bc39088c-934d-427e-b4dc-16fa635e0e52,,,,,,,,,,,,ACTIVE
48df55d4643a40cb310b9d302d847d73,bc71d75c-420c-4048-a0c5-db359c3c03e7,IND-000231,Phulabani,Orissa,1991,IND-000643,Kandhamal,Orissa,2001,FORMED_FROM,,1.00,ACTIVE
8405e33ae5af902e358315d0573f3cb6,bc733457-62fc-4019-8184-19b25e745356,,,,,,,,,,,,ACTIVE
75efa6fa6638971a93b0fca4594e3f5e,bcc6c824-d57f-49fd-b4e1-68f5f2fd6cd8,IND-000002,Mahbubnagar,Hyderabad,1951,IND-000828,Wanaparthy,Telangana,2021,FORMED_FROM,,1.00,ACTIVE
404d4a42031540fcafbf6326a64fc0c4,bcef730e-ae90-4acb-b46c-12cd11e11934,,,,,,,,,,,,ACTIVE
adeecf9f4b51377416d82a76aa9c73b9,bd006fc3-4634-4848-9a05-596e6d4f3744,,,,,,,,,,,,ACTIVE
dc7c6ed2bca5f6a8f48fe27a484cd92b,bd431289-c40f-4ae2-86b3-d86a75fdd0a3,,,,,,,,,,,,ACTIVE
fc8b031200a7788eaa7e797756050c5d,bd5ac5fc-097e-44c8-a3ca-b598df378c5d,,,,,,,,,,,,ACTIVE
a6687918b84359069127b182bc6245f4,bd94ec90-d0cc-459a-81ed-1cb515324c54,,,,,,,,,,,,ACTIVE
2ad78d8c0fa096538e2c9f7f43136302,bd9f4a92-18da-4163-8e25-397a5ef07292,,,,,,,,,,,,ACTIVE
822d159568a651e7ac831ed1422d4ba9,be2b3b82-da4f-445e-a1e7-359a0071e852,,,,,,,,,,,,ACTIVE
203b30524996ba8f12081892dec85629,be62b96f-8a86-4baa-bed6-a19817ee4a8f,IND-000118,Santhal Pargana,Bihar,1981,IND-000498,Sahibganj,Bihar,1991,FORMED_FROM,,1.00,ACTIVE
848b156c712b6ee470df6b0b3c2e1b41,be93d1d1-d98b-4ec8-8505-bad7d778770b,IND-000540,,,,IND-000541,Rudraprayag,Uttranchal,2001,FORMED_FROM,,1.00,ACTIVE
0dd4ab7e02b5ce2df1b0a22e9b236b98,be9747d2-5e42-426b-ad09-0f38c4d82e68,IND-000341,Tuensang,Nagaland,2001,IND-000750,Longleng,Nagaland,2011,FORMED_FROM,,1.00,ACTIVE
cff95f25c1c728ca027c09912d39cffa,be9a6b5b-4b77-4f17-85dd-28b979b0de34,,,,,,,,,,,,ACTIVE
1697fcde6f2fe9868c033618425571c3,befbb401-114e-42c6-8ddb-8ad3ada37b8a,IND-000296,Bahraich,Uttar Pradesh,1991,IND-000577,Shrawasti,Uttar Pradesh,2001,FORMED_FROM,,1.00,ACTIVE
02479ef155794240efd3c6c7c0612bc5,bf08daeb-e2a6-4df3-adf2-24a66a806306,,,,,,,,,,,,ACTIVE
0463589822167fe41cfb7dbfd0549c78,bf2aee88-be8e-42d0-99ed-1c2cd73d5f82,,,,,,,,,,,,ACTIVE
bc2f69c31f17528b4ff4f8bd256092bb,bfb82e32-e16f-41c2-a60d-e8bce6369dc3,,,,,,,,,,,,ACTIVE
c242f04849de0d6090fdbe412ba4df15,bffa9ec5-5a04-4127-83d7-3a83d332ba58,IND-000312,West Dinajpur,West Bengal,1991,IND-000620,Dakshin Dinajpur,West Bengal,2001,SPLIT_FROM,,1.00,ACTIVE
c9b5a2f21f1b91711bfb6af9b99e6c40,c004e142-a8c7-418a-8ce1-3af758f13553,IND-000385,Morena,Madhya Pradesh,1981,IND-000033,Chhatapur,Madhya Bharat,1991,FORMED_FROM,,1.00,ACTIVE
2754ce359ad0f0a3705a78bdb0877d8c,c019f07e-4a2b-448a-a935-9d9279d7c3b0,IND-000018,Goalpara,Assam,1981,IND-000506,Bongaigaon,Assam,1991,FORMED_FROM,,1.00,ACTIVE
3045249a14eac37a36ecfe700033fa11,c0249205-a3ec-4947-be91-5b40547c9208,IND-000116,Delhi,Delhi,1991,IND-000596,West,Sikkim,2001,SPLIT_FROM,,1.00,ACTIVE
69ff9c9cc9eb343a54239dd830461f2a,c0546caa-414c-4194-bbae-689362bad9b4,IND-000818,,,,IND-000830,Yadadri Bhuvanagiri,Telangana,2021,FORMED_FROM,,1.00,ACTIVE
45b9380e3d83d7a54fe2a1930085bbbe,c0d378b4-20e0-4402-a84d-b07364f1580a,IND-000115,Saharsa,Bihar,1981,IND-000496,Madhepura,Bihar,1991,FORMED_FROM,,1.00,ACTIVE
b8d703818ebacc3c85dbfe82034ebd78,c1056f69-1359-4387-9005-01ca18b8be51,,,,,,,,,,,,ACTIVE
f79227b4b801aec60df0e342014c0147,c1082167-a5a0-4dd0-8a05-e2b14b804853,,,,,,,,,,,,ACTIVE
63687a7b30afe2fdd37516148876e3f3,c121addd-804e-4e9b-a419-4e7860e282a8,IND-000019,Kamrup,Assam,1981,IND-000420,Barpeta,Assam,1991,FORMED_FROM,,1.00,ACTIVE
f767ec97fab603d4d66173533c2e4727,c1369045-0ff1-42de-a57e-5714f795e0cc,IND-000122,Dhanbad,Bihar,1991,IND-000629,Bokaro,Jharkhand,2001,FORMED_FROM,,1.00,ACTIVE
b5903d5ccbcc9fbb2aa18a4d901074c3,c157c743-b032-4f32-950b-eae6c31d7c98,,,,,,,,,,,,ACTIVE
0ad55929657d5df7d68c2176658c6cbe,c2167ff1-ea53-429d-94f1-aed98fb1eb78,,,,,,,,,,,,ACTIVE
e9dc78bf1b63772b870702b99d8afe5c,c21f5f1b-9576-4e8c-bbe9-e3e0b9123325,,,,,,,,,,,,ACTIVE
5cab3f23ebffd2d8f842122c11d6bdc3,c23f08dd-708e-4029-b712-cd397b4f58ed,,,,,,,,,,,,ACTIVE
32707ffcc98d57708e8a0e930235c0e2,c2837a36-b285-4202-962a-47b946b52c26,IND-000334,Srinagar,Jammu and Kashmir,1971,IND-000428,Badgam,Jammu and Kashmir,1981,FORMED_FROM,,1.00,ACTIVE
3ef97016e5ff4eca262ff3487e203f68,c285ee1b-d90c-49c4-b5f7-c4a48b4fb825,,,,,,,,,,,,ACTIVE
1dec3eaf15a57f4391194378d9dfa736,c375ba12-91c3-4df7-9352-2ff204a17ed8,,,,,,,,,,,,ACTIVE
1bfd04f7b10f6eb24bf4753441a27136,c376ba7b-b43f-4658-8e3d-ae133a859646,IND-000473,,,,IND-000485,Siddharthnagar,Uttar_pradesh,1991,FORMED_FROM,,1.00,ACTIVE
3c34f8443091b58cab746c61c10e992c,c378689d-2162-4cce-97e6-dcd4a3a6fa7c,,,,,,,,,,,,ACTIVE
7df26001a966cb5bcd5515756047643b,c40cafb2-2ec0-4882-9906-ddbd903f8588,,,,,,,,,,,,ACTIVE
110e32359ecfa0a54f792d4a88539656,c45d31f5-ba86-48f6-b2db-3879dc48e185,,,,,,,,,,,,ACTIVE
d9bd9f2cbbc42c1fe1ff52fd117af58e,c4b7e400-da02-42ef-87f6-d55c3a8125c9,,,,,,,,,,,,ACTIVE
12650a3451afaa15c151bdcd2dcf18fb,c4ccbb91-2a14-41f1-9aa1-9be79679c518,,,,,,,,,,,,ACTIVE
61d80dbfae648053b945ffe5ff21ea6a,c506a507-92f1-41dc-901a-7a40ea8bcf00,,,,,,,,,,,,ACTIVE
6a765c852e525e19b4dcee5c3bde947f,c509b69c-bea4-405f-a9c6-5570b3dbe6af,,,,,,,,,,,,ACTIVE
284df5437d89f6bea63f9bf451d6dfdc,c53dcb64-5c5c-4944-b082-06bd861501e4,IND-000814,,,,IND-000889,Narayanpet,Telangana,2021,FORMED_FROM,,1.00,ACTIVE
bc08c2918519915dd5a3c1a6efd05334,c5f0e0a7-500f-4e16-aa7d-562a695bde99,IND-000024,United Khasi and Jaintia Hills,Assam,1961,IND-000392,East Khasi Hills,Meghalaya,1981,FORMED_FROM,,1.00,ACTIVE
579eb42dc766a2586d634741b4193e25,c5f4bdec-3d54-48c5-a253-88fdd4f2237a,IND-000130,Manipur,Manipur,1961,IND-000348,Manipur East,Manipur,1971,FORMED_FROM,,1.00,ACTIVE
4d9c3c940cf587dafa0ff56d9011da49,c5f524a5-0847-40a1-a809-b5c9ae3f7952,IND-000714,,,,IND-000715,Namakkal,Tamilnadu,2001,FORMED_FROM,,1.00,ACTIVE
4c1e194cddb72a9bba9c8bde7e1a83d6,c62f0269-2129-44b0-98c9-63dba213d276,,,,,,,,,,,,ACTIVE
7c5fc9042a947af84cc40d05d731a343,c6b76829-dd10-4585-88cc-3fd8c1254182,,,,,,,,,,,,ACTIVE
6d242be06e07da77eb16d6e72aa35847,c6b9d243-e257-4de5-99dd-200aec5cb97d,,,,,,,,,,,,ACTIVE
6687c143d0cf93ef486efe582c61c008,c74d8665-6264-4d95-8328-49e8356753bf,,,,,,,,,,,,ACTIVE
395cf711557ea11761aad93f80476132,c78f812e-64d4-462d-a9fd-5cf5636f2fdc,,,,,,,,,,,,ACTIVE
35e25dda590068e334672316477b80ba,c7a26a5b-e69d-4277-b892-cb9587df3311,,,,,,,,,,,,ACTIVE
dd3b27a4e92f72438697175c93341249,c7d2cdd3-4479-4984-8c2e-ab4109cce4e1,IND-000532,Tiruchchirappalli,Tamil_nadu,1991,IND-000716,Karur,Tamilnadu,2001,SPLIT_FROM,,1.00,ACTIVE
0fa7fb3839fce325c267df0360b81c93,c7d7da70-585f-43ee-8618-9c28407b6998,,,,,,,,,,,,ACTIVE
0d652489ef24d75f1ce1c664f9b6b34d,c7e89bc8-b0df-4fac-ae3b-b18c9a0cfa4e,IND-000498,Sahibganj,Bihar,1991,IND-000626,Pakaur,Jharkhand,2001,FORMED_FROM,,1.00,ACTIVE
bf5a83f09a8e0ac49071af6e6badc432,c842a552-cadf-4fc9-9424-59b02f398fd1,IND-000345,Tamenglong,Manipur,2011,IND-000872,Noney,Manipur,2021,FORMED_FROM,,1.00,ACTIVE
6be5583a4137aca905c20c6697115b21,c85dbaff-0607-404c-96e4-0f2f26811191,,,,,,,,,,,,ACTIVE
f6c8c5f2235f47af3bb80174a23c596a,c86c4cc0-13b5-4e77-8fa1-57a5f2aa1489,,,,,,,,,,,,ACTIVE
717f9987461b2313a93536b83cbd4275,c8755bfb-91b9-49a9-ad61-ef4009fc9f10,,,,,,,,,,,,ACTIVE
023478425ef120c152a4b6e8765ae349,c890b71c-192c-461a-949e-c96066f9f6fc,IND-000662,Dakshin Bastar Dantewada,Chhattisgarh,2011,IND-000891,Sukma,Chhattisgarh,2021,FORMED_FROM,,1.00,ACTIVE
649e3f990832fb3b03dcd8ced3a5495f,c8952077-97aa-4898-b7b0-69e45207a201,,,,,,,,,,,,ACTIVE
5be867f29c8c35d7c01ebca2a0707eaa,c895ec68-54be-4fca-9ce3-c112d7e32dff,,,,,,,,,,,,ACTIVE
d4a5241fbcdf7c32408208b8eb2c037a,c8b39090-25ea-460f-95de-2763d32266f0,IND-000010,Cachar,Assam,1981,IND-000509,Hailakandi,Assam,1991,FORMED_FROM,,1.00,ACTIVE
9b8fd885acdc2c9bc75f0b4b6773c543,c8b74a4b-f9ed-428b-bf90-b54bbd27e4f5,,,,,,,,,,,,ACTIVE
8c74d8888129548a39df2172bf7901aa,c8c0b7dd-a1a3-4b80-b226-a1e8e6ca648b,IND-000472,,,,IND-000482,Mau,Uttar_pradesh,1991,FORMED_FROM,,1.00,ACTIVE
d38771c11a9265d4c858ff5de8d36277,c8f69520-688a-4298-9116-0e4f2d94c621,,,,,,,,,,,,ACTIVE
a91222d3e078049578be12d8fc613d21,c90c91d9-8688-4e72-a77a-6f56b6372d7a,,,,,,,,,,,,ACTIVE
4a09f2f832a1b6887c714fc62c80bf93,c924ea3f-20a3-4d25-824f-dba4e19fe0fe,,,,,,,,,,,,ACTIVE
c69998acf693439cef18aa6f41d87c35,c92c5513-f102-4e4b-a44e-e691a3705c4d,IND-000661,,,,IND-000660,Kanker,Chhattisgarh,2001,FORMED_FROM,,1.00,ACTIVE
d8aef1778139095b3dae85197d97268c,c937a010-63af-492f-9e33-79670c456840,,,,,,,,,,,,ACTIVE
1d4db8cf27c7d602864971fec17ebef8,c97bc74e-a010-4316-88c4-f70c491fd895,IND-000044,United Mikir and North Cachar Hills,Assam,1951,IND-000356,Mikir Hills,Assam,1971,SPLIT_FROM,,1.00,ACTIVE
d1c37c6469cc1ff00dd379e066cc2897,c982e7b2-2976-47e6-95aa-e65341962095,,,,,,,,,,,,ACTIVE
f35fd3a39f2212e2783bd8a6ed81f0b2,c9a2789b-d744-4949-a86a-7f26e6e21f96,,,,,,,,,,,,ACTIVE
0be5e7346946ae92021e471ab8d5acdc,c9ba2f5f-48dc-4606-9184-139628552762,IND-000532,Tiruchchirappalli,Tamil_nadu,1991,IND-000717,Perambalur,Tamilnadu,2001,FORMED_FROM,,1.00,ACTIVE
d12ee084cfdae28857703bdad3ee6a7c,ca589753-4a18-4d26-9e3d-c01158e780c1,IND-000124,Singhbhum,Bihar,1971,IND-000631,Pashchimi Singhbhum,Jharkhand,2001,FORMED_FROM,,1.00,ACTIVE
9fb656c194e1cde5519f83d72185d908,ca80deb0-03e4-44a2-8660-43dccc7641fa,,,,,,,,,,,,ACTIVE
6b29d78b983d56b625e252ee9ab889a1,cac824a5-b1f4-4be6-9ec3-480b5abd1eec,,,,,,,,,,,,ACTIVE
498dc4bbba976ab51d9b79e101f21fff,cad89170-fc17-4191-8ae1-4763ec902a5e,IND-000409,Lohit,Arunachal Pradesh,2011,IND-000867,Namsai,Arunachal Pradesh,2021,FORMED_FROM,,1.00,ACTIVE
78a689127eaf0ced3b73f82a6d2d889d,caee3e28-8614-4d11-8812-65c5dd9d1372,,,,,,,,,,,,ACTIVE
2019d1c6681fe62cb6c1424ed6693619,cb1742da-d2b6-4a9b-855b-19c5d40812fc,,,,,,,,,,,,ACTIVE
02787aa0361fc3d982a1271a0bcd01b7,cb1920c5-7fef-4aac-b00d-74b0d6d1937f,,,,,,,,,,,,ACTIVE
15ef21c568dbb54d23b400cbb2efba8c,cb1c59e1-28b2-4fe4-a941-493f6171fb94,IND-000116,Delhi,Delhi,1991,IND-000595,North,Sikkim,2001,SPLIT_FROM,,1.00,ACTIVE
44d872ef87d8f48ce1399fedadd3d28f,cb313e7a-c5ff-4895-b708-38d66dfbce16,,,,,,,,,,,,ACTIVE
3b74d9df5223bae4ff87c57b6887f923,cbb90321-2cde-498a-93bf-979d6cff4e16,IND-000388,Ratnagiri,Maharashtra,1981,IND-000517,Sindhudurg,Maharashtra,1991,FORMED_FROM,,1.00,ACTIVE
d0cbd5200e06b72d7f280e6f8bb419c7,cc279ae3-29e3-4379-be37-6b3fa65018a4,IND-000424,Dibrugarh,Assam,1981,IND-000511,Tinsukia,Assam,1991,FORMED_FROM,,1.00,ACTIVE
e555a782c6ec65b8d36bd9e2d1cd7371,cc32d82d-1145-484f-abcc-09191cd45d90,IND-000681,Panch-mahals,Gujarat,1991,IND-000682,Dohad,Gujarat,2001,FORMED_FROM,,1.00,ACTIVE
a374dc69c4ce46471debb379ae7d769e,cc630202-debc-4bfb-b66a-a9d497564653,IND-000339,Doda,Jammu and Kashmir,2001,IND-000728,Ramban,Jammu and Kashmir,2011,FORMED_FROM,,1.00,ACTIVE
ba19fddf762b63bc77e6d4d17a80abf9,cc78c592-1cf5-4815-81bd-757127bd8abf,,,,,,,,,,,,ACTIVE
3c9218c5b49072ab207164efd5564840,cc88a02b-91e0-428f-ac62-d246dda4d500,,,,,,,,,,,,ACTIVE
1453be74920e1539634dc61f931559ca,cc96183f-ee74-4dc8-af9f-0223185da0c9,,,,,,,,,,,,ACTIVE
900e235c1eb3f904084d96e45c01db03,cd20d14d-36a5-403b-adc9-b9e7e123cf58,,,,,,,,,,,,ACTIVE
e8c303939590b1d87a1e7fe2437ccaf6,cd7a8980-c9c2-4d1a-ae74-203826ab3f5e,,,,,,,,,,,,ACTIVE
edfd99d96c8ebb9975fa6d9713555810,cd7bd567-5ea3-4175-aebb-44f5df587322,,,,,,,,,,,,ACTIVE
63572fa80545a7aa3ebf50e19a00650d,cd9db67c-d572-4eaa-a90c-df1e1a9323b1,,,,,,,,,,,,ACTIVE
4a424c6d88fb3deba2ddbaf0c47c712c,cda74b70-1b64-4b00-8cd4-1a17bc33e8b6,IND-000657,,,,IND-000658,Mahasamund,Chhattisgarh,2001,FORMED_FROM,,1.00,ACTIVE
f3aa3f2073688e876ce49ac9868c8e88,ce1beb02-63af-4b0c-a81d-a8145c908957,,,,,,,,,,,,ACTIVE
a0a2e9874343b02d46a9ede807afaf2e,ceb0957b-31ba-43d7-8e26-d1ba634ded80,IND-000450,Bhiwani,Haryana,2011,IND-000907,Charki Dadri,Haryana,2021,FORMED_FROM,,1.00,ACTIVE
644c6005e97ed55b00c0fc4fad928a03,ceb1b5de-9195-4424-b612-d32f43d28965,IND-000108,Shahabad,Bihar,1971,IND-000433,Rohtas,Bihar,1981,FORMED_FROM,,1.00,ACTIVE
363ac164d0a4afda39cb18afb259761a,cf328dfe-4b6a-472c-815e-c4145cabe5e9,,,,,,,,,,,,ACTIVE
97218c7236c785bede92fda58fb6b78e,cf8cc53b-e06e-421c-98d6-53032c022ba9,,,,,,,,,,,,ACTIVE
de354ea0947c81681e4541424dbe7391,cfe15f88-a976-4bd7-911f-165d495e2e26,IND-000411,Coimbatore,Tamil Nadu,1981,IND-000801,Tiruppur,Tamil Nadu,2011,FORMED_FROM,,1.00,ACTIVE
a29b090a0bd71e642bd32311f1d2bb23,d0552555-5d0e-4084-a17f-0424d2962f5d,IND-000191,Durg,Madhya Pradesh,1971,IND-000656,Rajnandgaon,Chhattisgarh,2001,FORMED_FROM,,1.00,ACTIVE
f116aa3a695890e60097fc7c8887c4be,d0629089-f038-44b9-ad1e-9d77a94cc37b,,,,,,,,,,,,ACTIVE
b7e54f4705fe145e5ebb6f40de8d91f6,d0892f39-6eb4-4277-ba88-b90e5b5a0b02,IND-000833,Viluppuram,Tamil Nadu,2011,IND-000892,Kallakurichi,Tamil Nadu,2021,FORMED_FROM,,1.00,ACTIVE
8a9ca97d65f6422d01f2e87a3b6530dc,d0958797-522c-410a-9f3a-6ecb69e95025,IND-000302,Barddhaman,West Bengal,2011,IND-000900,Purba Bardhaman,West Bengal,2021,FORMED_FROM,,1.00,ACTIVE
f4b83760fb6513763f6c289d889d8bfe,d0be964c-9184-475b-b398-b0b7dc190a48,,,,,,,,,,,,ACTIVE
430a2c756d5f384f2d14265251d0223e,d0e20f52-5729-438d-9a6b-210affe3f1ee,,,,,,,,,,,,ACTIVE
2c90c447b8d35931b56bcd52148a265b,d0e73d6c-2249-4511-8f8d-9358040d44f9,,,,,,,,,,,,ACTIVE
3d0d81202751df64ca6f46bde7d80ef9,d0ee6ee5-9464-430f-93e8-9de7ec47dda8,IND-000115,Saharsa,Bihar,1991,IND-000588,Supaul,Bihar,2001,FORMED_FROM,,1.00,ACTIVE
d92942c2df2a0ee2c6ac002061c1173f,d10f9dae-e7dc-49e9-862f-b9cbe22f472f,IND-000429,Baramula,Jammu and Kashmir,2001,IND-000725,Ganderbal,Jammu and Kashmir,2011,FORMED_FROM,,1.00,ACTIVE
4fe68caaa4abd67750bd0cba2ebfb6d5,d137f9b2-a871-447c-8a0d-43bb9927413b,,,,,,,,,,,,ACTIVE
26ddd73aecd4c7347652b446751592a0,d14ca541-a16c-425b-93ca-ffdf8425f12e,IND-000308,Twenty Four Parganas,West Bengal,1971,IND-000924,South Twenty Four Parganas,West Bengal,2001,FORMED_FROM,,1.00,ACTIVE
8ae1adb80757175858990f2d941f9077,d1558dd1-5739-43b5-853a-99dc02ee52ff,,,,,,,,,,,,ACTIVE
e6b614d52d44b703c6677a41c9bfcb0f,d15ed765-11c1-4bf8-a3e3-4b2d2fe0fa64,IND-000312,West Dinajpur,West Bengal,1991,IND-000619,Uttar Dinajpur,West Bengal,2001,SPLIT_FROM,,1.00,ACTIVE
7ec01242746cd4d77a068ac561dc8c03,d166799c-8c31-4f8a-8077-d31ecc6dd0e9,,,,,,,,,,,,ACTIVE
835eeca47deceaddaee37b6365b4c0ca,d194478d-a3bf-4a67-8369-988c5933a16e,IND-000694,Parbhani,Maharashtra,1991,IND-000693,Hingoli,Maharashtra,2001,FORMED_FROM,,1.00,ACTIVE
8d9fe7ac3e82e8cd51edb6e5bc1a8b4e,d1980451-2581-415a-89a2-5a38e68cd050,,,,,,,,,,,,ACTIVE
0f8979e0afd449d7d85d86d88080fd9f,d1caa0fa-beab-473a-a426-3f5ab61ce786,,,,,,,,,,,,ACTIVE
c158234dea269dcc3a4a510a4eb18297,d1d2c275-6c65-46c2-8baf-2a88222a3b8d,IND-000327,Surat,Gujarat,1961,IND-000686,Valsad,Gujarat,1971,FORMED_FROM,,1.00,ACTIVE
f1aeb1a3b4fe3d313ea1cb07da261f22,d1ef5f30-8eb0-41b6-804a-4ad37f4c055a,,,,,,,,,,,,ACTIVE
466d660a1aaaec6dade4523ccee75c9c,d1f6110e-47f0-4e6b-ac3c-a6c032b4cca5,,,,,,,,,,,,ACTIVE
462c07d28bacab6b53892d3a353a9995,d20ff19c-fe7b-44cd-97ca-35e304eefcdb,IND-000689,Akola,Maharashtra,1991,IND-000690,Washim,Maharashtra,2001,FORMED_FROM,,1.00,ACTIVE
14d3de57fc4f1302286cbf46198bf0a5,d289a1ff-2330-4841-9678-b3300ff862d9,IND-000360,Hazaribag,Bihar,1991,IND-000623,Chatra,Jharkhand,2001,SPLIT_FROM,,1.00,ACTIVE
0b4c2cad149c0bd42b436fb842b9edec,d2d2b179-638e-47e5-8a36-96c257fbbc03,,,,,,,,,,,,ACTIVE
01f8db7c215c92cebfa2adc01c8d309a,d30a0df7-b20d-4e4a-914c-5d0f63faf101,IND-000322,Ladakh,Jammu and Kashmir,1971,IND-000425,Kargil,Jammu and Kashmir,1981,FORMED_FROM,,1.00,ACTIVE
a5d5b68422c283a8c86a733b67f8443d,d3243590-d339-4c0d-bf59-07c899b20e46,,,,,,,,,,,,ACTIVE
c7be587717ddb12209139c927f863e95,d3bff707-d836-420b-aef0-6eef115861e5,,,,,,,,,,,,ACTIVE
565d52755ba8fc14b7d5bc2ca9b89029,d3f4ab31-f7af-49b1-a430-64e185b30ee4,,,,,,,,,,,,ACTIVE
fdcba45fee3edeafc69b85cb155ce930,d405bed1-dcaf-407a-a1a4-bbe72e0b3cd1,IND-000201,South Arcot,Madras,1991,IND-000713,Viluppuram,Tamilnadu,2001,FORMED_FROM,,1.00,ACTIVE
78ac8c901a90cb8df822d26f5757fc98,d4083c81-446c-4364-96a1-8b668304d7e0,,,,,,,,,,,,ACTIVE
985bc23fe182ee82741b80084a3da0f0,d416755b-a9df-4967-9aef-a2fba0379ab3,,,,,,,,,,,,ACTIVE
e990c053fc99192eabd6107a3f1212b6,d4187a8c-487e-43bd-b8f4-e12eed34090e,,,,,,,,,,,,ACTIVE
a9b0cf342d9d954c8bbd6fb3b5d97bc3,d42ecb2b-ba78-4e39-8f5f-11e4c47047fa,,,,,,,,,,,,ACTIVE
f822d2dc58d0e2505fe37ee72532679b,d47b69fa-c7ab-4c53-9763-6f69b6203766,IND-000806,,,,IND-000906,Kumuram Bheem,Telangana,2025,FORMED_FROM,,1.00,ACTIVE
2cefd549d4bc9ce239c8ade2ecec783c,d4a351ed-a384-443b-a68d-538ddf34663d,IND-000390,Imphal,Manipur,1991,IND-000608,Imphal West,Manipur,2001,SPLIT_FROM,,1.00,ACTIVE
d6b37b66bf487deb10dff6d71ec5f404,d4b983b8-7912-440b-a224-04a38aad406b,,,,,,,,,,,,ACTIVE
73e19766674fd89620ab5bf9a0e03b98,d4e3ffd7-19df-4977-86ab-981d80f81b3c,IND-000283,Basti,Uttar Pradesh,1981,IND-000580,Sant Kabir Nagar,Uttar Pradesh,2001,FORMED_FROM,,1.00,ACTIVE
c18a7edd138c8332b440194d613ecc28,d5125885-a63a-45a2-a441-fbf26cc284cf,,,,,,,,,,,,ACTIVE
b9b589caf12b720f6399b661a8bc52ac,d5783d84-5243-41ec-b227-acb89d40abf6,,,,,,,,,,,,ACTIVE
f48856320a92e28118f2d4524b063b19,d59778cb-c936-46f5-bf5c-33f9bd969e17,IND-000044,United Mikir and North Cachar Hills,Assam,1951,IND-000357,North Cachar Hills,Assam,1971,SPLIT_FROM,,1.00,ACTIVE
41661f42c0fa0cb846bce75a6485d599,d5eff0cb-ff9d-4a66-b5ca-787f2a6ddacb,IND-000654,,,,IND-000929,Janjgir - Champa,Chhattisgarh,2001,FORMED_FROM,,1.00,ACTIVE
8bbd07f826d214fed906f0c9a45ff8b7,d5fb28d4-6dd7-49fd-b3c3-e0d4931ef142,,,,,,,,,,,,ACTIVE
79f72389adc85d24f92940a35bb53f09,d6200a85-6829-4480-b995-6cb31902f15b,,,,,,,,,,,,ACTIVE
7575b7ee9db9d220db875561241334de,d697ec0b-afd6-49a1-9957-09feb47c2b44,,,,,,,,,,,,ACTIVE
4f50b004262d1ff5a1b822ffcd9d0392,d709260a-fa8b-48c9-8ee0-29c52dc26c22,,,,,,,,,,,,ACTIVE
5686eabf492120ab1d2fe2cf413f58c7,d72007a5-1020-4121-bccf-713b099faaf3,,,,,,,,,,,,ACTIVE
e266dba926d77b9f0dd4cf8e813a4ddf,d7288eac-7a5b-4036-b542-2e5a811d45e5,IND-000116,Delhi,Delhi,1991,IND-000552,North West,Delhi,2001,FORMED_FROM,,1.00,ACTIVE
827747170f53717fd5474fbff741e934,d756fde2-21fa-4436-8fcb-f4b61389efc9,IND-000112,Darbhanga,Bihar,1971,IND-000443,Madhubani,Bihar,1981,FORMED_FROM,,1.00,ACTIVE
f4235b6cecf0a9cb45c5ceefa5b740c8,d7bee9e7-4f8d-4414-9a86-4cfa2ceab8bd,,,,,,,,,,,,ACTIVE
3fd78bb130d4926080ef5f0961d4563a,d7ce07ae-e7c9-4457-b42d-d0a4182ef00c,,,,,,,,,,,,ACTIVE
3bbe858abe9355a1d722581b591df12c,d7eaff56-69e9-4bbf-89b1-ca4f6c7a516a,IND-000242,Ambala,Punjab,1961,IND-000325,Chandigarh,Chandigarh,1971,FORMED_FROM,,1.00,ACTIVE
3920482ac9ca3291671b2b30643baacf,d7f17335-0957-4efc-b812-1c43007be50f,,,,,,,,,,,,ACTIVE
3ac2f14923f387087a89098d4f8bc169,d80f1d95-fcad-4f60-a793-bfb9b8866b7b,IND-000256,Aligarh,Uttar Pradesh,1991,IND-000569,Hathras,Uttar Pradesh,2001,FORMED_FROM,,1.00,ACTIVE
a2cde2f69b1218a12f54cfa262f70b96,d88193a7-6cbd-4397-a2d5-9b3ce952526a,,,,,,,,,,,,ACTIVE
0d9fb62e62cd63caacc3b9dbd6a1dc38,d8c5d120-d4b5-47fd-9fff-dfd295f58838,,,,,,,,,,,,ACTIVE
0052513b6fd03d723b54f25476183c91,d8f01972-1535-4451-82c4-07aa1832b3dd,IND-000803,Tirunelveli,Tamil Nadu,1971,IND-000525,Chidambaranar,Tamil_nadu,1991,FORMED_FROM,,1.00,ACTIVE
a8229d4fa3b42cffadfc4e98e10dada4,d91a7114-5319-497e-920f-75be62a9ab21,,,,,,,,,,,,ACTIVE
71199bd8db879c5859f674895224dac4,d92963ea-7d86-4c68-8d06-c7fe4fefef44,,,,,,,,,,,,ACTIVE
de3dbc7a3a428c4dd0532c527c57e3c0,d9424ffd-dc8d-4e1b-b97e-700417a918eb,,,,,,,,,,,,ACTIVE
7985ac5bc64a5175f9a55b7be2e49e11,d9476df2-7efb-4539-9bcd-199128a25c7d,IND-000130,Manipur,Manipur,1961,IND-000345,Manipur West,Manipur,1971,FORMED_FROM,,1.00,ACTIVE
8b0917cebf464a059348f9c126a611a0,d950787d-b5fc-4349-867b-8fdc3ed81031,IND-000023,Lakhimpur,Assam,1981,IND-000507,Dhemaji,Assam,1991,FORMED_FROM,,1.00,ACTIVE
57417ae2e942ee8128afe95cf32228bb,d960b4d3-b2ef-4cfb-a65e-a8a2fc04008e,,,,,,,,,,,,ACTIVE
8a70189dc881c54ce5043819928591ff,d9692acd-e5d4-4b0e-bf71-56b681dd99bf,,,,,,,,,,,,ACTIVE
c241f2deb1649f0326434948b7ba011c,d97261f7-b39f-4704-a5bc-2171af2f47ed,IND-000227,Puri,Orissa,1991,IND-000641,Nayagarh,Orissa,2001,FORMED_FROM,,1.00,ACTIVE
744c8f0c0e5959959544d19e60d4be0a,d995868b-ff7b-4c4c-89cc-0f1f7a27b9d2,,,,,,,,,,,,ACTIVE
b07d8fa1c26bc2debed8b4146dcc600b,d9fd71c0-359f-4918-993c-6e071d0aa0bd,,,,,,,,,,,,ACTIVE
0d29c797036ae53a1f1531da9e28a03b,da0781f4-670e-467f-958f-8bfafe8d853a,,,,,,,,,,,,ACTIVE
da0fd08cb128bd399cd71ff5c8cf9cca,da2b9d1a-c744-457c-b58f-17a144f81284,,,,,,,,,,,,ACTIVE
5b4530ce0f28faf32908d5a245df35bd,da2f1571-3fbe-4785-b5ab-c2bf88cd9f24,IND-000818,,,,IND-000905,Jangoan,Telangana,2021,FORMED_FROM,,1.00,ACTIVE
25d8d1637c5afdb11b286a25cca98c12,da35f9fd-69ea-4edb-9449-b9e268fb94bc,,,,,,,,,,,,ACTIVE
c13241808620c1f3b0b95c4b18812a77,da4bc425-856a-413a-95b6-e647676bbe34,IND-000356,Karbi Anglong,Assam,2011,IND-000865,West Karbi Anglong,Assam,2021,FORMED_FROM,,1.00,ACTIVE
fdb28812761f21f64f99011230a87eca,da4f7fc3-b10f-40d2-b4f5-b00152823c37,,,,,,,,,,,,ACTIVE
af99834b492157127af2709ba29d6e34,da7bef8a-24ed-40bd-94c8-9d4d0a1f5bb0,,,,,,,,,,,,ACTIVE
5804be06f507b243380f1ded9d884edd,da8778f4-c6bc-4530-8bb5-edf7c2151397,,,,,,,,,,,,ACTIVE
c1c7378d84c32aecce27a4efd52ca8ef,da8903f9-fa3c-416e-b571-4bf3a28bf922,,,,,,,,,,,,ACTIVE
8d840ff063cf6d03c9d73ae6ed1ea9df,dac4eb8f-ae42-451b-81d8-15fb26affdfe,IND-000379,Sehore,Madhya Pradesh,1971,IND-000386,Bhopal,Madhya Pradesh,1981,FORMED_FROM,,1.00,ACTIVE
d2478184b71a8174554f7fa18ddb26da,dae500e1-2c34-46cd-aeb5-e2a2bad2f8de,,,,,,,,,,,,ACTIVE
644f91aca449dd7e5e8b1746edb50488,daf024e4-4c8f-481f-a4f0-4a2cba4d7576,,,,,,,,,,,,ACTIVE
d277ef5ecbc4b1254782ea36d1f31f55,daf29bd4-4acd-499a-ab5d-13753c0bf866,,,,,,,,,,,,ACTIVE
ebd245f855bbd407d81ad2142598219e,db065b56-4284-4aad-b6e7-1d8d3f92535d,IND-000352,Thanjavur,Tamil Nadu,1971,IND-000413,Pudukkottai,Tamil Nadu,1981,FORMED_FROM,,1.00,ACTIVE
c25aa2367ea2c1fe27486a599a55db4d,db3b1555-b274-430e-998a-28aff22a834d,IND-000387,Hyderabad,Andhra Pradesh,1971,IND-000823,Ranga Reddy,Telangana,2021,FORMED_FROM,,1.00,ACTIVE
0bb92499095f0f0fadd7ce67e02a42ab,db56cd8b-6c9e-40a4-a754-febc35b1c262,,,,,,,,,,,,ACTIVE
f60cde49436171f55a841b18a13f6d43,db8cf9b2-6805-4622-a6c6-eb3a0b99ac97,IND-000377,Alappuzha,Kerala,1981,IND-000524,Pathanamthitta,Kerala,1991,FORMED_FROM,,1.00,ACTIVE
65968ec89f03cb382fde096bc4219007,db9367d8-a555-405f-86a0-738a372663ef,,,,,,,,,,,,ACTIVE
0f65f1a6c9f1e0a701d53689cbdfbbc4,dbc3434f-84ed-48e2-99a2-113fe059db97,,,,,,,,,,,,ACTIVE
b97a1205342bbde6173566f22f6ee711,dbc69178-fc91-4796-a845-edaf342dfd87,,,,,,,,,,,,ACTIVE
edec944ff89a1f6883744956a80d507a,dbfd1e67-f5d2-4659-8baa-ca71243af7b6,,,,,,,,,,,,ACTIVE
48672600f2db6f4c1f4b156c2d9beb1c,dc01bec1-1586-4407-879b-e172501a25c2,IND-000471,,,,IND-000476,Firozabad,Uttar_pradesh,1991,FORMED_FROM,,1.00,ACTIVE
6d08df39d2ac94ae51ff80cf1f0a6c82,dc172576-4c93-4562-b398-486bfdd168b0,IND-000187,Nimar,Madhya Pradesh,1951,IND-000670,Khargone,Madhya Pradesh,1961,SPLIT_FROM,,1.00,ACTIVE
d777ecf2e8eb694686793c6fa94e7d4e,dc1ec3de-de22-46ba-81f7-90399134a3f4,IND-000654,Bilaspur,Chhattisgarh,2011,IND-000908,Gaurela-pendra-marwahi,Chhattisgarh,2025,FORMED_FROM,,1.00,ACTIVE
55885156e9ea2c2431fac506f099f84e,dc325f99-0756-4bb5-9b0e-59e471361d0f,,,,,,,,,,,,ACTIVE
81ee31a3299e62c07f9a385ecca97daa,dc33f423-4f98-48cc-936b-334c6b0e8e26,IND-000225,Cuttack,Orissa,1991,IND-000638,Jagatsinghapur,Orissa,2001,FORMED_FROM,,1.00,ACTIVE
776998c0f8f19edf90d33ee9df48e045,dc611ecf-7175-4226-af71-6d583543f73a,,,,,,,,,,,,ACTIVE
c1a053dbd38d3a884b3a4d317a90a98f,dc90f197-e97f-4be0-b67d-89e8559c0fcc,IND-000603,East Siang,Arunachal Pradesh,1991,IND-000604,Upper Siang,Arunachal Pradesh,2001,FORMED_FROM,,1.00,ACTIVE
79e43e80cd983579858f5a72ce51698e,dcf7cd4a-a31d-4940-b72e-3bbf304450ab,IND-000369,Simla,Himachal Pradesh,1971,IND-000454,Solan,Himachal Pradesh,1981,SPLIT_FROM,,1.00,ACTIVE
0a60f864187e2ee17c594fcf1b4078a9,dd01e377-8bb0-4e96-86d4-d5636393b0c0,IND-000883,,,,IND-000954,Lepa Rada,Arunachal Pradesh,2021,FORMED_FROM,,1.00,ACTIVE
bd8ad5d780981321428f78c5ce222bf9,dd2bb1a2-6916-4690-8a3c-783d0be2c696,,,,,,,,,,,,ACTIVE
9cf31cd53c23d6df80c4b21bfaff4765,dd491feb-3012-4651-a956-344555d607ba,IND-000228,Sambalpur,Orissa,1991,IND-000635,Debagarh,Orissa,2001,FORMED_FROM,,1.00,ACTIVE
adc3f3862dbb2b8f300a3a1660eec313,dd52625f-6af8-4083-916f-3ce7af3524d5,,,,,,,,,,,,ACTIVE
a27fd592d27edddd4c032e68319f3bf5,dda00bab-a432-4f34-bfb7-d2d9eb3a9776,,,,,,,,,,,,ACTIVE
038d9faa15a29df5163d9bf0fe7ab3f5,dda20865-01c6-415f-b9a1-128da714ada3,,,,,,,,,,,,ACTIVE
52afbb3cc68fe1f2fdd3c849d4d12315,de64eb3a-34b3-4160-92f4-2a16ead57a69,IND-000506,Bongaigaon,Assam,2001,IND-000756,Chirang,Assam,2011,FORMED_FROM,,1.00,ACTIVE
8906c096357c631b75eeea84163fddfa,de6a146b-ae26-482c-87d3-43033f74f1b5,,,,,,,,,,,,ACTIVE
b43ff637333d2d41bdc1c0ccd4730d01,de6fc419-8ae7-40a4-93ca-5bed48ecf2bd,,,,,,,,,,,,ACTIVE
742dadf6bcd1bebb92313b63aa3077e3,de7bbfd9-4dfb-4d99-ad0a-a1ab19bb9884,IND-000098,Quilon,Travancore - Cochin,1951,IND-000377,Alapuzha,Kerala,1961,FORMED_FROM,,1.00,ACTIVE
69df30ebe354f51037bcea4964766d24,de7fabe4-8334-4d85-9ca8-254aa32fcade,IND-000119,Hazaribagh,Bihar,1961,IND-000360,Hazaribag,Bihar,1981,FORMED_FROM,,1.00,ACTIVE
f82b0725c6398b9b6d311bcec04e48a2,debb63ca-06be-4cb2-ba22-fe0b03f8e9fa,,,,,,,,,,,,ACTIVE
a6170ce54f8c3a838dab610c1dd19a66,dec53a00-a198-4a1d-a2d4-d645277cc70f,IND-000669,Jhabua,Madhya Pradesh,2001,IND-000775,Alirajpur,Madhya Pradesh,2011,FORMED_FROM,,1.00,ACTIVE
92ff24259d18f7d3c88fea9e4ed6237e,dec58c27-be67-4078-8b91-2065202b9b50,IND-000016,Warangal,Hyderabad,1951,IND-000808,Mulugu,Telangana,2021,FORMED_FROM,,1.00,ACTIVE
31f99589acfbc8f4efc3921211dfee04,ded82ccb-daa2-4249-b063-5ab46d6b11e8,,,,,,,,,,,,ACTIVE
c9c7bfca1149cde486ad2be0078adeb3,dee85d98-7b49-497d-ad99-199b2181c767,,,,,,,,,,,,ACTIVE
208a635d927a40f415f04cb33e4776a3,defe987e-f7ee-4f2e-9cc0-702d4ed09f70,,,,,,,,,,,,ACTIVE
6a5d24f59a77aa549eeb3a26e8f4d2c4,df083c5d-d57d-4811-9f90-acd90c06ac65,,,,,,,,,,,,ACTIVE
3d87f9abc90ed2c01ceed90ddd0a080f,df464bef-ba47-4145-a444-ebaadfcda4a8,,,,,,,,,,,,ACTIVE
347db96d6c6ff154510280d0c15a40b7,df4b8c2a-118f-4f8c-b5a7-649f0aa4d679,,,,,,,,,,,,ACTIVE
bf9ea33e59f171c375a1f4ceb91e910a,df68e4ff-9a0d-45c0-8f03-138e50b22b2b,,,,,,,,,,,,ACTIVE
a0b43a3a7808c2888918915588d3cf0c,dfe14e43-1f5c-4f8b-8035-014eeeb04a17,IND-000187,Nimar,Madhya Pradesh,1951,IND-000672,Khandwa,Madhya Pradesh,1961,FORMED_FROM,,1.00,ACTIVE
27351bc976c2c56e12561234a5d4defb,dfe181f5-050f-4251-b4bf-e04b984dbc9e,,,,,,,,,,,,ACTIVE
b067fb9fe90231cd93af8f278e3cd95b,e00bf8de-4ada-4035-bca5-7e4030ace0c7,,,,,,,,,,,,ACTIVE
0b5723fed00cff4e0cc3378b18060b99,e0172320-9e8f-4b53-991e-834af105cafc,IND-000252,Saharanpur,Uttar Pradesh,1981,IND-000478,Hardwar,Uttar_pradesh,1991,FORMED_FROM,,1.00,ACTIVE
41545a2dbb0e49036dd5c76a2cefa8ec,e0344fdf-3fdb-407a-9310-b31654b44ec7,IND-000019,Kamrup,Assam,2001,IND-000757,Kamrup Metropolitan,Assam,2011,FORMED_FROM,,1.00,ACTIVE
5bf479d06b6b9702affe811de8f41e8b,e034d4c9-48ac-4d96-a57c-c5db2b232df5,IND-000183,Jabalpur,Madhya Pradesh,1991,IND-000674,Katni,Madhya Pradesh,2001,FORMED_FROM,,1.00,ACTIVE
28059062dc86d3dadd7525335591012b,e050c40f-6ee0-4128-9e57-325370661735,,,,,,,,,,,,ACTIVE
ffaf9ff3c80d5d44021f7b74ac6884f0,e064d174-97cf-4193-9b31-45758f568232,,,,,,,,,,,,ACTIVE
74ad9118527eee86a2bc5932d30edd66,e0a4261d-b551-4c83-9416-d1ffd712c7e7,,,,,,,,,,,,ACTIVE
2a4b566ad7ec0dfc62ec27a211f20021,e0a7cae9-7fbc-42e6-93bb-176708fbe7d0,IND-000024,United Khasi and Jaintia Hills,Assam,1961,IND-000392,East Khasi Hills,Meghalaya,1981,SPLIT_FROM,,1.00,ACTIVE
267be80a9390717d15332a3c9bf400e0,e0cf5dc5-144c-4e03-948b-6d560a934b1e,IND-000544,,,,IND-000543,Bageshwar,Uttranchal,2001,FORMED_FROM,,1.00,ACTIVE
fc3b9de97f8d212603d2a0caae04c346,e0d3ff1f-33db-48e4-8087-f894f4c7dcb7,IND-000106,Patna,Bihar,1971,IND-000431,Nalanda,Bihar,1981,FORMED_FROM,,1.00,ACTIVE
30d29ae22c63aeb020e0d54fafcd2b43,e0d9216c-424a-4094-8e89-2c62c36bd41a,,,,,,,,,,,,ACTIVE
d53a6e033b086959001ca119952e6d85,e10fa354-77c2-405d-9df5-9493b5e9ddaa,,,,,,,,,,,,ACTIVE
82375b59a78d19efec489c11ff0a0876,e119fdec-c024-40e6-ac94-ec9040d73354,IND-000332,Warangal,Andhra Pradesh,2011,IND-000829,Warangal Urban,Telangana,2021,FORMED_FROM,,1.00,ACTIVE
fe2b818dd2fcb006e8cc2650308e4de9,e1763b6b-3064-48b5-8c6f-558f69e79055,,,,,,,,,,,,ACTIVE
aa11c226c2bfe0d08d819acc6bb5a16d,e1b94570-8f69-48d3-b078-53ed9bb49591,IND-000143,Jammu and Kashmir,Jammu and Kashmir,1951,IND-000334,Srinagar,Jammu and Kashmir,1961,SPLIT_FROM,,1.00,ACTIVE
b89ff6a361187a58bbd888bbc0e9834a,e1be6f42-fd1e-4b5c-b5c8-1194508c6ce6,,,,,,,,,,,,ACTIVE
1590774098a36067db7eca8a00dedb39,e1c3176c-8ea7-4e9f-9dc8-eccc2eee432d,,,,,,,,,,,,ACTIVE
618b5465725a05465da8d9d8080c652d,e1c61940-a1ee-4d04-853e-d6f83df63160,,,,,,,,,,,,ACTIVE
77bc45198eb20d74d1ed8c04901ded50,e1cee189-b741-4f27-b543-20ec8a785d7b,IND-000305,Medinipur,West Bengal,2001,IND-000759,Paschim Medinipur,West Bengal,2011,SPLIT_FROM,,1.00,ACTIVE
0afb2e7d4ac885bc2826a9103e68db8c,e2037173-b792-4461-a961-02db3669e1de,,,,,,,,,,,,ACTIVE
cdf6804d387abc81133acd159e1efa04,e21a44c0-cf92-4343-953e-b20052d8ae46,IND-000445,Munger,Bihar,1991,IND-000590,Lakhisarai,Bihar,2001,FORMED_FROM,,1.00,ACTIVE
ee19b8feea1310ae951eb6afc125104d,e21b434e-3fdb-4452-b8fe-818493c5f000,,,,,,,,,,,,ACTIVE
c3da4cbc2cc57038daf4bfdc9a69b22c,e22b21e0-e21f-4309-93c3-190ba3eb9bdc,,,,,,,,,,,,ACTIVE
e4a90a561cc53684bac085fb388e25c4,e299667a-dae1-4c0c-9d4b-d6ed2ba8c9dc,,,,,,,,,,,,ACTIVE
f6592c2ffc7f42176b04b54dc9acbcd0,e2a862e1-63b2-474b-b995-d8ef7fa9cbd4,,,,,,,,,,,,ACTIVE
9b4199b9e7f7f48b0dd6d5a52c261a86,e2ea4cc1-7fbb-47c0-bcdd-8246cdd3c515,,,,,,,,,,,,ACTIVE
a7c8efab7133351861e11f1b6a270934,e3a0b693-d136-4e76-bfa4-b534f5f06aef,IND-000778,Surendranagar,Gujarat,2011,IND-000879,Morbi,Gujarat,2021,FORMED_FROM,,1.00,ACTIVE
439532a4d0ccc46a64a483adbcd698e5,e3bae7c0-4233-491d-9deb-25193eb5b82f,,,,,,,,,,,,ACTIVE
7c4c154924dd71a6515f8dce1fb18184,e41cc13c-f80e-42b1-9c21-b10f075028c7,,,,,,,,,,,,ACTIVE
c2236f0fe70bec5eb669cc1e024904a4,e43fe736-27da-49bf-b5ed-d20e81da6269,,,,,,,,,,,,ACTIVE
d55a36b9236950426a70619a0ecdf911,e440395c-8556-49c4-b457-8e0c25b5e29e,,,,,,,,,,,,ACTIVE
2f90a2ae1c607d28410c2c36ef34c9a5,e4b8cf36-8fd7-4ae6-ba09-fb6a5fdbe68a,IND-000108,Shahabad,Bihar,1971,IND-000433,Rohtas,Bihar,1981,SPLIT_FROM,,1.00,ACTIVE
a95ba3920ca6a266ebf8847bedea1299,e4df7c0e-37bc-40b7-9753-76ab661bc8c2,IND-000408,Dibang Valley,Arunachal Pradesh,2001,IND-000748,Lower Dibang Valley,Arunachal Pradesh,2011,FORMED_FROM,,1.00,ACTIVE
5b2ce94796063070e1d851b51b6536a2,e51f4a9c-bf71-46da-9aaf-26e2b2a1f03e,IND-000095,Jamnagar,Saurashtra,2011,IND-000878,Devbhumi Dwarka,Gujarat,2021,FORMED_FROM,,1.00,ACTIVE
2dd5724634f1be9d1f5f419a08d14f24,e54ab8c0-d44f-4603-938a-40915a13d32e,,,,,,,,,,,,ACTIVE
46a01587ac81e38dddd9cda9669bb87e,e5b6561e-5667-4738-90be-bab1b119f8ff,,,,,,,,,,,,ACTIVE
19f100eda4d7434f12d639dcf74f8dfe,e5b739ad-dfa2-45fe-93f2-984fe5bfb52f,,,,,,,,,,,,ACTIVE
bc716225392827ce55d77f7c337a8637,e5be50ff-ab8d-4fd1-adbf-f1ad084e36bb,,,,,,,,,,,,ACTIVE
6bcb7cabbbef2773b7b5d270a88aaf05,e5d082a7-cfff-49e6-995f-da97d8ca8fdf,,,,,,,,,,,,ACTIVE
093e7b70bfd35defcda0bb59fe16d37f,e6469962-be57-4d32-ab73-77f1b6a8f6ee,,,,,,,,,,,,ACTIVE
019c5cdfb97b9692f2d47908e2fc650d,e656d09c-a2f3-447e-81c6-895f6f16180c,,,,,,,,,,,,ACTIVE
d6a52d1f531eab665028edddde02e2e8,e6791a8f-ae76-48b0-bcd7-0c90527ed484,,,,,,,,,,,,ACTIVE
c50d08016e19b70278730b6cd522c948,e67b0ff8-e4a9-46aa-923c-1c1223633509,,,,,,,,,,,,ACTIVE
70aefa44fd5f64b4be6bc989f9a20f55,e6a2476e-6692-48af-b06c-230652351c11,,,,,,,,,,,,ACTIVE
03f8533628869a3310ae44834c3f2200,e74de32b-979d-4a0a-a769-de981061215f,,,,,,,,,,,,ACTIVE
154a099a8c121a3800d2d498b5300ef3,e75c01a8-e9a1-47d1-99f6-ebc67d59d031,,,,,,,,,,,,ACTIVE
c9a6a76a4d3520763cd972daaf86d10f,e772a5d0-df9e-47a3-805e-8b22cc88332d,,,,,,,,,,,,ACTIVE
5298a07548023703459998a198d4a71b,e7765e07-edfb-40e0-8a9e-a04dafc1564d,,,,,,,,,,,,ACTIVE
e911be67126abc49c53ada88b35e7401,e7c08184-c912-49b1-8015-4d1f0f60c311,IND-000109,Saran,Bihar,1971,IND-000437,Gopalganj,Bihar,1981,FORMED_FROM,,1.00,ACTIVE
0e55dcdc7a730da07ef097decb0cdf2b,e800464b-a9a0-454d-9524-385965dd5faf,,,,,,,,,,,,ACTIVE
1119d400f173f4ba96412a0e7a16a489,e81a56ee-abf8-4515-88d3-ca18bb76569b,,,,,,,,,,,,ACTIVE
c35e71dac38aa9b33fdbe07cf4ee5cca,e8340ea6-4d15-4db2-a94f-29beec9455ea,,,,,,,,,,,,ACTIVE
8fdaf4709bb864649a2dd2a455181a35,e846d6c4-8227-49a0-9b54-6c9a268c783b,,,,,,,,,,,,ACTIVE
b3fb9497ce83fc66e789d865ecb06a6b,e861228e-b890-4912-a330-f7fb299a4227,,,,,,,,,,,,ACTIVE
27e1e0e7123400fb4938584ccdc2917c,e86c210c-0329-4e75-81a6-4a1df7cbc7b1,,,,,,,,,,,,ACTIVE
36d164941ef711809646378930a423a3,e881e0f5-94e7-4c88-91c9-9a39f6588df0,IND-000130,Manipur,Manipur,1961,IND-000347,Manipur Central,Manipur,1971,SPLIT_FROM,,1.00,ACTIVE
9be2c5e84cb05658b1c571e8f9b0b330,e8c78cbc-e8f4-4b57-bc11-53bbb0a7b1ee,,,,,,,,,,,,ACTIVE
34f2af01e25c10c993c20a051335e363,e8cae023-e9a2-497a-bf00-b39941f16f05,,,,,,,,,,,,ACTIVE
0477f8b55ebdc5fce2890a4ef9c0b907,e9139c3d-e904-48fe-b638-dce34b5ef126,,,,,,,,,,,,ACTIVE
2174d34910b72828cd20fe5b39067e24,e91618a3-37ea-42a2-a6e7-2ed81bfe3fa6,IND-000002,Mahbubnagar,Hyderabad,1951,IND-000889,Narayanpet,Telangana,2021,FORMED_FROM,,1.00,ACTIVE
cf0af5768147764128651076c1e2b769,e95dbc28-cd15-41a2-9492-d73dc360eea5,,,,,,,,,,,,ACTIVE
bd2cdab0927de394a8f9a1798516b476,e9635696-79d7-4f40-a91e-57ba3f854861,,,,,,,,,,,,ACTIVE
41fa55c7f6a0c46f598c5f89302d2e2f,e9672a9a-f006-47a1-9453-91d2844fc1aa,IND-000141,Sikkim,Sikkim,1961,IND-000938,South District,Sikkim,2011,FORMED_FROM,,1.00,ACTIVE
99b594ed9f92b092605c6c5be1d2058e,e9801f6e-0552-47ed-a5bf-971783393482,,,,,,,,,,,,ACTIVE
307a6f1380d78981bc50777d360c198a,e9ff3e82-e52f-4ce7-8a1e-1a22446b048f,IND-000332,Warangal,Andhra Pradesh,2011,IND-000905,Jangoan,Telangana,2021,FORMED_FROM,,1.00,ACTIVE
ceac2c65b89138120096d21238e758a1,ea2fd172-11e1-4407-aac9-adf98b7af405,,,,,,,,,,,,ACTIVE
f7c30c5d2ce3b3d5c8389469019eec67,ea659402-7b12-4184-9ed3-825ed9a6a927,,,,,,,,,,,,ACTIVE
2c1d4b07608ccc8b8fbe984c24843e31,ea991ea5-2e0d-4242-9236-ebebb5665d14,,,,,,,,,,,,ACTIVE
78f4931dd027aaf3b50cb071878f9bf9,eaada6b7-a9e9-4aee-9b6e-e837f8a08892,,,,,,,,,,,,ACTIVE
a5c9d25305ec08b038168e2547d5eed2,eae6dfbd-611e-4097-ba85-69fbe8d6c5d4,,,,,,,,,,,,ACTIVE
cc778a961bc56451b48aef3ee99c6e55,eb364376-675c-4d9f-b9f1-da2fcfaaeb3f,,,,,,,,,,,,ACTIVE
a13050d9d57a2184e30c703f51016821,eb411d0a-5cee-44fd-9c92-daf4233e11ca,,,,,,,,,,,,ACTIVE
d971f06d7a5bc943068e55788c710664,eb9379a9-781a-41d6-a92c-24b036ed0650,,,,,,,,,,,,ACTIVE
408afe5ff11a49b16206957413f9bda7,eb962fc4-88c8-4bc4-a941-1eec05638769,IND-000067,Jaipur,Rajasthan,1991,IND-000563,Dausa,Rajasthan,2001,FORMED_FROM,,1.00,ACTIVE
af7320c10246a61134cc821f8f402f5e,ebaf7f90-cda8-48c9-81bc-74c8a1627545,,,,,,,,,,,,ACTIVE
647b576de3d6f633073da871294e1eb4,ebcef40c-b395-45fa-bbf7-414bbf5a7b09,IND-000439,Sitamarhi,Bihar,1991,IND-000587,Sheohar,Bihar,2001,FORMED_FROM,,1.00,ACTIVE
f8d3163bf28afdcd1cfb93ff48548160,ec373fc2-1bbf-4f30-947a-83809578e3de,IND-000110,Champaran,Bihar,1971,IND-000438,Pashchim Champaran,Bihar,1981,FORMED_FROM,,1.00,ACTIVE
d9386dd51186be005fed899488c1b24d,ec48ce6a-3b44-423d-bf58-69e4259c07bd,,,,,,,,,,,,ACTIVE
d87267ea7b511c0884ac3a2df5029ea0,ec57aef8-c51f-4ad1-8882-0d75f7b3ac9a,,,,,,,,,,,,ACTIVE
ddafa2b982a14a1eafcfa9aec0691845,ec7ae81b-d6b8-4372-9900-ae0215945bd5,,,,,,,,,,,,ACTIVE
c74e1e5fb698dd66d141ac1d160f5b47,ec86495c-4809-493b-9664-2110f399b8e7,IND-000532,Tiruchchirappalli,Tamil_nadu,1991,IND-000716,Karur,Tamilnadu,2001,FORMED_FROM,,1.00,ACTIVE
793b230d748bfa383c232d9610232690,ec909699-7c97-48ce-9df8-02d01ca272c4,,,,,,,,,,,,ACTIVE
fa3a932559133d91eecd2625f4feb182,ecc30d14-b4e5-47cb-9503-4a12f0014ed7,IND-000010,Cachar,Assam,1981,IND-000426,Karimganj,Assam,1991,FORMED_FROM,,1.00,ACTIVE
4c8c73f2f688ec6f5fc2f7264953d499,ecc49e0e-721f-4c02-97d6-2addd248151a,,,,,,,,,,,,ACTIVE
f598cd0c09647ee8b9fc46cadc1904a6,eceed985-17db-4bee-b3de-08d4a1e625d1,,,,,,,,,,,,ACTIVE
9a6ac92f04de7035615de286bede9296,ecff683e-5f0a-49f8-a5d2-c4bcd374482b,,,,,,,,,,,,ACTIVE
f95cd5bff8a1d109934669d56cf15e3b,ed009853-d5a5-495c-83c4-98a5d01a6354,,,,,,,,,,,,ACTIVE
8e8277567de137079d44bf9024419bfd,ed036269-4590-4d54-bc61-4adf6892aed5,,,,,,,,,,,,ACTIVE
cdd67a2bc9e40796697e9131d15f37b0,ed577464-89ae-4054-91db-cf48bf745fa8,IND-000395,West Garo Hills,Meghalaya,1991,IND-000617,South Garo Hills,Meghalaya,2001,FORMED_FROM,,1.00,ACTIVE
825cff5a2b0707d3b16913933882f027,ed63a7f4-931c-489d-bd97-e2d7f0e4cfad,IND-000143,Jammu and Kashmir,Jammu and Kashmir,1951,IND-000334,Srinagar,Jammu and Kashmir,1961,FORMED_FROM,,1.00,ACTIVE
391be3cbcaf3b7b2f6079b09896401e7,ed9d9736-93d5-47e4-9028-724e53812f8a,,,,,,,,,,,,ACTIVE
8e585fe16e3176c85afe55cc31b62361,ed9eea9b-2d25-4710-8262-22846a220ea4,IND-000231,Phulabani,Orissa,1991,IND-000644,Baudh,Orissa,2001,SPLIT_FROM,,1.00,ACTIVE
1b569af0e853bc09e8ad9c9c12d8bf2c,edae3afd-0b67-4d5d-af82-ad094567fade,,,,,,,,,,,,ACTIVE
518c8aac62053b16af681a45831cadbb,edb0c8c4-541b-4516-9259-10db8b4c63c0,IND-000036,Garo Hills,Assam,1961,IND-000395,West Garo Hills,Meghalaya,1981,FORMED_FROM,,1.00,ACTIVE
1814ea486619d2f7548c62f5b7be35fd,edbd8911-6932-45ef-95cb-a337e31a4fcb,,,,,,,,,,,,ACTIVE
d973b3e38246690a8c0bef51a90d548c,edc36787-9465-46e5-b75d-ee7d0865ba11,,,,,,,,,,,,ACTIVE
14ba10712cab42c5969b7705b932782f,edf34e4b-056d-4ac3-902a-5205d38cfbb6,IND-000143,Jammu and Kashmir,Jammu and Kashmir,1951,IND-000328,Baramulla,Jammu and Kashmir,1961,FORMED_FROM,,1.00,ACTIVE
eb3283635e75d9c7b269dd82d97af9d0,ee3cea57-3910-48b9-a09a-38e2e91dda8c,,,,,,,,,,,,ACTIVE
5eb000644c9dfa5b9af277fea4423a72,ee738b4e-26b6-4cff-86ea-d7a0f02e69aa,IND-000118,Santhal Pargana,Bihar,1981,IND-000498,Sahibganj,Bihar,1991,SPLIT_FROM,,1.00,ACTIVE
1edbaa11ba9c9d4bd9bb692b8100a95a,ee8bfbda-3841-49c2-a80b-4d5fd1c2b64f,,,,,,,,,,,,ACTIVE
498af64b04441e264527f159f7441953,ee939ef9-2f17-43a8-ad10-bb74395ae5db,,,,,,,,,,,,ACTIVE
6a48e22f2229e081ca106745e1c083e4,eeda5bbc-fba3-4343-b0ed-2c6e0cc99825,,,,,,,,,,,,ACTIVE
80015a60f5b4a9998676eecd59044d0d,ef2c361a-5a4f-4def-a31c-90e26f755996,IND-000260,Etah,Uttar Pradesh,2001,IND-000745,Kanshiram Nagar,Uttar Pradesh,2011,FORMED_FROM,,1.00,ACTIVE
683fab55acd668ee5fd06b82af896ce9,f051efa4-4c6b-49cb-a929-92f9113ef458,,,,,,,,,,,,ACTIVE
f474e6a0d981e67155c93b21dca02e8e,f0541955-ef88-40cd-ab9a-7ae672600fad,,,,,,,,,,,,ACTIVE
006ca1a8e6d063d73df1f73c42473208,f07d1c27-8438-4893-ac2e-27e25e6e9fca,,,,,,,,,,,,ACTIVE
2099879d5a51f08f17251753956fdd35,f0a29bfa-4a71-4c13-a159-afae6058cee3,,,,,,,,,,,,ACTIVE
f6c1cdd27e9b41c166fbd46fce9ba52f,f0e114ce-b076-4699-b97f-8a2a4ff86076,,,,,,,,,,,,ACTIVE
6fede2ace781f68e8c44bc6ea2b210a3,f0f72cc4-f670-4825-a71d-02d23b45db1e,IND-000353,West Tripura,Tripura,2011,IND-000843,Sipahijala,Tripura,2021,FORMED_FROM,,1.00,ACTIVE
1837ff652a8f3e79b3874eec94b453f0,f102797c-b3d7-4479-8e9e-cb55c50a9777,,,,,,,,,,,,ACTIVE
706c4803c85185c2582d5d313c36668b,f13f1a45-ecfb-41cb-9aaa-a1ab727daab8,IND-000722,,,,IND-000723,Theni,Tamilnadu,2001,FORMED_FROM,,1.00,ACTIVE
7c76d7718f2b3e53df00071e057166f2,f167b196-afe7-41d7-be0b-0245542eced3,,,,,,,,,,,,ACTIVE
d02e62902ebc45f87e9792573b3c0753,f1ea122b-6fc1-4a78-a401-14d026217618,,,,,,,,,,,,ACTIVE
fc99601627802d258bdefaaf02ace538,f1ef96ff-b879-494b-9c01-51ac9de099d1,IND-000118,Santhal Pargana,Bihar,1981,IND-000489,Deoghar,Bihar,1991,FORMED_FROM,,1.00,ACTIVE
df0970bc3e27bc67699c9abacede9094,f21c09dc-999f-42dc-b68f-c45a503865af,,,,,,,,,,,,ACTIVE
5d5d76871626725c47181914c07353c2,f24ed812-bf1c-4c13-bf14-ddbadebb543d,,,,,,,,,,,,ACTIVE
0c062088877aec324422e608df00d57d,f269f1a0-d589-40e4-914e-96e4f390cfd8,,,,,,,,,,,,ACTIVE
56a578f1ff7a60c3f1b5d6195ae8f92e,f2a3205d-0eca-41b1-bdfd-efeb12539862,,,,,,,,,,,,ACTIVE
ce513ee25ba0ea6664c4f62644869ae7,f2b85cf3-4425-4bb4-9091-1ff56f10b623,,,,,,,,,,,,ACTIVE
0ed45191b5d5f148555b47646be03275,f2c24000-06df-4690-9e88-270867993a7a,,,,,,,,,,,,ACTIVE
d8a04591fca5f2d57a54d899818297a7,f2cecfe3-b42b-4245-a150-a59336dc73e5,IND-000416,Ghaziabad,Uttar Pradesh,2011,IND-000836,Hapur,Uttar Pradesh,2021,FORMED_FROM,,1.00,ACTIVE
6d25174e45b9d30ada7bbdd7d578da01,f2e4dc3e-b360-464d-9675-d2a82a242d17,,,,,,,,,,,,ACTIVE
8d87b3a4ff728207897b9291ea47073e,f305d4b8-64c0-4e67-9574-ca95f96a435e,,,,,,,,,,,,ACTIVE
a5e51046a144baee828e541c248da44e,f323bc4b-a1a4-47e0-ae5e-d815e1ea2e02,IND-000095,Jamnagar,Saurashtra,2011,IND-000879,Morbi,Gujarat,2021,FORMED_FROM,,1.00,ACTIVE
1db8d555881306e45f4dcb245d23feb9,f3593a63-89fe-4656-bf0b-bb5a1796152d,,,,,,,,,,,,ACTIVE
f2da81e4c68bbdb6592db93c496db421,f36e875b-001c-435f-bbe6-740da0f751f0,IND-000250,Gurdaspur,Punjab,2011,IND-000886,Pathankot,Punjab,2021,FORMED_FROM,,1.00,ACTIVE
364d87679867272dc92b8333b560c8a7,f38d5351-9b5f-4edf-8ef1-e20c727106fe,,,,,,,,,,,,ACTIVE
f8cab423881a2619affc47328b8686a8,f3bf8f76-3f54-48ba-9dff-5bf82227de3c,,,,,,,,,,,,ACTIVE
d2030125a392785b30a276af75d63d5b,f3c1b6c2-fe73-400e-b5f6-072ccf453676,,,,,,,,,,,,ACTIVE
ded7756ec576a393068f1112f41c0368,f3e16ad1-b85b-46c8-a4e0-2466810a6d29,,,,,,,,,,,,ACTIVE
489ae96f9f09076323c6bb15335c8b85,f42a0337-7a3f-4e4f-8f79-d21daf8539a7,IND-000231,Phulabani,Orissa,1991,IND-000643,Kandhamal,Orissa,2001,SPLIT_FROM,,1.00,ACTIVE
9ae7159ccee57215118628904c3972c4,f449dde7-e986-44be-9805-04d2f22acc76,IND-000838,Darjiling,West Bengal,2011,IND-000875,Kalimpong,West Bengal,2021,FORMED_FROM,,1.00,ACTIVE
667896deff7de91f4c38540ca9f58235,f44a91fa-d296-4eaf-9df6-b8e9e47d4102,,,,,,,,,,,,ACTIVE
c85ae2771c11a3df45bc155608b0c3b6,f44e14c5-a560-4fee-b739-33000d498714,IND-000116,Delhi,Delhi,1991,IND-000557,Central,Delhi,2001,SPLIT_FROM,,1.00,ACTIVE
9d23e6a42277dea2be208891c53c431d,f46b8683-4406-4435-874a-530d79dee7b3,IND-000477,,,,IND-000480,Maharajganj,Uttar_pradesh,1991,FORMED_FROM,,1.00,ACTIVE
df1c4178cb86c7a436e38dd013abf3a8,f52d3d60-1c9c-4b92-b6d3-9411270652bb,,,,,,,,,,,,ACTIVE
f9e9fa84b9e7df7d23b45f5846580ef6,f5385ab6-8095-4065-b570-c125d5237913,IND-000116,Delhi,Delhi,1991,IND-000554,North East,Delhi,2001,SPLIT_FROM,,1.00,ACTIVE
32ed56d3e480e3336c33dc136c1ca964,f596d28b-f658-4f26-897f-36e756d0b884,,,,,,,,,,,,ACTIVE
b0399ef0b557bcbbb37002aed36df293,f5a5be07-98a5-4933-b887-b960b1786372,IND-000372,Cannanore,Kerala,1971,IND-000380,Wayanad,Kerala,1981,SPLIT_FROM,,1.00,ACTIVE
9042db979cfee0d5321843db0de31cc9,f5e8dbe2-97b6-4771-bb22-66c98f5c3a7e,,,,,,,,,,,,ACTIVE
bf567b5b65166a50fb1f10733824a342,f5eb2209-7f61-4338-beb2-0a29afe18092,IND-000405,West Kameng,Arunachal Pradesh,1981,IND-000502,Tawang,Arunachal_pradesh,1991,FORMED_FROM,,1.00,ACTIVE
93784fc5ddd81845869e714724e37025,f5f3cd29-f163-49a0-9705-b5f70d166c94,IND-000020,Darrang,Assam,1981,IND-000422,Sonitpur,Assam,1991,FORMED_FROM,,1.00,ACTIVE
67efaf43ceb5929237a5122f27b7430c,f60921d1-4463-4d42-a660-9f51536a4915,IND-000107,Gaya,Bihar,1971,IND-000435,Nawada,Bihar,1981,FORMED_FROM,,1.00,ACTIVE
cb56a47c734cee49660ebdd68eca27a0,f642ff2a-4296-44c2-9e5a-bc3ab2603db7,,,,,,,,,,,,ACTIVE
d327bad70d3def4b07986b01cd355fcd,f65a94f4-f9ff-4124-816b-378490787252,,,,,,,,,,,,ACTIVE
f1eaa83f675f63ea2494484de007d8b0,f661d2b3-7961-4284-b069-322af413286e,,,,,,,,,,,,ACTIVE
13515748e598a67f897b9e57bbd3c007,f68d7ca8-a378-4132-b046-7ca0f8178746,,,,,,,,,,,,ACTIVE
962646ca7248035505277de35bb9b9a1,f6d25112-4a56-4ebe-8388-d876f93012ec,,,,,,,,,,,,ACTIVE
3eebba352e9dc217d3d23df74515d557,f7101c20-be70-4ad8-b6d1-ec014a7874fb,,,,,,,,,,,,ACTIVE
9d72daac8c6a78ba44a06c0e14a5667e,f764eb39-0691-4444-8c3b-b64955b753c5,,,,,,,,,,,,ACTIVE
0d573ed45de3257d88f50be3258818af,f796f70e-1f3f-4613-b9ef-25aaf118cf99,IND-000025,Kohima,Assam,1991,IND-000607,Dimapur,Nagaland,2001,FORMED_FROM,,1.00,ACTIVE
5eea85f3483f0677b1faaefd805fea81,f7aa6f82-85f4-46ab-89d1-a9753bf1a6f8,IND-000688,Dhule,Maharashtra,1991,IND-000687,Nandurbar,Maharashtra,2001,FORMED_FROM,,1.00,ACTIVE
6cf7e95717886e3b451f1887a7683076,f7b174fc-205c-4699-8464-3838884f3446,,,,,,,,,,,,ACTIVE
11538bb89b89b8fb3b6a2b2c3e97d7e0,f7d38b76-9d60-46ce-9741-8e3581e11915,,,,,,,,,,,,ACTIVE
296c2acd91859dc985642b5bbcf0949f,f877e647-7707-4cc0-ae30-38bf9fa7c5a5,,,,,,,,,,,,ACTIVE
a4d9e0aa02548fa8f6553de24ceb1d40,f88fe988-85d5-42c2-8d18-9d688f2e2262,,,,,,,,,,,,ACTIVE
af4dab9bf4755641cbcc8f6204eac625,f8eef427-11fd-4832-8ff9-5fb0ea2989c8,IND-000143,Jammu and Kashmir,Jammu and Kashmir,1951,IND-000338,Anantnag,Jammu and Kashmir,1961,FORMED_FROM,,1.00,ACTIVE
0944cbc3186884ce789f21e47afd4760,f9151ee7-b3d6-4d50-8306-0c9830e30309,IND-000532,Tiruchchirappalli,Tamil_nadu,1991,IND-000717,Perambalur,Tamilnadu,2001,SPLIT_FROM,,1.00,ACTIVE
e89e003e2089757ca0f845f4087e506a,f922f19a-7e0a-4c4a-8c36-b0d3d0506bd2,,,,,,,,,,,,ACTIVE
007c028a6b06b80c6d985b5e5e14e21a,f93ba5c5-7a45-43e0-b8b0-8ca9af8502a0,IND-000365,Rohtak,Haryana,1971,IND-000448,Sonipat,Haryana,1981,FORMED_FROM,,1.00,ACTIVE
e46ac04dfce0778ab6ab9398a0d5df78,f93d27fd-0dc7-4977-97ac-5fbe8e9b2ea5,IND-000662,Dantewada,Chhattisgarh,2001,IND-000697,Bijapur,Karnataka,2011,FORMED_FROM,,1.00,ACTIVE
f7e97c6fef02db219b9b545ff0359d26,f9555845-0e83-407f-9da2-097ab8553b36,IND-000789,Kolar,Karnataka,2001,IND-000790,Chikkaballapura,Karnataka,2011,FORMED_FROM,,1.00,ACTIVE
6ba859e2b51c20aa1156785f8c0ec795,f99a5980-751b-4228-adef-491e07139db1,,,,,,,,,,,,ACTIVE
d0d24da3da17fb9209a75e080632beae,f99d621e-1eda-4173-a750-016996c87219,IND-000130,Manipur,Manipur,1961,IND-000347,Manipur Central,Manipur,1971,FORMED_FROM,,1.00,ACTIVE
35c5e2331ff4b4b4d5838962bb85f9d1,f9bf7907-a78d-40cd-8ef6-c259c8adf081,,,,,,,,,,,,ACTIVE
956a636b7176b89d741abf2ffa0c480b,f9fb136c-0ccc-432a-b1d5-40b5f4621369,,,,,,,,,,,,ACTIVE
2f6b8108bf6fa4231655cf3472b80820,fa01bb13-515b-4d8e-9bc6-fbe940dc6c77,,,,,,,,,,,,ACTIVE
2a2263cfe03f984585887d7f753e3a41,fa27f429-c320-4184-8bf1-0150411362ed,,,,,,,,,,,,ACTIVE
87f095db05f5d3fb1f5268fb6989b6ff,fa787d5f-b21c-4731-a76d-6ce94a98ca62,,,,,,,,,,,,ACTIVE
b2f2da3a4ca7f3fc5b2159822f6ff7f8,fac7263d-3634-4124-80ab-47d5b6c97795,,,,,,,,,,,,ACTIVE
f7639ce41b595899eb2dadb3dfbcb1d7,fad8a1e2-41ae-4d2c-9aa1-d9abc82f5b10,,,,,,,,,,,,ACTIVE
961008bfcebbb859d4f7ba95388cfb0a,fb829baf-9f66-433d-b9c8-d224652f081d,,,,,,,,,,,,ACTIVE
68642b9198b85d14ece5e72bd3bbded1,fbb10e75-9b47-4ce9-83f4-04e665e1e9ca,,,,,,,,,,,,ACTIVE
d5a8b518e4df6cd374e5cb696c7f8087,fbb5bba6-d605-438b-b149-e7e7393ee507,IND-000332,Warangal,Andhra Pradesh,2011,IND-000016,Warangal Rural,Hyderabad,2021,FORMED_FROM,,1.00,ACTIVE
465d414a812f6962ce1c57bf83f3afca,fbdc99da-cd3b-4ee1-9f62-4062d00e18ce,IND-000025,Kohima,Assam,2001,IND-000752,Peren,Nagaland,2011,FORMED_FROM,,1.00,ACTIVE
b64b1408d9b4396961d5ecbd076a9a33,fbde7320-06fc-4211-a007-4329211d04fe,IND-000765,Ranchi,Jharkhand,2001,IND-000766,Khunti,Jharkhand,2011,FORMED_FROM,,1.00,ACTIVE
0ead29b24a9fede6bea510e8f86bfbe5,fbdf11d1-e6e4-488c-9693-a76ff4a1a5a6,IND-000131,Tripura,Tripura,1961,IND-000355,South Tripura,Tripura,1971,FORMED_FROM,,1.00,ACTIVE
4dc8b6e0836038122b751c8c870a122a,fc194506-db3d-4125-a108-7cdd3075358a,,,,,,,,,,,,ACTIVE
aab1ea2ed1af6d53795b5808fe1816ba,fc86fd22-c259-4bc0-bd5b-fd4b80fd11da,IND-000814,,,,IND-000828,Wanaparthy,Telangana,2021,FORMED_FROM,,1.00,ACTIVE
e0e26b6ce631eb9ce5b40e0fe1423720,fc8fb0f3-d391-414e-9cd6-a43bdc040e1e,IND-000898,Bangalore Rural,Karnataka,2001,IND-000791,Ramanagara,Karnataka,2011,FORMED_FROM,,1.00,ACTIVE
1575037214b115f62a27d52d19382b21,fce2db16-a983-4792-8a9d-9ea0cbae39cc,,,,,,,,,,,,ACTIVE
9710a6acbd4182b75b4b8190f298f31a,fd087a7a-3c66-4fee-9f75-2ad4ab2555bd,,,,,,,,,,,,ACTIVE
f1cea4db440f8cc015e204ef3a8a8205,fdaaf342-b1a0-4939-8d8a-9f4799f9b11a,IND-000361,Mahesana,Gujarat,1991,IND-000677,Patan,Gujarat,2001,FORMED_FROM,,1.00,ACTIVE
533ce54db37a275f507bc249ef2e7071,fde82ee8-18d0-44de-86f9-93c9b4fdf302,,,,,,,,,,,,ACTIVE
3e58606c3d52987d9843a13489faa352,fe30fa76-0f8e-4e8e-bb10-213c16cf8c10,IND-000002,Mahbubnagar,Hyderabad,1951,IND-000809,Jogulamba Gadwal,Telangana,2021,FORMED_FROM,,1.00,ACTIVE
2a92d1e5692291a7515639f697fae307,fe36e0a6-9e61-4ccb-985a-cceb295068dc,IND-000429,Baramula,Jammu and Kashmir,2001,IND-000724,Bandipore,Jammu and Kashmir,2011,FORMED_FROM,,1.00,ACTIVE
dedbeeb8c859f7a8c4bf7670d1ff08f3,fe522fbc-33c7-4eaf-ad36-42a3c64e442f,,,,,,,,,,,,ACTIVE
a51576fd87bc0d1b1ce2c1d5309825a8,feebf22d-8f3d-4c33-96a4-a6fb8e52d152,,,,,,,,,,,,ACTIVE
52881cb398983e5148d7397130487233,ff6e887c-b959-428f-bd9c-a8bfb271247d,,,,,,,,,,,,ACTIVE
e0a8273b7eee98b2f2fdd7b9aa1ab0d9,ff8d634d-5ef5-497a-89d6-f963ea32a9aa,IND-000787,Gulbarga,Karnataka,2001,IND-000788,Yadgir,Karnataka,2011,FORMED_FROM,,1.00,ACTIVE
0812a2fe50c82e32718acfa511d313f4,ff9237d0-5e15-4c7c-9c15-90662555f717,IND-000449,Gurgaon,Haryana,1971,IND-000456,Faridabad,Haryana,1981,FORMED_FROM,,1.00,ACTIVE
33ec54e750d6015828f829c4fd2264f7,ffad69ef-d595-413b-aa9c-613f0cda7770,,,,,,,,,,,,ACTIVE
a7a3c9a3d3b0e9d709d0ab6264267267,ffb25d8a-ca3b-4c19-acd5-74c8117557df,,,,,,,,,,,,ACTIVE
40c05c44bd190de1c12b05d565c262de,ffbe5263-07e1-4d66-a2ee-acf6012ec723,,,,,,,,,,,,ACTIVE
e5b9c076452d30fd2e03b607f4c16f0a,ffe0785c-5ba1-42f6-807e-40286be6cc47,,,,,,,,,,,,ACTIVE
8aa1a1cc6035feac8783c6cd382e40c8,ffe24948-ce5c-4c17-b760-a93a76f55282,,,,,,,,,,,,ACTIVE
